t,v,k,N,Source
2,2,3,4.0,"Kleitman and Spencer, or Katona"
2,2,4,5.0,"Kleitman and Spencer, or Katona"
2,2,10,6.0,"Kleitman and Spencer, or Katona"
2,2,15,7.0,"Kleitman and Spencer, or Katona"
2,2,35,8.0,"Kleitman and Spencer, or Katona"
2,2,56,9.0,"Kleitman and Spencer, or Katona"
2,2,126,10.0,"Kleitman and Spencer, or Katona"
2,2,210,11.0,"Kleitman and Spencer, or Katona"
2,2,462,12.0,"Kleitman and Spencer, or Katona"
2,2,792,13.0,"Kleitman and Spencer, or Katona"
2,2,1716,14.0,"Kleitman and Spencer, or Katona"
2,2,3003,15.0,"Kleitman and Spencer, or Katona"
2,2,6435,16.0,"Kleitman and Spencer, or Katona"
2,2,11440,17.0,"Kleitman and Spencer, or Katona"
2,2,20000,18.0,"Kleitman and Spencer, or Katona"
3,2,4,8.0,orthogonal array
3,2,5,10.0,Derive from strength 4
3,2,11,12.0,Derive from strength 4
3,2,12,15.0,tabu search (Nurmela)
3,2,14,16.0,Sloane
3,2,16,17.0,Derive from strength 4
3,2,20,18.0,Chateauneuf-Kreher doubling
3,2,22,19.0,Chateauneuf-Kreher doubling
3,2,23,20.0,simulated annealing (TJ-RT)
3,2,25,21.0,simulated annealing (TJ-RT)
3,2,26,22.0,simulated annealing (TJ-RT)
3,2,30,23.0,simulated annealing (TJ-RT)
3,2,38,24.0,simulated annealing (TJ-RT)
3,2,44,25.0,simulated annealing (TJ-RT)
3,2,46,26.0,simulated annealing (TJ-RT)
3,2,49,27.0,simulated annealing (TJ-RT)
3,2,52,28.0,simulated annealing (TJ-RT)
3,2,55,29.0,SBSTT (TJ-AG)
3,2,57,30.0,SBSTT (TJ-AG)
3,2,68,31.0,simulated annealing (TJ-RT)
3,2,88,32.0,"Power CT11^2,T3c"
3,2,121,33.0,Power CT11^2
3,2,123,35.0,simulated annealing (TJ-RT)
3,2,127,36.0,simulated annealing (TJ-RT)
3,2,140,37.0,simulated annealing (TJ-RT)
3,2,142,39.0,SBSTT (TJ-AG)
3,2,146,40.0,SBSTT (TJ-AG)
3,2,163,41.0,SBSTT (TJ-AG)
3,2,180,42.0,SBSTT (TJ-AG)
3,2,242,43.0,simulated annealing (TJ-RT)
3,2,243,44.0,simulated annealing (TJ-RT)
3,2,246,45.0,simulated annealing (TJ-RT)
3,2,256,46.0,simulated annealing (TJ-RT)
3,2,262,47.0,simulated annealing (TJ-RT)
3,2,280,48.0,simulated annealing (TJ-RT)
3,2,352,49.0,Power CT11^3T7T3c
3,2,484,50.0,"Power CT11^3,T7c"
3,2,605,52.0,"Power CT11^3,T6c"
3,2,704,53.0,Power CT11^3T3T3c
3,2,968,54.0,"Power CT11^3,T3c"
3,2,1331,55.0,Power CT11^3
3,2,1332,59.0,Add a factor
3,2,1452,61.0,"Power CT12^3,cT1T1"
3,2,1584,64.0,"Power CT12^3,cT1"
3,2,1712,66.0,simulated annealing (TJ-RT)
3,2,1936,67.0,Power CT11^4T7T7c
3,2,2662,68.0,"Power CT11^4,cT9c"
3,2,2816,70.0,Power CT11^4T3cT3cT7c
3,2,3872,71.0,Power CT11^4T7T3c
3,2,5324,72.0,"Power CT11^4,T7c"
3,2,6655,74.0,"Power CT11^4,T6c"
3,2,7744,75.0,Power CT11^4T3T3c
3,2,10000,76.0,"Power CT11^4,T3c"
4,2,5,16.0,Derive from strength 5
4,2,6,21.0,Derive from strength 5
4,2,12,24.0,Cyclotomy (Colbourn)
4,2,13,32.0,Derive from strength 5
4,2,17,35.0,simulated annealing (TJ-RT)
4,2,18,36.0,simulated annealing (TJ-RT)
4,2,20,39.0,Hadamard (Colbourn-Keri) postop NCK
4,2,21,42.0,Cyclic (Colbourn-Keri)
4,2,22,44.0,Cyclic (Colbourn-Keri)
4,2,24,46.0,Cyclotomy (Colbourn)
4,2,25,50.0,Cyclic (Colbourn-Keri)
4,2,26,51.0,simulated annealing (TJ-RT)
4,2,28,53.0,simulated annealing (TJ-RT)
4,2,30,56.0,simulated annealing (TJ-RT)
4,2,32,58.0,simulated annealing (TJ-RT)
4,2,33,61.0,simulated annealing (TJ-RT)
4,2,34,63.0,SBSTT (TJ-AG)
4,2,35,64.0,simulated annealing (TJ-RT)
4,2,37,65.0,simulated annealing (TJ-RT)
4,2,38,66.0,simulated annealing (TJ-RT)
4,2,67,67.0,Cyclotomy (Colbourn)
4,2,71,71.0,Cyclotomy (Colbourn)
4,2,72,78.0,SBSTT (TJ-AG)
4,2,79,79.0,Derive from strength 5
4,2,83,83.0,Cyclotomy (Colbourn)
4,2,89,87.0,Cyclotomy (Colbourn) postop NCK
4,2,90,92.0,SBSTT (TJ-AG)
4,2,97,94.0,SBSTT (TJ-AG)
4,2,101,98.0,SBSTT (TJ-AG)
4,2,107,102.0,SBSTT (TJ-AG)
4,2,109,105.0,SBSTT (TJ-AG)
4,2,111,106.0,SBSTT (TJ-AG)
4,2,113,107.0,SBSTT (TJ-AG)
4,2,114,109.0,SBSTT (TJ-AG)
4,2,120,110.0,Power CZ2-12.4-10.1
4,2,144,112.0,"Power CT12^2,c"
4,2,145,119.0,SBSTT (TJ-AG)
4,2,146,122.0,SBSTT (TJ-AG)
4,2,149,125.0,SBSTT (TJ-AG)
4,2,151,126.0,SBSTT (TJ-AG)
4,2,155,127.0,SBSTT (TJ-AG)
4,2,157,128.0,SBSTT (TJ-AG)
4,2,160,129.0,SBSTT (TJ-AG)
4,2,165,130.0,SBSTT (TJ-AG)
4,2,169,131.0,SBSTT (TJ-AG)
4,2,172,134.0,SBSTT (TJ-AG)
4,2,173,135.0,SBSTT (TJ-AG)
4,2,179,142.0,SBSTT (TJ-AG)
4,2,189,143.0,SBSTT (TJ-AG)
4,2,192,144.0,SBSTT (TJ-AG)
4,2,196,145.0,SBSTT (TJ-AG)
4,2,208,154.0,SBSTT (TJ-AG)
4,2,213,156.0,SBSTT (TJ-AG)
4,2,217,157.0,SBSTT (TJ-AG)
4,2,222,158.0,SBSTT (TJ-AG)
4,2,256,160.0,Power CZ2-16.5
4,2,268,161.0,SBSTT (TJ-AG)
4,2,272,162.0,Power CZ2-17.4-16.1
4,2,289,165.0,SBSTT (TJ-AG)
4,2,296,167.0,SBSTT (TJ-AG)
4,2,324,168.0,SBSTT (TJ-AG)
4,2,338,173.0,Torres-Jimenez
4,2,354,174.0,Torres-Jimenez
4,2,405,176.0,Power CZ3-9.8-5.1
4,2,486,180.0,Power CZ3-9.8-6.1
4,2,729,184.0,Power CZ3-9.9
4,2,792,188.0,Power CZ3-11.7-8.1-9.1
4,2,880,190.0,Power CZ3-11.7-8.1-10.1
4,2,968,192.0,Power CZ3-11.8-8.1
4,2,990,194.0,Power CZ3-11.7-9.1-10.1
4,2,1100,196.0,Power CZ3-11.7-10.1-10.1
4,2,1210,198.0,Power CZ3-11.8-10.1
4,2,1332,200.0,"Power CT11^3,+1c"
4,2,1368,216.0,Power CZ3-13.3-12.6
4,2,1476,224.0,Power CZ3-13.4-12.5
4,2,1596,233.0,Power CZ3-13.5-12.4
4,2,1728,242.0,Power CZ3-13.6-12.3
4,2,1872,251.0,Power CZ3-13.7-12.1-12.1
4,2,2028,260.0,Power CZ3-13.8-12.1
4,2,2304,263.0,Power CZ3-16.7-12.1-12.1
4,2,2496,271.0,Power CZ3-16.7-12.1-13.1
4,2,3395,272.0,Power CZ4-13.0-12.12-4.1
4,2,4248,276.0,Power CZ4-13.0-12.12-5.1
4,2,6781,280.0,Power CZ4-13.0-12.12-8.1
4,2,7625,284.0,Power CZ4-13.0-12.12-9.1
4,2,8466,286.0,Power CZ4-13.0-12.12-10.1
4,2,10000,288.0,Power CT13^4S13c
5,2,6,32.0,orthogonal array
5,2,7,42.0,Special (Yan Jun)
5,2,8,52.0,Steiner system (CKRS)
5,2,9,54.0,Steiner system (CKRS)
5,2,10,56.0,Steiner system (CKRS)
5,2,14,64.0,cross-sum (CKRS)
5,2,15,79.0,simulated annealing (Torres-Jimenez)
5,2,16,98.0,SBSTT (TJ-AG)
5,2,20,99.0,SBSTT (TJ-AG)
5,2,21,109.0,SBSTT (TJ-AG)
5,2,22,111.0,SBSTT (TJ-AG)
5,2,23,114.0,SBSTT (TJ-AG)
5,2,24,117.0,SBSTT (TJ-AG)
5,2,25,118.0,SBSTT (TJ-AG)
5,2,26,130.0,SBSTT (TJ-AG)
5,2,35,134.0,Cyclic (Colbourn-Keri)
5,2,68,136.0,Paley type (Colbourn)
5,2,72,144.0,Paley type (Colbourn)
5,2,80,159.0,SBSTT (TJ-AG)
5,2,84,168.0,Paley type (Colbourn)
5,2,90,178.0,Paley type (Colbourn)
5,2,98,194.0,Paley type (Colbourn)
5,2,102,202.0,Paley type (Colbourn)
5,2,103,206.0,Paley type (Colbourn)
5,2,104,208.0,Paley type (Colbourn)
5,2,108,214.0,Paley type (Colbourn)
5,2,110,218.0,Paley type (Colbourn)
5,2,114,225.0,SBSTT (TJ-AG)
5,2,122,241.0,SBSTT (TJ-AG)
5,2,128,252.0,Paley type (Colbourn)
5,2,132,260.0,Paley type (Colbourn)
5,2,138,271.0,SBSTT (TJ-AG)
5,2,140,273.0,SBSTT (TJ-AG)
5,2,143,288.0,SBSTT (TJ-AG)
5,2,150,289.0,SBSTT (TJ-AG)
5,2,152,292.0,SBSTT (TJ-AG)
5,2,155,303.0,SBSTT (TJ-AG)
5,2,158,304.0,SBSTT (TJ-AG)
5,2,164,310.0,SBSTT (TJ-AG)
5,2,168,318.0,SBSTT (TJ-AG)
5,2,170,322.0,SBSTT (TJ-AG)
5,2,174,327.0,SBSTT (TJ-AG)
5,2,180,332.0,SBSTT (TJ-AG)
5,2,192,346.0,SBSTT (TJ-AG)
5,2,194,357.0,SBSTT (TJ-AG)
5,2,359,359.0,"Cyclic, derived (Colbourn-Keri)"
5,2,378,379.0,"Cyclic, derived (Colbourn-Keri)"
5,2,379,380.0,Paley type (Colbourn)
5,2,431,430.0,Paley type (Colbourn)
5,2,433,434.0,Cyclotomy (Colbourn)
5,2,463,462.0,Paley type (Colbourn)
5,2,467,466.0,Paley type (Colbourn)
5,2,487,486.0,Paley type (Colbourn)
5,2,491,490.0,Paley type (Colbourn)
5,2,499,498.0,Paley type (Colbourn)
5,2,503,503.0,"Cyclic, derived (Colbourn-Keri)"
5,2,509,509.0,"Cyclic, derived (Colbourn-Keri)"
5,2,521,521.0,"Cyclic, derived (Colbourn-Keri)"
5,2,523,523.0,Cyclotomy (Colbourn)
5,2,541,541.0,Cyclotomy (Colbourn)
5,2,547,547.0,Cyclotomy (Colbourn)
5,2,557,557.0,Cyclotomy (Colbourn)
5,2,563,563.0,Cyclotomy (Colbourn)
5,2,569,570.0,Cyclotomy (Colbourn)
5,2,571,571.0,Cyclotomy (Colbourn)
5,2,577,577.0,Cyclotomy (Colbourn)
5,2,587,587.0,Cyclotomy (Colbourn)
5,2,593,593.0,Cyclotomy (Colbourn)
5,2,599,599.0,Cyclotomy (Colbourn)
5,2,601,601.0,Cyclotomy (Colbourn)
5,2,607,607.0,Cyclotomy (Colbourn)
5,2,613,613.0,Cyclotomy (Colbourn)
5,2,1230,615.0,Derive from strength 6
5,2,1282,641.0,Derive from strength 6
5,2,1318,659.0,Derive from strength 6
5,2,1360,680.0,Derive from strength 6
5,2,1366,683.0,Derive from strength 6
5,2,1372,686.0,Derive from strength 6
5,2,1380,690.0,Derive from strength 6
5,2,1422,711.0,Derive from strength 6
5,2,1426,713.0,Derive from strength 6
5,2,1428,714.0,Derive from strength 6
5,2,1438,719.0,Derive from strength 6
5,2,1446,723.0,Derive from strength 6
5,2,1458,729.0,Derive from strength 6
5,2,1482,741.0,Derive from strength 6
5,2,1486,743.0,Derive from strength 6
5,2,1492,746.0,Derive from strength 6
5,2,1498,749.0,Derive from strength 6
5,2,1510,755.0,Derive from strength 6
5,2,1522,761.0,Derive from strength 6
5,2,1548,774.0,Derive from strength 6
5,2,1558,779.0,Derive from strength 6
5,2,1566,783.0,Derive from strength 6
5,2,1570,785.0,Derive from strength 6
5,2,1578,789.0,Derive from strength 6
5,2,1582,791.0,Derive from strength 6
5,2,1690,792.0,Power CZ3-13.12-10.1
5,2,1859,814.0,Power CZ3-13.12-11.1
5,2,2198,819.0,Power CT13^3+1
5,2,2380,938.0,"Power CT68^2,cT33c"
5,2,4624,940.0,"Power CT68^2,c"
5,2,4707,986.0,Power CT73^2Arc(7)T2
5,2,4896,988.0,"Power CT72^2,cT4c"
5,2,5184,996.0,"Power CT72^2,c"
5,2,5440,1078.0,"Power CT80^2,cT12c"
5,2,5760,1086.0,"Power CT80^2,cT8c"
5,2,5867,1097.0,Power CT81^2Arc(7)T2
5,2,6400,1101.0,"Power CT80^2,c"
5,2,6720,1155.0,"Power CT84^2,cT4c"
5,2,7056,1164.0,"Power CT84^2,c"
5,2,7200,1215.0,"Power CT90^2,cT10c"
5,2,7560,1224.0,"Power CT90^2,cT6c"
5,2,8100,1234.0,"Power CT90^2,c"
5,2,8232,1320.0,"Power CT98^2,cT14c"
5,2,8820,1330.0,"Power CT98^2,cT8c"
5,2,9604,1346.0,"Power CT98^2,c"
5,2,9898,1394.0,"Power CT101^2,cT3c"
5,2,10000,1402.0,"Power CT100^2,c"
6,2,7,64.0,orthogonal array
6,2,8,85.0,Johnson-Entringer
6,2,9,108.0,Torres-Jimenez
6,2,10,116.0,simulated annealing (CKRS)
6,2,11,118.0,Torres-Jimenez
6,2,15,128.0,tower (TJ-IM-K-K)
6,2,16,179.0,Torres-Jimenez
6,2,17,235.0,Torres-Jimenez
6,2,18,260.0,SBSTT (TJ-AG)
6,2,19,285.0,SBSTT (TJ-AG)
6,2,20,300.0,SBSTT (TJ-AG)
6,2,21,318.0,SBSTT (TJ-AG)
6,2,22,330.0,SBSTT (TJ-AG)
6,2,23,350.0,SBSTT (TJ-AG)
6,2,24,357.0,SBSTT (TJ-AG)
6,2,25,375.0,SBSTT (TJ-AG)
6,2,26,383.0,SBSTT (TJ-AG)
6,2,27,404.0,SBSTT (TJ-AG)
6,2,28,415.0,SBSTT (TJ-AG)
6,2,29,426.0,SBSTT (TJ-AG)
6,2,30,440.0,SIPO (Wagner-Kampel-Simos)
6,2,31,452.0,SIPO (Wagner-Kampel-Simos)
6,2,32,461.0,SIPO (Wagner-Kampel-Simos)
6,2,33,470.0,SIPO (Wagner-Kampel-Simos)
6,2,34,479.0,SIPO (Wagner-Kampel-Simos)
6,2,35,487.0,SIPO (Wagner-Kampel-Simos)
6,2,36,495.0,SIPO (Wagner-Kampel-Simos)
6,2,37,506.0,SIPO (Wagner-Kampel-Simos)
6,2,38,512.0,SIPO (Wagner-Kampel-Simos)
6,2,39,518.0,SIPO (Wagner-Kampel-Simos)
6,2,40,527.0,SIPO (Wagner-Kampel-Simos)
6,2,41,534.0,SIPO (Wagner-Kampel-Simos)
6,2,42,541.0,SIPO (Wagner-Kampel-Simos)
6,2,43,553.0,SIPO (Wagner-Kampel-Simos)
6,2,44,561.0,SIPO (Wagner-Kampel-Simos)
6,2,45,566.0,SIPO (Wagner-Kampel-Simos)
6,2,46,573.0,SIPO (Wagner-Kampel-Simos)
6,2,47,581.0,SIPO (Wagner-Kampel-Simos)
6,2,48,586.0,SIPO (Wagner-Kampel-Simos)
6,2,49,592.0,SIPO (Wagner-Kampel-Simos)
6,2,50,599.0,SIPO (Wagner-Kampel-Simos)
6,2,51,605.0,SIPO (Wagner-Kampel-Simos)
6,2,52,612.0,SIPO (Wagner-Kampel-Simos)
6,2,53,615.0,SIPO (Wagner-Kampel-Simos)
6,2,54,623.0,SIPO (Wagner-Kampel-Simos)
6,2,55,628.0,SIPO (Wagner-Kampel-Simos)
6,2,56,634.0,SIPO (Wagner-Kampel-Simos)
6,2,57,640.0,SIPO (Wagner-Kampel-Simos)
6,2,58,644.0,SIPO (Wagner-Kampel-Simos)
6,2,59,651.0,SIPO (Wagner-Kampel-Simos)
6,2,60,660.0,SIPO (Wagner-Kampel-Simos)
6,2,61,666.0,SIPO (Wagner-Kampel-Simos)
6,2,62,672.0,SIPO (Wagner-Kampel-Simos)
6,2,63,677.0,SIPO (Wagner-Kampel-Simos)
6,2,64,680.0,SIPO (Wagner-Kampel-Simos)
6,2,65,685.0,SIPO (Wagner-Kampel-Simos)
6,2,66,688.0,SIPO (Wagner-Kampel-Simos)
6,2,67,695.0,SIPO (Wagner-Kampel-Simos)
6,2,68,699.0,SIPO (Wagner-Kampel-Simos)
6,2,69,705.0,SIPO (Wagner-Kampel-Simos)
6,2,70,709.0,SIPO (Wagner-Kampel-Simos)
6,2,71,714.0,SIPO (Wagner-Kampel-Simos)
6,2,72,718.0,SIPO (Wagner-Kampel-Simos)
6,2,360,720.0,Cyclic (Colbourn-Keri)
6,2,379,758.0,Cyclic (Colbourn-Keri)
6,2,432,862.0,Cyclic (Colbourn-Keri)
6,2,464,926.0,Cyclic (Colbourn-Keri)
6,2,468,934.0,Cyclic (Colbourn-Keri)
6,2,488,974.0,Cyclic (Colbourn-Keri)
6,2,492,982.0,Cyclic (Colbourn-Keri)
6,2,500,998.0,Cyclic (Colbourn-Keri)
6,2,504,1008.0,Cyclic (Colbourn-Keri)
6,2,510,1018.0,Cyclic (Colbourn-Keri)
6,2,522,1042.0,Cyclic (Colbourn-Keri)
6,2,1231,1231.0,Cyclotomy (Torres-Jimenez)
6,2,1283,1283.0,Cyclotomy (Torres-Jimenez)
6,2,1319,1319.0,Cyclotomy (Torres-Jimenez)
6,2,1361,1361.0,Cyclotomy (Torres-Jimenez)
6,2,1367,1367.0,Cyclotomy (Torres-Jimenez)
6,2,1373,1373.0,Cyclotomy (Torres-Jimenez)
6,2,1381,1381.0,Cyclotomy (Torres-Jimenez)
6,2,1423,1423.0,Cyclotomy (Torres-Jimenez)
6,2,1427,1427.0,Cyclotomy (Torres-Jimenez)
6,2,1429,1429.0,Cyclotomy (Torres-Jimenez)
6,2,1439,1439.0,Cyclotomy (Torres-Jimenez)
6,2,1447,1447.0,Cyclotomy (Torres-Jimenez)
6,2,1459,1459.0,Cyclotomy (Torres-Jimenez)
6,2,1483,1483.0,Cyclotomy (Torres-Jimenez)
6,2,1487,1487.0,Cyclotomy (Torres-Jimenez)
6,2,1493,1493.0,Cyclotomy (Torres-Jimenez)
6,2,1499,1499.0,Cyclotomy (Torres-Jimenez)
6,2,1511,1511.0,Cyclotomy (Torres-Jimenez)
6,2,1523,1523.0,Cyclotomy (Torres-Jimenez)
6,2,1549,1549.0,Cyclotomy (Torres-Jimenez)
6,2,1559,1559.0,Cyclotomy (Torres-Jimenez)
6,2,1567,1567.0,Cyclotomy (Torres-Jimenez)
6,2,1571,1571.0,Cyclotomy (Torres-Jimenez)
6,2,1579,1579.0,Cyclotomy (Torres-Jimenez)
6,2,1583,1583.0,Cyclotomy (Torres-Jimenez)
6,2,1597,1597.0,Cyclotomy (Torres-Jimenez)
6,2,1601,1601.0,Cyclotomy (Torres-Jimenez)
6,2,1607,1607.0,Cyclotomy (Torres-Jimenez)
6,2,1609,1609.0,Cyclotomy (Torres-Jimenez)
6,2,1613,1613.0,Cyclotomy (Torres-Jimenez)
6,2,1619,1619.0,Cyclotomy (Torres-Jimenez)
6,2,1621,1621.0,Cyclotomy (Torres-Jimenez)
6,2,1627,1627.0,Cyclotomy (Torres-Jimenez)
6,2,1997,1997.0,Cyclotomy (Torres-Jimenez)
6,2,1999,1999.0,Cyclotomy (Torres-Jimenez)
6,2,2003,2003.0,Cyclotomy (Torres-Jimenez)
6,2,2503,2503.0,Cyclotomy (Torres-Jimenez)
6,2,2504,3047.0,Add 1 factors
6,2,2505,3591.0,Add 1 factors
6,2,2506,4135.0,Add 1 factors
6,2,2507,4679.0,Add 1 factors
6,2,2673,4721.0,Power CZ3-19.15-15.4
6,2,2752,4839.0,Power CT19^3T3cS18
6,2,2784,4864.0,Power CT19^3T3cS17
6,2,2839,4889.0,Power CZ3-19.11-18.0-17.8
6,2,3375,4893.0,Power CZ3-19.16-15.1-15.1-15.1
6,2,3600,4943.0,Power CZ3-19.16-15.1-15.1-16.1
6,2,3840,4993.0,Power CZ3-19.16-15.1-16.1-16.1
6,2,4050,5041.0,Power CZ3-19.16-15.1-15.1-18.1
6,2,4096,5043.0,Power CZ3-19.16-16.1-16.1-16.1
6,2,4275,5065.0,Power CZ3-19.17-15.1-15.1
6,2,4320,5091.0,Power CZ3-19.16-15.1-16.1-18.1
6,2,4352,5100.0,Power CZ3-19.16-16.1-16.1-17.1
6,2,4560,5115.0,Power CZ3-19.17-15.1-16.1
6,2,4608,5141.0,Power CZ3-19.16-16.1-16.1-18.1
6,2,4624,5157.0,Power CZ3-19.16-16.1-17.1-17.1
6,2,4864,5165.0,Power CZ3-19.17-16.1-16.1
6,2,4896,5198.0,Power CZ3-19.16-16.1-17.1-18.1
6,2,5130,5213.0,Power CZ3-19.17-15.1-18.1
6,2,5168,5222.0,Power CZ3-19.17-16.1-17.1
6,2,5415,5237.0,Power CZ3-19.18-15.1
6,2,5472,5263.0,Power CZ3-19.17-16.1-18.1
6,2,5491,5279.0,Power CZ3-19.17-17.1-17.1
6,2,5776,5287.0,Power CZ3-19.18-16.1
6,2,5814,5320.0,Power CZ3-19.17-17.1-18.1
6,2,5832,5321.0,Power CT19^3T1T1T1
6,2,6137,5344.0,Power CZ3-19.18-17.1
6,2,6156,5346.0,Power CT19^3T1T1
6,2,6498,5371.0,Power CT19^3T1
6,2,6859,5396.0,Power CT19^3
6,2,6860,5681.0,Power CT19^3+1
6,2,6861,5975.0,Power CZ3-21.19
6,2,6930,6245.0,Power CZ3-23.16-15.1-21.1-22.1
6,2,6945,6252.0,Power CZ3-23.15-22.3-15.1
6,2,7245,6258.0,Power CZ3-23.17-15.1-21.1
6,2,7260,6265.0,Power CZ3-23.16-22.2-15.1
6,2,7590,6278.0,Power CZ3-23.17-15.1-22.1
6,2,7935,6291.0,Power CZ3-23.18-15.1
6,2,8096,6328.0,Power CZ3-23.17-16.1-22.1
6,2,8464,6341.0,Power CZ3-23.18-16.1
6,2,8602,6385.0,Power CZ3-23.17-17.1-22.1
6,2,8993,6398.0,Power CZ3-23.18-17.1
6,2,9261,6421.0,Power CZ3-23.16-22.0-21.3
6,2,9282,6428.0,Power CZ3-23.15-22.2-21.2
6,2,9303,6435.0,Power CZ3-23.14-22.4-21.1
6,2,9522,6439.0,Power CZ3-23.18-18.1
6,2,9702,6441.0,Power CZ3-23.16-22.1-21.2
6,2,9723,6448.0,Power CZ3-23.15-22.3-21.1
6,2,10000,6454.0,Power CZ3-23.17-21.1-21.1
2,3,4,9.0,orthogonal array
2,3,5,11.0,Derive from strength 3
2,3,7,12.0,simulated annealing (Cohen)
2,3,9,13.0,simulated annealing (Cohen)
2,3,10,14.0,simulated annealing (Cohen)
2,3,20,15.0,tabu search (Nurmela)
2,3,21,16.0,tabu search (Zekaoui)
2,3,29,17.0,CA Extender (TJ-AJ-AG)
2,3,46,18.0,CA Extender (TJ-AJ-AG)
2,3,49,19.0,CA Extender (TJ-AJ-AG)
2,3,63,20.0,CA Extender (TJ-AJ-AG)
2,3,93,21.0,CA Extender (TJ-AJ-AG)
2,3,107,22.0,CA Extender (TJ-AJ-AG)
2,3,138,23.0,CA Extender (TJ-AJ-AG)
2,3,199,24.0,CA Extender (TJ-AJ-AG)
2,3,216,25.0,CA Extender (TJ-AJ-AG)
2,3,288,26.0,CA Extender (TJ-AJ-AG)
2,3,435,27.0,CA Extender (TJ-AJ-AG)
2,3,449,28.0,CA Extender (TJ-AJ-AG)
2,3,610,29.0,CA Extender (TJ-AJ-AG)
2,3,878,30.0,CA Extender (TJ-AJ-AG)
2,3,964,31.0,CA Extender (TJ-AJ-AG)
2,3,1308,32.0,CA Extender (TJ-AJ-AG)
2,3,1964,33.0,CA Extender (TJ-AJ-AG)
2,3,2116,34.0,CA Extender (TJ-AJ-AG)
2,3,2700,35.0,CA Extender (TJ-AJ-AG)
2,3,3918,36.0,CA Extender (TJ-AJ-AG)
2,3,4457,37.0,CA Extender (TJ-AJ-AG)
2,3,5763,38.0,CA Extender (TJ-AJ-AG)
2,3,8329,39.0,CA Extender (TJ-AJ-AG)
2,3,9207,40.0,CA Extender (TJ-AJ-AG)
2,3,11898,41.0,CA Extender (TJ-AJ-AG)
2,3,17895,42.0,CA Extender (TJ-AJ-AG)
2,3,20000,43.0,CA Extender (TJ-AJ-AG)
3,3,4,27.0,orthogonal array
3,3,6,33.0,Chateauneuf-Kreher NRB
3,3,7,39.0,SAT Local Search (Hnich et al.)
3,3,8,42.0,cross-sum (CKRS)
3,3,14,45.0,"Cover starter (Colbourn, Torres-Jimenez)"
3,3,16,51.0,"Cover starter (Colbourn, Torres-Jimenez)"
3,3,17,58.0,Torres Jimenez
3,3,20,59.0,simulated annealing (AG-TJ-H)
3,3,22,66.0,Cyclic (Colbourn)
3,3,23,69.0,Cyclic (Colbourn)
3,3,24,71.0,simulated annealing (AG-TJ-H)
3,3,26,72.0,simulated annealing (AG-TJ-H)
3,3,28,75.0,Chateauneuf-Kreher doubling
3,3,32,81.0,Chateauneuf-Kreher doubling
3,3,34,88.0,Chateauneuf-Kreher doubling
3,3,40,89.0,Chateauneuf-Kreher doubling
3,3,46,93.0,"Cover starter (Colbourn, Torres-Jimenez)"
3,3,47,95.0,"Cover starter (Colbourn, Torres-Jimenez)"
3,3,48,97.0,"Cover starter (Colbourn, Torres-Jimenez)"
3,3,49,99.0,"Cover starter (Colbourn, Torres-Jimenez)"
3,3,52,102.0,simulated annealing (AG-TJ-H)
3,3,59,103.0,simulated annealing (AG-TJ-H)
3,3,60,104.0,simulated annealing (AG-TJ-H)
3,3,61,105.0,two-stage SA (TJ-AG-I)
3,3,63,107.0,two-stage SA (TJ-AG-I)
3,3,65,108.0,two-stage SA (TJ-AG-I)
3,3,66,109.0,two-stage SA (TJ-AG-I)
3,3,67,110.0,two-stage SA (TJ-AG-I)
3,3,68,111.0,two-stage SA (TJ-AG-I)
3,3,69,112.0,two-stage SA (TJ-AG-I)
3,3,70,113.0,two-stage SA (TJ-AG-I)
3,3,71,114.0,two-stage SA (TJ-AG-I)
3,3,73,115.0,two-stage SA (TJ-AG-I)
3,3,75,116.0,two-stage SA (TJ-AG-I)
3,3,79,117.0,two-stage SA (TJ-AG-I)
3,3,83,118.0,two-stage SA (TJ-AG-I)
3,3,84,119.0,two-stage SA (TJ-AG-I)
3,3,85,120.0,two-stage SA (TJ-AG-I)
3,3,87,123.0,two-stage SA (TJ-AG-I)
3,3,89,124.0,two-stage SA (TJ-AG-I)
3,3,92,125.0,two-stage SA (TJ-AG-I)
3,3,96,126.0,two-stage SA (TJ-AG-I)
3,3,98,127.0,two-stage SA (TJ-AG-I)
3,3,105,128.0,two-stage SA (TJ-AG-I)
3,3,121,129.0,two-stage SA (TJ-AG-I)
3,3,125,130.0,two-stage SA (TJ-AG-I)
3,3,127,131.0,two-stage SA (TJ-AG-I)
3,3,128,132.0,two-stage SA (TJ-AG-I)
3,3,129,133.0,two-stage SA (TJ-AG-I)
3,3,130,134.0,two-stage SA (TJ-AG-I)
3,3,144,135.0,Cohen-Colbourn-Ling
3,3,146,139.0,two-stage SA (TJ-AG-I)
3,3,147,140.0,two-stage SA (TJ-AG-I)
3,3,148,141.0,two-stage SA (TJ-AG-I)
3,3,171,145.0,two-stage SA (TJ-AG-I)
3,3,180,146.0,two-stage SA (TJ-AG-I)
3,3,196,147.0,Cohen-Colbourn-Ling
3,3,211,153.0,Cohen-Colbourn-Ling
3,3,213,162.0,two-stage SA (TJ-AG-I)
3,3,231,163.0,two-stage SA (TJ-AG-I)
3,3,234,164.0,two-stage SA (TJ-AG-I)
3,3,240,168.0,two-stage SA (TJ-AG-I)
3,3,252,169.0,two-stage SA (TJ-AG-I)
3,3,280,171.0,Cohen-Colbourn-Ling
3,3,284,176.0,two-stage SA (TJ-AG-I)
3,3,302,177.0,two-stage SA (TJ-AG-I)
3,3,308,178.0,Cohen-Colbourn-Ling
3,3,333,179.0,two-stage SA (TJ-AG-I)
3,3,342,180.0,two-stage SA (TJ-AG-I)
3,3,378,183.0,two-stage SA (TJ-AG-I)
3,3,392,189.0,Cohen-Colbourn-Ling
3,3,395,190.0,two-stage SA (TJ-AG-I)
3,3,410,191.0,two-stage SA (TJ-AG-I)
3,3,413,192.0,two-stage SA (TJ-AG-I)
3,3,414,193.0,two-stage SA (TJ-AG-I)
3,3,448,195.0,Cohen-Colbourn-Ling
3,3,450,197.0,two-stage SA (TJ-AG-I)
3,3,472,199.0,two-stage SA (TJ-AG-I)
3,3,500,200.0,two-stage SA (TJ-AG-I)
3,3,540,203.0,two-stage SA (TJ-AG-I)
3,3,588,213.0,Colbourn-Martirosyan-TVT-Walker
3,3,594,217.0,Cohen-Colbourn-Ling
3,3,604,218.0,Cohen-Colbourn-Ling
3,3,631,219.0,Cohen-Colbourn-Ling
3,3,644,220.0,Cohen-Colbourn-Ling
3,3,654,222.0,Cohen-Colbourn-Ling
3,3,671,223.0,two-stage SA (TJ-AG-I)
3,3,674,224.0,Cohen-Colbourn-Ling
3,3,702,225.0,Power CZ3-13.4-6.1-9.1
3,3,704,227.0,Cohen-Colbourn-Ling
3,3,1014,228.0,Power CZ3-13.5-6.1
3,3,1352,234.0,Power CZ3-13.5-8.1
3,3,1521,237.0,Power CZ3-13.5-9.1
3,3,1690,240.0,Power CZ3-13.5-10.1
3,3,2028,246.0,Power CZ3-13.5-12.1
3,3,2198,249.0,Power CZ3-14.6
3,3,2744,264.0,Power CZ3-16.3-14.1-14.1-14.1
3,3,3136,270.0,Power CZ3-16.4-14.1-14.1
3,3,3584,276.0,Power CZ3-16.5-14.1
3,3,4096,282.0,Power CZ3-16.6
3,3,4097,300.0,Add a factor
3,3,4352,303.0,Power CZ3-17.4-16.1-16.1
3,3,4608,306.0,Power CZ3-19.3-16.1-16.1-18.1
3,3,4788,308.0,Power CZ3-19.4-14.1-18.1
3,3,4864,312.0,Power CZ3-19.4-16.1-16.1
3,3,4896,313.0,Power CZ3-19.3-16.1-17.1-18.1
3,3,5472,314.0,Power CZ3-19.4-16.1-18.1
3,3,5776,320.0,Power CZ3-19.5-16.1
3,3,5814,321.0,Power CZ3-19.4-17.1-18.1
3,3,6498,322.0,Power CZ3-19.5-18.1
3,3,6859,328.0,Power CZ3-19.6
3,3,6860,330.0,Power CZ3-20.6
3,3,7168,348.0,Chateauneuf-Kreher doubling
3,3,8000,350.0,Power CZ3-23.3-20.1-20.1-20.1
3,3,8100,352.0,Colbourn-Martirosyan-TVT-Walker
3,3,8233,354.0,Cohen-Colbourn-Ling
3,3,8800,357.0,Power CZ3-23.3-20.1-20.1-22.1
3,3,8860,358.0,Power CZ3-23.1-22.4-20.1
3,3,9408,360.0,Colbourn-Martirosyan-TVT-Walker
3,3,9409,362.0,Cohen-Colbourn-Ling
3,3,9680,364.0,Power CZ3-23.3-22.2-20.1
3,3,9746,365.0,Power CZ3-23.1-22.5
3,3,10000,366.0,Colbourn-Martirosyan-TVT-Walker
4,3,5,81.0,Derive from strength 5
4,3,6,111.0,cross-sum (CKRS)
4,3,7,123.0,cross-sum (CKRS)
4,3,9,135.0,Derive from strength 5
4,3,11,159.0,CPHF 3-stage (TJ-IM)
4,3,12,189.0,Torres-Jimenez
4,3,13,212.0,Torres-Jimenez
4,3,15,231.0,2-Restricted SCPHF RE (CL)
4,3,17,237.0,SCPHF Sim Annealing (TJ-IM)
4,3,20,271.0,CPHF 3-stage (TJ-IM)
4,3,21,278.0,CPHF 3-stage (TJ-IM)
4,3,22,288.0,CPHF 3-stage (TJ-IM)
4,3,23,296.0,CPHF 3-stage (TJ-IM)
4,3,27,337.0,CPHF 3-stage (TJ-IM)
4,3,28,353.0,CPHF 3-stage (TJ-IM)
4,3,30,361.0,CPHF 3-stage (TJ-IM)
4,3,33,378.0,CPHF 3-stage (TJ-IM)
4,3,34,380.0,CPHF 3-stage (TJ-IM)
4,3,35,389.0,CPHF 3-stage (TJ-IM)
4,3,36,396.0,CPHF 3-stage (TJ-IM)
4,3,37,403.0,CPHF 3-stage (TJ-IM)
4,3,40,420.0,CPHF 3-stage (TJ-IM)
4,3,41,436.0,CPHF 3-stage (TJ-IM)
4,3,42,441.0,CPHF 3-stage (TJ-IM)
4,3,43,450.0,CPHF 3-stage (TJ-IM)
4,3,44,453.0,CPHF 3-stage (TJ-IM)
4,3,45,454.0,CPHF 3-stage (TJ-IM)
4,3,46,463.0,CPHF 3-stage (TJ-IM)
4,3,47,465.0,CPHF 3-stage (TJ-IM)
4,3,48,471.0,CPHF 3-stage (TJ-IM)
4,3,49,484.0,CPHF 3-stage (TJ-IM)
4,3,51,488.0,CPHF 3-stage (TJ-IM)
4,3,53,506.0,CPHF 3-stage (TJ-IM)
4,3,54,509.0,CPHF 3-stage (TJ-IM)
4,3,55,512.0,PGL (Maity-Akhtar-Chandrasekharan-Colbourn) postop NCK
4,3,57,516.0,CPHF 3-stage (TJ-IM)
4,3,58,522.0,PGL (Maity-Akhtar-Chandrasekharan-Colbourn) postop NCK
4,3,60,526.0,CPHF 3-stage (TJ-IM)
4,3,63,531.0,PGL (Maity-Akhtar-Chandrasekharan-Colbourn)
4,3,66,546.0,CPHF 3-stage (TJ-IM)
4,3,67,548.0,PGL (Maity-Akhtar-Chandrasekharan-Colbourn) postop NCK
4,3,70,559.0,CPHF 3-stage (TJ-IM)
4,3,71,566.0,CPHF 3-stage (TJ-IM)
4,3,72,567.0,PGL (Maity-Akhtar-Chandrasekharan-Colbourn)
4,3,74,573.0,CPHF 3-stage (TJ-IM)
4,3,76,577.0,CPHF 3-stage (TJ-IM)
4,3,78,579.0,CPHF 3-stage (TJ-IM)
4,3,81,596.0,CPHF 3-stage (TJ-IM)
4,3,82,602.0,CPHF 3-stage (TJ-IM)
4,3,85,605.0,CPHF 3-stage (TJ-IM)
4,3,88,614.0,CPHF 3-stage (TJ-IM)
4,3,92,624.0,CPHF 3-stage (TJ-IM)
4,3,94,630.0,CPHF 3-stage (TJ-IM)
4,3,97,637.0,CPHF 3-stage (TJ-IM)
4,3,99,639.0,CPHF 3-stage (TJ-IM)
4,3,100,645.0,Density Mult Cyclic (Colbourn)
4,3,105,657.0,Density Mult Cyclic (Colbourn)
4,3,119,663.0,simulated annealing (AG-TJ-H)
4,3,150,666.0,simulated annealing (AG-TJ-H)
4,3,224,669.0,Cyclotomy (Colbourn)
4,3,230,687.0,Cyclotomy (Colbourn)
4,3,272,813.0,Cyclotomy (Colbourn)
4,3,278,831.0,Cyclotomy (Colbourn)
4,3,433,868.0,Cyclotomy shift (AG+TJ+H)
4,3,487,974.0,Cyclotomy shift (AG+TJ+H)
4,3,499,999.0,Cyclotomy mult (Colbourn)
4,3,523,1026.0,Cyclotomy shift (AG+TJ+H)
4,3,1051,1051.0,Cyclotomy (Colbourn)
4,3,1069,1069.0,Cyclotomy (Colbourn)
4,3,1087,1087.0,Cyclotomy (Colbourn)
4,3,1093,1093.0,Cyclotomy (Colbourn)
4,3,1117,1119.0,Cyclotomy (Colbourn)
4,3,1123,1123.0,Cyclotomy (Colbourn)
4,3,1129,1129.0,Cyclotomy (Colbourn)
4,3,1171,1171.0,Cyclotomy (Colbourn)
4,3,1213,1213.0,Cyclotomy (Colbourn)
4,3,1231,1231.0,Cyclotomy (Colbourn)
4,3,1249,1249.0,Cyclotomy (Colbourn)
4,3,1279,1279.0,Cyclotomy (Colbourn)
4,3,1291,1291.0,Cyclotomy (Colbourn)
4,3,1297,1297.0,Cyclotomy (Colbourn)
4,3,1303,1303.0,Cyclotomy (Colbourn)
4,3,1321,1323.0,Cyclotomy (Colbourn)
4,3,1327,1327.0,Cyclotomy (Colbourn)
4,3,1381,1381.0,Cyclotomy (Colbourn)
4,3,1399,1399.0,Cyclotomy (Colbourn)
4,3,1423,1423.0,Cyclotomy (Colbourn)
4,3,1429,1431.0,Cyclotomy (Colbourn)
4,3,1447,1447.0,Cyclotomy (Colbourn)
4,3,1453,1453.0,Cyclotomy (Colbourn)
4,3,1459,1459.0,Cyclotomy (Colbourn)
4,3,1471,1471.0,Cyclotomy (Colbourn)
4,3,1483,1483.0,Cyclotomy (Colbourn)
4,3,1489,1489.0,Cyclotomy (Colbourn)
4,3,1494,1521.0,CPHF IPO 19 (WCS)
4,3,1531,1531.0,Cyclotomy (Colbourn)
4,3,1543,1543.0,Cyclotomy (Colbourn)
4,3,1549,1549.0,Cyclotomy (Colbourn)
4,3,1567,1567.0,Cyclotomy (Colbourn)
4,3,1579,1579.0,Cyclotomy (Colbourn)
4,3,1597,1597.0,Cyclotomy (Colbourn)
4,3,2026,1601.0,CPHF IPO 20 (WCS)
4,3,2694,1681.0,CPHF IPO 21 (WCS)
4,3,3582,1761.0,CPHF IPO 22 (WCS)
4,3,4382,1841.0,CPHF IPO 23 (WCS)
4,3,4712,1921.0,CPHF IPO 24 (WCS)
4,3,4713,2149.0,Add a factor
4,3,4714,2203.0,Add a factor
4,3,6982,2327.0,Derive from strength 5
4,3,7012,2337.0,Derive from strength 5
4,3,7013,2571.0,Add a factor
4,3,7164,2601.0,Colbourn-Martirosyan-TVT-Walker
4,3,7168,2681.0,Colbourn-Martirosyan-TVT-Walker
4,3,8192,2693.0,Colbourn-Martirosyan-TVT-Walker
4,3,8194,2729.0,Colbourn-Martirosyan-TVT-Walker
4,3,8704,2735.0,Colbourn-Martirosyan-TVT-Walker
4,3,8764,2741.0,Colbourn-Martirosyan-TVT-Walker
4,3,9216,2821.0,Colbourn-Martirosyan-TVT-Walker
4,3,9424,2825.0,Colbourn-Martirosyan-TVT-Walker
4,3,10000,2871.0,Colbourn-Martirosyan-TVT-Walker
5,3,6,243.0,orthogonal array
5,3,7,351.0,cross-sum (CKRS)
5,3,10,405.0,simulated annealing (AG-TJ-H)
5,3,12,483.0,SCPHF Sim Annealing (TJ-IM)
5,3,13,687.0,CPHF 3-stage (TJ-IM)
5,3,14,805.0,CPHF 3-stage (TJ-IM)
5,3,15,842.0,CPHF 3-stage (TJ-IM)
5,3,16,920.0,CPHF 3-stage (TJ-IM)
5,3,17,963.0,SCPHF Sim Annealing (TJ-IM)
5,3,18,1034.0,CPHF 3-stage (TJ-IM)
5,3,19,1064.0,CPHF 3-stage (TJ-IM)
5,3,20,1108.0,CPHF 3-stage (TJ-IM)
5,3,22,1200.0,CPHF 3-stage (TJ-IM)
5,3,23,1258.0,CPHF 3-stage (TJ-IM)
5,3,24,1302.0,CPHF 3-stage (TJ-IM)
5,3,25,1350.0,CPHF 3-stage (TJ-IM)
5,3,26,1371.0,CPHF 3-stage (TJ-IM)
5,3,27,1413.0,CPHF 3-stage (TJ-IM)
5,3,28,1435.0,CPHF 3-stage (TJ-IM)
5,3,29,1480.0,CPHF 3-stage (TJ-IM)
5,3,30,1520.0,CPHF 3-stage (TJ-IM)
5,3,31,1541.0,CPHF 3-stage (TJ-IM)
5,3,32,1580.0,CPHF 3-stage (TJ-IM)
5,3,33,1600.0,CPHF 3-stage (TJ-IM)
5,3,34,1630.0,CPHF 3-stage (TJ-IM)
5,3,35,1661.0,CPHF 3-stage (TJ-IM)
5,3,36,1681.0,CPHF 3-stage (TJ-IM)
5,3,37,1693.0,CPHF 3-stage (TJ-IM)
5,3,38,1730.0,CPHF 3-stage (TJ-IM)
5,3,39,1760.0,CPHF 3-stage (TJ-IM)
5,3,40,1780.0,CPHF 3-stage (TJ-IM)
5,3,41,1811.0,CPHF 3-stage (TJ-IM)
5,3,42,1838.0,CPHF 3-stage (TJ-IM)
5,3,44,1855.0,CPHF 3-stage (TJ-IM)
5,3,45,1870.0,CPHF 3-stage (TJ-IM)
5,3,46,1903.0,CPHF 3-stage (TJ-IM)
5,3,47,1931.0,CPHF 3-stage (TJ-IM)
5,3,48,1947.0,CPHF 3-stage (TJ-IM)
5,3,49,1975.0,CPHF 3-stage (TJ-IM)
5,3,50,2041.0,CPHF 3-stage (TJ-IM)
5,3,51,2054.0,CPHF 3-stage (TJ-IM)
5,3,52,2068.0,CPHF 3-stage (TJ-IM)
5,3,53,2076.0,CPHF 3-stage (TJ-IM)
5,3,54,2098.0,CPHF 3-stage (TJ-IM)
5,3,55,2109.0,CPHF 3-stage (TJ-IM)
5,3,56,2125.0,CPHF 3-stage (TJ-IM)
5,3,57,2131.0,CPHF 3-stage (TJ-IM)
5,3,58,2150.0,CPHF 3-stage (TJ-IM)
5,3,59,2157.0,CPHF 3-stage (TJ-IM)
5,3,60,2200.0,CPHF 3-stage (TJ-IM)
5,3,61,2258.0,CPHF 3-stage (TJ-IM)
5,3,62,2266.0,CPHF 3-stage (TJ-IM)
5,3,63,2284.0,CPHF 3-stage (TJ-IM)
5,3,64,2288.0,CPHF 3-stage (TJ-IM)
5,3,65,2297.0,CPHF 3-stage (TJ-IM)
5,3,66,2304.0,CPHF 3-stage (TJ-IM)
5,3,67,2308.0,CPHF 3-stage (TJ-IM)
5,3,68,2318.0,CPHF 3-stage (TJ-IM)
5,3,70,2327.0,CPHF 3-stage (TJ-IM)
5,3,71,2354.0,CPHF 3-stage (TJ-IM)
5,3,72,2361.0,CPHF 3-stage (TJ-IM)
5,3,73,2364.0,CPHF 3-stage (TJ-IM)
5,3,74,2379.0,CPHF 3-stage (TJ-IM)
5,3,75,2391.0,CPHF 3-stage (TJ-IM)
5,3,76,2403.0,CPHF 3-stage (TJ-IM)
5,3,77,2419.0,CPHF 3-stage (TJ-IM)
5,3,78,2427.0,CPHF 3-stage (TJ-IM)
5,3,79,2438.0,CPHF 3-stage (TJ-IM)
5,3,80,2450.0,CPHF 3-stage (TJ-IM)
5,3,81,2457.0,CPHF 3-stage (TJ-IM)
5,3,82,2488.0,CPHF 3-stage (TJ-IM)
5,3,83,2494.0,CPHF 3-stage (TJ-IM)
5,3,84,2497.0,CPHF 3-stage (TJ-IM)
5,3,85,2505.0,CPHF 3-stage (TJ-IM)
5,3,87,2519.0,CPHF 3-stage (TJ-IM)
5,3,89,2544.0,CPHF 3-stage (TJ-IM)
5,3,90,2548.0,CPHF 3-stage (TJ-IM)
5,3,97,2617.0,CPHF 3-stage (TJ-IM)
5,3,98,2626.0,CPHF 3-stage (TJ-IM)
5,3,99,2646.0,CPHF 3-stage (TJ-IM)
5,3,100,2649.0,CPHF 3-stage (TJ-IM)
5,3,101,2660.0,CPHF 3-stage (TJ-IM)
5,3,102,2675.0,CPHF 3-stage (TJ-IM)
5,3,103,2681.0,CPHF 3-stage (TJ-IM)
5,3,104,2690.0,CPHF 3-stage (TJ-IM)
5,3,105,2699.0,CPHF 3-stage (TJ-IM)
5,3,108,2880.0,CPHF 3-stage (TJ-IM)
5,3,110,2907.0,CPHF 3-stage (TJ-IM)
5,3,114,2942.0,CPHF 3-stage (TJ-IM)
5,3,115,3005.0,IPOGF postop MPO (TJ-RC)
5,3,116,3019.0,IPOGF postop MPO (TJ-RC)
5,3,148,3140.0,CPHF 3-stage (TJ-IM)
5,3,1051,3156.0,Cyclotomy (Colbourn)
5,3,1069,3210.0,Cyclotomy (Colbourn)
5,3,1087,3264.0,Cyclotomy (Colbourn)
5,3,1093,3282.0,Cyclotomy (Colbourn)
5,3,1123,3369.0,Cyclotomy (Colbourn)
5,3,1129,3390.0,Cyclotomy (Colbourn)
5,3,1171,3516.0,Cyclotomy (Colbourn)
5,3,1213,3642.0,Cyclotomy (Colbourn)
5,3,1231,3696.0,Cyclotomy (Colbourn)
5,3,1249,3750.0,Cyclotomy (Colbourn)
5,3,1279,3840.0,Cyclotomy (Colbourn)
5,3,1291,3876.0,Cyclotomy (Colbourn)
5,3,1297,3891.0,Cyclotomy (Colbourn)
5,3,1303,3909.0,Cyclotomy (Colbourn)
5,3,1327,3981.0,Cyclotomy (Colbourn)
5,3,1381,4143.0,Cyclotomy (Colbourn)
5,3,1399,4197.0,Cyclotomy (Colbourn)
5,3,1423,4269.0,Cyclotomy (Colbourn)
5,3,1447,4341.0,Cyclotomy (Colbourn)
5,3,1453,4359.0,Cyclotomy (Colbourn)
5,3,1459,4377.0,Cyclotomy (Colbourn)
5,3,1471,4413.0,Cyclotomy (Colbourn)
5,3,1483,4449.0,Cyclotomy (Colbourn)
5,3,1489,4467.0,Cyclotomy (Colbourn)
5,3,1531,4593.0,Cyclotomy (Colbourn)
5,3,1543,4629.0,Cyclotomy (Colbourn)
5,3,1549,4647.0,Cyclotomy (Colbourn)
5,3,1567,4701.0,Cyclotomy (Colbourn)
5,3,1579,4737.0,Cyclotomy (Colbourn)
5,3,1597,4791.0,Cyclotomy (Colbourn)
5,3,1609,4827.0,Cyclotomy (Colbourn)
5,3,1621,4863.0,Cyclotomy (Colbourn)
5,3,1627,4881.0,Cyclotomy (Colbourn)
5,3,1657,4971.0,Cyclotomy (Colbourn)
5,3,1663,4989.0,Cyclotomy (Colbourn)
5,3,1669,5007.0,Cyclotomy (Colbourn)
5,3,1693,5079.0,Cyclotomy (Colbourn)
5,3,1699,5097.0,Cyclotomy (Colbourn)
5,3,1723,5169.0,Cyclotomy (Colbourn)
5,3,1741,5223.0,Cyclotomy (Colbourn)
5,3,1747,5241.0,Cyclotomy (Colbourn)
5,3,1753,5259.0,Cyclotomy (Colbourn)
5,3,1759,5277.0,Cyclotomy (Colbourn)
5,3,2659,5318.0,Cyclotomy shift (Colbourn)
5,3,2671,5345.0,Cyclotomy shift (Colbourn)
5,3,2683,5369.0,Cyclotomy shift (Colbourn)
5,3,2684,6953.0,Add 1 factors
5,3,6983,6983.0,Cyclotomy (Torres-Jimenez)
5,3,7013,7013.0,Cyclotomy (Torres-Jimenez)
5,3,7014,9101.0,Add 1 factors
5,3,7015,9803.0,Add 2 factors
5,3,7016,9965.0,Add 3 factors
5,3,10000,10007.0,Cyclotomy (Torres-Jimenez)
6,3,7,729.0,orthogonal array
6,3,8,1134.0,Torres-Jimenez
6,3,9,1377.0,4-Restricted SCPHF RE (CL)
6,3,11,1431.0,CPHF 3-stage (TJ-IM)
6,3,12,1455.0,SCPHF Sim Annealing (TJ-IM)
6,3,13,2181.0,SCPHF Sim Annealing (TJ-IM)
6,3,14,2701.0,CPHF 3-stage (TJ-IM)
6,3,15,2901.0,CPHF 3-stage (TJ-IM)
6,3,16,3126.0,CPHF 3-stage (TJ-IM)
6,3,17,3633.0,SCPHF Sim Annealing (TJ-IM)
6,3,18,3839.0,Density (Colbourn) postop NCK
6,3,19,3961.0,CPHF 3-stage (TJ-IM)
6,3,20,4006.0,CPHF 3-stage (TJ-IM)
6,3,21,4200.0,CPHF 3-stage (TJ-IM)
6,3,22,4400.0,CPHF 3-stage (TJ-IM)
6,3,23,4600.0,CPHF 3-stage (TJ-IM)
6,3,24,4661.0,CPHF 3-stage (TJ-IM)
6,3,25,4880.0,CPHF 3-stage (TJ-IM)
6,3,26,5020.0,CPHF 3-stage (TJ-IM)
6,3,27,5200.0,CPHF 3-stage (TJ-IM)
6,3,28,5359.0,CPHF 3-stage (TJ-IM)
6,3,29,5410.0,CPHF 3-stage (TJ-IM)
6,3,30,5572.0,CPHF 3-stage (TJ-IM)
6,3,31,5691.0,CPHF 3-stage (TJ-IM)
6,3,32,5786.0,CPHF 3-stage (TJ-IM)
6,3,35,5825.0,CPHF 3-stage (TJ-IM)
6,3,36,6248.0,CPHF 3-stage (TJ-IM)
6,3,37,6316.0,CPHF 3-stage (TJ-IM)
6,3,38,6454.0,CPHF 3-stage (TJ-IM)
6,3,39,6583.0,CPHF 3-stage (TJ-IM)
6,3,40,6663.0,CPHF 3-stage (TJ-IM)
6,3,41,6755.0,CPHF 3-stage (TJ-IM)
6,3,42,6870.0,CPHF 3-stage (TJ-IM)
6,3,43,7153.0,CPHF 3-stage (TJ-IM)
6,3,44,7264.0,CPHF 3-stage (TJ-IM)
6,3,45,7348.0,CPHF 3-stage (TJ-IM)
6,3,46,7482.0,CPHF 3-stage (TJ-IM)
6,3,47,7567.0,CPHF 3-stage (TJ-IM)
6,3,50,7576.0,CPHF 3-stage (TJ-IM)
6,3,51,7635.0,CPHF 3-stage (TJ-IM)
6,3,52,7656.0,CPHF 3-stage (TJ-IM)
6,3,54,7746.0,CPHF 3-stage (TJ-IM)
6,3,55,7797.0,CPHF 3-stage (TJ-IM)
6,3,58,7999.0,CPHF 3-stage (TJ-IM)
6,3,61,8687.0,CPHF 3-stage (TJ-IM)
6,3,62,8758.0,CPHF 3-stage (TJ-IM)
6,3,63,8955.0,CPHF 3-stage (TJ-IM)
6,3,64,9025.0,CPHF 3-stage (TJ-IM)
6,3,66,9033.0,CPHF 3-stage (TJ-IM)
6,3,68,9154.0,CPHF 3-stage (TJ-IM)
6,3,73,9249.0,CPHF 3-stage (TJ-IM)
6,3,82,9997.0,CPHF 3-stage (TJ-IM)
6,3,86,10406.0,CPHF 3-stage (TJ-IM)
6,3,88,10490.0,CPHF 3-stage (TJ-IM)
6,3,90,10673.0,CPHF 3-stage (TJ-IM)
6,3,96,10927.0,CPHF 3-stage (TJ-IM)
6,3,98,10942.0,CPHF 3-stage (TJ-IM)
6,3,120,10974.0,CPHF 3-stage (TJ-IM)
6,3,136,12297.0,CPHF 3-stage (TJ-IM)
6,3,350,14467.0,CPHF 3-stage (TJ-IM)
6,3,351,19675.0,Add 1 factors
6,3,352,22969.0,Add 2 factors
6,3,353,24427.0,Add 3 factors
6,3,354,29635.0,Add 3 factors
6,3,355,32929.0,Add 3 factors
6,3,356,34387.0,Add 3 factors
6,3,357,39595.0,Add 3 factors
6,3,358,42889.0,Add 3 factors
6,3,359,44347.0,Add 3 factors
6,3,360,49555.0,Add 3 factors
6,3,361,49598.0,Power CZ2-19.13
6,3,362,52065.0,Power CT19^2+1
6,3,363,54587.0,Power CT19^2+2
6,3,364,57187.0,Power CT19^2+3
6,3,560,57864.0,"perfect hash family4,560,350"
6,3,678,60140.0,Martirosyan-Colbourn
6,3,700,65212.0,Martirosyan-Colbourn
6,3,702,67327.0,Power CZ2-27.12-26.1
6,3,729,67477.0,Power CZ2-27.13
6,3,730,69654.0,Power CT27^2+1
6,3,754,69927.0,Power CT29^2T3
6,3,756,70056.0,Power CT29^2T2T1
6,3,783,70107.0,Power CT29^2T2
6,3,784,70215.0,Power CT29^2T1T1
6,3,812,70266.0,Power CT29^2T1
6,3,841,70317.0,Power CT29^2
6,3,866,72330.0,"perfect hash family5,866,350"
6,3,870,73570.0,Power CT31^2T2T1
6,3,871,73613.0,Power CT31^2Arc(3)
6,3,899,73689.0,Power CT31^2T2
6,3,900,73732.0,Power CT31^2T1T1
6,3,930,73851.0,Power CT31^2T1
6,3,961,73970.0,Power CT31^2
6,3,992,75110.0,Power CT32^2T1
6,3,1024,75205.0,Power CT32^2
6,3,1027,75712.0,Power CT32^2+3
6,3,1039,79640.0,"Power CT37^2Arc(10):5 twos,0 ones"
6,3,1040,79995.0,"Power CT37^2Arc(12):4 twos,2 ones"
6,3,1068,80063.0,"Power CT37^2Arc(10):4 twos,1 ones"
6,3,1097,80131.0,"Power CT37^2Arc(8):4 twos,0 ones"
6,3,1098,80486.0,"Power CT37^2Arc(10):3 twos,2 ones"
6,3,1128,80554.0,"Power CT37^2Arc(8):3 twos,1 ones"
6,3,1159,80622.0,"Power CT37^2Arc(6):3 twos,0 ones"
6,3,1160,80977.0,"Power CT37^2Arc(8):2 twos,2 ones"
6,3,1192,81045.0,"Power CT37^2Arc(6):2 twos,1 ones"
6,3,1225,81113.0,Power CT37^2T2T2
6,3,1226,81468.0,Power CT37^2Arc(2)T2
6,3,1260,81536.0,Power CT37^2T2T1
6,3,1295,81604.0,Power CT37^2T2
6,3,1296,81959.0,Power CT37^2T1T1
6,3,1332,82027.0,Power CT37^2T1
6,3,1369,82095.0,Power CT37^2
6,3,1370,83889.0,Power CT37^2+1
6,3,1371,85566.0,Power CT37^2+2
6,3,1372,86606.0,Power CT37^2+3
6,3,1400,86780.0,Power CT41^2T6T1
6,3,1435,86872.0,Power CT41^2T6
6,3,1444,87179.0,Power CT41^2Arc(2)T4
6,3,1447,87225.0,Power CT41^2Arc(3)T3
6,3,1450,87250.0,Power CT41^2Arc(6)
6,3,1480,87271.0,Power CT41^2T4T1
6,3,1483,87317.0,Power CT41^2Arc(2)T3
6,3,1486,87342.0,Power CT41^2Arc(5)
6,3,1517,87363.0,Power CT41^2T4
6,3,1520,87409.0,Power CT41^2T3T1
6,3,1523,87434.0,Power CT41^2Arc(4)
6,3,1558,87501.0,Power CT41^2T3
6,3,1561,87526.0,Power CT41^2Arc(3)
6,3,1600,87618.0,Power CT41^2T1T1
6,3,1640,87710.0,Power CT41^2T1
6,3,1681,87802.0,Power CT41^2
6,3,1682,89297.0,Power CT41^2+1
6,3,1683,91844.0,Power CT43^2Arc(4)
6,3,1723,92127.0,Power CT43^2Arc(3)
6,3,1764,92410.0,Power CT43^2T1T1
6,3,1806,92693.0,Power CT43^2T1
6,3,1849,92976.0,Power CT43^2
6,3,1850,94419.0,Power CT43^2+1
6,3,1851,95511.0,Power CT43^2+2
6,3,1852,97253.0,Power CT43^2+3
6,3,1862,97353.0,Power CT49^2T11
6,3,1890,97442.0,Power CT47^2T5T2
6,3,1911,97482.0,Power CT49^2T10
6,3,1927,97546.0,Power CT47^2T6
6,3,1960,97562.0,Power CT49^2T9
6,3,2009,97654.0,Power CT49^2T8
6,3,2058,97769.0,Power CT49^2T7
6,3,2107,98052.0,Power CT49^2T6
6,3,2115,98139.0,Power CT47^2T2
6,3,2156,98163.0,Power CT49^2T5
6,3,2205,98247.0,Power CT49^2T4
6,3,2209,98358.0,Power CT47^2
6,3,2254,98381.0,Power CT49^2T3
6,3,2303,98466.0,Power CT49^2T2
6,3,2402,98475.0,Power CT49^2+1
6,3,2403,99242.0,Power CT49^2+2
6,3,2404,99515.0,Power CT49^2+3
6,3,2413,99965.0,Power CT53^2Arc(8)
6,3,2459,100055.0,Power CT53^2Arc(7)
6,3,2506,100145.0,Power CT53^2Arc(6)
6,3,2554,100235.0,Power CT53^2Arc(5)
6,3,2603,100325.0,Power CT53^2Arc(4)
6,3,2653,100415.0,Power CT53^2Arc(3)
6,3,2704,100505.0,Power CT53^2T1T1
6,3,2756,100595.0,Power CT53^2T1
6,3,2810,100685.0,Power CT53^2+1
6,3,2811,101348.0,Power CT53^2+2
6,3,2814,103974.0,Power CT53^2 +5
6,3,2839,104662.0,Power CT59^2Arc(12)
6,3,2887,105350.0,Power CT59^2Arc(11)
6,3,2936,106038.0,Power CT59^2Arc(10)
6,3,2986,106726.0,Power CT59^2Arc(9)
6,3,3037,107414.0,Power CT59^2Arc(8)
6,3,3089,108102.0,Power CT59^2Arc(7)
6,3,3142,108790.0,Power CT59^2Arc(6)
6,3,3196,109478.0,Power CT59^2Arc(5)
6,3,3251,110166.0,Power CT59^2Arc(4)
6,3,3307,110854.0,Power CT59^2Arc(3)
6,3,3364,111542.0,Power CT59^2T1T1
6,3,3538,112230.0,Power CT61^2T3
6,3,3721,112918.0,Power CT61^2
6,3,3722,113841.0,Power CT61^2+1
6,3,3913,114020.0,Power CT25^3T12S24
6,3,3939,114239.0,Power CT25^3T12S23
6,3,3978,114458.0,Power CT25^3T12S22
6,3,4214,114540.0,Power CT25^3T11S24
6,3,4515,114740.0,Power CT25^3T10S24
6,3,4545,114959.0,Power CT25^3T10S23
6,3,4816,114965.0,Power CT25^3T9S24
6,3,4848,115184.0,Power CT25^3T9S23
6,3,4896,115403.0,Power CT25^3T9S22
6,3,5117,115472.0,Power CT25^3T8S24
6,3,5418,115678.0,Power CT25^3T7S24
6,3,5719,115800.0,Power CT25^3T6S24
6,3,6020,115845.0,Power CT25^3T5S24
6,3,6321,116039.0,Power CT25^3T4S24
6,3,6622,116239.0,Power CT25^3T3S24
6,3,6923,116439.0,Power CT25^3T2S24
6,3,7224,116500.0,Power CT25^3S25
6,3,7272,116719.0,Power CT25^3S24
6,3,7344,116938.0,Power CT25^3S23
6,3,7440,117157.0,Power CT25^3S22
6,3,7560,117376.0,Power CT25^3S21
6,3,7704,117595.0,Power CT25^3S20
6,3,7872,117814.0,Power CT25^3S19
6,3,8064,118033.0,Power CT25^3S18
6,3,8280,118252.0,Power CT25^3S17
6,3,8520,118471.0,Power CT25^3S16
6,3,8784,118690.0,Power CT25^3S15
6,3,9072,118909.0,Power CT25^3S14
6,3,9384,119128.0,Power CT25^3S13
6,3,9720,119347.0,Power CT25^3S12
6,3,10000,119566.0,Power CT25^3S11
2,4,5,16.0,Derive from strength 3
2,4,6,19.0,Fix 1 symbols (Meagher-Stevens)
2,4,7,21.0,simulated annealing (Cohen)
2,4,9,22.0,Fix 2 symbols (LCDST) postop TJ-SA
2,4,12,24.0,simulated annealing (CKRS)
2,4,13,25.0,simulated annealing (CKRS)
2,4,15,26.0,simulated annealing (Torres-Jimenez)
2,4,17,27.0,simulated annealing (Torres-Jimenez)
2,4,24,28.0,PCAx2PCA
2,4,27,29.0,simulated annealing (Torres-Jimenez)
2,4,30,30.0,simulated annealing (Torres-Jimenez)
2,4,35,31.0,simulated annealing (Torres-Jimenez)
2,4,48,32.0,simulated annealing (Torres-Jimenez)
2,4,49,33.0,simulated annealing (Torres-Jimenez)
2,4,50,34.0,simulated annealing (Torres-Jimenez)
2,4,57,35.0,simulated annealing (Torres-Jimenez)
2,4,66,36.0,simulated annealing (Torres-Jimenez)
2,4,72,37.0,simulated annealing (Torres-Jimenez)
2,4,83,38.0,simulated annealing (Torres-Jimenez)
2,4,103,39.0,simulated annealing (Torres-Jimenez)
2,4,133,40.0,simulated annealing (Torres-Jimenez)
2,4,139,41.0,simulated annealing (Torres-Jimenez)
2,4,148,42.0,simulated annealing (Torres-Jimenez)
2,4,170,43.0,PCAxPCA postop TJ-SA
2,4,231,44.0,PCAx2PCA
2,4,237,45.0,PCAx2PCA
2,4,241,46.0,PCAx2PCA
2,4,279,47.0,PCAx2PCA
2,4,338,48.0,simulated annealing (Torres-Jimenez)
2,4,360,49.0,simulated annealing (Torres-Jimenez)
2,4,412,50.0,simulated annealing (Torres-Jimenez)
2,4,503,51.0,simulated annealing (Torres-Jimenez)
2,4,652,52.0,simulated annealing (Torres-Jimenez)
2,4,664,53.0,simulated annealing (Torres-Jimenez)
2,4,749,54.0,simulated annealing (Torres-Jimenez)
2,4,950,55.0,simulated annealing (Torres-Jimenez)
2,4,1134,56.0,PCAxPCA
2,4,1251,57.0,PCAxPCA
2,4,1377,58.0,PCAxPCA
2,4,1626,59.0,PCAxPCA
2,4,2223,60.0,PCAxPCA
2,4,2280,61.0,PCAxPCA
2,4,2337,62.0,PCAxPCA
2,4,2655,63.0,PCAxPCA
2,4,3136,64.0,PCAx2PCA
2,4,3431,65.0,PCAxPCA
2,4,3804,66.0,PCAxPCA
2,4,4647,67.0,PCAxPCA
2,4,6096,68.0,PCAxPCA
2,4,6321,69.0,PCAxPCA
2,4,6690,70.0,PCAxPCA
2,4,7896,71.0,PCAxPCA
2,4,10737,72.0,PCAxPCA
2,4,11025,73.0,PCAxPCA
2,4,11301,74.0,PCAxPCA
2,4,12960,75.0,PCAxPCA
2,4,16665,76.0,PCAxPCA
2,4,17239,77.0,PCAxPCA
2,4,19065,78.0,PCAxPCA
2,4,20000,79.0,PCAx2PCA
3,4,6,64.0,orthogonal array
3,4,8,88.0,Chateauneuf-Kreher NRB
3,4,10,100.0,Torres Jimenez
3,4,11,110.0,Torres Jimenez
3,4,12,120.0,Torres Jimenez
3,4,18,124.0,Torres Jimenez
3,4,21,127.0,Raaphorst-Moura-Stevens
3,4,22,136.0,CPHF 3-stage (IM-TJ-AJ-AG)
3,4,38,152.0,Cyclotomy (Colbourn)
3,4,39,186.0,CPHF 3-stage (IM-TJ-AJ-AG)
3,4,41,190.0,CPHF 3-stage (IM-TJ-AJ-AG)
3,4,46,191.0,CPHF 3-stage (IM-TJ-AJ-AG)
3,4,50,192.0,CPHF 3-stage (IM-TJ-AJ-AG)
3,4,52,211.0,CPHF 3-stage (IM-TJ-AJ-AG)
3,4,54,212.0,Cyclotomy (Colbourn)
3,4,55,227.0,CPHF 3-stage (IM-TJ-AJ-AG)
3,4,59,232.0,CPHF 3-stage (IM-TJ-AJ-AG)
3,4,69,235.0,CPHF 3-stage (IM-TJ-AJ-AG)
3,4,73,244.0,CPHF 3-stage (IM-TJ-AJ-AG)
3,4,76,247.0,Torres Jimenez
3,4,79,250.0,CPHF 3-stage (IM-TJ-AJ-AG)
3,4,98,253.0,CPHF 3-stage (IM-TJ-AJ-AG)
3,4,99,269.0,CPHF 3-stage (IM-TJ-AJ-AG)
3,4,100,272.0,CPHF 3-stage (IM-TJ-AJ-AG)
3,4,101,277.0,CPHF 3-stage (IM-TJ-AJ-AG)
3,4,102,280.0,CPHF 3-stage (IM-TJ-AJ-AG)
3,4,103,281.0,CPHF 3-stage (IM-TJ-AJ-AG)
3,4,104,282.0,CPHF 3-stage (IM-TJ-AJ-AG)
3,4,105,283.0,CPHF 3-stage (IM-TJ-AJ-AG)
3,4,106,284.0,CPHF 3-stage (IM-TJ-AJ-AG)
3,4,126,286.0,CPHF 3-stage (IM-TJ-AJ-AG)
3,4,129,287.0,CPHF 3-stage (IM-TJ-AJ-AG)
3,4,130,288.0,CPHF 3-stage (IM-TJ-AJ-AG)
3,4,140,290.0,CPHF 3-stage (IM-TJ-AJ-AG)
3,4,152,292.0,CPHF 3-stage (IM-TJ-AJ-AG)
3,4,154,298.0,Cohen-Colbourn-Ling
3,4,162,316.0,CPHF 3-stage (IM-TJ-AJ-AG)
3,4,191,326.0,Cohen-Colbourn-Ling
3,4,197,333.0,CPHF 3-stage (IM-TJ-AJ-AG)
3,4,200,334.0,CPHF 3-stage (IM-TJ-AJ-AG)
3,4,230,349.0,CPHF 3-stage (IM-TJ-AJ-AG)
3,4,240,361.0,CPHF 3-stage (IM-TJ-AJ-AG)
3,4,266,364.0,CPHF 3-stage (IM-TJ-AJ-AG)
3,4,279,370.0,CPHF 3-stage (IM-TJ-AJ-AG)
3,4,286,373.0,CPHF 3-stage (IM-TJ-AJ-AG)
3,4,304,376.0,CPHF 3-stage (IM-TJ-AJ-AG)
3,4,325,379.0,CPHF 3-stage (IM-TJ-AJ-AG)
3,4,338,389.0,CPHF 3-stage (IM-TJ-AJ-AG)
3,4,339,395.0,CPHF 3-stage (IM-TJ-AJ-AG)
3,4,343,397.0,"Restricted CPHF Ext  7( 3, 4) WCS"
3,4,360,400.0,CPHF 3-stage (IM-TJ-AJ-AG)
3,4,366,403.0,CPHF 3-stage (IM-TJ-AJ-AG)
3,4,390,404.0,CPHF 3-stage (IM-TJ-AJ-AG)
3,4,397,405.0,CPHF 3-stage (IM-TJ-AJ-AG)
3,4,400,406.0,CPHF 3-stage (IM-TJ-AJ-AG)
3,4,407,412.0,"Restricted CPHF Ext  7( 2, 3) WCS"
3,4,415,415.0,CPHF 3-stage (IM-TJ-AJ-AG)
3,4,432,416.0,CPHF 3-stage (IM-TJ-AJ-AG)
3,4,441,417.0,CPHF 3-stage (IM-TJ-AJ-AG)
3,4,442,418.0,CPHF 3-stage (IM-TJ-AJ-AG)
3,4,443,421.0,"Restricted CPHF Ext  7( 1, 4) WCS"
3,4,490,424.0,CPHF 3-stage (IM-TJ-AJ-AG)
3,4,516,427.0,CPHF 3-stage (IM-TJ-AJ-AG)
3,4,522,433.0,"Restricted CPHF Ext  7( 0, 4) WCS"
3,4,541,436.0,"Restricted CPHF Ext  7( 0, 3) WCS"
3,4,560,439.0,"Restricted CPHF Ext  7( 0, 2) WCS"
3,4,624,442.0,CPHF 3-stage (IM-TJ-AJ-AG)
3,4,675,445.0,CPHF 3-stage (IM-TJ-AJ-AG)
3,4,762,460.0,CPHF 3-stage (IM-TJ-AJ-AG)
3,4,779,471.0,CPHF 3-stage (IM-TJ-AJ-AG)
3,4,798,472.0,CPHF 3-stage (IM-TJ-AJ-AG)
3,4,816,475.0,"Restricted CPHF Ext  8( 2, 3) WCS"
3,4,827,478.0,"Restricted CPHF Ext  9( 6, 7) WCS"
3,4,837,481.0,"Restricted CPHF Ext  8( 1, 5) WCS"
3,4,884,484.0,"Restricted CPHF Ext  8( 0, 8) WCS"
3,4,911,487.0,"Restricted CPHF Ext  8( 0, 7) WCS"
3,4,940,490.0,"Restricted CPHF Ext  9( 5, 7) WCS"
3,4,978,493.0,"Restricted CPHF Ext  8( 0, 5) WCS"
3,4,1001,496.0,"Restricted CPHF Ext  8( 0, 4) WCS"
3,4,1032,499.0,"Restricted CPHF Ext  8( 0, 3) WCS"
3,4,1067,502.0,"Restricted CPHF Ext  8( 0, 2) WCS"
3,4,1160,505.0,"Restricted CPHF Ext  8( 0, 0) WCS"
3,4,1183,514.0,"Restricted CPHF Ext  9( 3, 7) WCS"
3,4,1202,517.0,"Restricted CPHF Ext  9( 3, 6) WCS"
3,4,1235,520.0,"Restricted CPHF Ext  9( 3, 5) WCS"
3,4,1291,523.0,"Restricted CPHF Ext 10( 7, 9) WCS"
3,4,1323,526.0,"Restricted CPHF Ext 10( 7, 8) WCS"
3,4,1353,529.0,"Restricted CPHF Ext  9( 2, 6) WCS"
3,4,1396,532.0,"Restricted CPHF Ext  9( 2, 5) WCS"
3,4,1491,535.0,"Restricted CPHF Ext  9( 2, 4) WCS"
3,4,1530,538.0,"Restricted CPHF Ext  9( 2, 3) WCS"
3,4,1539,541.0,"Restricted CPHF Ext 10( 6, 7) WCS"
3,4,1652,544.0,"Restricted CPHF Ext  9( 0, 9) WCS"
3,4,1666,547.0,"Restricted CPHF Ext  9( 0, 8) WCS"
3,4,1696,550.0,"Restricted CPHF Ext  9( 0, 7) WCS"
3,4,1754,553.0,"Restricted CPHF Ext  9( 0, 6) WCS"
3,4,1810,556.0,"Restricted CPHF Ext 10( 5, 6) WCS"
3,4,1868,559.0,"Restricted CPHF Ext  9( 0, 4) WCS"
3,4,1938,562.0,"Restricted CPHF Ext  9( 0, 3) WCS"
3,4,2016,565.0,"Restricted CPHF Ext  9( 0, 2) WCS"
3,4,2120,568.0,"Restricted CPHF Ext  9( 0, 0) WCS"
3,4,2148,574.0,"Restricted CPHF Ext 11( 8, 9) WCS"
3,4,2179,577.0,"Restricted CPHF Ext 10( 3, 7) WCS"
3,4,2225,580.0,"Restricted CPHF Ext 11( 7,11) WCS"
3,4,2272,583.0,"Restricted CPHF Ext 10( 3, 5) WCS"
3,4,2372,586.0,"Restricted CPHF Ext 11( 7, 9) WCS"
3,4,2407,589.0,"Restricted CPHF Ext 10( 2, 7) WCS"
3,4,2480,592.0,"Restricted CPHF Ext 10( 2, 6) WCS"
3,4,2549,595.0,"Restricted CPHF Ext 10( 2, 5) WCS"
3,4,2626,598.0,"Restricted CPHF Ext 10( 2, 4) WCS"
3,4,2730,601.0,"Restricted CPHF Ext 11( 6, 8) WCS"
3,4,2871,604.0,"Restricted CPHF Ext 10( 0,10) WCS"
3,4,2921,607.0,"Restricted CPHF Ext 10( 0, 9) WCS"
3,4,2985,610.0,"Restricted CPHF Ext 10( 0, 8) WCS"
3,4,3062,613.0,"Restricted CPHF Ext 11( 5, 8) WCS"
3,4,3134,616.0,"Restricted CPHF Ext 11( 5, 7) WCS"
3,4,3269,619.0,"Restricted CPHF Ext 11( 5, 6) WCS"
3,4,3422,622.0,"Restricted CPHF Ext 10( 0, 4) WCS"
3,4,3498,625.0,"Restricted CPHF Ext 10( 0, 3) WCS"
3,4,3591,628.0,"Restricted CPHF Ext 10( 0, 2) WCS"
3,4,3969,631.0,CPHF IPO 10 (WCS)
3,4,4093,646.0,"Restricted CPHF Ext 11( 3, 5) WCS"
3,4,4237,649.0,"Restricted CPHF Ext 11( 3, 4) WCS"
3,4,4346,652.0,"Restricted CPHF Ext 11( 1,11) WCS"
3,4,4426,655.0,"Restricted CPHF Ext 11( 2, 6) WCS"
3,4,4601,658.0,"Restricted CPHF Ext 11( 2, 5) WCS"
3,4,4728,661.0,"Restricted CPHF Ext 11( 2, 4) WCS"
3,4,5184,664.0,"Restricted CPHF Ext 11( 0,11) WCS"
3,4,5193,667.0,"Restricted CPHF Ext 11( 0,10) WCS"
3,4,5261,670.0,"Restricted CPHF Ext 11( 0, 9) WCS"
3,4,5366,673.0,"Restricted CPHF Ext 11( 0, 8) WCS"
3,4,5495,676.0,"Restricted CPHF Ext 12( 4,12) WCS"
3,4,5712,679.0,"Restricted CPHF Ext 11( 0, 6) WCS"
3,4,5935,682.0,"Restricted CPHF Ext 11( 0, 5) WCS"
3,4,6158,685.0,"Restricted CPHF Ext 11( 0, 4) WCS"
3,4,6335,688.0,"Restricted CPHF Ext 11( 0, 3) WCS"
3,4,6465,691.0,"Restricted CPHF Ext 11( 0, 2) WCS"
3,4,7523,694.0,CPHF IPO 11 (WCS)
3,4,7684,712.0,"Restricted CPHF Ext 12( 3, 4) WCS"
3,4,7911,715.0,"Restricted CPHF Ext 12( 2, 7) WCS"
3,4,8064,718.0,"Restricted CPHF Ext 12( 2, 6) WCS"
3,4,8348,721.0,"Restricted CPHF Ext 12( 2, 5) WCS"
3,4,8892,724.0,"Restricted CPHF Ext 12( 0,12) WCS"
3,4,8983,727.0,"Restricted CPHF Ext 12( 2, 3) WCS"
3,4,9301,730.0,"Restricted CPHF Ext 13( 6, 7) WCS"
3,4,9648,733.0,"Restricted CPHF Ext 12( 0, 9) WCS"
3,4,9895,736.0,"Restricted CPHF Ext 12( 0, 8) WCS"
3,4,10000,739.0,"Restricted CPHF Ext 12( 0, 7) WCS"
4,4,5,256.0,Derive from strength 5
4,4,6,340.0,simulated annealing (CKRS)
4,4,7,384.0,CPHF 3-stage (IM-TJ-AJ-AG)
4,4,8,416.0,CPHF 3-stage (IM-TJ-AJ-AG)
4,4,9,448.0,Derive from strength 5
4,4,12,496.0,CPHF 3-stage (IM-TJ-AJ-AG)
4,4,17,508.0,CPHF 3-stage (IM-TJ-AJ-AG)
4,4,18,703.0,CPHF 3-stage (IM-TJ-AJ-AG)
4,4,20,748.0,2-Restricted SCPHF RE (CL)
4,4,21,760.0,SCPHF Random Extension (CLS)
4,4,22,870.0,CPHF 3-stage (IM-TJ-AJ-AG)
4,4,23,890.0,CPHF 3-stage (IM-TJ-AJ-AG)
4,4,24,895.0,CPHF 3-stage (IM-TJ-AJ-AG)
4,4,27,943.0,CPHF 3-stage (IM-TJ-AJ-AG)
4,4,30,991.0,CPHF 3-stage (IM-TJ-AJ-AG)
4,4,31,1000.0,2-Restricted SCPHF RE (CL)
4,4,33,1012.0,CPHF 3-stage (IM-TJ-AJ-AG)
4,4,36,1129.0,CPHF 3-stage (IM-TJ-AJ-AG)
4,4,39,1170.0,CPHF 3-stage (IM-TJ-AJ-AG)
4,4,40,1198.0,CPHF 3-stage (IM-TJ-AJ-AG)
4,4,41,1225.0,CPHF 3-stage (IM-TJ-AJ-AG)
4,4,42,1240.0,"2,2-Restricted SCPHF RE (CL)"
4,4,43,1250.0,CPHF 3-stage (IM-TJ-AJ-AG)
4,4,50,1264.0,CPHF 3-stage (IM-TJ-AJ-AG)
4,4,51,1300.0,CPHF 3-stage (IM-TJ-AJ-AG)
4,4,52,1342.0,CPHF 3-stage (IM-TJ-AJ-AG)
4,4,53,1359.0,CPHF 3-stage (IM-TJ-AJ-AG)
4,4,54,1385.0,CPHF 3-stage (IM-TJ-AJ-AG)
4,4,55,1390.0,CPHF 3-stage (IM-TJ-AJ-AG)
4,4,58,1414.0,CPHF 3-stage (IM-TJ-AJ-AG)
4,4,59,1425.0,CPHF 3-stage (IM-TJ-AJ-AG)
4,4,60,1433.0,CPHF 3-stage (IM-TJ-AJ-AG)
4,4,61,1454.0,CPHF 3-stage (IM-TJ-AJ-AG)
4,4,62,1469.0,CPHF 3-stage (IM-TJ-AJ-AG)
4,4,64,1500.0,CPHF 3-stage (IM-TJ-AJ-AG)
4,4,66,1516.0,CPHF 3-stage (IM-TJ-AJ-AG)
4,4,76,1531.0,CPHF IPO 6 (WCS)
4,4,77,1602.0,CPHF 3-stage (IM-TJ-AJ-AG)
4,4,78,1608.0,CPHF 3-stage (IM-TJ-AJ-AG)
4,4,79,1612.0,CPHF 3-stage (IM-TJ-AJ-AG)
4,4,80,1620.0,CPHF 3-stage (IM-TJ-AJ-AG)
4,4,81,1625.0,CPHF 3-stage (IM-TJ-AJ-AG)
4,4,82,1636.0,CPHF 3-stage (IM-TJ-AJ-AG)
4,4,83,1644.0,CPHF 3-stage (IM-TJ-AJ-AG)
4,4,84,1654.0,CPHF 3-stage (IM-TJ-AJ-AG)
4,4,85,1658.0,CPHF 3-stage (IM-TJ-AJ-AG)
4,4,86,1671.0,CPHF 3-stage (IM-TJ-AJ-AG)
4,4,87,1681.0,CPHF 3-stage (IM-TJ-AJ-AG)
4,4,88,1692.0,CPHF 3-stage (IM-TJ-AJ-AG)
4,4,90,1712.0,CPHF 3-stage (IM-TJ-AJ-AG)
4,4,91,1720.0,CPHF 3-stage (IM-TJ-AJ-AG)
4,4,92,1729.0,CPHF 3-stage (IM-TJ-AJ-AG)
4,4,93,1735.0,CPHF 3-stage (IM-TJ-AJ-AG)
4,4,94,1747.0,CPHF 3-stage (IM-TJ-AJ-AG)
4,4,95,1760.0,CPHF 3-stage (IM-TJ-AJ-AG)
4,4,96,1769.0,CPHF 3-stage (IM-TJ-AJ-AG)
4,4,97,1780.0,CPHF 3-stage (IM-TJ-AJ-AG)
4,4,99,1782.0,CPHF 3-stage (IM-TJ-AJ-AG)
4,4,108,1786.0,CPHF IPO 7 (WCS)
4,4,117,1844.0,CPHF 3-stage (IM-TJ-AJ-AG)
4,4,462,1848.0,Cyclotomy (Colbourn)
4,4,558,2232.0,Cyclotomy (Colbourn)
4,4,614,2452.0,Cyclotomy (Colbourn)
4,4,654,2612.0,Cyclotomy (Colbourn)
4,4,678,2708.0,Cyclotomy (Colbourn)
4,4,702,2804.0,Cyclotomy (Colbourn)
4,4,734,2932.0,Cyclotomy (Colbourn)
4,4,758,3028.0,Cyclotomy (Colbourn)
4,4,774,3092.0,Cyclotomy (Colbourn)
4,4,798,3188.0,Cyclotomy (Colbourn)
4,4,966,3219.0,CPHF 3-stage (IM-TJ-AJ-AG)
4,4,1200,3404.0,CPHF 3-stage (IM-TJ-AJ-AG)
4,4,1376,3571.0,CPHF IPO 14 (WCS)
4,4,1656,3627.0,CPHF 3-stage (IM-TJ-AJ-AG)
4,4,1800,3629.0,CPHF 3-stage (IM-TJ-AJ-AG)
4,4,1928,3687.0,CPHF 3-stage (IM-TJ-AJ-AG)
4,4,2400,3714.0,CPHF 3-stage (IM-TJ-AJ-AG)
4,4,2607,3805.0,CPHF 3-stage (IM-TJ-AJ-AG)
4,4,3600,4019.0,CPHF 3-stage (IM-TJ-AJ-AG)
4,4,4800,4179.0,CPHF 3-stage (IM-TJ-AJ-AG)
4,4,5400,4225.0,CPHF 3-stage (IM-TJ-AJ-AG)
4,4,7200,4410.0,CPHF 3-stage (IM-TJ-AJ-AG)
4,4,8400,4877.0,CPHF 3-stage (IM-TJ-AJ-AG)
4,4,10000,5101.0,CPHF 3-stage (IM-TJ-AJ-AG)
5,4,6,1024.0,orthogonal array
5,4,7,1408.0,CPHF 3-stage (IM-TJ-AJ-AG)
5,4,8,1600.0,CPHF 3-stage (IM-TJ-AJ-AG)
5,4,10,1792.0,4-Restricted SCPHF RE (CL)
5,4,11,1984.0,3-Restricted SCPHF RE (CL)
5,4,12,2047.0,CPHF 3-stage (IM-TJ-AJ-AG)
5,4,13,2807.0,CPHF 3-stage (IM-TJ-AJ-AG)
5,4,14,2812.0,4-Restricted SCPHF RE (CL)
5,4,15,3004.0,3-Restricted SCPHF RE (CL)
5,4,16,3429.0,CPHF 3-stage (IM-TJ-AJ-AG)
5,4,17,3580.0,"4,4-Restricted SCPHF RE (CL)"
5,4,18,3820.0,"4,2-restricted SCPHF RE (CL)"
5,4,19,3964.0,"3,3-Restricted SCPHF RE (CL)"
5,4,20,4060.0,"2,2-Restricted SCPHF RE (CL)"
5,4,21,4093.0,CPHF IPO 4 (WCS)
5,4,22,4597.0,CPHF 3-stage (IM-TJ-AJ-AG)
5,4,23,4600.0,"4,4-Restricted SCPHF RE (CL)"
5,4,24,4847.0,CPHF 3-stage (IM-TJ-AJ-AG)
5,4,25,5044.0,3-Restricted SCPHF RE (CL)
5,4,26,5092.0,2-Restricted SCPHF RE (CL)
5,4,28,5104.0,SCPHF Sim Annealing (TJ-IM)
5,4,29,5452.0,CPHF 3-stage (IM-TJ-AJ-AG)
5,4,30,5701.0,CPHF 3-stage (IM-TJ-AJ-AG)
5,4,31,5708.0,CPHF 3-stage (IM-TJ-AJ-AG)
5,4,32,5859.0,CPHF 3-stage (IM-TJ-AJ-AG)
5,4,33,5980.0,CPHF 3-stage (IM-TJ-AJ-AG)
5,4,34,6111.0,CPHF 3-stage (IM-TJ-AJ-AG)
5,4,38,6139.0,CPHF IPO 6 (WCS)
5,4,39,6747.0,CPHF 3-stage (IM-TJ-AJ-AG)
5,4,40,6865.0,CPHF 3-stage (IM-TJ-AJ-AG)
5,4,41,6892.0,4-Restricted SCPHF RE (CL)
5,4,42,7030.0,CPHF 3-stage (IM-TJ-AJ-AG)
5,4,50,7162.0,CPHF IPO 7 (WCS)
5,4,51,7531.0,CPHF 3-stage (IM-TJ-AJ-AG)
5,4,52,7598.0,CPHF 3-stage (IM-TJ-AJ-AG)
5,4,53,7615.0,CPHF 3-stage (IM-TJ-AJ-AG)
5,4,54,7641.0,CPHF 3-stage (IM-TJ-AJ-AG)
5,4,55,7676.0,CPHF 3-stage (IM-TJ-AJ-AG)
5,4,56,7718.0,CPHF 3-stage (IM-TJ-AJ-AG)
5,4,57,7799.0,CPHF 3-stage (IM-TJ-AJ-AG)
5,4,58,7870.0,CPHF 3-stage (IM-TJ-AJ-AG)
5,4,59,7881.0,CPHF 3-stage (IM-TJ-AJ-AG)
5,4,60,7932.0,CPHF 3-stage (IM-TJ-AJ-AG)
5,4,61,7977.0,CPHF 3-stage (IM-TJ-AJ-AG)
5,4,62,8017.0,CPHF 3-stage (IM-TJ-AJ-AG)
5,4,63,8094.0,CPHF 3-stage (IM-TJ-AJ-AG)
5,4,64,8176.0,CPHF 3-stage (IM-TJ-AJ-AG)
5,4,65,8237.0,CPHF 3-stage (IM-TJ-AJ-AG)
5,4,66,8300.0,CPHF 3-stage (IM-TJ-AJ-AG)
5,4,67,8411.0,CPHF 3-stage (IM-TJ-AJ-AG)
5,4,68,8434.0,CPHF 3-stage (IM-TJ-AJ-AG)
5,4,69,8450.0,CPHF 3-stage (IM-TJ-AJ-AG)
5,4,70,8481.0,CPHF 3-stage (IM-TJ-AJ-AG)
5,4,71,8504.0,CPHF 3-stage (IM-TJ-AJ-AG)
5,4,72,8528.0,CPHF 3-stage (IM-TJ-AJ-AG)
5,4,73,8580.0,CPHF 3-stage (IM-TJ-AJ-AG)
5,4,74,8615.0,CPHF 3-stage (IM-TJ-AJ-AG)
5,4,75,8637.0,CPHF 3-stage (IM-TJ-AJ-AG)
5,4,76,8675.0,CPHF 3-stage (IM-TJ-AJ-AG)
5,4,77,8712.0,CPHF 3-stage (IM-TJ-AJ-AG)
5,4,78,8736.0,CPHF 3-stage (IM-TJ-AJ-AG)
5,4,79,8810.0,CPHF 3-stage (IM-TJ-AJ-AG)
5,4,80,8831.0,CPHF 3-stage (IM-TJ-AJ-AG)
5,4,81,8869.0,CPHF 3-stage (IM-TJ-AJ-AG)
5,4,82,8929.0,CPHF 3-stage (IM-TJ-AJ-AG)
5,4,83,9070.0,CPHF 3-stage (IM-TJ-AJ-AG)
5,4,84,9208.0,CPHF 3-stage (IM-TJ-AJ-AG)
5,4,85,9254.0,CPHF 3-stage (IM-TJ-AJ-AG)
5,4,86,9495.0,CPHF 3-stage (IM-TJ-AJ-AG)
5,4,87,9550.0,CPHF 3-stage (IM-TJ-AJ-AG)
5,4,88,9618.0,CPHF 3-stage (IM-TJ-AJ-AG)
5,4,89,9670.0,CPHF 3-stage (IM-TJ-AJ-AG)
5,4,90,9735.0,CPHF 3-stage (IM-TJ-AJ-AG)
5,4,91,9755.0,CPHF 3-stage (IM-TJ-AJ-AG)
5,4,92,9790.0,CPHF 3-stage (IM-TJ-AJ-AG)
5,4,93,9811.0,CPHF 3-stage (IM-TJ-AJ-AG)
5,4,94,9854.0,CPHF 3-stage (IM-TJ-AJ-AG)
5,4,95,9873.0,CPHF 3-stage (IM-TJ-AJ-AG)
5,4,96,9926.0,CPHF 3-stage (IM-TJ-AJ-AG)
5,4,97,9958.0,CPHF 3-stage (IM-TJ-AJ-AG)
5,4,98,9976.0,CPHF 3-stage (IM-TJ-AJ-AG)
5,4,99,10008.0,CPHF 3-stage (IM-TJ-AJ-AG)
5,4,100,10050.0,CPHF 3-stage (IM-TJ-AJ-AG)
5,4,107,10231.0,CPHF IPO 10 (WCS)
5,4,125,10748.0,CPHF 3-stage (IM-TJ-AJ-AG)
5,4,143,11254.0,CPHF IPO 11 (WCS)
5,4,150,11268.0,CPHF 3-stage (IM-TJ-AJ-AG)
5,4,195,11774.0,CPHF 3-stage (IM-TJ-AJ-AG)
5,4,200,12305.0,CPHF 3-stage (IM-TJ-AJ-AG)
5,4,250,12963.0,CPHF 3-stage (IM-TJ-AJ-AG)
5,4,252,13300.0,CPHF IPO 13 (WCS)
5,4,300,13670.0,CPHF 3-stage (IM-TJ-AJ-AG)
5,4,350,13941.0,CPHF 3-stage (IM-TJ-AJ-AG)
5,4,400,14614.0,CPHF 3-stage (IM-TJ-AJ-AG)
5,4,500,15197.0,CPHF 3-stage (IM-TJ-AJ-AG)
5,4,600,15755.0,CPHF 3-stage (IM-TJ-AJ-AG)
5,4,1000,17410.0,CPHF 3-stage (IM-TJ-AJ-AG)
5,4,1500,18971.0,CPHF 3-stage (IM-TJ-AJ-AG)
5,4,2160,19841.0,CPHF 3-stage (IM-TJ-AJ-AG)
5,4,2161,26765.0,Add 1 factors
5,4,2162,29645.0,Add 2 factors
5,4,2163,30413.0,Add 3 factors
5,4,2164,31181.0,Add 4 factors
5,4,2165,34815.0,Add 5 factors
5,4,2166,40985.0,Add 4 factors
5,4,2167,41753.0,Add 4 factors
5,4,2168,42521.0,Add 4 factors
5,4,2366,45519.0,Martirosyan-Colbourn
5,4,2372,45534.0,Martirosyan-Colbourn
5,4,2374,45549.0,Martirosyan-Colbourn
5,4,2400,45564.0,Martirosyan-Colbourn
5,4,2410,46065.0,Martirosyan-Colbourn
5,4,2752,49140.0,Martirosyan-Colbourn
5,4,3000,49308.0,Martirosyan-Colbourn
5,4,3312,50178.0,Martirosyan-Colbourn
5,4,3600,50184.0,Martirosyan-Colbourn
5,4,3856,50358.0,Martirosyan-Colbourn
5,4,4320,50439.0,Martirosyan-Colbourn
5,4,4322,57363.0,Martirosyan-Colbourn
5,4,4324,60243.0,Martirosyan-Colbourn
5,4,4326,61011.0,Martirosyan-Colbourn
5,4,4328,61779.0,Martirosyan-Colbourn
5,4,4330,65413.0,Martirosyan-Colbourn
5,4,4332,71583.0,Martirosyan-Colbourn
5,4,4334,72351.0,Martirosyan-Colbourn
5,4,4336,73119.0,Martirosyan-Colbourn
5,4,4522,73761.0,Power CT19^3T5T2
5,4,4560,73802.0,Power CT19^3T4T3
5,4,4590,73809.0,Power CT19^3T4T2T1
5,4,4605,73905.0,Power CT19^3T4S3
5,4,4845,73953.0,Power CT19^3T4T2
5,4,4860,74049.0,Power CT19^3T4T1T1
5,4,5054,74145.0,Power CT19^3T5
5,4,5130,74193.0,Power CT19^3T4T1
5,4,6000,74319.0,"perfect hash family4,7776,1296T296"
5,4,6137,74913.0,Power CT19^3T2
5,4,6156,75009.0,Power CT19^3T1T1
5,4,6498,75153.0,Power CT19^3T1
5,4,6859,75297.0,Power CT19^3
5,4,7776,75880.0,"perfect hash family4,7776,1296"
5,4,7780,82446.0,Martirosyan-Colbourn
5,4,8640,82447.0,Martirosyan-Colbourn
5,4,8820,85827.0,Power CT23^3T3T2T2
5,4,9261,85860.0,Power CT23^3T2T2T2
5,4,9660,86334.0,Power CT23^3T3T2
5,4,9702,86364.0,Power CT23^3T2T2T1
5,4,10000,86367.0,Power CT23^3T2T2
6,4,7,4096.0,orthogonal array
6,4,8,5632.0,CPHF 3-stage (IM-TJ-AJ-AG)
6,4,9,7128.0,CPHF 3-stage (IM-TJ-AJ-AG)
6,4,11,7936.0,CPHF 3-stage (IM-TJ-AJ-AG)
6,4,12,8188.0,CPHF 3-stage (IM-TJ-AJ-AG)
6,4,13,12028.0,4-Restricted SCPHF RE (CL)
6,4,14,12223.0,CPHF 3-stage (IM-TJ-AJ-AG)
6,4,15,14527.0,CPHF 3-stage (IM-TJ-AJ-AG)
6,4,16,16120.0,4-Restricted SCPHF RE (CL)
6,4,17,16372.0,CPHF 3-stage (IM-TJ-AJ-AG)
6,4,18,16381.0,CPHF Sim Annealing (TJ-IM)
6,4,19,19568.0,CPHF 3-stage (IM-TJ-AJ-AG)
6,4,20,20404.0,3-Restricted SCPHF RE (CL)
6,4,21,20476.0,CPHF IPO 5 (WCS)
6,4,22,21512.0,CPHF 3-stage (IM-TJ-AJ-AG)
6,4,23,22548.0,CPHF 3-stage (IM-TJ-AJ-AG)
6,4,24,23499.0,CPHF 3-stage (IM-TJ-AJ-AG)
6,4,25,24305.0,CPHF 3-stage (IM-TJ-AJ-AG)
6,4,26,24571.0,CPHF IPO 6 (WCS)
6,4,30,27241.0,CPHF 3-stage (IM-TJ-AJ-AG)
6,4,33,28666.0,CPHF IPO 7 (WCS)
6,4,35,30054.0,CPHF 3-stage (IM-TJ-AJ-AG)
6,4,40,32407.0,CPHF 3-stage (IM-TJ-AJ-AG)
6,4,45,35245.0,CPHF 3-stage (IM-TJ-AJ-AG)
6,4,50,36856.0,CPHF IPO 9 (WCS)
6,4,55,38751.0,CPHF 3-stage (IM-TJ-AJ-AG)
6,4,60,39782.0,CPHF 3-stage (IM-TJ-AJ-AG)
6,4,61,40951.0,CPHF IPO 10 (WCS)
6,4,65,41988.0,CPHF 3-stage (IM-TJ-AJ-AG)
6,4,70,43113.0,CPHF 3-stage (IM-TJ-AJ-AG)
6,4,75,43981.0,CPHF 3-stage (IM-TJ-AJ-AG)
6,4,77,45046.0,CPHF IPO 11 (WCS)
6,4,80,45345.0,CPHF 3-stage (IM-TJ-AJ-AG)
6,4,85,46260.0,CPHF 3-stage (IM-TJ-AJ-AG)
6,4,90,46814.0,CPHF 3-stage (IM-TJ-AJ-AG)
6,4,100,49521.0,CPHF 3-stage (IM-TJ-AJ-AG)
6,4,107,53236.0,CPHF IPO 13 (WCS)
6,4,150,55432.0,CPHF 3-stage (IM-TJ-AJ-AG)
6,4,210,60720.0,CPHF 3-stage (IM-TJ-AJ-AG)
6,4,224,61942.0,CPHF 3-stage (IM-TJ-AJ-AG)
6,4,225,84118.0,Add 1 factors
6,4,250,90294.0,CPHF 3-stage (IM-TJ-AJ-AG)
6,4,300,92609.0,CPHF 3-stage (IM-TJ-AJ-AG)
6,4,301,114785.0,Add 1 factors
6,4,302,132833.0,Add 2 factors
6,4,303,142049.0,Add 3 factors
6,4,304,145121.0,Add 4 factors
6,4,305,167297.0,Add 4 factors
6,4,306,184798.0,Add 6 factors
6,4,307,194561.0,Add 4 factors
6,4,308,197633.0,Add 4 factors
6,4,309,219809.0,Add 4 factors
6,4,320,234359.0,Restricted CPHF Sim Annealing (TJ-IM) fuse
6,4,332,242876.0,"perfect hash family4,332,210"
6,4,339,246542.0,"perfect hash family4,353,224T14"
6,4,353,247764.0,"perfect hash family4,353,224"
6,4,410,249983.0,Restricted CPHF Sim Annealing (TJ-IM) fuse
6,4,550,265607.0,Restricted CPHF Sim Annealing (TJ-IM) fuse
6,4,640,281231.0,Restricted CPHF Sim Annealing (TJ-IM) fuse
6,4,720,296855.0,Restricted CPHF Sim Annealing (TJ-IM) fuse
6,4,721,332039.0,Add 1 factors
6,4,722,354119.0,Add 2 factors
6,4,723,364487.0,Add 3 factors
6,4,724,367559.0,Add 4 factors
6,4,725,378424.0,Power CT29^2T4
6,4,754,378690.0,Power CT29^2T3
6,4,842,381360.0,Power CT29^2+1
6,4,843,395610.0,Power CT31^2Arc(4)
6,4,871,397035.0,Power CT31^2Arc(3)
6,4,900,398460.0,Power CT31^2T1T1
6,4,960,399885.0,Power CT32^2T2
6,4,1025,401310.0,Power CT32^2+1
6,4,1027,420742.0,Power CT32^2+3
6,4,1039,441919.0,"Power CT37^2Arc(10):5 twos,0 ones"
6,4,1097,444272.0,"Power CT37^2Arc(8):4 twos,0 ones"
6,4,1159,446625.0,"Power CT37^2Arc(6):3 twos,0 ones"
6,4,1225,448978.0,Power CT37^2T2T2
6,4,1295,451331.0,Power CT37^2T2
6,4,1372,453684.0,Power CT37^2+3
6,4,1381,470712.0,Power CT41^2Arc(8)
6,4,1415,473550.0,Power CT41^2Arc(7)
6,4,1450,476388.0,Power CT41^2Arc(6)
6,4,1486,479226.0,Power CT41^2Arc(5)
6,4,1523,482064.0,Power CT41^2Arc(4)
6,4,1561,484902.0,Power CT41^2Arc(3)
6,4,1600,487740.0,Power CT41^2T1T1
6,4,1720,490578.0,Power CT43^2T3
6,4,1851,493416.0,Power CT43^2+2
6,4,1857,509526.0,"Power CT47^2Arc(8):4 twos,0 ones"
6,4,1939,511137.0,"Power CT47^2Arc(6):3 twos,0 ones"
6,4,1960,511521.0,Power CT49^2T9
6,4,2025,512748.0,Power CT47^2T2T2
6,4,2205,514359.0,Power CT49^2T4
6,4,2402,515970.0,Power CT49^2+1
6,4,2500,538710.0,Power CT53^2T3T3
6,4,2650,540605.0,Power CT53^2T3
6,4,2811,542500.0,Power CT53^2+2
6,4,2964,549432.0,"Power N-CT67^2Trin7,7,12"
6,4,3229,550463.0,"Power N-CT67^2Trin7,7,7"
6,4,3282,551632.0,"Power N-CT67^2Trin6,7,7"
6,4,3494,552669.0,"Power N-CT67^2Trin2,7,7"
6,4,3600,553794.0,Power N-CT67^2T7T7
6,4,3784,554875.0,"Power N-CT67^2Trin2,2,7"
6,4,3900,556000.0,Power N-CT67^2T7T2
6,4,4099,557081.0,"Power N-CT67^2Trin2,2,2"
6,4,4225,558206.0,Power N-CT67^2T2T2
6,4,4355,559331.0,Power N-CT67^2T2
6,4,4492,560456.0,Power N-CT67^2+3
6,4,4501,564796.0,Power N-CT71^2Arc(8)
6,4,4565,565664.0,Power N-CT71^2Arc(7)
6,4,4630,566532.0,Power N-CT71^2Arc(6)
6,4,4696,567400.0,Power N-CT71^2Arc(5)
6,4,4763,568268.0,Power N-CT71^2Arc(4)
6,4,4831,569136.0,Power N-CT71^2Arc(3)
6,4,4900,570004.0,Power N-CT71^2T1T1
6,4,5110,570872.0,Power N-CT73^2T3
6,4,5331,571740.0,Power N-CT73^2+2
6,4,5341,585380.0,"Power N-CT79^2Trin4,4,4"
6,4,5483,586445.0,"Power N-CT79^2Trin2,4,4"
6,4,5625,586744.0,Power N-CT79^2T4T4
6,4,5629,587510.0,"Power N-CT79^2Trin2,2,4"
6,4,5775,587809.0,Power N-CT79^2T4T2
6,4,5925,588108.0,Power N-CT79^2T4
6,4,5929,588874.0,Power N-CT79^2T2T2
6,4,6083,589173.0,Power N-CT79^2T2
6,4,6242,589472.0,Power N-CT79^2+1
6,4,6400,599537.0,Power N-CT83^2T3T3
6,4,6640,600452.0,Power N-CT83^2T3
6,4,6891,601367.0,Power N-CT83^2+2
6,4,6901,606907.0,"Power N-CT89^2Trin4,4,4"
6,4,7120,607100.0,Power N-CT89^2T9
6,4,7225,607461.0,Power N-CT89^2T4T4
6,4,7565,608015.0,Power N-CT89^2T4
6,4,7922,608569.0,Power N-CT89^2+1
6,4,7998,637338.0,Power N-CT101^2Arc(13)T11
6,4,8100,638346.0,Power N-CT97^2T7T7
6,4,8790,640045.0,Power N-CT101^2Arc(13)T2
6,4,9412,643760.0,Power N-CT97^2+3
6,4,9421,662335.0,Power N-CT101^2Arc(8)
6,4,9515,666050.0,Power N-CT101^2Arc(7)
6,4,9610,669765.0,Power N-CT101^2Arc(6)
6,4,9706,673480.0,Power N-CT101^2Arc(5)
6,4,9803,677195.0,Power N-CT101^2Arc(4)
6,4,9854,679410.0,Power CT27^3S21
6,4,9901,680910.0,Power N-CT101^2Arc(3)
6,4,10000,682080.0,Power CT27^3S20
2,5,6,25.0,orthogonal array
2,5,7,29.0,Fix 1 symbols (Meagher-Stevens)
2,5,8,33.0,Fix 1 symbols (Meagher-Stevens)
2,5,9,35.0,simulated annealing (Cohen)
2,5,10,36.0,tabu search (Rouse-Lamarre)
2,5,11,37.0,simulated annealing (Torres-Jimenez)
2,5,13,38.0,simulated annealing (Torres-Jimenez)
2,5,14,39.0,simulated annealing (Torres-Jimenez)
2,5,21,40.0,"cover starter (Colbourn,Torres-Jimenez)"
2,5,35,45.0,PCAx2PCA
2,5,36,46.0,simulated annealing (Torres-Jimenez)
2,5,38,48.0,simulated annealing (Torres-Jimenez)
2,5,43,49.0,simulated annealing (Torres-Jimenez)
2,5,45,50.0,simulated annealing (Torres-Jimenez)
2,5,47,51.0,simulated annealing (Torres-Jimenez)
2,5,52,53.0,simulated annealing (Torres-Jimenez)
2,5,54,54.0,simulated annealing (Torres-Jimenez)
2,5,55,55.0,simulated annealing (Torres-Jimenez)
2,5,61,56.0,simulated annealing (Torres-Jimenez)
2,5,69,57.0,simulated annealing (Torres-Jimenez)
2,5,77,58.0,PCAxPCA postop TJ-SA
2,5,83,59.0,PCAx2PCA
2,5,125,60.0,PCAx2PCA
2,5,126,62.0,PCAx2PCA
2,5,146,64.0,PCAxPCA
2,5,220,65.0,simulated annealing (Torres-Jimenez)
2,5,224,68.0,PCAxPCA postop TJ-SA
2,5,252,69.0,PCAx2PCA
2,5,262,70.0,PCAx2PCA
2,5,273,71.0,PCAx2PCA
2,5,301,73.0,PCAx2PCA
2,5,312,74.0,PCAx2PCA
2,5,440,75.0,PCAxPCA
2,5,441,77.0,Direct product
2,5,451,78.0,PCAx2PCA
2,5,485,79.0,PCAx2PCA
2,5,730,80.0,PCAx2PCA
2,5,750,81.0,PCAxPCA
2,5,794,83.0,PCAxPCA
2,5,897,84.0,PCAxPCA
2,5,1289,85.0,PCAx2PCA
2,5,1292,87.0,PCAx2PCA
2,5,1324,88.0,PCAx2PCA
2,5,1509,89.0,PCAx2PCA
2,5,1535,90.0,PCAx2PCA
2,5,1600,91.0,PCAx2PCA
2,5,1638,92.0,PCAxPCA
2,5,1813,93.0,PCAxPCA
2,5,1887,94.0,PCAxPCA
2,5,2605,95.0,PCAxPCA
2,5,2625,97.0,Direct product
2,5,2829,98.0,PCAxPCA
2,5,3049,99.0,PCAxPCA
2,5,4589,100.0,PCAxPCA
2,5,4620,102.0,Direct product
2,5,4684,103.0,PCAxPCA
2,5,5255,104.0,PCAxPCA
2,5,7545,105.0,PCAx2PCA
2,5,7734,106.0,PCAxPCA
2,5,8236,108.0,PCAxPCA
2,5,9274,109.0,PCAxPCA
2,5,9652,110.0,PCAxPCA
2,5,10061,111.0,PCAxPCA
2,5,11099,113.0,PCAxPCA
2,5,11508,114.0,PCAxPCA
2,5,15225,115.0,PCAxPCA
2,5,15600,116.0,PCAxPCA
2,5,16599,118.0,PCAxPCA
2,5,18680,119.0,PCAxPCA
2,5,20000,120.0,Direct product
3,5,6,125.0,orthogonal array
3,5,7,170.0,Torres Jimenez
3,5,10,185.0,Chateauneuf-Kreher NRB
3,5,12,225.0,Chateauneuf-Kreher doubling
3,5,24,245.0,SCPHF (Sherwood-Martirosyan-Colbourn)
3,5,31,249.0,Raaphorst-Moura-Stevens
3,5,36,349.0,Restricted CPHF Sim Annealing (TJ-IM)
3,5,52,365.0,SCPHF Sim Annealing (TJ-IM)
3,5,55,373.0,Restricted CPHF Sim Annealing (TJ-IM)
3,5,82,404.0,Torres Jimenez
3,5,96,465.0,Restricted CPHF Sim Annealing (TJ-IM)
3,5,99,469.0,Restricted CPHF Sim Annealing (TJ-IM)
3,5,104,473.0,Restricted CPHF Sim Annealing (TJ-IM)
3,5,118,485.0,Restricted CPHF Sim Annealing (TJ-IM)
3,5,128,497.0,Restricted CPHF Sim Annealing (TJ-IM)
3,5,155,529.0,Colbourn-Martirosyan-TVT-Walker
3,5,156,544.0,Cohen-Colbourn-Ling
3,5,170,565.0,Path-Restricted SCPHF RE (CLS)
3,5,175,569.0,Restricted CPHF Sim Annealing (TJ-IM)
3,5,187,573.0,Restricted CPHF Sim Annealing (TJ-IM)
3,5,193,585.0,Restricted CPHF Sim Annealing (TJ-IM)
3,5,197,593.0,"Restricted CPHF Ext  5( 1, 3) WCS"
3,5,236,597.0,Restricted CPHF Sim Annealing (TJ-IM)
3,5,240,605.0,Restricted CPHF Sim Annealing (TJ-IM)
3,5,241,613.0,"Restricted CPHF Ext  5( 0, 3) WCS"
3,5,246,617.0,"Restricted CPHF Ext  5( 0, 2) WCS"
3,5,298,621.0,Restricted CPHF Sim Annealing (TJ-IM)
3,5,310,665.0,"Restricted CPHF Ext  6( 3, 6) WCS"
3,5,322,669.0,"Restricted CPHF Ext  6( 3, 5) WCS"
3,5,351,673.0,Restricted CPHF Sim Annealing (TJ-IM)
3,5,362,685.0,"Restricted CPHF Ext  6( 2, 6) WCS"
3,5,373,689.0,"Restricted CPHF Ext  6( 2, 5) WCS"
3,5,382,693.0,"Restricted CPHF Ext  6( 2, 4) WCS"
3,5,386,697.0,"Restricted CPHF Ext  6( 2, 3) WCS"
3,5,408,705.0,"Restricted CPHF Ext  6( 1, 6) WCS"
3,5,424,709.0,"Restricted CPHF Ext  6( 1, 5) WCS"
3,5,429,713.0,"Restricted CPHF Ext  6( 1, 4) WCS"
3,5,439,717.0,"Restricted CPHF Ext  6( 1, 3) WCS"
3,5,500,721.0,Restricted CPHF Sim Annealing (TJ-IM)
3,5,505,725.0,"Restricted CPHF Ext  6( 0, 6) WCS"
3,5,519,729.0,"Restricted CPHF Ext  6( 0, 5) WCS"
3,5,530,733.0,"Restricted CPHF Ext  6( 0, 4) WCS"
3,5,548,737.0,"Restricted CPHF Ext  6( 0, 3) WCS"
3,5,557,741.0,"Restricted CPHF Ext  6( 0, 2) WCS"
3,5,618,745.0,Restricted CPHF Sim Annealing (TJ-IM)
3,5,619,773.0,"Restricted CPHF Ext  7( 4, 5) WCS"
3,5,676,785.0,"Restricted CPHF Ext  7( 3, 7) WCS"
3,5,697,789.0,"Restricted CPHF Ext  7( 3, 6) WCS"
3,5,715,793.0,"Restricted CPHF Ext  7( 3, 5) WCS"
3,5,729,797.0,"Restricted CPHF Ext  7( 3, 4) WCS"
3,5,785,805.0,"Restricted CPHF Ext  7( 2, 7) WCS"
3,5,806,809.0,"Restricted CPHF Ext  7( 2, 6) WCS"
3,5,825,813.0,"Restricted CPHF Ext  7( 2, 5) WCS"
3,5,845,817.0,"Restricted CPHF Ext  7( 2, 4) WCS"
3,5,863,821.0,"Restricted CPHF Ext  7( 2, 3) WCS"
3,5,891,825.0,"Restricted CPHF Ext  7( 1, 7) WCS"
3,5,905,829.0,"Restricted CPHF Ext  7( 1, 6) WCS"
3,5,941,833.0,"Restricted CPHF Ext  7( 1, 5) WCS"
3,5,961,837.0,"Restricted CPHF Ext  7( 1, 4) WCS"
3,5,979,841.0,"Restricted CPHF Ext  7( 1, 3) WCS"
3,5,1083,845.0,"Restricted CPHF Ext  7( 0, 7) WCS"
3,5,1111,849.0,"Restricted CPHF Ext  7( 0, 6) WCS"
3,5,1129,853.0,"Restricted CPHF Ext  7( 0, 5) WCS"
3,5,1164,857.0,"Restricted CPHF Ext  7( 0, 4) WCS"
3,5,1181,861.0,"Restricted CPHF Ext  7( 0, 3) WCS"
3,5,1212,865.0,"Restricted CPHF Ext  7( 0, 2) WCS"
3,5,1291,869.0,"Restricted CPHF Ext  7( 0, 0) WCS"
3,5,1309,893.0,"Restricted CPHF Ext  8( 4, 6) WCS"
3,5,1340,897.0,"Restricted CPHF Ext  8( 4, 5) WCS"
3,5,1419,905.0,"Restricted CPHF Ext  8( 3, 8) WCS"
3,5,1469,909.0,"Restricted CPHF Ext  8( 3, 7) WCS"
3,5,1509,913.0,"Restricted CPHF Ext  8( 3, 6) WCS"
3,5,1541,917.0,"Restricted CPHF Ext  8( 3, 5) WCS"
3,5,1570,921.0,"Restricted CPHF Ext  8( 3, 4) WCS"
3,5,1609,925.0,"Restricted CPHF Ext  8( 2, 8) WCS"
3,5,1689,929.0,"Restricted CPHF Ext  8( 2, 7) WCS"
3,5,1719,933.0,"Restricted CPHF Ext  8( 2, 6) WCS"
3,5,1767,937.0,"Restricted CPHF Ext  8( 2, 5) WCS"
3,5,1806,941.0,"Restricted CPHF Ext  8( 2, 4) WCS"
3,5,1873,945.0,"Restricted CPHF Ext  8( 2, 3) WCS"
3,5,1884,949.0,"Restricted CPHF Ext  8( 1, 7) WCS"
3,5,1923,953.0,"Restricted CPHF Ext  8( 1, 6) WCS"
3,5,1975,957.0,"Restricted CPHF Ext  8( 1, 5) WCS"
3,5,2043,961.0,"Restricted CPHF Ext  8( 1, 4) WCS"
3,5,2290,965.0,"Restricted CPHF Ext  8( 0, 8) WCS"
3,5,2317,969.0,"Restricted CPHF Ext  8( 0, 7) WCS"
3,5,2352,973.0,"Restricted CPHF Ext  8( 0, 6) WCS"
3,5,2407,977.0,"Restricted CPHF Ext  8( 0, 5) WCS"
3,5,2461,981.0,"Restricted CPHF Ext  8( 0, 4) WCS"
3,5,2556,985.0,"Restricted CPHF Ext  8( 0, 3) WCS"
3,5,2586,989.0,"Restricted CPHF Ext  8( 0, 2) WCS"
3,5,2702,993.0,CPHF IPO 8 (WCS)
3,5,2722,1017.0,"Restricted CPHF Ext  9( 4, 6) WCS"
3,5,2772,1021.0,"Restricted CPHF Ext  9( 4, 5) WCS"
3,5,2790,1025.0,"Restricted CPHF Ext  9( 3, 9) WCS"
3,5,2896,1029.0,"Restricted CPHF Ext  9( 3, 8) WCS"
3,5,3113,1033.0,"Restricted CPHF Ext  9( 3, 7) WCS"
3,5,3171,1037.0,"Restricted CPHF Ext  9( 3, 6) WCS"
3,5,3217,1041.0,"Restricted CPHF Ext  9( 3, 5) WCS"
3,5,3243,1045.0,"Restricted CPHF Ext  9( 3, 4) WCS"
3,5,3305,1049.0,"Restricted CPHF Ext  9( 2, 8) WCS"
3,5,3535,1053.0,"Restricted CPHF Ext  9( 2, 7) WCS"
3,5,3629,1057.0,"Restricted CPHF Ext  9( 2, 6) WCS"
3,5,3660,1061.0,"Restricted CPHF Ext  9( 2, 5) WCS"
3,5,3738,1065.0,"Restricted CPHF Ext  9( 1, 9) WCS"
3,5,3784,1069.0,"Restricted CPHF Ext  9( 1, 8) WCS"
3,5,3831,1073.0,"Restricted CPHF Ext  9( 1, 7) WCS"
3,5,4041,1077.0,"Restricted CPHF Ext  9( 1, 6) WCS"
3,5,4102,1081.0,"Restricted CPHF Ext  9( 1, 5) WCS"
3,5,4571,1085.0,"Restricted CPHF Ext  9( 0, 9) WCS"
3,5,4644,1089.0,"Restricted CPHF Ext  9( 0, 8) WCS"
3,5,4746,1093.0,"Restricted CPHF Ext  9( 0, 7) WCS"
3,5,4760,1097.0,"Restricted CPHF Ext  9( 0, 6) WCS"
3,5,4817,1101.0,"Restricted CPHF Ext  9( 0, 5) WCS"
3,5,4878,1105.0,"Restricted CPHF Ext  9( 0, 4) WCS"
3,5,5015,1109.0,"Restricted CPHF Ext  9( 0, 3) WCS"
3,5,5147,1113.0,"Restricted CPHF Ext  9( 0, 2) WCS"
3,5,5683,1117.0,CPHF IPO 9 (WCS)
3,5,5685,1149.0,"Restricted CPHF Ext 10( 3, 9) WCS"
3,5,5836,1153.0,"Restricted CPHF Ext 10( 3, 8) WCS"
3,5,6001,1157.0,"Restricted CPHF Ext 10( 3, 7) WCS"
3,5,6129,1161.0,"Restricted CPHF Ext 10( 3, 6) WCS"
3,5,6326,1165.0,"Restricted CPHF Ext 10( 3, 5) WCS"
3,5,6503,1169.0,"Restricted CPHF Ext 10( 2, 9) WCS"
3,5,6693,1173.0,"Restricted CPHF Ext 10( 2, 8) WCS"
3,5,6887,1177.0,"Restricted CPHF Ext 10( 2, 7) WCS"
3,5,7084,1181.0,"Restricted CPHF Ext 10( 2, 6) WCS"
3,5,7276,1185.0,"Restricted CPHF Ext 10( 2, 5) WCS"
3,5,7470,1189.0,"Restricted CPHF Ext 10( 2, 4) WCS"
3,5,7574,1193.0,"Restricted CPHF Ext 10( 2, 3) WCS"
3,5,7709,1197.0,"Restricted CPHF Ext 10( 1, 7) WCS"
3,5,7941,1201.0,"Restricted CPHF Ext 10( 1, 6) WCS"
3,5,8979,1205.0,"Restricted CPHF Ext 10( 0,10) WCS"
3,5,9007,1209.0,"Restricted CPHF Ext 10( 0, 9) WCS"
3,5,9180,1213.0,"Restricted CPHF Ext 10( 0, 8) WCS"
3,5,9395,1217.0,"Restricted CPHF Ext 10( 0, 7) WCS"
3,5,9517,1221.0,"Restricted CPHF Ext 10( 0, 6) WCS"
3,5,9727,1225.0,"Restricted CPHF Ext 10( 0, 5) WCS"
3,5,10000,1229.0,"Restricted CPHF Ext 10( 0, 4) WCS"
4,5,6,625.0,orthogonal array
4,5,7,910.0,cross-sum (CKRS)
4,5,11,1125.0,Derive from strength 5
4,5,14,1225.0,2-Restricted SCPHF RE (CL)
4,5,16,1245.0,Restricted CPHF Sim Annealing (TJ-IM)
4,5,20,1249.0,Restricted CPHF Sim Annealing (TJ-IM)
4,5,22,1745.0,Restricted CPHF Sim Annealing (TJ-IM)
4,5,25,1845.0,Restricted CPHF Sim Annealing (TJ-IM)
4,5,27,1865.0,Restricted CPHF Sim Annealing (TJ-IM)
4,5,31,2245.0,Restricted CPHF Sim Annealing (TJ-IM)
4,5,33,2345.0,"3,2-Restricted SCPHF RE (CL)"
4,5,36,2365.0,Restricted CPHF Sim Annealing (TJ-IM)
4,5,41,2465.0,Restricted CPHF Sim Annealing (TJ-IM)
4,5,45,2485.0,Restricted CPHF Sim Annealing (TJ-IM)
4,5,49,2865.0,Restricted CPHF Sim Annealing (TJ-IM)
4,5,52,2965.0,"3,2-Restricted SCPHF RE (CL)"
4,5,58,2985.0,Restricted CPHF Sim Annealing (TJ-IM)
4,5,62,3085.0,Restricted CPHF Sim Annealing (TJ-IM)
4,5,74,3105.0,Restricted CPHF Sim Annealing (TJ-IM)
4,5,77,3485.0,Restricted CPHF Sim Annealing (TJ-IM)
4,5,79,3585.0,"3,2-Restricted SCPHF RE (CL)"
4,5,88,3605.0,Restricted CPHF Sim Annealing (TJ-IM)
4,5,97,3705.0,Restricted CPHF Sim Annealing (TJ-IM)
4,5,110,3725.0,Restricted CPHF Sim Annealing (TJ-IM)
4,5,120,3745.0,Restricted CPHF Sim Annealing (TJ-IM)
4,5,123,4105.0,Restricted CPHF Sim Annealing (TJ-IM)
4,5,139,4225.0,Restricted CPHF Sim Annealing (TJ-IM)
4,5,146,4325.0,Restricted CPHF Sim Annealing (TJ-IM)
4,5,164,4345.0,Restricted CPHF Sim Annealing (TJ-IM)
4,5,184,4369.0,CPHF IPO 7 (WCS)
4,5,197,4725.0,Restricted CPHF Sim Annealing (TJ-IM)
4,5,208,4845.0,Restricted CPHF Sim Annealing (TJ-IM)
4,5,236,4945.0,Restricted CPHF Sim Annealing (TJ-IM)
4,5,246,4965.0,Restricted CPHF Sim Annealing (TJ-IM)
4,5,284,4993.0,Restricted CPHF Sim Annealing (TJ-IM)
4,5,309,5345.0,Restricted CPHF Sim Annealing (TJ-IM)
4,5,457,5617.0,Restricted CPHF Sim Annealing (TJ-IM)
4,5,458,6185.0,2-Restricted SCPHF RE (CL)
4,5,464,6205.0,SCPHF Random Extension (CLS)
4,5,690,6241.0,Restricted CPHF Sim Annealing (TJ-IM)
4,5,702,6825.0,SCPHF Random Extension (CLS)
4,5,1064,6865.0,Restricted CPHF Sim Annealing (TJ-IM)
4,5,1600,7489.0,Restricted CPHF Sim Annealing (TJ-IM)
4,5,2550,8113.0,CPHF IPO 13 (WCS)
4,5,3886,8737.0,CPHF IPO 14 (WCS)
4,5,5000,9361.0,Restricted CPHF Sim Annealing (TJ-IM)
4,5,8958,9985.0,Restricted CPHF Sim Annealing (TJ-IM)
4,5,10000,10609.0,Restricted CPHF Sim Annealing (TJ-IM)
5,5,6,3125.0,orthogonal array
5,5,7,4375.0,Ji-Li-Yin
5,5,8,5000.0,Xu-Ji-Dong
5,5,12,5625.0,4-Restricted SCPHF RE (CL)
5,5,13,6245.0,SCPHF Sim Annealing (TJ-IM)
5,5,16,8745.0,4-Restricted SCPHF RE (CL)
5,5,17,9245.0,Restricted CPHF Sim Annealing (TJ-IM)
5,5,19,9365.0,Restricted CPHF Sim Annealing (TJ-IM)
5,5,21,11245.0,"4,4-Restricted SCPHF RE (CL)"
5,5,22,11745.0,Restricted CPHF Sim Annealing (TJ-IM)
5,5,23,11845.0,Restricted CPHF Sim Annealing (TJ-IM)
5,5,25,11865.0,Restricted CPHF Sim Annealing (TJ-IM)
5,5,27,12485.0,Restricted CPHF Sim Annealing (TJ-IM)
5,5,31,14365.0,Restricted CPHF Sim Annealing (TJ-IM)
5,5,32,14985.0,Restricted CPHF Sim Annealing (TJ-IM)
5,5,34,15485.0,Restricted CPHF Sim Annealing (TJ-IM)
5,5,35,15585.0,Restricted CPHF Sim Annealing (TJ-IM)
5,5,39,15605.0,Restricted CPHF Sim Annealing (TJ-IM)
5,5,40,17985.0,"4,3-restricted SCPHF RE (CL)"
5,5,43,18105.0,Restricted CPHF Sim Annealing (TJ-IM)
5,5,44,18605.0,Restricted CPHF Sim Annealing (TJ-IM)
5,5,52,18725.0,Restricted CPHF Sim Annealing (TJ-IM)
5,5,58,21225.0,Restricted CPHF Sim Annealing (TJ-IM)
5,5,60,21785.0,Restricted CPHF Sim Annealing (TJ-IM)
5,5,77,21845.0,Restricted CPHF Sim Annealing (TJ-IM)
5,5,83,23725.0,Restricted CPHF Sim Annealing (TJ-IM)
5,5,85,24885.0,Restricted CPHF Sim Annealing (TJ-IM)
5,5,102,24965.0,Restricted CPHF Sim Annealing (TJ-IM)
5,5,111,27465.0,Restricted CPHF Sim Annealing (TJ-IM)
5,5,143,28085.0,Restricted CPHF Sim Annealing (TJ-IM)
5,5,200,31205.0,Restricted CPHF Sim Annealing (TJ-IM)
5,5,270,34365.0,Restricted CPHF Sim Annealing (TJ-IM)
5,5,350,37489.0,Restricted CPHF Sim Annealing (TJ-IM)
5,5,359,40325.0,"3,3-Restricted SCPHF RE (CL)"
5,5,364,40525.0,"2,2-Restricted SCPHF RE (CL)"
5,5,500,40613.0,Restricted CPHF Sim Annealing (TJ-IM)
5,5,700,43737.0,Restricted CPHF Sim Annealing (TJ-IM)
5,5,914,46861.0,Restricted CPHF Sim Annealing (TJ-IM)
5,5,1377,49985.0,Restricted CPHF Sim Annealing (TJ-IM)
5,5,1800,53109.0,Restricted CPHF Sim Annealing (TJ-IM)
5,5,2400,56233.0,Restricted CPHF Sim Annealing (TJ-IM)
5,5,2401,75773.0,Add 1 factors
5,5,2402,85273.0,Add 2 factors
5,5,2403,87773.0,Add 3 factors
5,5,2405,90273.0,Add 5 factors
5,5,2406,109813.0,Add 5 factors
5,5,2407,119313.0,Add 5 factors
5,5,2408,121813.0,Add 5 factors
5,5,2410,124313.0,Add 5 factors
5,5,2412,140566.0,Martirosyan-Colbourn
5,5,2604,140590.0,Martirosyan-Colbourn
5,5,2754,141166.0,Martirosyan-Colbourn
5,5,3200,144290.0,Martirosyan-Colbourn
5,5,3262,146786.0,Martirosyan-Colbourn
5,5,3284,146810.0,Martirosyan-Colbourn
5,5,3600,147386.0,Martirosyan-Colbourn
5,5,4206,150510.0,Martirosyan-Colbourn
5,5,4210,150534.0,Martirosyan-Colbourn
5,5,4214,150558.0,Martirosyan-Colbourn
5,5,4800,151110.0,Martirosyan-Colbourn
5,5,4802,170650.0,Martirosyan-Colbourn
5,5,4804,180150.0,Martirosyan-Colbourn
5,5,4806,182650.0,Martirosyan-Colbourn
5,5,4810,185150.0,Martirosyan-Colbourn
5,5,5333,196596.0,"perfect hash family9,5333,77"
5,5,5484,196812.0,"perfect hash family4,7776,1296T382"
5,5,7776,199936.0,"perfect hash family4,7776,1296"
5,5,7777,221556.0,Power N-CT101^2T24
5,5,8383,223436.0,Power N-CT101^2T18
5,5,8585,224596.0,Power N-CT101^2T16
5,5,10000,224676.0,Power N-CT101^2
6,5,7,15625.0,orthogonal array
6,5,8,25000.0,Xu-Ji-Dong
6,5,11,28125.0,Restricted CPHF Sim Annealing (TJ-IM)
6,5,12,30625.0,Restricted CPHF Sim Annealing (TJ-IM)
6,5,15,43745.0,Restricted CPHF Sim Annealing (TJ-IM)
6,5,16,46865.0,Restricted CPHF Sim Annealing (TJ-IM)
6,5,17,56245.0,Restricted CPHF Sim Annealing (TJ-IM)
6,5,20,59365.0,Restricted CPHF Sim Annealing (TJ-IM)
6,5,21,62465.0,Restricted CPHF Sim Annealing (TJ-IM)
6,5,24,71865.0,Restricted CPHF Sim Annealing (TJ-IM)
6,5,26,74985.0,Restricted CPHF Sim Annealing (TJ-IM)
6,5,27,78105.0,Restricted CPHF Sim Annealing (TJ-IM)
6,5,32,87485.0,Restricted CPHF Sim Annealing (TJ-IM)
6,5,33,90605.0,Restricted CPHF Sim Annealing (TJ-IM)
6,5,35,93725.0,Restricted CPHF Sim Annealing (TJ-IM)
6,5,40,103105.0,Restricted CPHF Sim Annealing (TJ-IM)
6,5,41,106225.0,Restricted CPHF Sim Annealing (TJ-IM)
6,5,46,109345.0,Restricted CPHF Sim Annealing (TJ-IM)
6,5,50,118725.0,Restricted CPHF Sim Annealing (TJ-IM)
6,5,52,121845.0,Restricted CPHF Sim Annealing (TJ-IM)
6,5,59,124965.0,Restricted CPHF Sim Annealing (TJ-IM)
6,5,64,134345.0,Restricted CPHF Sim Annealing (TJ-IM)
6,5,75,140585.0,Restricted CPHF Sim Annealing (TJ-IM)
6,5,82,149965.0,Restricted CPHF Sim Annealing (TJ-IM)
6,5,84,153117.0,Restricted CPHF Sim Annealing (TJ-IM)
6,5,89,156205.0,Restricted CPHF Sim Annealing (TJ-IM)
6,5,98,165585.0,Restricted CPHF Sim Annealing (TJ-IM)
6,5,104,168741.0,Restricted CPHF Sim Annealing (TJ-IM)
6,5,124,171825.0,Restricted CPHF Sim Annealing (TJ-IM)
6,5,169,187445.0,Restricted CPHF Sim Annealing (TJ-IM)
6,5,210,203065.0,Restricted CPHF Sim Annealing (TJ-IM)
6,5,274,218685.0,Restricted CPHF Sim Annealing (TJ-IM)
6,5,320,234361.0,Restricted CPHF Sim Annealing (TJ-IM)
6,5,410,249985.0,Restricted CPHF Sim Annealing (TJ-IM)
6,5,550,265609.0,Restricted CPHF Sim Annealing (TJ-IM)
6,5,640,281233.0,Restricted CPHF Sim Annealing (TJ-IM)
6,5,720,296857.0,Restricted CPHF Sim Annealing (TJ-IM)
6,5,721,434157.0,Add 1 factors
6,5,722,513857.0,Add 2 factors
6,5,723,553857.0,Add 3 factors
6,5,724,566357.0,Add 4 factors
6,5,725,578857.0,Add 5 factors
6,5,726,714777.0,Add 6 factors
6,5,727,795857.0,Add 5 factors
6,5,728,835857.0,Add 5 factors
6,5,729,848357.0,Add 5 factors
6,5,730,860857.0,Add 5 factors
6,5,731,996777.0,Add 6 factors
6,5,747,1046808.0,"perfect hash family4,884,547T137"
6,5,887,1062432.0,"perfect hash family4,887,550"
6,5,944,1109304.0,"perfect hash family4,1034,640T90"
6,5,1034,1124928.0,"perfect hash family4,1034,640"
6,5,1088,1171800.0,"perfect hash family4,1168,720T80"
6,5,1168,1187424.0,"perfect hash family4,1168,720"
6,5,1358,1328040.0,"perfect hash family5,1358,550"
6,5,1597,1390536.0,"perfect hash family5,1775,639T89"
6,5,1776,1406160.0,"perfect hash family5,1776,640"
6,5,1840,1468656.0,"perfect hash family5,2000,720T80"
6,5,2000,1484280.0,"perfect hash family5,2000,720"
6,5,2086,1593648.0,"perfect hash family6,2086,550"
6,5,2116,1643376.0,"perfect hash family14,2209,47S2"
6,5,2162,1652756.0,"perfect hash family14,2209,47T1"
6,5,2212,1662136.0,"perfect hash family14,2212,50"
6,5,2269,1671768.0,"perfect hash family6,2536,639T89"
6,5,2560,1687392.0,"perfect hash family6,2560,640"
6,5,2714,1733876.0,"perfect hash family14,3481,59T13"
6,5,2950,1743256.0,"perfect hash family14,3481,59T9"
6,5,3068,1746376.0,"perfect hash family14,3481,59T7"
6,5,3481,1749496.0,"perfect hash family14,3481,59"
6,5,3650,1805732.0,"perfect hash family13,5329,73T23"
6,5,3796,1808852.0,"perfect hash family13,5329,73T21"
6,5,4307,1811972.0,"perfect hash family13,5329,73T14"
6,5,4672,1821352.0,"perfect hash family13,5329,73T9"
6,5,5331,1827592.0,"perfect hash family13,5331,75"
6,5,5925,1940152.0,"perfect hash family13,6241,79T4"
6,5,6244,1949532.0,"perfect hash family13,6244,82"
6,5,6253,1965292.0,"perfect hash family13,6889,83S8"
6,5,6329,1968444.0,"perfect hash family13,6889,83S7"
6,5,6406,1971596.0,"perfect hash family13,6889,83S6"
6,5,6484,1974748.0,"perfect hash family13,6889,83S5"
6,5,6563,1977900.0,"perfect hash family13,6889,83S4"
6,5,6643,1981052.0,"perfect hash family13,6889,83S3"
6,5,6724,1984204.0,"perfect hash family13,6889,83S2"
6,5,6806,1987356.0,"perfect hash family13,6889,83T1"
6,5,6890,1990508.0,"perfect hash family13,6890,84"
6,5,7298,2024412.0,"perfect hash family13,7921,89T7"
6,5,7476,2027564.0,"perfect hash family13,7921,89T5"
6,5,7921,2030652.0,"perfect hash family13,7921,89"
6,5,7954,2136972.0,"perfect hash family13,9409,97T15"
6,5,8148,2140124.0,"perfect hash family13,9409,97T13"
6,5,8633,2143212.0,"perfect hash family13,9409,97T8"
6,5,9410,2152592.0,"perfect hash family13,9410,98"
6,5,10000,2190464.0,"perfect hash family13,10609,103T5"
2,6,3,36.0,orthogonal array
2,6,4,37.0,simulated annealing (Cohen)
2,6,5,39.0,simulated annealing (Cohen)
2,6,6,41.0,tabu search (Nurmela)
2,6,8,42.0,tabu search (Nurmela)
2,6,9,46.0,Fix 1 symbols (Meagher-Stevens)
2,6,10,48.0,simulated annealing (Torres-Jimenez)
2,6,11,51.0,simulated annealing (Torres-Jimenez)
2,6,12,53.0,simulated annealing (Torres-Jimenez)
2,6,13,55.0,"cover starter (Colbourn,Torres-Jimenez)"
2,6,18,57.0,"cover starter (Colbourn,Torres-Jimenez)"
2,6,19,59.0,"cover starter (Colbourn,Torres-Jimenez)"
2,6,20,61.0,"cover starter (Colbourn,Torres-Jimenez)"
2,6,22,63.0,"cover starter (Colbourn,Torres-Jimenez)"
2,6,23,65.0,"cover starter (Colbourn,Torres-Jimenez)"
2,6,24,66.0,"cover starter (Colbourn,Torres-Jimenez)"
2,6,26,67.0,"cover starter (Colbourn,Torres-Jimenez)"
2,6,28,68.0,"cover starter (Colbourn,Torres-Jimenez)"
2,6,30,69.0,simulated annealing (Torres-Jimenez)
2,6,32,70.0,simulated annealing (Torres-Jimenez)
2,6,35,71.0,simulated annealing (Torres-Jimenez)
2,6,37,72.0,simulated annealing (Torres-Jimenez)
2,6,40,73.0,simulated annealing (Torres-Jimenez)
2,6,42,74.0,simulated annealing (Torres-Jimenez)
2,6,52,75.0,simulated annealing (Torres-Jimenez)
2,6,63,76.0,simulated annealing (Torres-Jimenez)
2,6,65,77.0,simulated annealing (Torres-Jimenez)
2,6,69,78.0,simulated annealing (Torres-Jimenez)
2,6,75,79.0,simulated annealing (Torres-Jimenez)
2,6,78,80.0,simulated annealing (Torres-Jimenez)
2,6,79,81.0,simulated annealing (Torres-Jimenez)
2,6,80,82.0,simulated annealing (Torres-Jimenez)
2,6,82,83.0,simulated annealing (Torres-Jimenez)
2,6,84,84.0,simulated annealing (Torres-Jimenez)
2,6,86,85.0,simulated annealing (Torres-Jimenez)
2,6,89,86.0,simulated annealing (Torres-Jimenez)
2,6,94,87.0,Direct product generalized
2,6,100,88.0,Direct product generalized
2,6,102,89.0,Direct product generalized
2,6,110,90.0,Direct product generalized
2,6,119,91.0,Direct product generalized
2,6,132,92.0,Direct product generalized
2,6,144,93.0,PCAxPCA
2,6,145,94.0,Direct product generalized
2,6,152,95.0,PCAxPCA
2,6,160,96.0,Direct product generalized
2,6,162,97.0,Direct product generalized
2,6,174,98.0,Direct product generalized
2,6,186,99.0,Direct product generalized
2,6,190,100.0,Direct product generalized
2,6,198,101.0,Direct product generalized
2,6,206,102.0,Direct product generalized
2,6,224,103.0,Direct product generalized
2,6,245,104.0,Direct product generalized
2,6,274,105.0,Direct product generalized
2,6,302,106.0,Direct product generalized
2,6,322,107.0,Direct product generalized
2,6,336,108.0,Direct product generalized
2,6,374,109.0,Direct product generalized
2,6,394,110.0,Direct product generalized
2,6,472,111.0,simulated annealing (Torres-Jimenez)
2,6,512,112.0,simulated annealing (Torres-Jimenez)
2,6,524,113.0,Direct product generalized
2,6,554,114.0,Direct product generalized
2,6,600,115.0,Direct product
2,6,624,116.0,Direct product
2,6,632,117.0,Direct product
2,6,640,118.0,Direct product
2,6,656,119.0,PCAx2PCA
2,6,686,120.0,PCAx2PCA
2,6,731,121.0,PCAx2PCA
2,6,764,122.0,PCAx2PCA
2,6,838,123.0,Direct product generalized
2,6,881,124.0,Direct product generalized
2,6,905,125.0,Direct product generalized
2,6,964,126.0,Direct product generalized
2,6,1121,127.0,PCAxPCA
2,6,1159,128.0,PCAxPCA
2,6,1229,129.0,PCAxPCA
2,6,1331,130.0,PCAxPCA
2,6,1388,131.0,PCAxPCA
2,6,1406,132.0,PCAxPCA
2,6,1450,133.0,PCAxPCA
2,6,1520,134.0,Direct product generalized
2,6,1627,135.0,Direct product generalized
2,6,1695,136.0,Direct product generalized
2,6,1786,137.0,Direct product generalized
2,6,1893,138.0,Direct product generalized
2,6,2068,139.0,Direct product generalized
2,6,2231,140.0,Direct product generalized
2,6,2482,141.0,Direct product generalized
2,6,2744,142.0,Direct product generalized
2,6,2943,143.0,Direct product generalized
2,6,3072,144.0,Direct product generalized
2,6,3328,145.0,Direct product generalized
2,6,3800,146.0,PCAxPCA
2,6,4032,147.0,Direct product
2,6,4212,148.0,Direct product generalized
2,6,4478,149.0,PCAxPCA
2,6,4800,150.0,Direct product
2,6,4992,151.0,Direct product
2,6,5264,152.0,PCAxPCA
2,6,5546,153.0,PCAxPCA
2,6,5828,154.0,PCAxPCA
2,6,5906,155.0,PCAxPCA
2,6,5985,156.0,PCAxPCA
2,6,6012,157.0,PCAxPCA
2,6,6452,158.0,Direct product generalized
2,6,7275,159.0,Direct product generalized
2,6,7518,160.0,Direct product generalized
2,6,7789,161.0,Direct product generalized
2,6,8433,162.0,PCAxPCA
2,6,9134,163.0,PCAxPCA
2,6,9432,164.0,Direct product
2,6,10314,165.0,Direct product generalized
2,6,10648,166.0,Direct product
2,6,11154,167.0,PCAxPCA
2,6,11584,168.0,Direct product generalized
2,6,12146,169.0,Direct product generalized
2,6,13199,170.0,Direct product generalized
2,6,14333,171.0,Direct product generalized
2,6,15257,172.0,Direct product generalized
2,6,16153,173.0,Direct product generalized
2,6,17033,174.0,Direct product generalized
2,6,18534,175.0,Direct product generalized
2,6,19556,176.0,Direct product generalized
2,6,20000,177.0,Direct product generalized
3,6,4,216.0,Derive from strength 4
3,6,5,240.0,cross-sum (CKRS)
3,6,6,258.0,cross-sum (CKRS)
3,6,7,290.0,Torres Jimenez
3,6,8,301.0,Torres Jimenez
3,6,9,361.0,Torres Jimenez
3,6,10,380.0,Torres Jimenez
3,6,11,420.0,Torres Jimenez
3,6,12,463.0,Chateauneuf-Kreher doubling
3,6,13,490.0,Torres Jimenez
3,6,14,498.0,Chateauneuf-Kreher doubling postop NCK
3,6,15,506.0,Chateauneuf-Kreher doubling postop NCK
3,6,16,510.0,Chateauneuf-Kreher doubling postop NCK
3,6,17,549.0,Torres Jimenez
3,6,18,591.0,Torres Jimenez
3,6,20,620.0,Chateauneuf-Kreher doubling
3,6,104,624.0,Cyclotomy (Colbourn)
3,6,122,726.0,Cyclotomy (Torres-Jimenez)
3,6,128,762.0,Cyclotomy (Colbourn)
3,6,152,906.0,Cyclotomy (Colbourn)
3,6,164,978.0,Cyclotomy (Colbourn)
3,6,170,1020.0,Cyclotomy (Torres-Jimenez)
3,6,172,1049.0,Chateauneuf-Kreher doubling
3,6,178,1054.0,Chateauneuf-Kreher doubling
3,6,188,1059.0,Chateauneuf-Kreher doubling
3,6,200,1064.0,Chateauneuf-Kreher doubling
3,6,204,1069.0,Chateauneuf-Kreher doubling
3,6,208,1074.0,Chateauneuf-Kreher doubling
3,6,220,1176.0,Chateauneuf-Kreher doubling
3,6,238,1181.0,Chateauneuf-Kreher doubling
3,6,244,1186.0,Chateauneuf-Kreher doubling
3,6,256,1222.0,Chateauneuf-Kreher doubling
3,6,264,1270.0,Cohen-Colbourn-Ling
3,6,268,1276.0,Cohen-Colbourn-Ling
3,6,272,1282.0,Cohen-Colbourn-Ling
3,6,296,1286.0,Cohen-Colbourn-Ling
3,6,316,1306.0,Cohen-Colbourn-Ling
3,6,344,1318.0,Cohen-Colbourn-Ling
3,6,356,1330.0,Cohen-Colbourn-Ling
3,6,372,1336.0,Cohen-Colbourn-Ling
3,6,392,1342.0,Cohen-Colbourn-Ling
3,6,404,1348.0,Cohen-Colbourn-Ling
3,6,416,1350.0,Cohen-Colbourn-Ling
3,6,424,1370.0,Cohen-Colbourn-Ling
3,6,504,1405.0,Cohen-Colbourn-Ling
3,6,520,1422.0,Cohen-Colbourn-Ling
3,6,552,1427.0,Cohen-Colbourn-Ling
3,6,624,1440.0,Cohen-Colbourn-Ling
3,6,664,1463.0,Cohen-Colbourn-Ling
3,6,728,1488.0,Cohen-Colbourn-Ling
3,6,832,1499.0,Cohen-Colbourn-Ling
3,6,854,1616.0,Cohen-Colbourn-Ling
3,6,976,1627.0,Cohen-Colbourn-Ling
3,6,992,1663.0,Cohen-Colbourn-Ling
3,6,1024,1670.0,Cohen-Colbourn-Ling
3,6,1040,1690.0,Cohen-Colbourn-Ling
3,6,1098,1773.0,Cohen-Colbourn-Ling
3,6,1144,1778.0,Cohen-Colbourn-Ling
3,6,1220,1792.0,Cohen-Colbourn-Ling
3,6,1240,1828.0,Cohen-Colbourn-Ling
3,6,1280,1836.0,Cohen-Colbourn-Ling
3,6,1855,1869.0,"perfect hash family3,1855,104"
3,6,1856,2049.0,Add a factor
3,6,1868,2056.0,Cohen-Colbourn-Ling
3,6,1872,2061.0,Cohen-Colbourn-Ling
3,6,1952,2066.0,Cohen-Colbourn-Ling
3,6,2492,2073.0,"perfect hash family3,2906,122T18"
3,6,2600,2145.0,"perfect hash family3,3125,125T21"
3,6,2788,2169.0,Cohen-Colbourn-Ling
3,6,2907,2175.0,"perfect hash family3,2978,123S3"
3,6,2964,2182.0,Cohen-Colbourn-Ling
3,6,3008,2195.0,Cohen-Colbourn-Ling
3,6,3052,2208.0,Cohen-Colbourn-Ling
3,6,3096,2221.0,Cohen-Colbourn-Ling
3,6,3560,2226.0,Cohen-Colbourn-Ling
3,6,4008,2240.0,Cohen-Colbourn-Ling
3,6,4264,2254.0,Cohen-Colbourn-Ling
3,6,4328,2268.0,Cohen-Colbourn-Ling
3,6,4392,2282.0,Cohen-Colbourn-Ling
3,6,4456,2296.0,Cohen-Colbourn-Ling
3,6,4584,2310.0,Cohen-Colbourn-Ling
3,6,4984,2311.0,Cohen-Colbourn-Ling
3,6,5304,2326.0,Cohen-Colbourn-Ling
3,6,5384,2341.0,Cohen-Colbourn-Ling
3,6,5464,2356.0,Cohen-Colbourn-Ling
3,6,5720,2366.0,Cohen-Colbourn-Ling
3,6,6448,2382.0,Cohen-Colbourn-Ling
3,6,6864,2398.0,Cohen-Colbourn-Ling
3,6,6968,2414.0,Cohen-Colbourn-Ling
3,6,7072,2430.0,Cohen-Colbourn-Ling
3,6,7176,2446.0,Cohen-Colbourn-Ling
3,6,7384,2462.0,Cohen-Colbourn-Ling
3,6,7592,2478.0,Cohen-Colbourn-Ling
3,6,10000,2492.0,Power CT100^2
4,6,5,1296.0,Derive from strength 5
4,6,6,1653.0,Augment OA
4,6,7,1844.0,orthogonal array fuse postop NCK
4,6,8,1975.0,orthogonal array fuse postop NCK
4,6,9,2768.0,Density (Bryce-Colbourn) postop NCK
4,6,10,3208.0,Density (Bryce-Colbourn) postop NCK
4,6,11,3671.0,Density Cyclic (Colbourn) postop NCK
4,6,12,3944.0,Density (Bryce-Colbourn) postop NCK
4,6,13,4027.0,SCPHF Tabu Search (Walker-Colbourn) fuse postop NCK
4,6,14,4080.0,SCPHF Tabu Search (Walker-Colbourn) fuse postop NCK
4,6,15,4132.0,SCPHF Tabu Search (Walker-Colbourn) fuse postop NCK
4,6,16,4203.0,SCPHF Tabu Search (Walker-Colbourn) fuse postop NCK
4,6,17,4259.0,SCPHF Tabu Search (Walker-Colbourn) fuse postop NCK
4,6,18,4315.0,SCPHF Tabu Search (Walker-Colbourn) fuse postop NCK
4,6,19,5422.0,Density Cyclic (Colbourn) postop NCK
4,6,20,5584.0,Density Cyclic (Colbourn) postop NCK
4,6,21,5743.0,Density Cyclic (Colbourn) postop NCK
4,6,22,5895.0,Density Cyclic (Colbourn) postop NCK
4,6,23,6062.0,Density Cyclic (Colbourn) postop NCK
4,6,24,6176.0,Density Cyclic (Colbourn) postop NCK
4,6,25,6325.0,Density Cyclic (Colbourn) postop NCK
4,6,26,6456.0,Density Cyclic (Colbourn)
4,6,27,6606.0,Density Cyclic (Colbourn)
4,6,28,6714.0,Density Cyclic (Colbourn)
4,6,30,6851.0,3-Restricted SCPHF RE (CL) fuse
4,6,32,7023.0,SCPHF Conditional Expectation (CLS) postop NCK
4,6,33,7145.0,2-Restricted SCPHF RE (CL) fuse
4,6,34,7187.0,SCPHF Random Extension (CLS) fuse
4,6,35,7506.0,Density Cyclic (Colbourn)
4,6,36,7614.0,Density Cyclic (Colbourn)
4,6,37,7716.0,Density Cyclic (Colbourn)
4,6,38,7812.0,Density Cyclic (Colbourn)
4,6,39,7902.0,Density Cyclic (Colbourn)
4,6,40,7992.0,Density Cyclic (Colbourn)
4,6,41,8094.0,Density Cyclic (Colbourn)
4,6,42,8184.0,Density Cyclic (Colbourn)
4,6,43,8256.0,Density Cyclic (Colbourn)
4,6,44,8352.0,Density Cyclic (Colbourn)
4,6,45,8436.0,Density Cyclic (Colbourn)
4,6,46,8508.0,Density Cyclic (Colbourn)
4,6,47,8586.0,Density Cyclic (Colbourn)
4,6,48,8670.0,Density Cyclic (Colbourn)
4,6,49,8760.0,Density Cyclic (Colbourn)
4,6,50,8826.0,Density Cyclic (Colbourn)
4,6,51,8910.0,Density Cyclic (Colbourn)
4,6,52,8982.0,Density Cyclic (Colbourn)
4,6,53,9054.0,Density Cyclic (Colbourn)
4,6,54,9120.0,Density Cyclic (Colbourn)
4,6,55,9186.0,Density Cyclic (Colbourn)
4,6,56,9264.0,Density Cyclic (Colbourn)
4,6,57,9306.0,Density Cyclic (Colbourn)
4,6,58,9390.0,Density Cyclic (Colbourn)
4,6,59,9456.0,Density Cyclic (Colbourn)
4,6,60,9516.0,Density Cyclic (Colbourn)
4,6,61,9582.0,Density Cyclic (Colbourn)
4,6,64,9599.0,CPHF IPO 4 (WCS) fuse
4,6,65,9810.0,Density Cyclic (Colbourn)
4,6,70,10092.0,Density Cyclic (Colbourn)
4,6,71,10676.0,IPOGF postop MPO (TJ-RC)
4,6,72,10744.0,IPOGF postop MPO (TJ-RC)
4,6,73,10758.0,IPOGF postop MPO (TJ-RC)
4,6,74,10821.0,IPOGF postop MPO (TJ-RC)
4,6,75,10882.0,IPOGF postop MPO (TJ-RC)
4,6,76,10959.0,IPOGF postop MPO (TJ-RC)
4,6,77,10992.0,IPOGF postop MPO (TJ-RC)
4,6,78,11017.0,IPOGF postop MPO (TJ-RC)
4,6,79,11100.0,IPOGF postop MPO (TJ-RC)
4,6,80,11121.0,IPOGF postop MPO (TJ-RC)
4,6,81,11187.0,IPOGF postop MPO (TJ-RC)
4,6,82,11219.0,IPOGF postop MPO (TJ-RC)
4,6,83,11282.0,IPOGF postop MPO (TJ-RC)
4,6,84,11319.0,IPOGF postop MPO (TJ-RC)
4,6,85,11384.0,IPOGF postop MPO (TJ-RC)
4,6,86,11407.0,IPOGF postop MPO (TJ-RC)
4,6,87,11478.0,IPOGF postop MPO (TJ-RC)
4,6,88,11504.0,IPOGF postop MPO (TJ-RC)
4,6,89,11581.0,IPOGF postop MPO (TJ-RC)
4,6,90,11591.0,IPOGF postop MPO (TJ-RC)
4,6,91,11630.0,IPOGF postop MPO (TJ-RC)
4,6,92,11671.0,IPOGF postop MPO (TJ-RC)
4,6,93,11729.0,IPOGF postop MPO (TJ-RC)
4,6,94,11762.0,IPOGF postop MPO (TJ-RC)
4,6,95,11800.0,IPOGF postop MPO (TJ-RC)
4,6,96,11884.0,IPOGF postop MPO (TJ-RC)
4,6,99,11891.0,"2,2-Restricted SCPHF RE (CL) fuse"
4,6,117,11999.0,CPHF IPO 5 (WCS) fuse
4,6,119,12671.0,IPOGF postop MPO (TJ-RC)
4,6,120,12734.0,IPOGF postop MPO (TJ-RC)
4,6,121,12757.0,IPOGF postop MPO (TJ-RC)
4,6,122,12776.0,IPOGF postop MPO (TJ-RC)
4,6,123,12813.0,IPOGF postop MPO (TJ-RC)
4,6,124,12855.0,IPOGF postop MPO (TJ-RC)
4,6,125,12874.0,IPOGF postop MPO (TJ-RC)
4,6,126,12902.0,IPOGF postop MPO (TJ-RC)
4,6,127,12944.0,IPOGF postop MPO (TJ-RC)
4,6,128,13007.0,IPOGF postop MPO (TJ-RC)
4,6,130,13024.0,IPOGF postop MPO (TJ-RC)
4,6,131,13065.0,IPOGF postop MPO (TJ-RC)
4,6,132,13082.0,IPOGF postop MPO (TJ-RC)
4,6,134,13137.0,IPOGF postop MPO (TJ-RC)
4,6,135,13196.0,IPOGF postop MPO (TJ-RC)
4,6,136,13216.0,IPOGF postop MPO (TJ-RC)
4,6,137,13252.0,IPOGF postop MPO (TJ-RC)
4,6,138,13281.0,IPOGF postop MPO (TJ-RC)
4,6,139,13306.0,IPOGF postop MPO (TJ-RC)
4,6,140,13335.0,IPOGF postop MPO (TJ-RC)
4,6,141,13360.0,IPOGF postop MPO (TJ-RC)
4,6,142,13387.0,IPOGF postop MPO (TJ-RC)
4,6,143,13425.0,IPOGF postop MPO (TJ-RC)
4,6,144,13446.0,IPOGF postop MPO (TJ-RC)
4,6,145,13472.0,IPOGF postop MPO (TJ-RC)
4,6,146,13510.0,IPOGF postop MPO (TJ-RC)
4,6,147,13528.0,IPOGF postop MPO (TJ-RC)
4,6,148,13558.0,IPOGF postop MPO (TJ-RC)
4,6,149,13606.0,IPOGF postop MPO (TJ-RC)
4,6,150,13613.0,IPOGF postop MPO (TJ-RC)
4,6,151,13638.0,IPOGF postop MPO (TJ-RC)
4,6,152,13641.0,IPOGF postop MPO (TJ-RC)
4,6,153,13694.0,IPOGF postop MPO (TJ-RC)
4,6,154,13720.0,IPOGF postop MPO (TJ-RC)
4,6,155,13737.0,IPOGF postop MPO (TJ-RC)
4,6,156,13783.0,IPOGF postop MPO (TJ-RC)
4,6,157,13810.0,IPOGF postop MPO (TJ-RC)
4,6,158,13837.0,IPOGF postop MPO (TJ-RC)
4,6,159,13849.0,IPOGF postop MPO (TJ-RC)
4,6,161,13875.0,IPOGF postop MPO (TJ-RC)
4,6,162,13920.0,IPOGF postop MPO (TJ-RC)
4,6,163,13960.0,IPOGF postop MPO (TJ-RC)
4,6,166,14327.0,2-Restricted SCPHF RE (CL) fuse
4,6,174,14369.0,SCPHF Conditional Expectation (CLS) fuse
4,6,225,14399.0,CPHF IPO 6 (WCS) fuse
4,6,2648,15888.0,Cyclotomy (Colbourn)
4,6,2768,16608.0,Cyclotomy (Colbourn)
4,6,2978,17862.0,Cyclotomy (Colbourn)
4,6,3020,18114.0,Cyclotomy (Colbourn)
4,6,3260,19560.0,Cyclotomy (Colbourn)
4,6,3272,19626.0,Cyclotomy (Colbourn)
4,6,3320,19914.0,Cyclotomy (Colbourn)
4,6,3332,19992.0,Cyclotomy (Colbourn)
4,6,3344,20058.0,Cyclotomy (Colbourn)
4,6,3464,20778.0,Cyclotomy (Colbourn)
4,6,3500,20994.0,Cyclotomy (Colbourn)
4,6,3584,21498.0,Cyclotomy (Colbourn)
4,6,3608,21642.0,Cyclotomy (Colbourn)
4,6,3632,21786.0,Cyclotomy (Colbourn)
4,6,3644,21858.0,Cyclotomy (Colbourn)
4,6,3692,22146.0,Cyclotomy (Colbourn)
4,6,3728,22362.0,Cyclotomy (Colbourn)
4,6,3824,22938.0,Cyclotomy (Colbourn)
4,6,3848,23082.0,Cyclotomy (Colbourn)
4,6,3908,23442.0,Cyclotomy (Colbourn)
4,6,3932,23586.0,Cyclotomy (Colbourn)
4,6,3944,23658.0,Cyclotomy (Colbourn)
4,6,4004,24018.0,Cyclotomy (Colbourn)
4,6,4028,24162.0,Cyclotomy (Colbourn)
4,6,6043,24172.0,Cyclotomy shift (Colbourn)
4,6,6607,26428.0,Cyclotomy shift (Colbourn)
4,6,9283,27849.0,Cyclotomy shift (Colbourn)
4,6,9739,29217.0,Cyclotomy shift (Colbourn)
4,6,9883,29649.0,Cyclotomy shift (Colbourn)
4,6,9931,29793.0,Cyclotomy shift (Colbourn)
4,6,10000,30297.0,Cyclotomy shift (Colbourn)
5,6,6,7776.0,Derive from strength 6
5,6,7,10368.0,Ji-Li-Yin
5,6,8,11664.0,Xu-Ji-Dong
5,6,9,18475.0,Torres-Jimenez
5,6,10,21985.0,Density Cyclic (Colbourn) postop NCK
5,6,11,24602.0,Density Cyclic (Colbourn) postop NCK
5,6,12,27131.0,Density Cyclic (Colbourn) postop NCK
5,6,13,29279.0,Density Cyclic (Colbourn) postop NCK
5,6,14,31460.0,Density Cyclic (Colbourn) postop NCK
5,6,15,33505.0,Density Cyclic (Colbourn) postop NCK
5,6,16,35382.0,Density Cyclic (Colbourn) postop NCK
5,6,17,37184.0,Density Cyclic (Colbourn) postop NCK
5,6,18,38867.0,Density Cyclic (Colbourn) postop NCK
5,6,19,40536.0,Density Cyclic (Colbourn) postop NCK
5,6,20,42044.0,Density Cyclic (Colbourn) postop NCK
5,6,21,43531.0,Density Cyclic (Colbourn) postop NCK
5,6,22,45018.0,Density Cyclic (Colbourn)
5,6,23,46362.0,Density Cyclic (Colbourn)
5,6,24,47634.0,Density Cyclic (Colbourn)
5,6,25,48906.0,Density Cyclic (Colbourn)
5,6,26,52814.0,IPOGF postop MPO (TJ-RC)
5,6,27,54032.0,IPOGF postop MPO (TJ-RC)
5,6,28,55275.0,IPOGF postop MPO (TJ-RC)
5,6,29,56353.0,IPOGF postop MPO (TJ-RC)
5,6,30,57503.0,IPOGF postop MPO (TJ-RC)
5,6,31,58576.0,IPOGF postop MPO (TJ-RC)
5,6,32,59612.0,IPOGF postop MPO (TJ-RC)
5,6,33,60608.0,IPOGF postop MPO (TJ-RC)
5,6,34,61612.0,IPOGF postop MPO (TJ-RC)
5,6,35,62557.0,IPOGF postop MPO (TJ-RC)
5,6,36,63519.0,IPOGF postop MPO (TJ-RC)
5,6,37,64385.0,IPOGF postop MPO (TJ-RC)
5,6,38,65251.0,IPOGF postop MPO (TJ-RC)
5,6,39,66124.0,IPOGF postop MPO (TJ-RC)
5,6,40,66953.0,IPOGF postop MPO (TJ-RC)
5,6,41,67865.0,IPOGF postop MPO (TJ-RC)
5,6,42,68609.0,IPOGF postop MPO (TJ-RC)
5,6,43,69407.0,IPOGF postop MPO (TJ-RC)
5,6,44,70177.0,IPOGF postop MPO (TJ-RC)
5,6,45,71062.0,IPOGF postop MPO (TJ-RC)
5,6,46,71778.0,IPOGF postop MPO (TJ-RC)
5,6,47,83627.0,"3,2-restricted SCPHF RE (CL) fuse"
5,6,52,84029.0,CPHF IPO 5 (WCS) fuse
5,6,54,95681.0,SCPHF CLS - other fuse
5,6,59,96017.0,"4,4-Restricted SCPHF RE (CL) fuse"
5,6,61,98411.0,4-Restricted SCPHF RE (CL) fuse
5,6,67,100469.0,3-Restricted SCPHF RE (CL) fuse
5,6,68,100763.0,2-Restricted SCPHF RE (CL) fuse
5,6,69,100805.0,SCPHF Random Extension (CLS) fuse
5,6,78,100835.0,CPHF IPO 6 (WCS) fuse
5,6,82,112817.0,"4,4-Restricted SCPHF RE (CL) fuse"
5,6,93,115211.0,4-Restricted SCPHF RE (CL) fuse
5,6,96,117269.0,3-Restricted SCPHF RE (CL) fuse
5,6,99,117563.0,2-Restricted SCPHF RE (CL) fuse
5,6,101,117605.0,SCPHF Random Extension (CLS) fuse
5,6,118,117641.0,CPHF IPO 7 (WCS) fuse
5,6,121,129617.0,"4,4-Restricted SCPHF RE (CL) fuse"
5,6,132,132011.0,4-Restricted SCPHF RE (CL) fuse
5,6,140,134069.0,3-Restricted SCPHF RE (CL) fuse
5,6,148,134363.0,2-Restricted SCPHF RE (CL) fuse
5,6,149,134405.0,SCPHF Random Extension (CLS) fuse
5,6,188,134447.0,CPHF IPO 8 (WCS) fuse
5,6,195,148811.0,4-Restricted SCPHF RE (CL) fuse
5,6,201,150869.0,3-Restricted SCPHF RE (CL) fuse
5,6,205,151163.0,2-Restricted SCPHF RE (CL) fuse
5,6,209,151205.0,SCPHF Random Extension (CLS) fuse
5,6,277,151253.0,CPHF IPO 9 (WCS) fuse
5,6,284,165611.0,4-Restricted SCPHF RE (CL) fuse
5,6,315,167669.0,3-Restricted SCPHF RE (CL) fuse
5,6,318,168059.0,CPHF Random Extension (CLS) fuse
5,6,341,177623.0,"4,4,4-Restricted SCPHF RE (CL) fuse"
5,6,361,180017.0,"4,4-Restricted SCPHF RE (CL) fuse"
5,6,418,182411.0,4-Restricted SCPHF RE (CL) fuse
5,6,447,184469.0,3-Restricted SCPHF RE (CL) fuse
5,6,451,184763.0,2-Restricted SCPHF RE (CL) fuse
5,6,454,184805.0,SCPHF Random Extension (CLS) fuse
5,6,455,184865.0,CPHF Random Extension (CLS) fuse
5,6,495,194423.0,"4,4,4-Restricted SCPHF RE (CL) fuse"
5,6,546,196817.0,"4,4-Restricted SCPHF RE (CL) fuse"
5,6,592,199211.0,4-Restricted SCPHF RE (CL) fuse
5,6,628,201269.0,3-Restricted SCPHF RE (CL) fuse
5,6,660,201563.0,2-Restricted SCPHF RE (CL) fuse
5,6,661,201605.0,SCPHF Random Extension (CLS) fuse
5,6,679,211223.0,"4,4,4-Restricted SCPHF RE (CL) fuse"
5,6,702,213617.0,"4,4-Restricted SCPHF RE (CL) fuse"
5,6,703,258257.0,Add 1 factors
5,6,704,280037.0,Add 2 factors
5,6,706,308593.0,Add 4 factors
5,6,707,312538.0,Add 5 factors
5,6,709,338441.0,Add 7 factors
5,6,722,360760.0,Martirosyan-Colbourn
5,6,836,363154.0,Martirosyan-Colbourn
5,6,894,365212.0,Martirosyan-Colbourn
5,6,902,365506.0,Martirosyan-Colbourn
5,6,908,365548.0,Martirosyan-Colbourn
5,6,910,365608.0,Martirosyan-Colbourn
5,6,990,375166.0,Martirosyan-Colbourn
5,6,1092,377560.0,Martirosyan-Colbourn
5,6,1184,379954.0,Martirosyan-Colbourn
5,6,1256,382012.0,Martirosyan-Colbourn
5,6,1320,382306.0,Martirosyan-Colbourn
5,6,1322,382348.0,Martirosyan-Colbourn
5,6,1358,391966.0,Martirosyan-Colbourn
5,6,1404,394360.0,Martirosyan-Colbourn
5,6,1406,439000.0,Martirosyan-Colbourn
5,6,1408,460780.0,Martirosyan-Colbourn
5,6,1412,489336.0,Martirosyan-Colbourn
5,6,1414,493281.0,Martirosyan-Colbourn
5,6,1418,519184.0,Martirosyan-Colbourn
5,6,1444,541503.0,Martirosyan-Colbourn
5,6,1672,543897.0,Martirosyan-Colbourn
5,6,1788,545955.0,Martirosyan-Colbourn
5,6,1804,546249.0,Martirosyan-Colbourn
5,6,1816,546291.0,Martirosyan-Colbourn
5,6,1820,546351.0,Martirosyan-Colbourn
5,6,1980,555909.0,Martirosyan-Colbourn
5,6,2184,558303.0,Martirosyan-Colbourn
5,6,2368,560697.0,Martirosyan-Colbourn
5,6,2512,562755.0,Martirosyan-Colbourn
5,6,2640,563049.0,Martirosyan-Colbourn
5,6,2644,563091.0,Martirosyan-Colbourn
5,6,2716,572709.0,Martirosyan-Colbourn
5,6,2808,575103.0,Martirosyan-Colbourn
5,6,2812,619743.0,Martirosyan-Colbourn
5,6,2814,641523.0,Martirosyan-Colbourn
5,6,2815,706773.0,Add 1 factors
5,6,2816,732513.0,Add 2 factors
5,6,2817,748363.0,Add 5 factors
5,6,2818,765802.0,Add 4 factors
5,6,2819,770143.0,Add 5 factors
5,6,2821,801669.0,Add 7 factors
5,6,2960,803014.0,"perfect hash family4,3125,625T33"
5,6,3125,805072.0,"perfect hash family4,3125,625"
5,6,3164,849674.0,Power CZ3-23.1-22.7-21.13
5,6,3264,849788.0,Power CZ3-23.0-22.9-21.12
5,6,3314,851096.0,Power CZ3-23.1-22.8-21.12
5,6,3419,851210.0,Power CZ3-23.0-22.10-21.11
5,6,3471,852518.0,Power CZ3-23.1-22.9-21.11
5,6,3581,852697.0,Power CZ3-23.0-22.11-21.10
5,6,3636,854005.0,Power CZ3-23.1-22.10-21.10
5,6,3751,854184.0,Power CZ3-23.0-22.12-21.9
5,6,3809,855492.0,Power CZ3-23.1-22.11-21.9
5,6,3929,855671.0,Power CZ3-23.0-22.13-21.8
5,6,3990,856979.0,Power CZ3-23.1-22.12-21.8
5,6,4116,857158.0,Power CZ3-23.0-22.14-21.7
5,6,4180,858466.0,Power CZ3-23.1-22.13-21.7
5,6,4311,858645.0,Power CZ3-23.0-22.15-21.6
5,6,4379,859953.0,Power CZ3-23.1-22.14-21.6
5,6,4516,860132.0,Power CZ3-23.0-22.16-21.5
5,6,4587,861440.0,Power CZ3-23.1-22.15-21.5
5,6,4731,861619.0,Power CZ3-23.0-22.17-21.4
5,6,4805,862927.0,Power CZ3-23.1-22.16-21.4
5,6,4956,863106.0,Power CZ3-23.0-22.18-21.3
5,6,5033,864414.0,Power CZ3-23.1-22.17-21.3
5,6,5192,864593.0,Power CZ3-23.0-22.19-21.2
5,6,5272,865901.0,Power CZ3-23.1-22.18-21.2
5,6,5439,866753.0,Power CZ3-23.0-22.20-21.1
5,6,5523,867473.0,Power CZ3-23.1-22.19-21.1
5,6,5628,868781.0,Power CZ3-23.2-22.18-21.1
5,6,5698,868913.0,Power CZ3-23.0-22.21
5,6,5786,869633.0,Power CZ3-23.1-22.20
5,6,5896,870353.0,Power CZ3-23.2-22.19
5,6,5901,871427.0,Power CZ3-23.4-22.16-21.1
5,6,6028,871661.0,Power CZ3-23.3-22.18
5,6,6069,872765.0,Power CZ3-23.5-22.15-21.1
5,6,6182,872969.0,Power CZ3-23.4-22.17
5,6,6258,874109.0,Power CZ3-23.6-22.14-21.1
5,6,6358,874307.0,Power CZ3-23.5-22.16
5,6,6395,875261.0,Power CZ3-23.8-22.11-21.2
5,6,6468,875453.0,Power CZ3-23.7-22.13-21.1
5,6,6556,875645.0,Power CZ3-23.6-22.15
5,6,6583,876462.0,Power CZ3-23.10-22.8-21.3
5,6,6636,876605.0,Power CZ3-23.9-22.10-21.2
5,6,6699,876797.0,Power CZ3-23.8-22.12-21.1
5,6,6776,876989.0,Power CZ3-23.7-22.14
5,6,6783,877634.0,Power CZ3-23.13-22.3-21.5
5,6,6814,877693.0,Power CZ3-23.12-22.5-21.4
5,6,6851,877806.0,Power CZ3-23.11-22.7-21.3
5,6,6896,877949.0,Power CZ3-23.10-22.9-21.2
5,6,6951,878141.0,Power CZ3-23.9-22.11-21.1
5,6,7018,878333.0,Power CZ3-23.8-22.13
5,6,7058,878997.0,Power CZ3-23.15-22.0-21.6
5,6,7080,879032.0,Power CZ3-23.14-22.2-21.5
5,6,7106,879067.0,Power CZ3-23.13-22.4-21.4
5,6,7138,879150.0,Power CZ3-23.12-22.6-21.3
5,6,7177,879293.0,Power CZ3-23.11-22.8-21.2
5,6,7224,879485.0,Power CZ3-23.10-22.10-21.1
5,6,7282,879677.0,Power CZ3-23.9-22.12
5,6,7308,880244.0,Power CZ3-23.14-22.6-18.1
5,6,7394,880430.0,Power CZ3-23.15-22.1-21.5
5,6,7417,880465.0,Power CZ3-23.14-22.3-21.4
5,6,7444,880524.0,Power CZ3-23.13-22.5-21.3
5,6,7477,880637.0,Power CZ3-23.12-22.7-21.2
5,6,7518,880829.0,Power CZ3-23.11-22.9-21.1
5,6,7568,881021.0,Power CZ3-23.10-22.11
5,6,7581,881549.0,Power CZ3-23.18-19.1-19.1-21.1
5,6,7632,881618.0,Power CZ3-23.15-22.5-18.1
5,6,7726,881828.0,Power CZ3-23.16-22.0-21.5
5,6,7746,881863.0,Power CZ3-23.15-22.2-21.4
5,6,7770,881898.0,Power CZ3-23.14-22.4-21.3
5,6,7798,881981.0,Power CZ3-23.13-22.6-21.2
5,6,7833,882173.0,Power CZ3-23.12-22.8-21.1
5,6,7876,882365.0,Power CZ3-23.11-22.10
5,6,7938,882824.0,Power CZ3-23.18-18.1-21.1-21.1
5,6,7974,882992.0,Power CZ3-23.16-22.4-18.1
5,6,7980,883057.0,Power CZ3-23.18-19.1-20.1-21.1
5,6,8000,883127.0,Power CZ3-23.18-20.1-20.1-20.1
5,6,8093,883261.0,Power CZ3-23.16-22.1-21.4
5,6,8114,883296.0,Power CZ3-23.15-22.3-21.3
5,6,8139,883355.0,Power CZ3-23.14-22.5-21.2
5,6,8169,883517.0,Power CZ3-23.13-22.7-21.1
5,6,8206,883709.0,Power CZ3-23.12-22.9
5,6,8211,884016.0,Power CZ3-23.19-17.1-21.1
5,6,8228,884100.0,Power CZ3-23.18-22.2-17.1
5,6,8280,884266.0,Power CZ3-23.19-18.1-20.1
5,6,8316,884306.0,Power CZ3-23.18-18.1-21.1-22.1
5,6,8334,884390.0,Power CZ3-23.17-22.3-18.1
5,6,8379,884495.0,Power CZ3-23.18-19.1-21.1-21.1
5,6,8400,884565.0,Power CZ3-23.18-20.1-20.1-21.1
5,6,8459,884659.0,Power CZ3-23.17-22.0-21.4
5,6,8478,884694.0,Power CZ3-23.16-22.2-21.3
5,6,8500,884729.0,Power CZ3-23.15-22.4-21.2
5,6,8526,884861.0,Power CZ3-23.14-22.6-21.1
5,6,8558,885053.0,Power CZ3-23.13-22.8
5,6,8602,885498.0,Power CZ3-23.19-17.1-22.1
5,6,8694,885704.0,Power CZ3-23.19-18.1-21.1
5,6,8712,885788.0,Power CZ3-23.18-22.2-18.1
5,6,8740,885937.0,Power CZ3-23.19-19.1-20.1
5,6,8778,885977.0,Power CZ3-23.18-19.1-21.1-22.1
5,6,8820,886003.0,Power CZ3-23.18-20.1-21.1-21.1
5,6,8861,886092.0,Power CZ3-23.17-22.1-21.3
5,6,8881,886127.0,Power CZ3-23.16-22.3-21.2
5,6,8904,886235.0,Power CZ3-23.15-22.5-21.1
5,6,8932,886397.0,Power CZ3-23.14-22.7
5,6,8993,886896.0,Power CZ3-23.20-17.1
5,6,9108,887186.0,Power CZ3-23.19-18.1-22.1
5,6,9177,887375.0,Power CZ3-23.19-19.1-21.1
5,6,9200,887445.0,Power CZ3-23.19-20.1-20.1
5,6,9240,887485.0,Power CZ3-23.18-20.1-21.1-22.1
5,6,9261,887490.0,Power CZ3-23.18-22.0-21.3
5,6,9282,887525.0,Power CZ3-23.17-22.2-21.2
5,6,9303,887609.0,Power CZ3-23.16-22.4-21.1
5,6,9328,887741.0,Power CZ3-23.15-22.6
5,6,9522,888584.0,Power CZ3-23.20-18.1
5,6,9614,888857.0,Power CZ3-23.19-19.1-22.1
5,6,9660,888883.0,Power CZ3-23.19-20.1-21.1
5,6,9702,888923.0,Power CZ3-23.18-22.1-21.2
5,6,9723,889007.0,Power CZ3-23.17-22.3-21.1
5,6,9746,889115.0,Power CZ3-23.16-22.5
5,6,10000,890255.0,Power CZ3-23.20-19.1
6,6,7,46656.0,composition
6,6,8,70761.0,orthogonal array fuse postop NCK
6,6,9,106471.0,Torres-Jimenez
6,6,10,131742.0,MIPOG (Younis) postop NCK
6,6,11,157440.0,Martirosyan-TVT postop NCK
6,6,12,183244.0,Martirosyan-TVT postop NCK
6,6,13,210598.0,Martirosyan-TVT postop NCK
6,6,14,235561.0,Martirosyan-TVT postop NCK
6,6,15,261440.0,Martirosyan-TVT postop NCK
6,6,16,286636.0,Martirosyan-TVT postop NCK
6,6,17,350537.0,4-Restricted SCPHF RE (CL) fuse
6,6,18,352943.0,CPHF IPO 3 (WCS) fuse
6,6,20,436973.0,"5,5-Restricted SCPHF RE (CL) fuse"
6,6,21,453773.0,5-Restricted SCPHF RE (CL) fuse
6,6,22,468179.0,4-Restricted SCPHF RE (CL) fuse
6,6,23,470573.0,SCPHF Random Extension (CLS) fuse
6,6,25,470591.0,CPHF IPO 4 (WCS) fuse
6,6,26,537396.0,Two-stage (Sarkar-Colbourn)
6,6,27,548781.0,Two-stage (Sarkar-Colbourn)
6,6,29,585821.0,4-Restricted SCPHF RE (CL) fuse
6,6,31,587879.0,3-Restricted SCPHF RE (CL) fuse
6,6,34,588239.0,CPHF IPO 5 (WCS) fuse
6,6,36,672257.0,"5,5-Restricted SCPHF RE (CL) fuse"
6,6,38,689057.0,5-Restricted SCPHF RE (CL) fuse
6,6,39,705521.0,3-Restricted SCPHF RE (CL) fuse
6,6,40,705815.0,2-Restricted SCPHF RE (CL) fuse
6,6,41,705857.0,SCPHF Random Extension (CLS) fuse
6,6,49,705887.0,CPHF IPO 6 (WCS) fuse
6,6,51,821105.0,4-Restricted SCPHF RE (CL) fuse
6,6,52,823163.0,3-Restricted SCPHF RE (CL) fuse
6,6,55,823457.0,2-Restricted SCPHF RE (CL) fuse
6,6,67,823535.0,CPHF IPO 7 (WCS) fuse
6,6,68,924341.0,5-Restricted SCPHF RE (CL) fuse
6,6,70,938747.0,4-Restricted SCPHF RE (CL) fuse
6,6,75,940805.0,3-Restricted SCPHF RE (CL) fuse
6,6,76,941099.0,2-Restricted SCPHF RE (CL) fuse
6,6,93,941183.0,CPHF IPO 8 (WCS) fuse
6,6,95,1056389.0,4-Restricted SCPHF RE (CL) fuse
6,6,101,1058447.0,3-Restricted SCPHF RE (CL) fuse
6,6,103,1058741.0,2-Restricted SCPHF RE (CL) fuse
6,6,106,1126025.0,"5,5,5-Restricted SCPHF RE (CL) fuse"
6,6,116,1142825.0,"5,5-Restricted SCPHF RE (CL) fuse"
6,6,127,1159625.0,5-Restricted SCPHF RE (CL) fuse
6,6,132,1174031.0,4-Restricted SCPHF RE (CL) fuse
6,6,135,1176089.0,3-Restricted SCPHF RE (CL) fuse
6,6,138,1176383.0,2-Restricted SCPHF RE (CL) fuse
6,6,140,1176425.0,SCPHF Random Extension (CLS) fuse
6,6,193,1294067.0,SCPHF Random Extension (CLS) fuse
6,6,195,1294127.0,CPHF Random Extension (CLS) fuse
6,6,244,1411709.0,SCPHF Random Extension (CLS) fuse
6,6,245,1888349.0,Add 1 factors
6,6,246,2101829.0,Add 2 factors
6,6,247,2526905.0,Add 3 factors
6,6,249,2527986.0,Add 5 factors
6,6,250,2614426.0,Add 6 factors
6,6,251,2828999.0,Add 7 factors
6,6,252,3305639.0,Add 7 factors
6,6,253,3525599.0,Add 2 factors
6,6,254,3655167.0,Add 5 factors
6,6,255,3741607.0,Add 5 factors
6,6,256,3829390.0,Add 6 factors
6,6,257,4043963.0,Add 6 factors
6,6,258,4258931.0,Add 7 factors
6,6,259,4735571.0,Add 7 factors
6,6,260,4868788.0,Add 5 factors
6,6,261,4956571.0,Add 6 factors
6,6,262,5044354.0,Add 6 factors
6,6,263,5060446.0,Martirosyan-TVT variant
6,6,264,5062010.0,Martirosyan-TVT
6,6,265,5079418.0,Martirosyan-TVT variant
6,6,268,5110752.0,Martirosyan-TVT
6,6,269,5116239.0,Martirosyan-TVT variant
6,6,270,5121726.0,Martirosyan-TVT
6,6,271,5123880.0,Martirosyan-TVT variant
6,6,272,5125740.0,Martirosyan-TVT
6,6,273,5129088.0,Martirosyan-TVT variant
6,6,274,5132436.0,Martirosyan-TVT
6,6,275,5135133.0,Martirosyan-TVT variant
6,6,276,5137830.0,Martirosyan-TVT
6,6,277,5140197.0,Martirosyan-TVT variant
6,6,278,5142522.0,Martirosyan-TVT
6,6,279,5145219.0,Martirosyan-TVT variant
6,6,280,5147916.0,Martirosyan-TVT
6,6,305,5176264.0,"perfect hash family4,305,193"
6,6,307,5176504.0,"perfect hash family4,307,195"
6,6,337,5529190.0,"perfect hash family4,388,244T51"
6,6,339,5529250.0,"perfect hash family4,388,244T49"
6,6,388,5646832.0,"perfect hash family4,388,244"
6,6,390,5786501.0,Martirosyan-Colbourn
6,6,402,5914373.0,Martirosyan-Colbourn
6,6,410,5915843.0,Martirosyan-Colbourn
6,6,418,5916053.0,Martirosyan-Colbourn
6,6,488,5916293.0,Martirosyan-Colbourn
6,6,490,6392933.0,Martirosyan-Colbourn
6,6,492,6606413.0,Martirosyan-Colbourn
6,6,494,7031489.0,Martirosyan-Colbourn
6,6,498,7032570.0,Martirosyan-Colbourn
6,6,556,7058540.0,"perfect hash family5,556,244"
6,6,575,7529422.0,Power CT25^2T2
6,6,625,7529440.0,Power CT25^2
6,6,626,8006080.0,Add 1 factors
6,6,627,8265280.0,Add 2 factors
6,6,628,8352606.0,"perfect hash family6,730,244T51"
6,6,632,8352666.0,"perfect hash family6,730,244T49"
6,6,730,8470248.0,"perfect hash family6,730,244"
6,6,775,8700882.0,Power N-CT31^2T6
6,6,783,8750260.0,Power N-CT29^2T2
6,6,806,8767687.0,Power N-CT31^2T5
6,6,837,8779072.0,Power N-CT31^2T4
6,6,841,8787300.0,Power N-CT29^2
6,6,899,8816112.0,Power N-CT31^2T2
6,6,961,8818170.0,Power N-CT31^2
6,6,964,8823570.0,Power N-CT31^2+3
6,6,965,9300210.0,Add 1 factors
6,6,992,9411448.0,Power CT32^2T1
6,6,1026,9411808.0,Power CT32^2+2
6,6,1075,9629948.0,"Power N-CT41^2Trin3,7,7"
6,6,1102,9646412.0,"Power N-CT41^2Trin2,7,7"
6,6,1129,9646706.0,"Power N-CT41^2Trin1,7,7"
6,6,1156,9646748.0,Power N-CT41^2T7T7
6,6,1175,9647108.0,Power N-CT47^2T22
6,6,1222,9713913.0,Power N-CT47^2T21
6,6,1269,9725298.0,Power N-CT47^2T20
6,6,1292,9747566.0,Power N-CT41^2T7T3
6,6,1363,9762338.0,Power N-CT47^2T18
6,6,1394,9764366.0,Power N-CT41^2T7
6,6,1457,9764396.0,Power N-CT47^2T16
6,6,1598,9764756.0,Power N-CT47^2T13
6,6,1692,9848774.0,Power N-CT47^2T11
6,6,1786,9865574.0,Power N-CT47^2T9
6,6,1833,9882038.0,Power N-CT47^2T8
6,6,1880,9882332.0,Power N-CT47^2T7
6,6,1927,9882374.0,Power N-CT47^2T6
6,6,2211,9882404.0,Power N-CT47^2+2
6,6,2212,10359044.0,Add 1 factors
6,6,2213,10732184.0,Add 2 factors
6,6,2221,11175674.0,"Power N-CT53^2Trin4,4,4"
6,6,2311,11290892.0,"Power N-CT53^2Trin2,4,4"
6,6,2356,11292950.0,"Power N-CT53^2Trin1,4,4"
6,6,2401,11293244.0,Power N-CT53^2T4T4
6,6,2412,11378198.0,Power N-CT67^2T31
6,6,2546,11394998.0,Power N-CT67^2T29
6,6,2548,11410520.0,Power N-CT53^2T4T1
6,6,2597,11410814.0,Power N-CT53^2T4
6,6,2613,11411462.0,Power N-CT67^2T28
6,6,2695,11411750.0,Power N-CT59^2T10T4
6,6,2747,11411798.0,Power N-CT67^2T26
6,6,3283,11411828.0,Power N-CT67^2T18
6,6,3417,11527046.0,Power N-CT67^2T16
6,6,3484,11529104.0,Power N-CT67^2T15
6,6,3685,11529398.0,Power N-CT67^2T12
6,6,4489,11529476.0,Power N-CT67^2
6,6,4556,12096718.0,Power N-CT73^2T6T5
6,6,4690,12111124.0,Power N-CT73^2T6T3
6,6,4891,12113182.0,Power N-CT73^2T6
6,6,5025,12117340.0,Power N-CT79^2T12T4
6,6,5092,12117634.0,Power N-CT79^2T12T3
6,6,5963,12117718.0,Power N-CT89^2T22
6,6,6052,12218524.0,Power N-CT89^2T21
6,6,6230,12232930.0,Power N-CT89^2T19
6,6,6675,12234988.0,Power N-CT89^2T14
6,6,6764,12235282.0,Power N-CT89^2T13
6,6,7925,12235366.0,"perfect hash family13,7925,93"
6,6,7926,13070836.0,Add 1 factors
6,6,8293,13408006.0,"Power N-CT97^2Trin4,4,4"
6,6,8471,13523212.0,"Power N-CT97^2Trin2,4,4"
6,6,8649,13525270.0,Power N-CT97^2T4T4
6,6,8653,13638418.0,"Power N-CT97^2Trin2,2,4"
6,6,8835,13640476.0,Power N-CT97^2T4T2
6,6,9393,13642534.0,Power N-CT101^2T8
6,6,9579,13646062.0,"perfect hash family13,10609,103T10"
6,6,9595,13757740.0,Power N-CT101^2T6
6,6,10000,13759798.0,Power N-CT101^2
2,7,8,49.0,orthogonal array
2,7,9,59.0,simulated annealing (CKRS)
2,7,10,61.0,Fix 1 symbols (Meagher-Stevens)
2,7,11,65.0,simulated annealing (Torres-Jimenez)
2,7,13,71.0,Fix 2 symbols (LCDST) postop NCK
2,7,14,76.0,Fix 2 symbols (LCDST) postop NCK
2,7,15,79.0,Fix 2 symbols (LCDST) postop TJ-SA
2,7,17,82.0,Fix 3 symbols (LCDST) postop TJ-SA
2,7,18,85.0,simulated annealing (Torres-Jimenez)
2,7,19,86.0,simulated annealing (Torres-Jimenez)
2,7,22,87.0,"cover starter (Colbourn,Torres-Jimenez)"
2,7,29,88.0,"cover starter (Colbourn,Torres-Jimenez)"
2,7,63,91.0,PCAx2PCA
2,7,64,96.0,Direct product
2,7,71,101.0,PCAx2PCA
2,7,72,102.0,simulated annealing (Torres-Jimenez)
2,7,79,103.0,PCAx2PCA
2,7,80,105.0,Direct product
2,7,87,107.0,PCAx2PCA
2,7,88,109.0,PCAx2PCA
2,7,91,111.0,Direct product generalized
2,7,100,113.0,simulated annealing (Torres-Jimenez)
2,7,101,115.0,PCAx2PCA
2,7,103,116.0,PCAx2PCA
2,7,104,117.0,Direct product
2,7,108,118.0,PCAx2PCA
2,7,109,119.0,PCAxPCA
2,7,111,120.0,PCAx2PCA
2,7,114,121.0,PCAx2PCA
2,7,115,122.0,PCAx2PCA
2,7,120,123.0,PCAxPCA
2,7,128,124.0,PCAx2PCA
2,7,130,125.0,Direct product generalized
2,7,131,126.0,PCAx2PCA
2,7,135,127.0,PCAx2PCA
2,7,142,128.0,PCAx2PCA
2,7,176,129.0,Direct product
2,7,219,130.0,PCAx2PCA
2,7,497,133.0,PCAx2PCA
2,7,504,138.0,PCAx2PCA
2,7,521,140.0,simulated annealing (Torres-Jimenez)
2,7,560,143.0,PCAx2PCA
2,7,568,144.0,PCAx2PCA
2,7,625,145.0,PCAx2PCA
2,7,632,146.0,Direct product
2,7,640,147.0,Direct product
2,7,689,149.0,PCAx2PCA
2,7,693,151.0,Direct product
2,7,696,152.0,simulated annealing (Torres-Jimenez)
2,7,728,153.0,Direct product generalized
2,7,800,155.0,Direct product
2,7,812,158.0,PCAx2PCA
2,7,822,159.0,Direct product generalized
2,7,859,160.0,PCAx2PCA
2,7,863,161.0,PCAx2PCA
2,7,900,162.0,Direct product
2,7,903,163.0,PCAx2PCA
2,7,920,164.0,Direct product
2,7,957,165.0,Direct product generalized
2,7,1030,166.0,Direct product generalized
2,7,1040,167.0,Direct product
2,7,1071,169.0,PCAx2PCA
2,7,1136,170.0,Direct product
2,7,1386,171.0,Direct product
2,7,1736,172.0,PCAx2PCA
2,7,3927,175.0,PCAx2PCA
2,7,3976,180.0,PCAx2PCA
2,7,4154,182.0,PCAx2PCA
2,7,4424,185.0,PCAxPCA
2,7,4480,186.0,PCAx2PCA
2,7,4928,187.0,PCAx2PCA
2,7,4984,188.0,simulated annealing (Torres-Jimenez)
2,7,5056,189.0,PCAx2PCA
2,7,5432,191.0,PCAx2PCA
2,7,5467,193.0,Direct product
2,7,5552,194.0,PCAx2PCA
2,7,5824,195.0,PCAx2PCA
2,7,6328,197.0,PCAx2PCA
2,7,6412,200.0,PCAxPCA
2,7,6491,201.0,Direct product generalized
2,7,6797,202.0,PCAx2PCA
2,7,6824,203.0,PCAxPCA
2,7,7119,204.0,PCAx2PCA
2,7,7161,205.0,PCAxPCA
2,7,7280,206.0,PCAx2PCA
2,7,7520,207.0,PCAx2PCA
2,7,8120,208.0,PCAx2PCA
2,7,8190,209.0,Direct product
2,7,8204,210.0,PCAxPCA
2,7,8505,211.0,PCAxPCA
2,7,9016,212.0,PCAx2PCA
2,7,10934,213.0,Direct product
2,7,13776,214.0,PCAxPCA
2,7,20000,217.0,Direct product
3,7,8,343.0,orthogonal array
3,7,9,472.0,simulated annealing (CKRS)
3,7,10,479.0,simulated annealing (CKRS)
3,7,16,637.0,Chateauneuf-Kreher doubling
3,7,45,679.0,SCPHF LFSR (TJ-IM)
3,7,57,685.0,Raaphorst-Moura-Stevens
3,7,58,979.0,Add a factor
3,7,64,1014.0,SCPHF Conditional Expectation (CLS) fuse
3,7,90,1015.0,SCPHF Sim Annealing (TJ-IM)
3,7,94,1027.0,CPHF Sim Annealing (TJ-IM)
3,7,170,1183.0,Cyclotomy (Torres-Jimenez)
3,7,183,1309.0,Path-Restricted SCPHF RE (CLS)
3,7,227,1351.0,SCPHF Conditional Expectation (CLS)
3,7,237,1369.0,CPHF Sim Annealing (TJ-IM)
3,7,315,1519.0,Colbourn-Martirosyan-TVT-Walker
3,7,316,1524.0,Cohen-Colbourn-Ling
3,7,399,1525.0,Colbourn-Martirosyan-TVT-Walker
3,7,400,1566.0,Cohen-Colbourn-Ling
3,7,440,1645.0,"Restricted CPHF Ext  5( 1, 5) WCS"
3,7,446,1651.0,"Restricted CPHF Ext  5( 1, 4) WCS"
3,7,451,1657.0,"Restricted CPHF Ext  5( 1, 3) WCS"
3,7,456,1663.0,"Restricted CPHF Ext  5( 1, 2) WCS"
3,7,560,1687.0,"Restricted CPHF Ext  5( 0, 5) WCS"
3,7,567,1693.0,"Restricted CPHF Ext  5( 0, 4) WCS"
3,7,577,1699.0,"Restricted CPHF Ext  5( 0, 3) WCS"
3,7,585,1705.0,"Restricted CPHF Ext  5( 0, 2) WCS"
3,7,600,1711.0,"Restricted CPHF Ext  5( 0, 0) WCS"
3,7,695,1855.0,"Restricted CPHF Ext  6( 4, 6) WCS"
3,7,829,1897.0,"Restricted CPHF Ext  6( 3, 6) WCS"
3,7,837,1903.0,"Restricted CPHF Ext  6( 3, 5) WCS"
3,7,851,1909.0,"Restricted CPHF Ext  6( 3, 4) WCS"
3,7,1002,1939.0,"Restricted CPHF Ext  6( 2, 6) WCS"
3,7,1015,1945.0,"Restricted CPHF Ext  6( 2, 5) WCS"
3,7,1026,1951.0,"Restricted CPHF Ext  6( 2, 4) WCS"
3,7,1037,1957.0,"Restricted CPHF Ext  6( 2, 3) WCS"
3,7,1151,1981.0,"Restricted CPHF Ext  6( 1, 6) WCS"
3,7,1168,1987.0,"Restricted CPHF Ext  6( 1, 5) WCS"
3,7,1185,1993.0,"Restricted CPHF Ext  6( 1, 4) WCS"
3,7,1204,1999.0,"Restricted CPHF Ext  6( 1, 3) WCS"
3,7,1214,2005.0,"Restricted CPHF Ext  6( 1, 2) WCS"
3,7,1473,2023.0,"Restricted CPHF Ext  6( 0, 6) WCS"
3,7,1504,2029.0,"Restricted CPHF Ext  6( 0, 5) WCS"
3,7,1517,2035.0,"Restricted CPHF Ext  6( 0, 4) WCS"
3,7,1534,2041.0,"Restricted CPHF Ext  6( 0, 3) WCS"
3,7,1556,2047.0,"Restricted CPHF Ext  6( 0, 2) WCS"
3,7,1594,2053.0,"Restricted CPHF Ext  6( 0, 0) WCS"
3,7,1739,2191.0,"Restricted CPHF Ext  7( 4, 7) WCS"
3,7,1786,2197.0,"Restricted CPHF Ext  7( 4, 6) WCS"
3,7,1816,2203.0,"Restricted CPHF Ext  7( 4, 5) WCS"
3,7,2077,2233.0,"Restricted CPHF Ext  7( 3, 7) WCS"
3,7,2117,2239.0,"Restricted CPHF Ext  7( 3, 6) WCS"
3,7,2159,2245.0,"Restricted CPHF Ext  7( 3, 5) WCS"
3,7,2180,2251.0,"Restricted CPHF Ext  7( 3, 4) WCS"
3,7,2448,2275.0,"Restricted CPHF Ext  7( 2, 7) WCS"
3,7,2483,2281.0,"Restricted CPHF Ext  7( 2, 6) WCS"
3,7,2530,2287.0,"Restricted CPHF Ext  7( 2, 5) WCS"
3,7,2565,2293.0,"Restricted CPHF Ext  7( 2, 4) WCS"
3,7,2614,2299.0,"Restricted CPHF Ext  7( 2, 3) WCS"
3,7,2814,2317.0,"Restricted CPHF Ext  7( 1, 7) WCS"
3,7,2874,2323.0,"Restricted CPHF Ext  7( 1, 6) WCS"
3,7,2901,2329.0,"Restricted CPHF Ext  7( 1, 5) WCS"
3,7,2949,2335.0,"Restricted CPHF Ext  7( 1, 4) WCS"
3,7,3003,2341.0,"Restricted CPHF Ext  7( 1, 3) WCS"
3,7,3040,2347.0,"Restricted CPHF Ext  7( 1, 2) WCS"
3,7,3739,2359.0,"Restricted CPHF Ext  7( 0, 7) WCS"
3,7,3753,2365.0,"Restricted CPHF Ext  7( 0, 6) WCS"
3,7,3767,2371.0,"Restricted CPHF Ext  7( 0, 5) WCS"
3,7,3805,2377.0,"Restricted CPHF Ext  7( 0, 4) WCS"
3,7,3853,2383.0,"Restricted CPHF Ext  7( 0, 3) WCS"
3,7,3928,2389.0,"Restricted CPHF Ext  7( 0, 2) WCS"
3,7,4113,2395.0,CPHF IPO 7 (WCS)
3,7,4255,2527.0,"Restricted CPHF Ext  8( 4, 8) WCS"
3,7,4286,2533.0,"Restricted CPHF Ext  8( 4, 7) WCS"
3,7,4381,2539.0,"Restricted CPHF Ext  8( 4, 6) WCS"
3,7,4539,2545.0,"Restricted CPHF Ext  8( 4, 5) WCS"
3,7,5005,2569.0,"Restricted CPHF Ext  8( 3, 8) WCS"
3,7,5068,2575.0,"Restricted CPHF Ext  8( 3, 7) WCS"
3,7,5126,2581.0,"Restricted CPHF Ext  8( 3, 6) WCS"
3,7,5239,2587.0,"Restricted CPHF Ext  8( 3, 5) WCS"
3,7,5358,2593.0,"Restricted CPHF Ext  8( 3, 4) WCS"
3,7,5893,2611.0,"Restricted CPHF Ext  8( 2, 8) WCS"
3,7,6012,2617.0,"Restricted CPHF Ext  8( 2, 7) WCS"
3,7,6065,2623.0,"Restricted CPHF Ext  8( 2, 6) WCS"
3,7,6251,2629.0,"Restricted CPHF Ext  8( 2, 5) WCS"
3,7,6351,2635.0,"Restricted CPHF Ext  8( 2, 4) WCS"
3,7,6505,2641.0,"Restricted CPHF Ext  8( 2, 3) WCS"
3,7,6802,2653.0,"Restricted CPHF Ext  8( 1, 8) WCS"
3,7,6856,2659.0,"Restricted CPHF Ext  8( 1, 7) WCS"
3,7,6972,2665.0,"Restricted CPHF Ext  8( 1, 6) WCS"
3,7,7169,2671.0,"Restricted CPHF Ext  8( 1, 5) WCS"
3,7,7351,2677.0,"Restricted CPHF Ext  8( 1, 4) WCS"
3,7,7357,2683.0,"Restricted CPHF Ext  8( 1, 3) WCS"
3,7,7480,2689.0,"Restricted CPHF Ext  8( 1, 2) WCS"
3,7,8924,2695.0,"Restricted CPHF Ext  8( 0, 8) WCS"
3,7,8952,2701.0,"Restricted CPHF Ext  8( 0, 7) WCS"
3,7,8989,2707.0,"Restricted CPHF Ext  8( 0, 6) WCS"
3,7,9060,2713.0,"Restricted CPHF Ext  8( 0, 5) WCS"
3,7,9152,2719.0,"Restricted CPHF Ext  8( 0, 4) WCS"
3,7,9211,2725.0,"Restricted CPHF Ext  8( 0, 3) WCS"
3,7,9382,2731.0,"Restricted CPHF Ext  8( 0, 2) WCS"
3,7,10000,2737.0,CPHF IPO 8 (WCS)
4,7,8,2401.0,orthogonal array
4,7,9,3569.0,orthogonal array fuse postop NCK
4,7,14,4459.0,3-Restricted SCPHF RE (CL)
4,7,17,4753.0,2-Restricted SCPHF RE (CL)
4,7,18,4795.0,SCPHF Tabu Search (Walker-Colbourn)
4,7,30,6853.0,3-Restricted SCPHF RE (CL)
4,7,33,7147.0,2-Restricted SCPHF RE (CL)
4,7,34,7189.0,SCPHF Random Extension (CLS)
4,7,45,8911.0,"3,3-Restricted SCPHF RE (CL)"
4,7,49,9205.0,"3,2-Restricted SCPHF RE (CL)"
4,7,52,9247.0,3-Restricted SCPHF RE (CL)
4,7,55,9499.0,"2,2-Restricted SCPHF RE (CL)"
4,7,56,9541.0,2-Restricted SCPHF RE (CL)
4,7,57,9583.0,SCPHF Random Extension (CLS)
4,7,64,9601.0,CPHF IPO 4 (WCS)
4,7,79,11305.0,"3,3-Restricted SCPHF RE (CL)"
4,7,84,11599.0,"3,2-Restricted SCPHF RE (CL)"
4,7,89,11641.0,3-Restricted SCPHF RE (CL)
4,7,99,11893.0,"2,2-Restricted SCPHF RE (CL)"
4,7,117,12001.0,CPHF IPO 5 (WCS)
4,7,119,13363.0,"3,3,3-Restricted SCPHF RE (CL)"
4,7,134,13699.0,"3,3-Restricted SCPHF RE (CL)"
4,7,144,13993.0,"3,2-Restricted SCPHF RE (CL)"
4,7,154,14035.0,3-Restricted SCPHF RE (CL)
4,7,163,14287.0,"2,2-Restricted SCPHF RE (CL)"
4,7,166,14329.0,2-Restricted SCPHF RE (CL)
4,7,174,14371.0,SCPHF Conditional Expectation (CLS)
4,7,225,14401.0,CPHF IPO 6 (WCS)
4,7,229,16387.0,"3,2-Restricted SCPHF RE (CL)"
4,7,243,16429.0,3-Restricted SCPHF RE (CL)
4,7,271,16681.0,"2,2-Restricted SCPHF RE (CL)"
4,7,276,16723.0,2-Restricted SCPHF RE (CL)
4,7,307,16765.0,SCPHF Conditional Expectation (CLS)
4,7,389,16801.0,CPHF IPO 7 (WCS)
4,7,392,18781.0,"3,2-Restricted SCPHF RE (CL)"
4,7,402,18823.0,3-Restricted SCPHF RE (CL)
4,7,459,19075.0,"2,2-Restricted SCPHF RE (CL)"
4,7,469,19117.0,2-Restricted SCPHF RE (CL)
4,7,479,19159.0,SCPHF Random Extension (CLS)
4,7,653,19201.0,CPHF IPO 8 (WCS)
4,7,662,21175.0,"3,2-Restricted SCPHF RE (CL)"
4,7,668,21217.0,3-Restricted SCPHF RE (CL)
4,7,751,21469.0,"2,2-Restricted SCPHF RE (CL)"
4,7,801,21511.0,2-Restricted SCPHF RE (CL)
4,7,818,21553.0,SCPHF Random Extension (CLS)
4,7,1136,21601.0,CPHF IPO 9 (WCS)
4,7,1182,23863.0,"2,2-Restricted SCPHF RE (CL)"
4,7,1349,23905.0,2-Restricted SCPHF RE (CL)
4,7,1359,23947.0,SCPHF Random Extension (CLS)
4,7,2065,24001.0,CPHF IPO 10 (WCS)
4,7,3493,26401.0,CPHF IPO 11 (WCS)
4,7,3494,33751.0,Add a factor
4,7,3495,35809.0,Add a factor
4,7,3542,41887.0,Colbourn-Martirosyan-TVT-Walker
4,7,3610,41923.0,Colbourn-Martirosyan-TVT-Walker
4,7,4114,42103.0,Colbourn-Martirosyan-TVT-Walker
4,7,4130,42139.0,Colbourn-Martirosyan-TVT-Walker
4,7,4193,43285.0,Colbourn-Martirosyan-TVT-Walker
4,7,4571,44149.0,Colbourn-Martirosyan-TVT-Walker
4,7,6344,44401.0,Cyclotomy (Colbourn)
4,7,6764,47341.0,Cyclotomy (Colbourn)
4,7,7014,47347.0,Colbourn-Martirosyan-TVT-Walker
4,7,7105,47383.0,Colbourn-Martirosyan-TVT-Walker
4,7,7182,47419.0,Colbourn-Martirosyan-TVT-Walker
4,7,7245,47455.0,Colbourn-Martirosyan-TVT-Walker
4,7,7952,47599.0,Colbourn-Martirosyan-TVT-Walker
4,7,8015,49861.0,Colbourn-Martirosyan-TVT-Walker
4,7,8169,49897.0,Colbourn-Martirosyan-TVT-Walker
4,7,8274,49933.0,Colbourn-Martirosyan-TVT-Walker
4,7,8295,49975.0,Colbourn-Martirosyan-TVT-Walker
4,7,8428,50011.0,Colbourn-Martirosyan-TVT-Walker
4,7,8498,50047.0,Colbourn-Martirosyan-TVT-Walker
4,7,9443,50155.0,Colbourn-Martirosyan-TVT-Walker
4,7,9513,50197.0,Colbourn-Martirosyan-TVT-Walker
4,7,10000,50251.0,Colbourn-Martirosyan-TVT-Walker
5,7,8,16807.0,orthogonal array
5,7,9,27639.0,orthogonal array fuse postop NCK
5,7,12,31213.0,4-Restricted SCPHF RE (CL)
5,7,14,33271.0,3-Restricted SCPHF RE (CL)
5,7,19,48013.0,4-Restricted SCPHF RE (CL)
5,7,21,50071.0,3-Restricted SCPHF RE (CL)
5,7,22,50419.0,CPHF Random Extension (CLS)
5,7,27,62419.0,"4,4-Restricted SCPHF RE (CL)"
5,7,28,64477.0,"4,3-restricted SCPHF RE (CL)"
5,7,29,64813.0,4-Restricted SCPHF RE (CL)
5,7,30,66829.0,"3,2-restricted SCPHF RE (CL)"
5,7,31,66871.0,3-Restricted SCPHF RE (CL)
5,7,34,67225.0,CPHF IPO 4 (WCS)
5,7,39,79219.0,"4,4-Restricted SCPHF RE (CL)"
5,7,42,81277.0,"4,3-restricted SCPHF RE (CL)"
5,7,43,81613.0,4-Restricted SCPHF RE (CL)
5,7,45,83335.0,"3,3-Restricted SCPHF RE (CL)"
5,7,47,83629.0,"3,2-restricted SCPHF RE (CL)"
5,7,52,84031.0,CPHF IPO 5 (WCS)
5,7,54,95683.0,SCPHF CLS - other
5,7,59,96019.0,"4,4-Restricted SCPHF RE (CL)"
5,7,61,98413.0,4-Restricted SCPHF RE (CL)
5,7,67,100471.0,3-Restricted SCPHF RE (CL)
5,7,68,100765.0,2-Restricted SCPHF RE (CL)
5,7,69,100807.0,SCPHF Random Extension (CLS)
5,7,78,100837.0,CPHF IPO 6 (WCS)
5,7,82,112819.0,"4,4-Restricted SCPHF RE (CL)"
5,7,93,115213.0,4-Restricted SCPHF RE (CL)
5,7,96,117271.0,3-Restricted SCPHF RE (CL)
5,7,99,117565.0,2-Restricted SCPHF RE (CL)
5,7,101,117607.0,SCPHF Random Extension (CLS)
5,7,118,117643.0,CPHF IPO 7 (WCS)
5,7,121,129619.0,"4,4-Restricted SCPHF RE (CL)"
5,7,132,132013.0,4-Restricted SCPHF RE (CL)
5,7,140,134071.0,3-Restricted SCPHF RE (CL)
5,7,148,134365.0,2-Restricted SCPHF RE (CL)
5,7,149,134407.0,SCPHF Random Extension (CLS)
5,7,188,134449.0,CPHF IPO 8 (WCS)
5,7,195,148813.0,4-Restricted SCPHF RE (CL)
5,7,201,150871.0,3-Restricted SCPHF RE (CL)
5,7,205,151165.0,2-Restricted SCPHF RE (CL)
5,7,209,151207.0,SCPHF Random Extension (CLS)
5,7,277,151255.0,CPHF IPO 9 (WCS)
5,7,284,165613.0,4-Restricted SCPHF RE (CL)
5,7,315,167671.0,3-Restricted SCPHF RE (CL)
5,7,318,168061.0,CPHF Random Extension (CLS)
5,7,341,177625.0,"4,4,4-Restricted SCPHF RE (CL)"
5,7,361,180019.0,"4,4-Restricted SCPHF RE (CL)"
5,7,418,182413.0,4-Restricted SCPHF RE (CL)
5,7,447,184471.0,3-Restricted SCPHF RE (CL)
5,7,451,184765.0,2-Restricted SCPHF RE (CL)
5,7,454,184807.0,SCPHF Random Extension (CLS)
5,7,455,184867.0,CPHF Random Extension (CLS)
5,7,495,194425.0,"4,4,4-Restricted SCPHF RE (CL)"
5,7,546,196819.0,"4,4-Restricted SCPHF RE (CL)"
5,7,592,199213.0,4-Restricted SCPHF RE (CL)
5,7,628,201271.0,3-Restricted SCPHF RE (CL)
5,7,660,201565.0,2-Restricted SCPHF RE (CL)
5,7,661,201607.0,SCPHF Random Extension (CLS)
5,7,679,211225.0,"4,4,4-Restricted SCPHF RE (CL)"
5,7,702,213619.0,"4,4-Restricted SCPHF RE (CL)"
5,7,703,293293.0,Add 1 factors
5,7,704,338275.0,Add 2 factors
5,7,705,352681.0,Add 3 factors
5,7,709,367087.0,Add 7 factors
5,7,749,384950.0,"4,4-Restricted SCPHF RE (CL) fuse"
5,7,812,389038.0,4-Restricted SCPHF RE (CL) fuse
5,7,813,468712.0,Add 1 factors
5,7,814,515164.0,Add 2 factors
5,7,815,529570.0,Add 3 factors
5,7,836,532160.0,Martirosyan-Colbourn
5,7,894,534218.0,Martirosyan-Colbourn
5,7,902,534512.0,Martirosyan-Colbourn
5,7,908,534554.0,Martirosyan-Colbourn
5,7,910,534614.0,Martirosyan-Colbourn
5,7,918,544172.0,Martirosyan-Colbourn
5,7,938,544424.0,Martirosyan-Colbourn
5,7,958,544676.0,Martirosyan-Colbourn
5,7,990,544928.0,Martirosyan-Colbourn
5,7,1092,547322.0,Martirosyan-Colbourn
5,7,1184,549716.0,Martirosyan-Colbourn
5,7,1256,551774.0,Martirosyan-Colbourn
5,7,1306,552068.0,Martirosyan-Colbourn
5,7,1320,563912.0,Martirosyan-Colbourn
5,7,1322,563954.0,Martirosyan-Colbourn
5,7,1324,573572.0,Martirosyan-Colbourn
5,7,1336,573824.0,Martirosyan-Colbourn
5,7,1358,575336.0,Martirosyan-Colbourn
5,7,1404,577730.0,Martirosyan-Colbourn
5,7,1406,657404.0,Martirosyan-Colbourn
5,7,1408,702386.0,Martirosyan-Colbourn
5,7,1410,716792.0,Martirosyan-Colbourn
5,7,1428,719784.0,Power N-CT43^2T9T1
5,7,1462,720120.0,Power N-CT43^2T9
5,7,1521,727368.0,Power N-CT41^2T2T2
5,7,1599,729426.0,Power N-CT41^2T2
5,7,1600,731442.0,Power N-CT43^2Arc(2)T4
5,7,1682,731484.0,Power N-CT41^2+1
5,7,1683,733164.0,Power N-CT43^2Arc(4)
5,7,1723,733500.0,Power N-CT43^2Arc(3)
5,7,1764,733836.0,Power N-CT43^2T1T1
5,7,1806,734172.0,Power N-CT43^2T1
5,7,1849,734508.0,Power N-CT43^2
5,7,1884,741864.0,Power N-CT53^2Arc(9)T11
5,7,1928,742200.0,Power N-CT53^2Arc(9)T10
5,7,2016,743922.0,Power N-CT53^2Arc(9)T8
5,7,2104,744216.0,Power N-CT53^2Arc(9)T6
5,7,2280,744618.0,Power N-CT53^2Arc(9)T2
5,7,2368,756270.0,Power N-CT53^2Arc(9)
5,7,2413,767922.0,Power N-CT53^2Arc(8)
5,7,2459,779574.0,Power N-CT53^2Arc(7)
5,7,2506,791226.0,Power N-CT53^2Arc(6)
5,7,2730,800628.0,"perfect hash family4,3125,625T79"
5,7,2960,803022.0,"perfect hash family4,3125,625T33"
5,7,3125,805080.0,"perfect hash family4,3125,625"
5,7,3186,863826.0,Power N-CT59^2T5
5,7,3481,864162.0,Power N-CT59^2
5,7,3676,878736.0,Power N-CT79^2Arc(9)T27
5,7,3721,885708.0,Power N-CT61^2
5,7,3816,890388.0,Power N-CT79^2Arc(9)T25
5,7,4166,890724.0,Power N-CT79^2Arc(9)T20
5,7,4306,893118.0,Power N-CT79^2Arc(9)T18
5,7,4726,895176.0,Power N-CT79^2Arc(9)T12
5,7,4796,895470.0,Power N-CT79^2Arc(9)T11
5,7,4866,895512.0,Power N-CT79^2Arc(9)T10
5,7,5426,895542.0,Power N-CT79^2Arc(9)T2
5,7,5566,907524.0,Power N-CT79^2Arc(9)
5,7,5637,919506.0,Power N-CT79^2Arc(8)
5,7,5709,931488.0,Power N-CT79^2Arc(7)
5,7,5782,943470.0,Power N-CT79^2Arc(6)
5,7,5856,955452.0,Power N-CT79^2Arc(5)
5,7,5931,967434.0,Power N-CT79^2Arc(4)
5,7,6007,979416.0,Power N-CT79^2Arc(3)
5,7,6084,991398.0,Power N-CT79^2T1T1
5,7,6162,1003380.0,Power N-CT79^2T1
5,7,6168,1012956.0,Power N-CT83^2Arc(4)T5
5,7,6243,1015350.0,Power N-CT83^2Arc(3)T5
5,7,6244,1015362.0,Power N-CT79^2+3
5,7,6319,1017744.0,Power N-CT83^2Arc(2)T5
5,7,6396,1020138.0,Power N-CT83^2T5T1
5,7,6942,1022532.0,Power N-CT89^2T11
5,7,7298,1034514.0,Power N-CT89^2T7
5,7,7925,1036908.0,"perfect hash family9,7925,93"
5,7,8814,1041972.0,"perfect hash family9,12769,113T35"
5,7,9266,1053954.0,"perfect hash family9,12769,113T31"
5,7,9393,1056060.0,Power N-CT101^2T8
5,7,10000,1056348.0,"perfect hash family9,11881,109T16"
6,7,8,117649.0,orthogonal array
6,7,9,190715.0,orthogonal array fuse postop NCK
6,7,11,218491.0,5-Restricted SCPHF RE (CL)
6,7,13,232897.0,4-Restricted SCPHF RE (CL)
6,7,15,336133.0,5-Restricted SCPHF RE (CL)
6,7,17,350539.0,4-Restricted SCPHF RE (CL)
6,7,18,352945.0,CPHF IPO 3 (WCS)
6,7,20,436975.0,"5,5-Restricted SCPHF RE (CL)"
6,7,21,453775.0,5-Restricted SCPHF RE (CL)
6,7,22,468181.0,4-Restricted SCPHF RE (CL)
6,7,23,470575.0,SCPHF Random Extension (CLS)
6,7,25,470593.0,CPHF IPO 4 (WCS)
6,7,27,554617.0,"5,5-Restricted SCPHF RE (CL)"
6,7,29,585823.0,4-Restricted SCPHF RE (CL)
6,7,31,587881.0,3-Restricted SCPHF RE (CL)
6,7,34,588241.0,CPHF IPO 5 (WCS)
6,7,36,672259.0,"5,5-Restricted SCPHF RE (CL)"
6,7,38,689059.0,5-Restricted SCPHF RE (CL)
6,7,39,705523.0,3-Restricted SCPHF RE (CL)
6,7,40,705817.0,2-Restricted SCPHF RE (CL)
6,7,41,705859.0,SCPHF Random Extension (CLS)
6,7,49,705889.0,CPHF IPO 6 (WCS)
6,7,51,821107.0,4-Restricted SCPHF RE (CL)
6,7,52,823165.0,3-Restricted SCPHF RE (CL)
6,7,55,823459.0,2-Restricted SCPHF RE (CL)
6,7,67,823537.0,CPHF IPO 7 (WCS)
6,7,68,924343.0,5-Restricted SCPHF RE (CL)
6,7,70,938749.0,4-Restricted SCPHF RE (CL)
6,7,75,940807.0,3-Restricted SCPHF RE (CL)
6,7,76,941101.0,2-Restricted SCPHF RE (CL)
6,7,93,941185.0,CPHF IPO 8 (WCS)
6,7,95,1056391.0,4-Restricted SCPHF RE (CL)
6,7,101,1058449.0,3-Restricted SCPHF RE (CL)
6,7,103,1058743.0,2-Restricted SCPHF RE (CL)
6,7,106,1126027.0,"5,5,5-Restricted SCPHF RE (CL)"
6,7,116,1142827.0,"5,5-Restricted SCPHF RE (CL)"
6,7,127,1159627.0,5-Restricted SCPHF RE (CL)
6,7,132,1174033.0,4-Restricted SCPHF RE (CL)
6,7,135,1176091.0,3-Restricted SCPHF RE (CL)
6,7,138,1176385.0,2-Restricted SCPHF RE (CL)
6,7,140,1176427.0,SCPHF Random Extension (CLS)
6,7,193,1294069.0,SCPHF Random Extension (CLS)
6,7,195,1294129.0,CPHF Random Extension (CLS)
6,7,244,1411711.0,SCPHF Random Extension (CLS)
6,7,245,2101729.0,Add 1 factors
6,7,246,2548315.0,Add 2 factors
6,7,247,2822029.0,Add 3 factors
6,7,248,2922871.0,Add 4 factors
6,7,251,3023713.0,Add 7 factors
6,7,252,3724315.0,Add 7 factors
6,7,253,4170901.0,Add 7 factors
6,7,254,4444615.0,Add 7 factors
6,7,255,4545457.0,Add 7 factors
6,7,258,4646299.0,Add 7 factors
6,7,305,5176272.0,"perfect hash family4,305,193"
6,7,307,5176512.0,"perfect hash family4,307,195"
6,7,337,5529198.0,"perfect hash family4,388,244T51"
6,7,339,5529258.0,"perfect hash family4,388,244T49"
6,7,388,5646840.0,"perfect hash family4,388,244"
6,7,389,6352482.0,Add 1 factors
6,7,429,6470340.0,"perfect hash family5,429,193"
6,7,431,6470640.0,"perfect hash family5,431,195"
6,7,432,6588222.0,"perfect hash family5,440,196S4"
6,7,434,6705804.0,"perfect hash family5,440,196S3"
6,7,436,6823386.0,"perfect hash family5,440,196S2"
6,7,460,6940908.0,"perfect hash family5,550,238T45"
6,7,464,6940968.0,"perfect hash family5,550,238T43"
6,7,556,7058550.0,"perfect hash family5,556,244"
6,7,575,7529454.0,Power CT25^2T2
6,7,625,7529472.0,Power CT25^2
6,7,626,8335914.0,Add 1 factors
6,7,628,8352618.0,"perfect hash family6,730,244T51"
6,7,632,8352678.0,"perfect hash family6,730,244T49"
6,7,730,8470260.0,"perfect hash family6,730,244"
6,7,775,8700912.0,Power N-CT31^2T6
6,7,783,8756124.0,Power N-CT29^2T2
6,7,837,8784936.0,Power N-CT31^2T4
6,7,841,8787330.0,Power N-CT29^2
6,7,899,8816142.0,Power N-CT31^2T2
6,7,961,8818200.0,Power N-CT31^2
6,7,964,8823600.0,Power N-CT31^2+3
6,7,992,9411480.0,Power CT32^2T1
6,7,1026,9411840.0,Power CT32^2+2
6,7,1075,9629976.0,"Power N-CT41^2Trin3,7,7"
6,7,1102,9646440.0,"Power N-CT41^2Trin2,7,7"
6,7,1129,9646734.0,"Power N-CT41^2Trin1,7,7"
6,7,1156,9646776.0,Power N-CT41^2T7T7
6,7,1175,9647136.0,Power N-CT47^2T22
6,7,1195,9730752.0,"Power N-CT41^2Trin1,5,7"
6,7,1224,9730794.0,Power N-CT41^2T7T5
6,7,1269,9731160.0,Power N-CT47^2T20
6,7,1292,9747594.0,Power N-CT41^2T7T3
6,7,1363,9762366.0,Power N-CT47^2T18
6,7,1394,9764394.0,Power N-CT41^2T7
6,7,1457,9764424.0,Power N-CT47^2T16
6,7,1598,9764784.0,Power N-CT47^2T13
6,7,1692,9848802.0,Power N-CT47^2T11
6,7,1786,9865602.0,Power N-CT47^2T9
6,7,1833,9882066.0,Power N-CT47^2T8
6,7,1880,9882360.0,Power N-CT47^2T7
6,7,1927,9882402.0,Power N-CT47^2T6
6,7,2211,9882432.0,Power N-CT47^2+2
6,7,2212,10991274.0,Add 1 factors
6,7,2221,11175702.0,"Power N-CT53^2Trin4,4,4"
6,7,2311,11290920.0,"Power N-CT53^2Trin2,4,4"
6,7,2356,11292978.0,"Power N-CT53^2Trin1,4,4"
6,7,2401,11293272.0,Power N-CT53^2T4T4
6,7,2412,11378226.0,Power N-CT67^2T31
6,7,2546,11395026.0,Power N-CT67^2T29
6,7,2548,11410548.0,Power N-CT53^2T4T1
6,7,2597,11410842.0,Power N-CT53^2T4
6,7,2613,11411490.0,Power N-CT67^2T28
6,7,2695,11411778.0,Power N-CT59^2T10T4
6,7,2747,11411826.0,Power N-CT67^2T26
6,7,3283,11411856.0,Power N-CT67^2T18
6,7,3417,11527074.0,Power N-CT67^2T16
6,7,3484,11529132.0,Power N-CT67^2T15
6,7,3685,11529426.0,Power N-CT67^2T12
6,7,4489,11529504.0,Power N-CT67^2
6,7,4556,12096744.0,Power N-CT73^2T6T5
6,7,4690,12111150.0,Power N-CT73^2T6T3
6,7,4891,12113208.0,Power N-CT73^2T6
6,7,5025,12117366.0,Power N-CT79^2T12T4
6,7,5092,12117660.0,Power N-CT79^2T12T3
6,7,5963,12117744.0,Power N-CT89^2T22
6,7,6052,12218550.0,Power N-CT89^2T21
6,7,6230,12232956.0,Power N-CT89^2T19
6,7,6675,12235014.0,Power N-CT89^2T14
6,7,6764,12235308.0,Power N-CT89^2T13
6,7,7925,12235392.0,"perfect hash family13,7925,93"
6,7,8293,13408032.0,"Power N-CT97^2Trin4,4,4"
6,7,8471,13523238.0,"Power N-CT97^2Trin2,4,4"
6,7,8649,13525296.0,Power N-CT97^2T4T4
6,7,8653,13638444.0,"Power N-CT97^2Trin2,2,4"
6,7,8835,13640502.0,Power N-CT97^2T4T2
6,7,9393,13642560.0,Power N-CT101^2T8
6,7,9579,13646088.0,"perfect hash family13,10609,103T10"
6,7,9595,13757766.0,Power N-CT101^2T6
6,7,10000,13759824.0,Power N-CT101^2
2,8,9,64.0,Derive from strength 3
2,8,10,76.0,simulated annealing (Torres-Jimenez)
2,8,11,78.0,Fix 1 symbols (Meagher-Stevens)
2,8,13,84.0,Fix 2 symbols (LCDST) postop TJ-SA
2,8,15,96.0,Fix 2 symbols (LCDST) postop NCK
2,8,16,102.0,Fix 2 symbols (LCDST) postop NCK
2,8,18,104.0,Fix 3 symbols (LCDST) postop TJ-SA
2,8,19,107.0,Fix 3 symbols (LCDST) postop TJ-SA
2,8,20,108.0,Fix 3 symbols (LCDST) postop TJ-SA
2,8,22,112.0,simulated annealing (Torres-Jimenez)
2,8,24,113.0,simulated annealing (Torres-Jimenez)
2,8,26,114.0,simulated annealing (Torres-Jimenez)
2,8,28,115.0,simulated annealing (Torres-Jimenez)
2,8,30,119.0,simulated annealing (Torres-Jimenez)
2,8,80,120.0,PCAx2PCA
2,8,81,126.0,Direct product
2,8,89,132.0,PCAx2PCA
2,8,90,133.0,PCAx2PCA
2,8,98,134.0,PCAx2PCA
2,8,99,135.0,PCAx2PCA
2,8,113,140.0,simulated annealing (Torres-Jimenez)
2,8,115,143.0,PCAx2PCA
2,8,117,144.0,PCAx2PCA
2,8,121,148.0,simulated annealing (Torres-Jimenez)
2,8,123,151.0,Direct product generalized
2,8,131,152.0,PCAx2PCA
2,8,138,154.0,PCAxPCA
2,8,143,155.0,PCAxPCA
2,8,154,160.0,PCAx2PCA
2,8,156,161.0,PCAx2PCA
2,8,163,163.0,PCAx2PCA
2,8,170,164.0,PCAx2PCA
2,8,173,165.0,PCAx2PCA
2,8,174,166.0,PCAx2PCA
2,8,175,167.0,PCAx2PCA
2,8,197,168.0,PCAx2PCA
2,8,216,169.0,Direct product
2,8,233,170.0,PCAx2PCA
2,8,251,171.0,PCAx2PCA postop TJ-SA
2,8,252,174.0,Direct product
2,8,270,175.0,Direct product
2,8,712,176.0,PCAx2PCA
2,8,720,182.0,PCAx2PCA
2,8,730,184.0,Direct product
2,8,740,185.0,simulated annealing (Torres-Jimenez)
2,8,792,188.0,PCAx2PCA
2,8,801,189.0,PCAx2PCA
2,8,882,190.0,Direct product
2,8,891,192.0,Direct product
2,8,1008,196.0,PCAx2PCA
2,8,1024,199.0,PCAx2PCA
2,8,1040,200.0,Direct product
2,8,1078,204.0,Direct product
2,8,1113,206.0,Direct product generalized
2,8,1121,207.0,Direct product generalized
2,8,1168,208.0,PCAx2PCA
2,8,1274,210.0,Direct product
2,8,1287,212.0,Direct product
2,8,1424,216.0,PCAxPCA
2,8,1433,217.0,PCAxPCA
2,8,1456,219.0,PCAx2PCA
2,8,1520,220.0,PCAx2PCA
2,8,1544,221.0,PCAx2PCA
2,8,1552,222.0,PCAx2PCA
2,8,1560,223.0,PCAx2PCA
2,8,1752,224.0,PCAx2PCA
2,8,1920,225.0,Direct product
2,8,2072,226.0,PCAx2PCA
2,8,2242,227.0,PCAx2PCA
2,8,2258,229.0,PCAx2PCA
2,8,2430,231.0,PCAx2PCA
2,8,6344,232.0,PCAx2PCA
2,8,6408,238.0,PCAx2PCA
2,8,6588,240.0,simulated annealing (Torres-Jimenez)
2,8,6612,241.0,PCAx2PCA
2,8,7056,244.0,PCAxPCA
2,8,7128,245.0,PCAx2PCA
2,8,7840,246.0,Direct product
2,8,7938,248.0,PCAx2PCA
2,8,9000,252.0,PCAxPCA postop TJ-SA
2,8,9128,255.0,PCAxPCA
2,8,9256,256.0,Direct product
2,8,9604,260.0,Direct product
2,8,9702,261.0,Direct product
2,8,9919,262.0,PCAx2PCA
2,8,9991,263.0,PCAx2PCA
2,8,10424,264.0,PCAxPCA
2,8,11074,266.0,Direct product
2,8,11088,267.0,Direct product
2,8,11440,268.0,Direct product
2,8,11466,270.0,Direct product
2,8,12688,272.0,PCAxPCA
2,8,13016,275.0,PCAxPCA
2,8,13600,276.0,PCAxPCA
2,8,13792,277.0,PCAxPCA
2,8,13856,278.0,PCAxPCA
2,8,13920,279.0,PCAxPCA
2,8,15600,280.0,PCAxPCA
2,8,17088,281.0,Direct product
2,8,18448,282.0,PCAxPCA
2,8,20000,283.0,PCAx2PCA
3,8,10,512.0,orthogonal array
3,8,18,960.0,Chateauneuf-Kreher doubling
3,8,64,1016.0,SCPHF Conditional Expectation (CLS)
3,8,73,1023.0,Raaphorst-Moura-Stevens
3,8,75,1447.0,SCPHF LFSR (TJ-IM) fuse
3,8,91,1455.0,Raaphorst-Moura-Stevens fuse
3,8,110,1520.0,SCPHF Conditional Expectation (CLS)
3,8,117,1534.0,CPHF Sim Annealing (TJ-IM)
3,8,194,1552.0,Cyclotomy (Colbourn)
3,8,200,1912.0,Path-Restricted SCPHF RE (CLS)
3,8,242,1936.0,Cyclotomy (Colbourn)
3,8,290,2024.0,SCPHF Conditional Expectation (CLS)
3,8,302,2045.0,CPHF Sim Annealing (TJ-IM)
3,8,512,2304.0,Colbourn-Martirosyan-TVT-Walker
3,8,514,2310.0,Cohen-Colbourn-Ling
3,8,584,2311.0,Colbourn-Martirosyan-TVT-Walker
3,8,586,2317.0,Cohen-Colbourn-Ling
3,8,623,2472.0,"Restricted CPHF Ext  5( 1, 5) WCS"
3,8,627,2479.0,"Restricted CPHF Ext  5( 1, 4) WCS"
3,8,637,2486.0,"Restricted CPHF Ext  5( 1, 3) WCS"
3,8,640,2492.0,Cohen-Colbourn-Ling
3,8,644,2493.0,"Restricted CPHF Ext  5( 1, 2) WCS"
3,8,793,2528.0,"Restricted CPHF Ext  5( 0, 5) WCS"
3,8,813,2535.0,"Restricted CPHF Ext  5( 0, 4) WCS"
3,8,823,2542.0,"Restricted CPHF Ext  5( 0, 3) WCS"
3,8,841,2556.0,CPHF IPO 5 (WCS)
3,8,1001,2808.0,"Restricted CPHF Ext  6( 4, 6) WCS"
3,8,1004,2815.0,"Restricted CPHF Ext  6( 4, 5) WCS"
3,8,1223,2864.0,"Restricted CPHF Ext  6( 3, 6) WCS"
3,8,1226,2871.0,"Restricted CPHF Ext  6( 3, 5) WCS"
3,8,1258,2878.0,"Restricted CPHF Ext  6( 3, 4) WCS"
3,8,1481,2920.0,"Restricted CPHF Ext  6( 2, 6) WCS"
3,8,1501,2927.0,"Restricted CPHF Ext  6( 2, 5) WCS"
3,8,1524,2934.0,"Restricted CPHF Ext  6( 2, 4) WCS"
3,8,1557,2941.0,"Restricted CPHF Ext  6( 2, 3) WCS"
3,8,1734,2976.0,"Restricted CPHF Ext  6( 1, 6) WCS"
3,8,1750,2983.0,"Restricted CPHF Ext  6( 1, 5) WCS"
3,8,1759,2990.0,"Restricted CPHF Ext  6( 1, 4) WCS"
3,8,1776,2997.0,"Restricted CPHF Ext  6( 1, 3) WCS"
3,8,1789,3004.0,"Restricted CPHF Ext  6( 1, 2) WCS"
3,8,2234,3032.0,"Restricted CPHF Ext  6( 0, 6) WCS"
3,8,2259,3039.0,"Restricted CPHF Ext  6( 0, 5) WCS"
3,8,2276,3046.0,"Restricted CPHF Ext  6( 0, 4) WCS"
3,8,2313,3053.0,"Restricted CPHF Ext  6( 0, 3) WCS"
3,8,2331,3060.0,"Restricted CPHF Ext  6( 0, 2) WCS"
3,8,2409,3067.0,CPHF IPO 6 (WCS)
3,8,2725,3312.0,"Restricted CPHF Ext  7( 4, 7) WCS"
3,8,2795,3319.0,"Restricted CPHF Ext  7( 4, 6) WCS"
3,8,2833,3326.0,"Restricted CPHF Ext  7( 4, 5) WCS"
3,8,3212,3368.0,"Restricted CPHF Ext  7( 3, 7) WCS"
3,8,3288,3375.0,"Restricted CPHF Ext  7( 3, 6) WCS"
3,8,3385,3382.0,"Restricted CPHF Ext  7( 3, 5) WCS"
3,8,3404,3389.0,"Restricted CPHF Ext  7( 3, 4) WCS"
3,8,3846,3424.0,"Restricted CPHF Ext  7( 2, 7) WCS"
3,8,3894,3431.0,"Restricted CPHF Ext  7( 2, 6) WCS"
3,8,3946,3438.0,"Restricted CPHF Ext  7( 2, 5) WCS"
3,8,4023,3445.0,"Restricted CPHF Ext  7( 2, 4) WCS"
3,8,4063,3452.0,"Restricted CPHF Ext  7( 2, 3) WCS"
3,8,4533,3480.0,"Restricted CPHF Ext  7( 1, 7) WCS"
3,8,4549,3487.0,"Restricted CPHF Ext  7( 1, 6) WCS"
3,8,4635,3494.0,"Restricted CPHF Ext  7( 1, 5) WCS"
3,8,4650,3501.0,"Restricted CPHF Ext  7( 1, 4) WCS"
3,8,4683,3508.0,"Restricted CPHF Ext  7( 1, 3) WCS"
3,8,4807,3515.0,"Restricted CPHF Ext  7( 1, 2) WCS"
3,8,6086,3536.0,"Restricted CPHF Ext  7( 0, 7) WCS"
3,8,6102,3543.0,"Restricted CPHF Ext  7( 0, 6) WCS"
3,8,6123,3550.0,"Restricted CPHF Ext  7( 0, 5) WCS"
3,8,6143,3557.0,"Restricted CPHF Ext  7( 0, 4) WCS"
3,8,6156,3564.0,"Restricted CPHF Ext  7( 0, 3) WCS"
3,8,6203,3571.0,"Restricted CPHF Ext  7( 0, 2) WCS"
3,8,6522,3578.0,CPHF IPO 7 (WCS)
3,8,7003,3816.0,"Restricted CPHF Ext  8( 4, 8) WCS"
3,8,7129,3823.0,"Restricted CPHF Ext  8( 4, 7) WCS"
3,8,7288,3830.0,"Restricted CPHF Ext  8( 4, 6) WCS"
3,8,7440,3837.0,"Restricted CPHF Ext  8( 4, 5) WCS"
3,8,8013,3872.0,"Restricted CPHF Ext  8( 3, 8) WCS"
3,8,8434,3879.0,"Restricted CPHF Ext  8( 3, 7) WCS"
3,8,8657,3886.0,"Restricted CPHF Ext  8( 3, 6) WCS"
3,8,8770,3893.0,"Restricted CPHF Ext  8( 3, 5) WCS"
3,8,8918,3900.0,"Restricted CPHF Ext  8( 3, 4) WCS"
3,8,10000,3928.0,"Restricted CPHF Ext  8( 2, 8) WCS"
4,8,9,4096.0,orthogonal array
4,8,10,6125.0,orthogonal array fuse postop NCK
4,8,15,7680.0,3-Restricted SCPHF RE (CL)
4,8,19,8128.0,2-Restricted SCPHF RE (CL)
4,8,20,8184.0,SCPHF Tabu Search (Walker-Colbourn)
4,8,33,11768.0,3-Restricted SCPHF RE (CL)
4,8,37,12216.0,2-Restricted SCPHF RE (CL)
4,8,38,12272.0,SCPHF Random Extension (CLS)
4,8,53,15352.0,"3,3-Restricted SCPHF RE (CL)"
4,8,58,15800.0,"3,2-Restricted SCPHF RE (CL)"
4,8,60,15856.0,3-Restricted SCPHF RE (CL)
4,8,66,16248.0,"2,2-Restricted SCPHF RE (CL)"
4,8,67,16304.0,2-Restricted SCPHF RE (CL)
4,8,74,16381.0,CPHF IPO 4 (WCS)
4,8,94,19440.0,"3,3-Restricted SCPHF RE (CL)"
4,8,104,19888.0,"3,2-Restricted SCPHF RE (CL)"
4,8,109,19944.0,3-Restricted SCPHF RE (CL)
4,8,116,20336.0,"2,2-Restricted SCPHF RE (CL)"
4,8,118,20392.0,2-Restricted SCPHF RE (CL)
4,8,121,20448.0,SCPHF Random Extension (CLS)
4,8,149,20476.0,CPHF IPO 5 (WCS)
4,8,155,23528.0,"3,3-Restricted SCPHF RE (CL)"
4,8,173,23976.0,"3,2-Restricted SCPHF RE (CL)"
4,8,184,24032.0,3-Restricted SCPHF RE (CL)
4,8,212,24424.0,"2,2-Restricted SCPHF RE (CL)"
4,8,214,24480.0,2-Restricted SCPHF RE (CL)
4,8,218,24536.0,SCPHF Random Extension (CLS)
4,8,267,24571.0,CPHF IPO 6 (WCS)
4,8,281,27616.0,"3,3-Restricted SCPHF RE (CL)"
4,8,306,28064.0,"3,2-Restricted SCPHF RE (CL)"
4,8,324,28120.0,3-Restricted SCPHF RE (CL)
4,8,361,28512.0,"2,2-Restricted SCPHF RE (CL)"
4,8,368,28568.0,2-Restricted SCPHF RE (CL)
4,8,378,28624.0,SCPHF Random Extension (CLS)
4,8,491,28666.0,CPHF IPO 7 (WCS)
4,8,534,32152.0,"3,2-Restricted SCPHF RE (CL)"
4,8,574,32208.0,3-Restricted SCPHF RE (CL)
4,8,631,32600.0,"2,2-Restricted SCPHF RE (CL)"
4,8,660,32656.0,2-Restricted SCPHF RE (CL)
4,8,674,32712.0,SCPHF Random Extension (CLS)
4,8,935,32761.0,CPHF IPO 8 (WCS)
4,8,956,36240.0,"3,2-Restricted SCPHF RE (CL)"
4,8,974,36296.0,3-Restricted SCPHF RE (CL)
4,8,1092,36688.0,"2,2-Restricted SCPHF RE (CL)"
4,8,1163,36744.0,2-Restricted SCPHF RE (CL)
4,8,1175,36800.0,SCPHF Random Extension (CLS)
4,8,1407,36856.0,CPHF IPO 9 (WCS)
4,8,1815,40888.0,SCPHF Random Extension (CLS)
4,8,1894,40951.0,CPHF Random Extension (CLS)
4,8,2716,44976.0,SCPHF Random Extension (CLS)
4,8,2812,45046.0,CPHF Random Extension (CLS)
4,8,2813,58038.0,Add a factor
4,8,2814,61622.0,Add a factor
4,8,2888,66144.0,Colbourn-Martirosyan-TVT-Walker
4,8,2944,66200.0,Colbourn-Martirosyan-TVT-Walker
4,8,3024,66256.0,Colbourn-Martirosyan-TVT-Walker
4,8,3928,66298.0,Colbourn-Martirosyan-TVT-Walker
4,8,4096,69784.0,Colbourn-Martirosyan-TVT-Walker
4,8,8762,70088.0,Cyclotomy (Colbourn)
4,8,8970,71752.0,Cyclotomy (Colbourn)
4,8,9050,72392.0,Cyclotomy (Colbourn)
4,8,9338,74696.0,Cyclotomy (Colbourn)
4,8,9722,77768.0,Cyclotomy (Colbourn)
4,8,9818,78536.0,Cyclotomy (Colbourn)
4,8,9834,78664.0,Cyclotomy (Colbourn)
4,8,10000,80072.0,Cyclotomy (Colbourn)
5,8,9,32768.0,orthogonal array
5,8,10,53681.0,orthogonal array fuse postop NCK
5,8,13,61440.0,4-Restricted SCPHF RE (CL)
5,8,15,65024.0,3-Restricted SCPHF RE (CL)
5,8,22,94200.0,4-Restricted SCPHF RE (CL)
5,8,23,97784.0,3-Restricted SCPHF RE (CL)
5,8,24,98302.0,CPHF IPO 3 (WCS)
5,8,30,122872.0,"4,4-Restricted SCPHF RE (CL)"
5,8,31,126456.0,"4,3-restricted SCPHF RE (CL)"
5,8,33,126960.0,4-Restricted SCPHF RE (CL)
5,8,35,130040.0,"3,3-Restricted SCPHF RE (CL)"
5,8,36,130992.0,2-Restricted SCPHF RE (CL)
5,8,37,131069.0,CPHF IPO 4 (WCS)
5,8,45,155632.0,"4,4-Restricted SCPHF RE (CL)"
5,8,48,159216.0,"4,3-restricted SCPHF RE (CL)"
5,8,50,159664.0,"4,2-restricted SCPHF RE (CL)"
5,8,53,162800.0,"3,3-Restricted SCPHF RE (CL)"
5,8,54,163248.0,"3,2-restricted SCPHF RE (CL)"
5,8,55,163304.0,3-Restricted SCPHF RE (CL)
5,8,60,163836.0,CPHF IPO 5 (WCS)
5,8,66,187888.0,SCPHF CLS - other
5,8,67,188392.0,"4,4-Restricted SCPHF RE (CL)"
5,8,74,192480.0,4-Restricted SCPHF RE (CL)
5,8,82,196064.0,3-Restricted SCPHF RE (CL)
5,8,83,196568.0,SCPHF Random Extension (CLS)
5,8,95,196603.0,CPHF IPO 6 (WCS)
5,8,99,221152.0,"4,4-Restricted SCPHF RE (CL)"
5,8,109,225240.0,4-Restricted SCPHF RE (CL)
5,8,116,228824.0,3-Restricted SCPHF RE (CL)
5,8,122,229272.0,2-Restricted SCPHF RE (CL)
5,8,123,229328.0,SCPHF Random Extension (CLS)
5,8,156,229370.0,CPHF IPO 7 (WCS)
5,8,163,258000.0,4-Restricted SCPHF RE (CL)
5,8,183,261584.0,3-Restricted SCPHF RE (CL)
5,8,184,262032.0,2-Restricted SCPHF RE (CL)
5,8,185,262088.0,SCPHF Random Extension (CLS)
5,8,246,262137.0,CPHF IPO 8 (WCS)
5,8,252,290760.0,4-Restricted SCPHF RE (CL)
5,8,278,294344.0,3-Restricted SCPHF RE (CL)
5,8,283,294848.0,SCPHF Random Extension (CLS)
5,8,320,315344.0,"4,4,4-Restricted SCPHF RE (CL)"
5,8,343,319432.0,"4,4-Restricted SCPHF RE (CL)"
5,8,371,323520.0,4-Restricted SCPHF RE (CL)
5,8,417,327104.0,3-Restricted SCPHF RE (CL)
5,8,427,327552.0,2-Restricted SCPHF RE (CL)
5,8,429,327608.0,SCPHF Random Extension (CLS)
5,8,430,327671.0,CPHF Random Extension (CLS)
5,8,473,348104.0,"4,4,4-Restricted SCPHF RE (CL)"
5,8,510,352192.0,"4,4-Restricted SCPHF RE (CL)"
5,8,569,356280.0,4-Restricted SCPHF RE (CL)
5,8,595,359864.0,3-Restricted SCPHF RE (CL)
5,8,604,360312.0,2-Restricted SCPHF RE (CL)
5,8,622,360368.0,SCPHF Random Extension (CLS)
5,8,675,380864.0,"4,4,4-Restricted SCPHF RE (CL)"
5,8,749,384952.0,"4,4-Restricted SCPHF RE (CL)"
5,8,812,389040.0,4-Restricted SCPHF RE (CL)
5,8,813,531000.0,Add 1 factors
5,8,814,616120.0,Add 2 factors
5,8,815,644792.0,Add 3 factors
5,8,818,648727.0,3-Restricted SCPHF RE (CL) fuse
5,8,820,673464.0,Add 8 factors
5,8,821,793824.0,Add 9 factors
5,8,822,900936.0,Add 8 factors
5,8,823,929608.0,Add 8 factors
5,8,824,933543.0,Add 8 factors
5,8,826,933935.0,Add 8 factors
5,8,828,958672.0,Add 8 factors
5,8,834,1052053.0,Martirosyan-Colbourn
5,8,854,1052501.0,Martirosyan-Colbourn
5,8,858,1052557.0,Martirosyan-Colbourn
5,8,860,1052620.0,Martirosyan-Colbourn
5,8,946,1073053.0,Martirosyan-Colbourn
5,8,982,1077141.0,Martirosyan-Colbourn
5,8,1020,1101543.0,Martirosyan-Colbourn
5,8,1068,1105631.0,Martirosyan-Colbourn
5,8,1138,1106023.0,Martirosyan-Colbourn
5,8,1148,1109607.0,Martirosyan-Colbourn
5,8,1190,1112351.0,Martirosyan-Colbourn
5,8,1208,1112799.0,Martirosyan-Colbourn
5,8,1244,1112855.0,Martirosyan-Colbourn
5,8,1262,1133351.0,Martirosyan-Colbourn
5,8,1320,1133743.0,Martirosyan-Colbourn
5,8,1348,1134135.0,Martirosyan-Colbourn
5,8,1350,1134478.0,Martirosyan-Colbourn
5,8,1498,1138566.0,Martirosyan-Colbourn
5,8,1624,1142654.0,Martirosyan-Colbourn
5,8,1626,1284614.0,Martirosyan-Colbourn
5,8,1628,1369734.0,Martirosyan-Colbourn
5,8,1630,1398406.0,Martirosyan-Colbourn
5,8,1851,1400679.0,Power N-CT43^2+2
5,8,1908,1417619.0,Power N-CT61^2Arc(9)T25
5,8,1960,1417696.0,Power N-CT61^2Arc(9)T24
5,8,2025,1425767.0,Power N-CT47^2T2T2
5,8,2115,1429351.0,Power N-CT47^2T2
5,8,2210,1432935.0,Power N-CT47^2+1
5,8,2212,1436967.0,Power N-CT47^2+3
5,8,2376,1442259.0,Power N-CT61^2Arc(9)T16
5,8,2532,1445843.0,Power N-CT61^2Arc(9)T13
5,8,2636,1446291.0,Power N-CT61^2Arc(9)T11
5,8,2792,1449427.0,Power N-CT61^2Arc(9)T8
5,8,2844,1449875.0,Power N-CT61^2Arc(9)T7
5,8,2896,1449931.0,Power N-CT61^2Arc(9)T6
5,8,3104,1450463.0,Power N-CT61^2Arc(9)T2
5,8,3127,1473479.0,Power N-CT59^2T6
5,8,3186,1473927.0,Power N-CT59^2T5
5,8,3245,1473983.0,Power N-CT59^2T4
5,8,3482,1474515.0,Power N-CT59^2+1
5,8,3483,1594775.0,Power N-CT61^2Arc(4)
5,8,3541,1618827.0,Power N-CT61^2Arc(3)
5,8,3600,1642879.0,Power N-CT61^2T1T1
5,8,3660,1666931.0,Power N-CT61^2T1
5,8,3675,1667939.0,Power N-CT67^2Arc(6)T7
5,8,3730,1668443.0,Power N-CT67^2Arc(5)T7
5,8,3786,1668947.0,Power N-CT67^2Arc(4)T7
5,8,3843,1669451.0,Power N-CT67^2Arc(3)T7
5,8,3901,1669955.0,Power N-CT67^2Arc(2)T7
5,8,3960,1670459.0,Power N-CT67^2T7T1
5,8,4020,1670963.0,Power N-CT67^2T7
5,8,4041,1691991.0,Power N-CT67^2Arc(7)
5,8,4102,1692495.0,Power N-CT67^2Arc(6)
5,8,4164,1692999.0,Power N-CT67^2Arc(5)
5,8,4227,1693503.0,Power N-CT67^2Arc(4)
5,8,4291,1694007.0,Power N-CT67^2Arc(3)
5,8,4356,1694511.0,Power N-CT67^2T1T1
5,8,4422,1695015.0,Power N-CT67^2T1
5,8,4489,1695519.0,Power N-CT67^2
5,8,4818,1727719.0,Power N-CT73^2T7
5,8,4891,1728223.0,Power N-CT73^2T6
5,8,5330,1732311.0,Power N-CT73^2+1
5,8,5340,1736651.0,Power N-CT89^2T29
5,8,5476,1757399.0,Power N-CT79^2T5T5
5,8,5494,1760423.0,Power N-CT83^2T16T1
5,8,5512,1760479.0,Power N-CT83^2Arc(9)T9
5,8,5874,1760703.0,Power N-CT89^2T23
5,8,5963,1761207.0,Power N-CT89^2T22
5,8,5995,1764007.0,Power N-CT83^2Arc(2)T9
5,8,6030,1764063.0,Power N-CT83^2Arc(9)T2
5,8,6068,1764511.0,Power N-CT83^2T9T1
5,8,6244,1764567.0,Power N-CT79^2+3
5,8,6253,1765071.0,Power N-CT83^2Arc(8)
5,8,6586,1765295.0,Power N-CT89^2T15
5,8,6643,1767591.0,Power N-CT83^2Arc(3)
5,8,6724,1768095.0,Power N-CT83^2T1T1
5,8,6806,1768599.0,Power N-CT83^2T1
5,8,7298,1768879.0,Power N-CT89^2T7
5,8,7387,1769383.0,Power N-CT89^2T6
5,8,7927,1769418.0,"perfect hash family9,7927,95"
5,8,7935,1818516.0,"perfect hash family9,8536,96S7"
5,8,8018,1843065.0,"perfect hash family9,8536,96S6"
5,8,8102,1867614.0,"perfect hash family9,8536,96S5"
5,8,8187,1892163.0,"perfect hash family9,8536,96S4"
5,8,8839,1916712.0,"Power N-CT97^2Trin2,2,2"
5,8,9025,1941261.0,Power N-CT97^2T2T2
5,8,9215,1965810.0,Power N-CT97^2T2
5,8,9219,1990338.0,"Power N-CT101^2Trin2,2,6"
5,8,9411,1990359.0,Power N-CT97^2+2
5,8,10000,1998514.0,"perfect hash family9,11449,107T12"
6,8,9,262144.0,orthogonal array
6,8,10,450372.0,orthogonal array fuse postop NCK
6,8,12,491520.0,5-Restricted SCPHF RE (CL)
6,8,13,520192.0,4-Restricted SCPHF RE (CL)
6,8,14,524287.0,CPHF IPO 2 (WCS)
6,8,17,753656.0,5-Restricted SCPHF RE (CL)
6,8,18,782328.0,4-Restricted SCPHF RE (CL)
6,8,19,786430.0,CPHF IPO 3 (WCS)
6,8,22,983032.0,"5,5-Restricted SCPHF RE (CL)"
6,8,23,1015792.0,5-Restricted SCPHF RE (CL)
6,8,25,1044464.0,4-Restricted SCPHF RE (CL)
6,8,26,1048496.0,2-Restricted SCPHF RE (CL)
6,8,27,1048573.0,CPHF IPO 4 (WCS)
6,8,29,1245168.0,"5,5-Restricted SCPHF RE (CL)"
6,8,31,1277928.0,5-Restricted SCPHF RE (CL)
6,8,32,1306600.0,4-Restricted SCPHF RE (CL)
6,8,33,1310632.0,2-Restricted SCPHF RE (CL)
6,8,39,1310716.0,CPHF IPO 5 (WCS)
6,8,42,1540064.0,5-Restricted SCPHF RE (CL)
6,8,45,1568736.0,4-Restricted SCPHF RE (CL)
6,8,46,1572320.0,3-Restricted SCPHF RE (CL)
6,8,47,1572768.0,2-Restricted SCPHF RE (CL)
6,8,54,1572859.0,CPHF IPO 6 (WCS)
6,8,58,1802200.0,5-Restricted SCPHF RE (CL)
6,8,61,1830872.0,4-Restricted SCPHF RE (CL)
6,8,65,1834456.0,3-Restricted SCPHF RE (CL)
6,8,72,1835002.0,CPHF IPO 7 (WCS)
6,8,77,2031576.0,"5,5-Restricted SCPHF RE (CL)"
6,8,83,2064336.0,5-Restricted SCPHF RE (CL)
6,8,88,2093008.0,4-Restricted SCPHF RE (CL)
6,8,91,2096592.0,3-Restricted SCPHF RE (CL)
6,8,94,2097040.0,2-Restricted SCPHF RE (CL)
6,8,102,2260952.0,"5,5,5-Restricted SCPHF RE (CL)"
6,8,109,2293712.0,"5,5-Restricted SCPHF RE (CL)"
6,8,118,2326472.0,5-Restricted SCPHF RE (CL)
6,8,127,2355144.0,4-Restricted SCPHF RE (CL)
6,8,128,2358728.0,3-Restricted SCPHF RE (CL)
6,8,130,2359176.0,2-Restricted SCPHF RE (CL)
6,8,180,2621368.0,SCPHF Random Extension (CLS)
6,8,181,2621431.0,CPHF Random Extension (CLS)
6,8,237,2883504.0,SCPHF Random Extension (CLS)
6,8,238,4259480.0,Add 1 factors
6,8,239,5126808.0,Add 2 factors
6,8,240,5739672.0,Add 3 factors
6,8,241,5969048.0,Add 4 factors
6,8,242,6194840.0,Add 8 factors
6,8,245,6198424.0,Add 8 factors
6,8,246,7574400.0,Add 8 factors
6,8,247,8441728.0,Add 8 factors
6,8,248,9054592.0,Add 8 factors
6,8,249,9283968.0,Add 8 factors
6,8,250,9509760.0,Add 8 factors
6,8,251,9513344.0,Add 8 factors
6,8,253,9552768.0,Add 8 factors
6,8,283,10485468.0,"perfect hash family4,283,180"
6,8,284,10485657.0,"perfect hash family4,285,181T1"
6,8,285,10485720.0,"perfect hash family4,285,181"
6,8,318,11271876.0,"perfect hash family4,375,237T57"
6,8,319,11271939.0,"perfect hash family4,375,237T56"
6,8,375,11534012.0,"perfect hash family4,375,237"
6,8,395,13106835.0,"perfect hash family5,395,180"
6,8,397,13106898.0,"perfect hash family5,405,181S4"
6,8,399,13106961.0,"perfect hash family5,405,181S3"
6,8,401,13107024.0,"perfect hash family5,405,181S2"
6,8,403,13107087.0,"perfect hash family5,405,181T1"
6,8,405,13107150.0,"perfect hash family5,405,181"
6,8,429,14155379.0,"perfect hash family5,515,223T43"
6,8,431,14155442.0,"perfect hash family5,515,223T42"
6,8,540,14417515.0,"perfect hash family5,540,237"
6,8,541,15728580.0,"perfect hash family6,541,181"
6,8,542,15793491.0,"perfect hash family5,550,238S4"
6,8,550,16649976.0,Power CT25^2T3
6,8,575,16682736.0,Power CT25^2T2
6,8,625,16711408.0,Power CT25^2
6,8,626,16772889.0,Power CT27^2Arc(2)T2
6,8,650,16772966.0,Power CT27^2T2T1
6,8,675,16773043.0,Power CT27^2T2
6,8,676,16776998.0,Power CT27^2T1T1
6,8,702,16777075.0,Power CT27^2T1
6,8,729,16777152.0,Power CT27^2
6,8,781,18350010.0,"perfect hash family14,1107,40S14"
6,8,783,18480910.0,Power N-CT29^2T2
6,8,801,18579358.0,"perfect hash family14,1107,40S13"
6,8,841,18677505.0,Power N-CT29^2
6,8,842,19038054.0,"perfect hash family14,1107,40S11"
6,8,899,19136145.0,Power N-CT31^2T2
6,8,961,19168905.0,Power N-CT31^2
6,8,962,19398505.0,Power N-CT37^2T11
6,8,999,19398582.0,Power N-CT37^2T10
6,8,1073,19595177.0,Power N-CT37^2T8
6,8,1147,19627937.0,Power N-CT37^2T6
6,8,1184,19656609.0,Power N-CT37^2T5
6,8,1221,19660641.0,Power N-CT37^2T4
6,8,1371,19660725.0,Power N-CT37^2+2
6,8,1447,20872838.0,"Power N-CT41^2Trin2,2,2"
6,8,1521,21102186.0,Power N-CT41^2T2T2
6,8,1599,21331534.0,Power N-CT41^2T2
6,8,1682,21560882.0,Power N-CT41^2+1
6,8,1718,21752206.0,"Power N-CT47^2Trin1,2,8"
6,8,1755,21752654.0,Power N-CT47^2T8T2
6,8,1756,21755790.0,Power N-CT47^2Arc(2)T8
6,8,1794,21756238.0,Power N-CT47^2T8T1
6,8,1833,21756686.0,Power N-CT47^2T8
6,8,2067,21757869.0,Power N-CT53^2T14
6,8,2226,21987217.0,Power N-CT53^2T11
6,8,2385,22015889.0,Power N-CT53^2T8
6,8,2438,22019473.0,Power N-CT53^2T7
6,8,2491,22019921.0,Power N-CT53^2T6
6,8,2810,22020012.0,Power N-CT53^2+1
6,8,2851,23592331.0,Power N-CT73^2T27S12
6,8,2912,23592779.0,Power N-CT73^2T26S12
6,8,3345,23592870.0,Power N-CT73^2T19S12
6,8,3391,23789444.0,Power N-CT73^2T19S11
6,8,3594,23822211.0,Power N-CT73^2T15S12
6,8,3779,23850883.0,Power N-CT73^2T12S12
6,8,4026,23854467.0,Power N-CT73^2T8S12
6,8,4458,23855013.0,Power N-CT73^2Arc(13)
6,8,4519,24051587.0,Power N-CT73^2Arc(12)
6,8,4581,24248161.0,Power N-CT73^2Arc(11)
6,8,4644,24444735.0,Power N-CT73^2Arc(10)
6,8,4708,24641309.0,Power N-CT73^2Arc(9)
6,8,4773,24837883.0,Power N-CT73^2Arc(8)
6,8,4839,25034457.0,Power N-CT73^2Arc(7)
6,8,4906,25231031.0,Power N-CT73^2Arc(6)
6,8,4974,25427605.0,Power N-CT73^2Arc(5)
6,8,5043,25624179.0,Power N-CT73^2Arc(4)
6,8,5113,25820753.0,Power N-CT73^2Arc(3)
6,8,5184,26017327.0,Power N-CT73^2T1T1
6,8,5256,26213901.0,Power N-CT73^2T1
6,8,5333,26410475.0,"perfect hash family13,5333,77"
6,8,5404,26541501.0,"Power N-CT79^2Trin2,2,7"
6,8,5544,26574261.0,Power N-CT79^2T7T2
6,8,5976,26607021.0,Power N-CT83^2T11
6,8,6391,26803595.0,Power N-CT83^2T6
6,8,6889,26836355.0,Power N-CT83^2
6,8,6904,27201923.0,Power N-CT89^2Arc(6)T6
6,8,6982,27205507.0,Power N-CT89^2Arc(5)T6
6,8,7061,27209091.0,Power N-CT89^2Arc(4)T6
6,8,7141,27212675.0,Power N-CT89^2Arc(3)T6
6,8,7222,27216259.0,Power N-CT89^2Arc(2)T6
6,8,7304,27219843.0,Power N-CT89^2T6T1
6,8,7387,27223427.0,Power N-CT89^2T6
6,8,7402,27234179.0,Power N-CT89^2Arc(6)
6,8,7486,27237763.0,Power N-CT89^2Arc(5)
6,8,7571,27241347.0,Power N-CT89^2Arc(4)
6,8,7657,27244931.0,Power N-CT89^2Arc(3)
6,8,7744,27248515.0,Power N-CT89^2T1T1
6,8,7832,27252099.0,Power N-CT89^2T1
6,8,7923,27255683.0,Power N-CT89^2+2
6,8,7926,27261507.0,"perfect hash family13,7926,94"
6,8,8017,28896595.0,"Power N-CT97^2Trin3,3,9"
6,8,8026,28899731.0,"Power N-CT97^2Trin3,6,6"
6,8,8290,28900179.0,"Power N-CT97^2Trin3,3,6"
6,8,8563,28900627.0,"Power N-CT97^2Trin3,3,3"
6,8,8836,29064539.0,Power N-CT97^2T3T3
6,8,8888,29224419.0,Power N-CT101^2T13
6,8,9191,29228003.0,Power N-CT101^2T10
6,8,9494,29228451.0,Power N-CT101^2T7
6,8,10000,29392363.0,Power N-CT101^2
2,9,10,81.0,orthogonal array
2,9,11,102.0,simulated annealing (Torres-Jimenez)
2,9,13,105.0,Fix 1 symbols (Meagher-Stevens)
2,9,14,112.0,projection (C) postop NCK
2,9,16,118.0,Fix 2 symbols (LCDST) postop NCK
2,9,17,125.0,Fix 2 symbols (LCDST) postop NCK
2,9,22,126.0,Brick by Brick (TATA)
2,9,23,142.0,simulated annealing (Torres-Jimenez)
2,9,25,144.0,simulated annealing (Torres-Jimenez)
2,9,26,145.0,simulated annealing (Torres-Jimenez)
2,9,28,146.0,simulated annealing (Torres-Jimenez)
2,9,29,147.0,simulated annealing (Torres-Jimenez)
2,9,30,148.0,simulated annealing (Torres-Jimenez)
2,9,31,152.0,simulated annealing (Torres-Jimenez)
2,9,99,153.0,PCAx2PCA
2,9,100,160.0,Direct product
2,9,108,170.0,Direct product
2,9,110,174.0,Direct product
2,9,129,177.0,PCAx2PCA
2,9,130,182.0,PCAx2PCA
2,9,140,184.0,Direct product
2,9,156,190.0,PCAx2PCA
2,9,158,194.0,PCAx2PCA
2,9,159,195.0,PCAx2PCA
2,9,160,196.0,Direct product
2,9,164,197.0,PCAx2PCA
2,9,200,198.0,PCAx2PCA
2,9,220,205.0,Direct product
2,9,227,214.0,PCAx2PCA
2,9,228,215.0,PCAx2PCA
2,9,250,216.0,Direct product
2,9,260,217.0,Direct product
2,9,278,218.0,PCAx2PCA
2,9,288,219.0,PCAx2PCA
2,9,297,220.0,PCAx2PCA
2,9,300,223.0,Direct product
2,9,307,224.0,PCAx2PCA
2,9,981,225.0,PCAx2PCA
2,9,990,232.0,PCAx2PCA
2,9,1000,238.0,Direct product
2,9,1092,242.0,Direct product
2,9,1278,249.0,PCAx2PCA
2,9,1287,254.0,Direct product
2,9,1300,255.0,Direct product
2,9,1386,256.0,Direct product
2,9,1400,258.0,Direct product
2,9,1548,262.0,PCAx2PCA
2,9,1566,266.0,PCAx2PCA
2,9,1575,267.0,PCAx2PCA
2,9,1584,268.0,PCAx2PCA
2,9,1629,269.0,PCAx2PCA
2,9,2002,270.0,PCAxPCA
2,9,2178,277.0,PCAx2PCA
2,9,2200,283.0,Direct product
2,9,2250,286.0,PCAx2PCA
2,9,2376,287.0,Direct product
2,9,2475,288.0,Direct product
2,9,2574,289.0,Direct product
2,9,2754,290.0,PCAx2PCA
2,9,2853,291.0,PCAx2PCA
2,9,2943,292.0,PCAx2PCA
2,9,2970,295.0,Direct product
2,9,3042,296.0,PCAx2PCA
2,9,9729,297.0,PCAx2PCA
2,9,9810,304.0,PCAx2PCA
2,9,9900,310.0,PCAx2PCA
2,9,10831,314.0,PCAx2PCA
2,9,12681,321.0,PCAx2PCA
2,9,12753,326.0,Direct product
2,9,12870,327.0,Direct product
2,9,13734,328.0,Direct product
2,9,13860,330.0,Direct product
2,9,15372,334.0,PCAx2PCA
2,9,15534,338.0,PCAxPCA
2,9,15615,339.0,PCAxPCA
2,9,15696,340.0,PCAx2PCA
2,9,16191,341.0,PCAx2PCA
2,9,19962,342.0,PCAxPCA
2,9,20000,349.0,PCAx2PCA
3,9,10,729.0,orthogonal array
3,9,11,1175.0,orthogonal array fuse fuse postop NCK
3,9,12,1195.0,orthogonal array fuse fuse postop NCK
3,9,20,1377.0,Chateauneuf-Kreher doubling
3,9,75,1449.0,SCPHF LFSR (TJ-IM)
3,9,91,1457.0,Raaphorst-Moura-Stevens
3,9,92,2105.0,Add a factor
3,9,134,2169.0,SCPHF Conditional Expectation (CLS)
3,9,140,2185.0,CPHF Sim Annealing (TJ-IM)
3,9,162,2673.0,Path-Restricted SCPHF RE (CLS)
3,9,182,2681.0,Chateauneuf-Kreher doubling
3,9,253,2745.0,Path-Restricted SCPHF RE (CLS)
3,9,292,2817.0,Path-Restricted SCPHF RE (CLS)
3,9,364,2889.0,SCPHF Conditional Expectation (CLS)
3,9,366,2905.0,"Restricted CPHF Ext  4( 0, 2) WCS"
3,9,374,2913.0,"Restricted CPHF Ext  4( 0, 0) WCS"
3,9,675,3321.0,Colbourn-Martirosyan-TVT-Walker
3,9,676,3328.0,Cohen-Colbourn-Ling
3,9,819,3329.0,Colbourn-Martirosyan-TVT-Walker
3,9,820,3336.0,Cohen-Colbourn-Ling
3,9,843,3537.0,"Restricted CPHF Ext  5( 1, 5) WCS"
3,9,852,3545.0,"Restricted CPHF Ext  5( 1, 4) WCS"
3,9,853,3553.0,"Restricted CPHF Ext  5( 1, 3) WCS"
3,9,864,3561.0,"Restricted CPHF Ext  5( 1, 2) WCS"
3,9,1063,3609.0,"Restricted CPHF Ext  5( 0, 5) WCS"
3,9,1086,3617.0,"Restricted CPHF Ext  5( 0, 4) WCS"
3,9,1102,3625.0,"Restricted CPHF Ext  5( 0, 3) WCS"
3,9,1107,3633.0,"Restricted CPHF Ext  5( 0, 2) WCS"
3,9,1138,3641.0,"Restricted CPHF Ext  5( 0, 0) WCS"
3,9,1380,4041.0,"Restricted CPHF Ext  6( 4, 6) WCS"
3,9,1389,4049.0,"Restricted CPHF Ext  6( 4, 5) WCS"
3,9,1718,4113.0,"Restricted CPHF Ext  6( 3, 6) WCS"
3,9,1739,4121.0,"Restricted CPHF Ext  6( 3, 5) WCS"
3,9,1761,4129.0,"Restricted CPHF Ext  6( 3, 4) WCS"
3,9,2083,4185.0,"Restricted CPHF Ext  6( 2, 6) WCS"
3,9,2098,4193.0,"Restricted CPHF Ext  6( 2, 5) WCS"
3,9,2126,4201.0,"Restricted CPHF Ext  6( 2, 4) WCS"
3,9,2148,4209.0,"Restricted CPHF Ext  6( 2, 3) WCS"
3,9,2436,4257.0,"Restricted CPHF Ext  6( 1, 6) WCS"
3,9,2446,4265.0,"Restricted CPHF Ext  6( 1, 5) WCS"
3,9,2467,4273.0,"Restricted CPHF Ext  6( 1, 4) WCS"
3,9,2510,4281.0,"Restricted CPHF Ext  6( 1, 3) WCS"
3,9,2527,4289.0,"Restricted CPHF Ext  6( 1, 2) WCS"
3,9,3249,4329.0,"Restricted CPHF Ext  6( 0, 6) WCS"
3,9,3279,4337.0,"Restricted CPHF Ext  6( 0, 5) WCS"
3,9,3314,4345.0,"Restricted CPHF Ext  6( 0, 4) WCS"
3,9,3344,4353.0,"Restricted CPHF Ext  6( 0, 3) WCS"
3,9,3364,4361.0,"Restricted CPHF Ext  6( 0, 2) WCS"
3,9,3430,4369.0,CPHF IPO 6 (WCS)
3,9,3906,4761.0,"Restricted CPHF Ext  7( 4, 7) WCS"
3,9,4047,4769.0,"Restricted CPHF Ext  7( 4, 6) WCS"
3,9,4161,4777.0,"Restricted CPHF Ext  7( 4, 5) WCS"
3,9,4831,4833.0,"Restricted CPHF Ext  7( 3, 7) WCS"
3,9,4843,4841.0,"Restricted CPHF Ext  7( 3, 6) WCS"
3,9,4954,4849.0,"Restricted CPHF Ext  7( 3, 5) WCS"
3,9,5042,4857.0,"Restricted CPHF Ext  7( 3, 4) WCS"
3,9,5891,4905.0,"Restricted CPHF Ext  7( 2, 7) WCS"
3,9,6004,4913.0,"Restricted CPHF Ext  7( 2, 6) WCS"
3,9,6014,4921.0,"Restricted CPHF Ext  7( 2, 5) WCS"
3,9,6063,4929.0,"Restricted CPHF Ext  7( 2, 4) WCS"
3,9,6115,4937.0,"Restricted CPHF Ext  7( 2, 3) WCS"
3,9,6608,4977.0,"Restricted CPHF Ext  7( 1, 7) WCS"
3,9,6717,4985.0,"Restricted CPHF Ext  7( 1, 6) WCS"
3,9,6847,4993.0,"Restricted CPHF Ext  7( 1, 5) WCS"
3,9,6903,5001.0,"Restricted CPHF Ext  7( 1, 4) WCS"
3,9,7034,5009.0,"Restricted CPHF Ext  7( 1, 3) WCS"
3,9,7134,5017.0,"Restricted CPHF Ext  7( 1, 2) WCS"
3,9,8473,5049.0,"Restricted CPHF Ext  7( 0, 7) WCS"
3,9,8653,5057.0,"Restricted CPHF Ext  7( 0, 6) WCS"
3,9,8849,5065.0,"Restricted CPHF Ext  7( 0, 5) WCS"
3,9,8950,5073.0,"Restricted CPHF Ext  7( 0, 4) WCS"
3,9,9109,5081.0,"Restricted CPHF Ext  7( 0, 3) WCS"
3,9,9283,5089.0,"Restricted CPHF Ext  7( 0, 2) WCS"
3,9,10000,5097.0,CPHF IPO 7 (WCS)
4,9,10,6561.0,orthogonal array
4,9,11,12312.0,extended OA (Colbourn)
4,9,17,12393.0,3-Restricted SCPHF RE (CL)
4,9,21,13041.0,2-Restricted SCPHF RE (CL)
4,9,22,13113.0,SCPHF Random Extension (CLS)
4,9,37,18945.0,3-Restricted SCPHF RE (CL)
4,9,41,19593.0,2-Restricted SCPHF RE (CL)
4,9,43,19665.0,SCPHF Random Extension (CLS)
4,9,60,24777.0,"3,3-Restricted SCPHF RE (CL)"
4,9,66,25425.0,"3,2-Restricted SCPHF RE (CL)"
4,9,70,25497.0,3-Restricted SCPHF RE (CL)
4,9,75,26073.0,"2,2-Restricted SCPHF RE (CL)"
4,9,76,26145.0,2-Restricted SCPHF RE (CL)
4,9,78,26217.0,SCPHF Random Extension (CLS)
4,9,87,26241.0,CPHF IPO 4 (WCS)
4,9,114,31329.0,"3,3-Restricted SCPHF RE (CL)"
4,9,119,31977.0,"3,2-Restricted SCPHF RE (CL)"
4,9,133,32049.0,3-Restricted SCPHF RE (CL)
4,9,142,32625.0,"2,2-Restricted SCPHF RE (CL)"
4,9,144,32697.0,2-Restricted SCPHF RE (CL)
4,9,147,32769.0,SCPHF Random Extension (CLS)
4,9,175,32801.0,CPHF IPO 5 (WCS)
4,9,183,37161.0,"3,3,3-Restricted SCPHF RE (CL)"
4,9,189,37881.0,"3,3-Restricted SCPHF RE (CL)"
4,9,218,38529.0,"3,2-Restricted SCPHF RE (CL)"
4,9,224,38601.0,3-Restricted SCPHF RE (CL)
4,9,259,39177.0,"2,2-Restricted SCPHF RE (CL)"
4,9,276,39249.0,2-Restricted SCPHF RE (CL)
4,9,339,39361.0,CPHF IPO 6 (WCS)
4,9,356,44433.0,"3,3-Restricted SCPHF RE (CL)"
4,9,400,45081.0,"3,2-Restricted SCPHF RE (CL)"
4,9,409,45153.0,3-Restricted SCPHF RE (CL)
4,9,472,45729.0,"2,2-Restricted SCPHF RE (CL)"
4,9,480,45801.0,2-Restricted SCPHF RE (CL)
4,9,495,45873.0,SCPHF Random Extension (CLS)
4,9,672,45921.0,CPHF IPO 7 (WCS)
4,9,712,51633.0,"3,2-Restricted SCPHF RE (CL)"
4,9,731,51705.0,3-Restricted SCPHF RE (CL)
4,9,835,52281.0,"2,2-Restricted SCPHF RE (CL)"
4,9,879,52353.0,2-Restricted SCPHF RE (CL)
4,9,909,52425.0,SCPHF Random Extension (CLS)
4,9,1206,52481.0,CPHF IPO 8 (WCS)
4,9,1316,58185.0,"3,2-Restricted SCPHF RE (CL)"
4,9,1349,58257.0,3-Restricted SCPHF RE (CL)
4,9,1412,58833.0,"2,2-Restricted SCPHF RE (CL)"
4,9,1526,58905.0,2-Restricted SCPHF RE (CL)
4,9,1561,58977.0,SCPHF Random Extension (CLS)
4,9,1621,59041.0,CPHF Random Extension (CLS)
4,9,2591,65529.0,SCPHF Random Extension (CLS)
4,9,2633,65601.0,CPHF Random Extension (CLS)
4,9,2634,86481.0,Add a factor
4,9,2635,92313.0,Add a factor
4,9,3051,97465.0,Colbourn-Martirosyan-TVT-Walker
4,9,3204,102537.0,Colbourn-Martirosyan-TVT-Walker
4,9,3276,103185.0,Colbourn-Martirosyan-TVT-Walker
4,9,3357,103377.0,Colbourn-Martirosyan-TVT-Walker
4,9,3600,106641.0,Colbourn-Martirosyan-TVT-Walker
4,9,3681,106713.0,Colbourn-Martirosyan-TVT-Walker
4,9,4248,107289.0,Colbourn-Martirosyan-TVT-Walker
4,9,4320,107361.0,Colbourn-Martirosyan-TVT-Walker
4,9,4455,107433.0,Colbourn-Martirosyan-TVT-Walker
4,9,6048,107481.0,Colbourn-Martirosyan-TVT-Walker
4,9,6075,113193.0,Colbourn-Martirosyan-TVT-Walker
4,9,6084,113249.0,Colbourn-Martirosyan-TVT-Walker
4,9,6408,113257.0,Colbourn-Martirosyan-TVT-Walker
4,9,6561,113329.0,Colbourn-Martirosyan-TVT-Walker
4,9,6579,115921.0,Colbourn-Martirosyan-TVT-Walker
4,9,7371,116497.0,Colbourn-Martirosyan-TVT-Walker
4,9,7380,116553.0,Colbourn-Martirosyan-TVT-Walker
4,9,7515,118161.0,Colbourn-Martirosyan-TVT-Walker
4,9,7551,118233.0,Colbourn-Martirosyan-TVT-Walker
4,9,7569,118297.0,Colbourn-Martirosyan-TVT-Walker
4,9,7650,118361.0,Colbourn-Martirosyan-TVT-Walker
4,9,7767,118425.0,Colbourn-Martirosyan-TVT-Walker
4,9,7911,118809.0,Colbourn-Martirosyan-TVT-Walker
4,9,8181,118881.0,Colbourn-Martirosyan-TVT-Walker
4,9,9477,118937.0,Colbourn-Martirosyan-TVT-Walker
4,9,9567,119585.0,Colbourn-Martirosyan-TVT-Walker
4,9,9774,119649.0,Colbourn-Martirosyan-TVT-Walker
4,9,9918,119713.0,Colbourn-Martirosyan-TVT-Walker
4,9,9963,119777.0,Colbourn-Martirosyan-TVT-Walker
4,9,10000,119841.0,Colbourn-Martirosyan-TVT-Walker
5,9,10,59049.0,orthogonal array
5,9,11,110808.0,extended OA (Colbourn)
5,9,14,111537.0,4-Restricted SCPHF RE (CL)
5,9,15,117369.0,3-Restricted SCPHF RE (CL)
5,9,16,118089.0,SCPHF Random Extension (CLS)
5,9,22,170577.0,4-Restricted SCPHF RE (CL)
5,9,24,176409.0,3-Restricted SCPHF RE (CL)
5,9,25,177129.0,SCPHF Random Extension (CLS)
5,9,26,177145.0,CPHF IPO 3 (WCS)
5,9,33,223065.0,"4,4-Restricted SCPHF RE (CL)"
5,9,36,228897.0,"4,3-restricted SCPHF RE (CL)"
5,9,38,234729.0,"3,3-Restricted SCPHF RE (CL)"
5,9,39,235377.0,"3,2-restricted SCPHF RE (CL)"
5,9,43,236193.0,CPHF IPO 4 (WCS)
5,9,51,282105.0,"4,4-Restricted SCPHF RE (CL)"
5,9,55,288657.0,4-Restricted SCPHF RE (CL)
5,9,60,294489.0,3-Restricted SCPHF RE (CL)
5,9,61,295137.0,2-Restricted SCPHF RE (CL)
5,9,62,295209.0,SCPHF Random Extension (CLS)
5,9,70,295241.0,CPHF IPO 5 (WCS)
5,9,73,334593.0,"4,4,4-Restricted SCPHF RE (CL)"
5,9,77,341145.0,"4,4-Restricted SCPHF RE (CL)"
5,9,88,347697.0,4-Restricted SCPHF RE (CL)
5,9,91,353529.0,3-Restricted SCPHF RE (CL)
5,9,92,354177.0,2-Restricted SCPHF RE (CL)
5,9,95,354249.0,SCPHF Random Extension (CLS)
5,9,115,354289.0,CPHF IPO 6 (WCS)
5,9,118,400185.0,"4,4-Restricted SCPHF RE (CL)"
5,9,133,406737.0,4-Restricted SCPHF RE (CL)
5,9,147,412569.0,3-Restricted SCPHF RE (CL)
5,9,149,413217.0,2-Restricted SCPHF RE (CL)
5,9,187,413337.0,CPHF IPO 7 (WCS)
5,9,214,465777.0,4-Restricted SCPHF RE (CL)
5,9,224,471609.0,3-Restricted SCPHF RE (CL)
5,9,229,472257.0,2-Restricted SCPHF RE (CL)
5,9,231,472385.0,CPHF Random Extension (CLS)
5,9,254,511713.0,"4,4,4-Restricted SCPHF RE (CL)"
5,9,283,518265.0,"4,4-Restricted SCPHF RE (CL)"
5,9,324,524817.0,4-Restricted SCPHF RE (CL)
5,9,353,530649.0,3-Restricted SCPHF RE (CL)
5,9,355,531297.0,2-Restricted SCPHF RE (CL)
5,9,374,531369.0,SCPHF Random Extension (CLS)
5,9,405,570753.0,"4,4,4-Restricted SCPHF RE (CL)"
5,9,445,577305.0,"4,4-Restricted SCPHF RE (CL)"
5,9,483,583857.0,4-Restricted SCPHF RE (CL)
5,9,542,589689.0,3-Restricted SCPHF RE (CL)
5,9,546,590337.0,2-Restricted SCPHF RE (CL)
5,9,568,590409.0,SCPHF Random Extension (CLS)
5,9,629,629793.0,"4,4,4-Restricted SCPHF RE (CL)"
5,9,690,636345.0,"4,4-Restricted SCPHF RE (CL)"
5,9,755,642897.0,4-Restricted SCPHF RE (CL)
5,9,818,648729.0,3-Restricted SCPHF RE (CL)
5,9,819,888417.0,Add 1 factors
5,9,820,1034217.0,Add 2 factors
5,9,821,1086705.0,Add 3 factors
5,9,827,1139193.0,Add 9 factors
5,9,828,1378881.0,Add 9 factors
5,9,829,1524681.0,Add 9 factors
5,9,830,1577673.0,Add 9 factors
5,9,836,1644633.0,Add 9 factors
5,9,850,1771224.0,"perfect hash family3,850,568"
5,9,855,1849272.0,"perfect hash family3,942,629T87"
5,9,859,1849920.0,"perfect hash family3,942,629T83"
5,9,881,1849992.0,"perfect hash family3,942,629T61"
5,9,885,1862376.0,"perfect hash family3,1032,689T147"
5,9,889,1863024.0,"perfect hash family3,1032,689T143"
5,9,911,1863096.0,"perfect hash family3,1032,689T121"
5,9,918,1875480.0,"perfect hash family3,1131,755T213"
5,9,922,1876128.0,"perfect hash family3,1131,755T209"
5,9,944,1876200.0,"perfect hash family3,1131,755T187"
5,9,949,1887144.0,"perfect hash family3,1224,817T275"
5,9,953,1887792.0,"perfect hash family3,1224,817T271"
5,9,975,1887864.0,"perfect hash family3,1224,817T249"
5,9,1033,1909032.0,"perfect hash family3,1033,690"
5,9,1066,1922136.0,"perfect hash family3,1131,755T65"
5,9,1131,1928688.0,"perfect hash family3,1131,755"
5,9,1162,1940352.0,"perfect hash family3,1224,817T62"
5,9,1225,1946184.0,"perfect hash family3,1225,818"
5,9,1258,2060042.0,Martirosyan-Colbourn
5,9,1344,2066594.0,Martirosyan-Colbourn
5,9,1380,2112290.0,Martirosyan-Colbourn
5,9,1419,2112600.0,Power N-CT43^2T10
5,9,1548,2118432.0,Power N-CT43^2T7
5,9,1634,2124264.0,Power N-CT43^2T5
5,9,1677,2124912.0,Power N-CT43^2T4
5,9,1849,2125728.0,Power N-CT43^2
5,9,1870,2420744.0,"perfect hash family4,3125,625T251"
5,9,2025,2460128.0,"perfect hash family4,3125,625T220"
5,9,2225,2466680.0,"perfect hash family4,3125,625T180"
5,9,2415,2473232.0,"perfect hash family4,3125,625T142"
5,9,2710,2479064.0,"perfect hash family4,3125,625T83"
5,9,2730,2479712.0,"perfect hash family4,3125,625T79"
5,9,2840,2479784.0,"perfect hash family4,3125,625T57"
5,9,3125,2519168.0,"perfect hash family4,3125,625"
5,9,3198,2604672.0,Power N-CT71^2Arc(9)T20
5,9,3446,2611224.0,Power N-CT71^2Arc(9)T16
5,9,3756,2617056.0,Power N-CT71^2Arc(9)T11
5,9,3818,2617704.0,Power N-CT71^2Arc(9)T10
5,9,3880,2617776.0,Power N-CT71^2Arc(9)T9
5,9,4314,2617808.0,Power N-CT71^2Arc(9)T2
5,9,4492,2657160.0,Power N-CT67^2+3
5,9,4501,2696512.0,Power N-CT71^2Arc(8)
5,9,4565,2735864.0,Power N-CT71^2Arc(7)
5,9,4630,2775216.0,Power N-CT71^2Arc(6)
5,9,4696,2814568.0,Power N-CT71^2Arc(5)
5,9,4763,2853920.0,Power N-CT71^2Arc(4)
5,9,4831,2893272.0,Power N-CT71^2Arc(3)
5,9,4900,2932624.0,Power N-CT71^2T1T1
5,9,5110,2971976.0,Power N-CT73^2T3
5,9,5329,3011328.0,Power N-CT73^2
5,9,5390,3070256.0,Power N-CT79^2T9T2
5,9,5636,3070976.0,Power N-CT89^2Arc(9)T19
5,9,5810,3076808.0,Power N-CT83^2T13
5,9,5825,3088472.0,Power N-CT89^2Arc(6)T19
5,9,5890,3094304.0,Power N-CT89^2Arc(5)T19
5,9,5956,3100136.0,Power N-CT89^2Arc(4)T19
5,9,6023,3105968.0,Power N-CT89^2Arc(3)T19
5,9,6091,3111800.0,Power N-CT89^2Arc(2)T19
5,9,6196,3116880.0,Power N-CT89^2Arc(9)T12
5,9,6391,3122712.0,Power N-CT83^2T6
5,9,6996,3123432.0,Power N-CT89^2Arc(9)T2
5,9,7156,3129264.0,Power N-CT89^2Arc(9)
5,9,7910,3129544.0,"perfect hash family9,12769,113T43"
5,9,8249,3168896.0,"perfect hash family9,12769,113T40"
5,9,8701,3175448.0,"perfect hash family9,12769,113T36"
5,9,9944,3182000.0,"perfect hash family9,12769,113T25"
5,9,10000,3187832.0,"perfect hash family9,12769,113T22"
6,9,10,531441.0,orthogonal array
6,9,11,997272.0,extended OA (Colbourn)
6,9,12,1003833.0,5-Restricted SCPHF RE (CL)
6,9,13,1056321.0,4-Restricted SCPHF RE (CL)
6,9,14,1062873.0,SCPHF Random Extension (CLS)
6,9,18,1535265.0,5-Restricted SCPHF RE (CL)
6,9,19,1587753.0,4-Restricted SCPHF RE (CL)
6,9,20,1594305.0,SCPHF Random Extension (CLS)
6,9,21,1594321.0,CPHF IPO 3 (WCS)
6,9,23,2007657.0,"5,5-Restricted SCPHF RE (CL)"
6,9,24,2066697.0,5-Restricted SCPHF RE (CL)
6,9,25,2119185.0,4-Restricted SCPHF RE (CL)
6,9,26,2125017.0,3-Restricted SCPHF RE (CL)
6,9,31,2125761.0,CPHF IPO 4 (WCS)
6,9,33,2539089.0,"5,5-Restricted SCPHF RE (CL)"
6,9,35,2598129.0,5-Restricted SCPHF RE (CL)
6,9,36,2650617.0,4-Restricted SCPHF RE (CL)
6,9,37,2656449.0,3-Restricted SCPHF RE (CL)
6,9,38,2657169.0,SCPHF Random Extension (CLS)
6,9,44,2657201.0,CPHF IPO 5 (WCS)
6,9,49,3129561.0,5-Restricted SCPHF RE (CL)
6,9,51,3182049.0,4-Restricted SCPHF RE (CL)
6,9,53,3187881.0,3-Restricted SCPHF RE (CL)
6,9,54,3188529.0,2-Restricted SCPHF RE (CL)
6,9,55,3188601.0,SCPHF Random Extension (CLS)
6,9,61,3188641.0,CPHF IPO 6 (WCS)
6,9,64,3601953.0,"5,5-Restricted SCPHF RE (CL)"
6,9,69,3660993.0,5-Restricted SCPHF RE (CL)
6,9,72,3713481.0,4-Restricted SCPHF RE (CL)
6,9,75,3719313.0,3-Restricted SCPHF RE (CL)
6,9,76,3720033.0,SCPHF Random Extension (CLS)
6,9,78,3720081.0,CPHF Random Extension (CLS)
6,9,79,4015305.0,5+-Restricted SCPHF RE (CL)
6,9,83,4074345.0,"5,5,5-Restricted SCPHF RE (CL)"
6,9,92,4133385.0,"5,5-Restricted SCPHF RE (CL)"
6,9,99,4192425.0,5-Restricted SCPHF RE (CL)
6,9,107,4244913.0,4-Restricted SCPHF RE (CL)
6,9,108,4250745.0,3-Restricted SCPHF RE (CL)
6,9,112,4251393.0,2-Restricted SCPHF RE (CL)
6,9,156,4782897.0,SCPHF Random Extension (CLS)
6,9,210,5314329.0,SCPHF Random Extension (CLS)
6,9,211,8088417.0,Add 1 factors
6,9,212,9867177.0,Add 2 factors
6,9,213,11062737.0,Add 3 factors
6,9,214,11535129.0,Add 4 factors
6,9,219,12007521.0,Add 9 factors
6,9,220,14781609.0,Add 9 factors
6,9,221,16560369.0,Add 9 factors
6,9,222,17755929.0,Add 9 factors
6,9,223,18228321.0,Add 9 factors
6,9,228,18700713.0,Add 9 factors
6,9,243,19131584.0,"perfect hash family4,243,156"
6,9,278,20725880.0,"perfect hash family4,332,210T54"
6,9,332,21257312.0,"perfect hash family4,332,210"
6,9,335,23914480.0,"perfect hash family5,335,156"
6,9,337,24445912.0,"perfect hash family5,345,157S4"
6,9,339,24977344.0,"perfect hash family5,345,157S3"
6,9,342,25351544.0,Power CT19^2T1
6,9,361,25404032.0,Power CT19^2
6,9,362,25508864.0,Power CT19^2+1
6,9,363,25509120.0,Power CT19^2+2
6,9,373,26040208.0,"perfect hash family5,475,207T51"
6,9,478,26571640.0,"perfect hash family5,478,210"
6,9,479,29869312.0,Add 1 factors
6,9,483,31236856.0,Power N-CT29^2T8T6
6,9,504,31295896.0,Power N-CT29^2T8T5
6,9,558,31295904.0,Power N-CT31^2T13
6,9,589,31348392.0,Power N-CT31^2T12
6,9,620,31354944.0,Power N-CT31^2T11
6,9,651,31354960.0,Power N-CT31^2T10
6,9,713,31768296.0,Power N-CT31^2T8
6,9,744,31827336.0,Power N-CT31^2T7
6,9,775,31879824.0,Power N-CT31^2T6
6,9,806,31885656.0,Power N-CT31^2T5
6,9,961,31886400.0,Power N-CT31^2
6,9,962,35665032.0,Add 1 factors
6,9,1023,36551248.0,Power N-CT41^2T10T8
6,9,1085,36610288.0,Power N-CT41^2T10T6
6,9,1116,36662776.0,Power N-CT41^2T10T5
6,9,1147,36668608.0,Power N-CT41^2T10T4
6,9,1178,36669328.0,Power N-CT41^2T10T3
6,9,1333,36669360.0,Power N-CT43^2T12
6,9,1419,37082688.0,Power N-CT43^2T10
6,9,1505,37141728.0,Power N-CT43^2T8
6,9,1548,37194216.0,Power N-CT43^2T7
6,9,1591,37200048.0,Power N-CT43^2T6
6,9,1634,37200768.0,Power N-CT43^2T5
6,9,1850,37200800.0,Power N-CT43^2+1
6,9,1851,41918888.0,Add 1 factors
6,9,1936,42869120.0,Power N-CT47^2T3T3
6,9,2068,43341480.0,Power N-CT47^2T3
6,9,2211,43813840.0,Power N-CT47^2+2
6,9,2244,44093808.0,Power N-CT53^2T9T2
6,9,2332,44099640.0,Power N-CT53^2T9
6,9,2376,44109408.0,Power N-CT59^2T15T5
6,9,2420,44109480.0,Power N-CT59^2T15T4
6,9,2684,44109520.0,Power N-CT61^2T17
6,9,2695,44581840.0,Power N-CT59^2T10T4
6,9,2989,44581880.0,Power N-CT61^2T12
6,9,3111,44634368.0,Power N-CT61^2T10
6,9,3233,44640200.0,Power N-CT61^2T8
6,9,3294,44640848.0,Power N-CT61^2T7
6,9,3355,44640920.0,Power N-CT61^2T6
6,9,3721,44640960.0,Power N-CT61^2
6,9,3852,47697192.0,"Power N-CT73^2Trin1,9,12"
6,9,3904,47703024.0,Power N-CT73^2T12T9
6,9,3981,47703744.0,"Power N-CT73^2Trin4,4,12"
6,9,4152,47756232.0,"Power N-CT73^2Trin1,4,12"
6,9,4209,47762064.0,Power N-CT73^2T12T4
6,9,4215,47797056.0,Power N-CT73^2Arc(4)T12
6,9,4273,47802888.0,Power N-CT73^2Arc(3)T12
6,9,4332,47808720.0,Power N-CT73^2Arc(2)T12
6,9,4392,47814552.0,Power N-CT73^2T12T1
6,9,4453,47820384.0,Power N-CT73^2T12
6,9,4501,48176096.0,"Power N-CT73^2Trin4,4,4"
6,9,4545,48222032.0,Power N-CT73^2Arc(2)T9
6,9,4608,48227864.0,Power N-CT73^2T9T1
6,9,4696,48228584.0,"Power N-CT73^2Trin1,4,4"
6,9,4761,48234416.0,Power N-CT73^2T4T4
6,9,4767,48269408.0,Power N-CT73^2Arc(4)T4
6,9,4833,48275240.0,Power N-CT73^2Arc(3)T4
6,9,4900,48281072.0,Power N-CT73^2Arc(2)T4
6,9,4968,48286904.0,Power N-CT73^2T4T1
6,9,5037,48292736.0,Power N-CT73^2T4
6,9,5043,48327728.0,Power N-CT73^2Arc(4)
6,9,5113,48333560.0,Power N-CT73^2Arc(3)
6,9,5184,48339392.0,Power N-CT73^2T1T1
6,9,5256,48345224.0,Power N-CT73^2T1
6,9,5331,48351056.0,Power N-CT73^2+2
6,9,5332,48360416.0,Power N-CT73^2+3
6,9,5334,48361040.0,"perfect hash family13,5334,78"
6,9,5359,48656264.0,Power N-CT79^2Arc(12)
6,9,5427,48951488.0,Power N-CT79^2Arc(11)
6,9,5496,49246712.0,Power N-CT79^2Arc(10)
6,9,5566,49541936.0,Power N-CT79^2Arc(9)
6,9,5637,49837160.0,Power N-CT79^2Arc(8)
6,9,5709,50132384.0,Power N-CT79^2Arc(7)
6,9,5782,50427608.0,Power N-CT79^2Arc(6)
6,9,5856,50722832.0,Power N-CT79^2Arc(5)
6,9,5931,51018056.0,Power N-CT79^2Arc(4)
6,9,6007,51313280.0,Power N-CT79^2Arc(3)
6,9,6084,51608504.0,Power N-CT79^2T1T1
6,9,6162,51903728.0,Power N-CT79^2T1
6,9,6241,52198952.0,Power N-CT79^2
6,9,6308,52612160.0,Power N-CT83^2T7
6,9,6474,52612208.0,Power N-CT83^2T5
6,9,6557,52907432.0,Power N-CT83^2T4
6,9,6889,52966472.0,Power N-CT83^2
6,9,6942,53320688.0,Power N-CT89^2T11
6,9,7031,53615912.0,Power N-CT89^2T10
6,9,7387,53674952.0,Power N-CT89^2T6
6,9,7924,53733992.0,Power N-CT89^2+3
6,9,8029,54324392.0,"Power N-CT97^2Trin5,5,5"
6,9,8464,54383432.0,Power N-CT97^2T5T5
6,9,8924,54442472.0,Power N-CT97^2T5
6,9,9411,54501512.0,Power N-CT97^2+2
6,9,9607,55026392.0,"Power N-CT101^2Trin2,2,2"
6,9,9844,55072328.0,"perfect hash family13,11449,107T15"
6,9,10000,55131368.0,"perfect hash family13,10609,103T4"
2,10,4,100.0,orthogonal array
2,10,6,102.0,Incomplete Transversal Design
2,10,7,111.0,Add Factor SO (AG-TJ-IM)
2,10,8,112.0,Add Factor SO (AG-TJ-IM)
2,10,9,113.0,Add Factor SO (AG-TJ-IM)
2,10,10,115.0,Add Factor SO (AG-TJ-IM)
2,10,12,116.0,Add Factor SO (AG-TJ-IM)
2,10,13,120.0,projection (C)
2,10,14,127.0,Fix 1 symbols (LCDST)
2,10,15,136.0,Fix 1 symbols (Meagher-Stevens)
2,10,16,145.0,Fix 1 symbols (Meagher-Stevens)
2,10,17,149.0,simulated annealing (Torres-Jimenez)
2,10,18,150.0,Fix 2 symbols (LCDST) postop TJ-SA
2,10,20,155.0,Fix 3 symbols (LCDST)
2,10,21,162.0,Fix 3 symbols (LCDST) postop TJ-SA
2,10,22,166.0,Fix 3 symbols (LCDST) postop TJ-SA
2,10,23,171.0,Fix 3 symbols (LCDST) postop TJ-SA
2,10,25,178.0,Fix 4 symbols (LCDST) postop TJ-SA
2,10,26,185.0,Fix 4 symbols (LCDST)
2,10,30,190.0,simulated annealing (Torres-Jimenez)
2,10,36,191.0,simulated annealing (Torres-Jimenez)
2,10,37,198.0,simulated annealing (Torres-Jimenez)
2,10,39,199.0,simulated annealing (Torres-Jimenez)
2,10,49,200.0,Direct product generalized
2,10,70,202.0,simulated annealing (Torres-Jimenez)
2,10,73,204.0,simulated annealing (Torres-Jimenez)
2,10,74,205.0,simulated annealing (Torres-Jimenez)
2,10,78,206.0,simulated annealing (Torres-Jimenez)
2,10,84,211.0,Direct product
2,10,96,212.0,Direct product generalized
2,10,108,213.0,Direct product generalized
2,10,109,215.0,Direct product generalized
2,10,121,216.0,Direct product generalized
2,10,134,217.0,simulated annealing (Torres-Jimenez)
2,10,144,218.0,Direct product
2,10,154,219.0,simulated annealing (Torres-Jimenez)
2,10,167,220.0,simulated annealing (Torres-Jimenez)
2,10,169,221.0,simulated annealing (Torres-Jimenez)
2,10,170,230.0,Direct product generalized
2,10,171,235.0,Direct product generalized
2,10,173,236.0,Direct product generalized
2,10,182,237.0,Direct product
2,10,190,243.0,simulated annealing (Torres-Jimenez)
2,10,195,244.0,PCAxPCA
2,10,204,250.0,Direct product
2,10,205,252.0,Direct product generalized
2,10,209,253.0,PCAx2PCA
2,10,221,257.0,simulated annealing (Torres-Jimenez)
2,10,222,259.0,Direct product generalized
2,10,234,260.0,Direct product
2,10,240,263.0,Direct product
2,10,260,265.0,Direct product
2,10,274,272.0,PCAxPCA
2,10,286,276.0,Direct product
2,10,288,280.0,PCAxPCA
2,10,299,281.0,Direct product
2,10,302,284.0,Direct product generalized
2,10,312,285.0,Direct product generalized
2,10,325,288.0,Direct product
2,10,333,290.0,Direct product generalized
2,10,388,291.0,Direct product generalized
2,10,432,292.0,Direct product
2,10,438,296.0,Direct product
2,10,444,297.0,Direct product
2,10,468,298.0,Direct product
2,10,478,299.0,Direct product generalized
2,10,588,300.0,Direct product
2,10,604,301.0,Direct product generalized
2,10,782,302.0,Direct product generalized
2,10,807,303.0,Direct product generalized
2,10,858,304.0,Direct product generalized
2,10,864,305.0,Direct product
2,10,866,306.0,Direct product generalized
2,10,888,307.0,Direct product
2,10,894,308.0,simulated annealing (Torres-Jimenez)
2,10,936,309.0,Direct product
2,10,939,310.0,Direct product generalized
2,10,1001,311.0,Direct product generalized
2,10,1144,312.0,Direct product generalized
2,10,1287,313.0,Direct product generalized
2,10,1309,315.0,Direct product generalized
2,10,1452,316.0,Direct product generalized
2,10,1595,317.0,Direct product generalized
2,10,1725,318.0,Direct product generalized
2,10,1829,319.0,Direct product generalized
2,10,1887,320.0,Direct product generalized
2,10,1920,321.0,Direct product
2,10,1937,323.0,simulated annealing (Torres-Jimenez)
2,10,1978,327.0,PCAxPCA
2,10,2028,328.0,Direct product
2,10,2166,329.0,simulated annealing (Torres-Jimenez)
2,10,2197,330.0,simulated annealing (Torres-Jimenez)
2,10,2325,337.0,PCAxPCA
2,10,2355,338.0,PCAxPCA
2,10,2366,344.0,Direct product
2,10,2492,346.0,PCAx2PCA
2,10,2524,347.0,PCAx2PCA
2,10,2535,353.0,Direct product
2,10,2548,354.0,PCAxPCA
2,10,2659,355.0,PCAx2PCA
2,10,2693,356.0,PCAx2PCA
2,10,2748,359.0,PCAxPCA
2,10,2915,360.0,PCAxPCA
2,10,2965,361.0,PCAxPCA
2,10,2998,362.0,PCAxPCA
2,10,3040,364.0,PCAxPCA
2,10,3262,365.0,PCAxPCA
2,10,3314,366.0,PCAxPCA
2,10,3380,371.0,Direct product
2,10,3403,372.0,PCAxPCA
2,10,3461,373.0,PCAxPCA
2,10,3483,374.0,PCAxPCA
2,10,3531,376.0,PCAxPCA
2,10,3597,377.0,PCAxPCA
2,10,3641,378.0,PCAxPCA
2,10,3698,381.0,PCAxPCA
2,10,3766,382.0,PCAxPCA
2,10,3788,383.0,PCAxPCA
2,10,3810,384.0,PCAxPCA
2,10,3912,386.0,Direct product generalized
2,10,3943,388.0,Direct product generalized
2,10,4071,389.0,PCAxPCA
2,10,4137,390.0,PCAxPCA
2,10,4664,391.0,Direct product generalized
2,10,5148,392.0,Direct product generalized
2,10,5180,397.0,Direct product
2,10,5460,398.0,Direct product
2,10,5797,399.0,Direct product generalized
2,10,7044,400.0,Direct product
2,10,7359,401.0,Direct product generalized
2,10,9393,402.0,Direct product generalized
2,10,9647,403.0,Direct product generalized
2,10,10054,404.0,Direct product generalized
2,10,10296,405.0,Direct product generalized
2,10,10340,406.0,Direct product generalized
2,10,10582,407.0,Direct product generalized
2,10,10670,408.0,Direct product generalized
2,10,11154,409.0,Direct product generalized
2,10,11220,410.0,Direct product generalized
2,10,11605,411.0,Direct product generalized
2,10,11968,412.0,Direct product generalized
2,10,13541,413.0,Direct product generalized
2,10,14894,414.0,Direct product generalized
2,10,15301,415.0,Direct product generalized
2,10,17160,416.0,Direct product generalized
2,10,18997,417.0,Direct product generalized
2,10,20000,418.0,Direct product generalized
3,10,4,1000.0,Derive from strength 4
3,10,5,1050.0,Li-Ji-Yin
3,10,6,1100.0,Ji-Yin
3,10,10,1215.0,ordered design (CCL)
3,10,11,1292.0,orthogonal array fuse postop NCK
3,10,12,1299.0,orthogonal array fuse postop NCK
3,10,13,1858.0,orthogonal array fuse fuse fuse postop NCK
3,10,14,1885.0,orthogonal array fuse fuse fuse postop NCK
3,10,16,2223.0,Chateauneuf-Kreher doubling
3,10,18,2232.0,Chateauneuf-Kreher doubling
3,10,20,2250.0,Chateauneuf-Kreher doubling
3,10,21,2334.0,Chateauneuf-Kreher doubling postop NCK
3,10,22,2335.0,Chateauneuf-Kreher doubling postop NCK
3,10,24,2343.0,Chateauneuf-Kreher doubling
3,10,25,2557.0,SCPHF (Sherwood-Martirosyan-Colbourn) fuse postop NCK
3,10,26,2558.0,SCPHF (Sherwood-Martirosyan-Colbourn) fuse postop NCK
3,10,27,2564.0,SCPHF (Sherwood-Martirosyan-Colbourn) fuse postop NCK
3,10,28,2579.0,SCPHF (Sherwood-Martirosyan-Colbourn) fuse postop NCK
3,10,30,2584.0,SCPHF (Sherwood-Martirosyan-Colbourn) fuse postop NCK
3,10,32,2589.0,SCPHF (Sherwood-Martirosyan-Colbourn) fuse postop NCK
3,10,35,2599.0,SCPHF (Sherwood-Martirosyan-Colbourn) fuse postop NCK
3,10,37,2607.0,SCPHF (Sherwood-Martirosyan-Colbourn) fuse postop NCK
3,10,41,2618.0,SCPHF (Sherwood-Martirosyan-Colbourn) fuse postop NCK
3,10,47,2621.0,SCPHF (Sherwood-Martirosyan-Colbourn) fuse postop NCK
3,10,50,2628.0,SCPHF (Sherwood-Martirosyan-Colbourn) fuse postop NCK
3,10,113,2649.0,SCPHF LFSR (TJ-IM) fuse
3,10,133,2659.0,Raaphorst-Moura-Stevens fuse
3,10,134,3559.0,Add a factor
3,10,362,3610.0,Cyclotomy (Torres-Jimenez)
3,10,398,4376.0,Cyclotomy (Colbourn) fuse
3,10,428,5179.0,Path-Restricted SCPHF RE (CLS) fuse
3,10,522,5210.0,Cyclotomy (Colbourn)
3,10,550,5289.0,SCPHF Conditional Expectation (CLS) fuse
3,10,557,5309.0,"Restricted CPHF Ext  4( 0, 2) WCS fuse"
3,10,564,5319.0,"Restricted CPHF Ext  4( 0, 0) WCS fuse"
3,10,572,5710.0,Cyclotomy (Colbourn)
3,10,665,5731.0,Cohen-Colbourn-Ling
3,10,678,5837.0,Cohen-Colbourn-Ling
3,10,798,5847.0,Cohen-Colbourn-Ling
3,10,1130,6062.0,Cohen-Colbourn-Ling
3,10,1320,6072.0,Cohen-Colbourn-Ling
3,10,1452,6149.0,Cohen-Colbourn-Ling
3,10,1463,6179.0,Colbourn-Martirosyan-TVT-Walker
3,10,1572,6233.0,Cohen-Colbourn-Ling
3,10,1596,6244.0,Cohen-Colbourn-Ling
3,10,1802,6609.0,"Restricted CPHF Ext  5( 0, 5) WCS fuse"
3,10,1836,6619.0,"Restricted CPHF Ext  5( 0, 4) WCS fuse"
3,10,1844,6629.0,"Restricted CPHF Ext  5( 0, 3) WCS fuse"
3,10,1854,6639.0,"Restricted CPHF Ext  5( 0, 2) WCS fuse"
3,10,1890,6649.0,"Restricted CPHF Ext  5( 0, 0) WCS fuse"
3,10,1920,7228.0,Cohen-Colbourn-Ling
3,10,1946,7283.0,Cohen-Colbourn-Ling
3,10,2028,7305.0,Cohen-Colbourn-Ling
3,10,2078,7391.0,Cohen-Colbourn-Ling
3,10,2184,7404.0,Cohen-Colbourn-Ling
3,10,2480,7489.0,"Restricted CPHF Ext  6( 4, 6) WCS fuse"
3,10,2499,7499.0,"Restricted CPHF Ext  6( 4, 5) WCS fuse"
3,10,3032,7599.0,"Restricted CPHF Ext  6( 3, 6) WCS fuse"
3,10,3101,7609.0,"Restricted CPHF Ext  6( 3, 5) WCS fuse"
3,10,3102,7619.0,"Restricted CPHF Ext  6( 3, 4) WCS fuse"
3,10,3682,7709.0,"Restricted CPHF Ext  6( 2, 6) WCS fuse"
3,10,3772,7719.0,"Restricted CPHF Ext  6( 2, 5) WCS fuse"
3,10,3826,7729.0,"Restricted CPHF Ext  6( 2, 4) WCS fuse"
3,10,3861,7739.0,"Restricted CPHF Ext  6( 2, 3) WCS fuse"
3,10,4372,7819.0,"Restricted CPHF Ext  6( 1, 6) WCS fuse"
3,10,4442,7829.0,"Restricted CPHF Ext  6( 1, 5) WCS fuse"
3,10,4477,7839.0,"Restricted CPHF Ext  6( 1, 4) WCS fuse"
3,10,4586,7849.0,"Restricted CPHF Ext  6( 1, 3) WCS fuse"
3,10,4605,7859.0,"Restricted CPHF Ext  6( 1, 2) WCS fuse"
3,10,5588,7929.0,"Restricted CPHF Ext  6( 0, 6) WCS fuse"
3,10,5691,7939.0,"Restricted CPHF Ext  6( 0, 5) WCS fuse"
3,10,5824,7949.0,"Restricted CPHF Ext  6( 0, 4) WCS fuse"
3,10,5941,7959.0,"Restricted CPHF Ext  6( 0, 3) WCS fuse"
3,10,6122,7969.0,"Restricted CPHF Ext  6( 0, 2) WCS fuse"
3,10,6389,7979.0,CPHF IPO 6 (WCS) fuse
3,10,7807,8809.0,"Restricted CPHF Ext  7( 4, 7) WCS fuse"
3,10,7903,8819.0,"Restricted CPHF Ext  7( 4, 6) WCS fuse"
3,10,7919,8829.0,"Restricted CPHF Ext  7( 4, 5) WCS fuse"
3,10,9894,8919.0,"Restricted CPHF Ext  7( 3, 7) WCS fuse"
3,10,10000,8929.0,"Restricted CPHF Ext  7( 3, 6) WCS fuse"
4,10,5,10000.0,Derive from strength 5
4,10,6,11957.0,Augment OA
4,10,7,12855.0,orthogonal array fuse postop NCK
4,10,8,13397.0,orthogonal array fuse postop NCK
4,10,9,13998.0,orthogonal array fuse postop NCK
4,10,10,14282.0,orthogonal array fuse postop NCK
4,10,11,14429.0,orthogonal array fuse postop NCK
4,10,12,14562.0,orthogonal array fuse postop NCK
4,10,13,23342.0,orthogonal array fuse fuse fuse postop NCK
4,10,14,23889.0,orthogonal array fuse fuse fuse postop NCK
4,10,15,27233.0,SCPHF Tabu Search (Walker-Colbourn) fuse postop NCK
4,10,16,27513.0,SCPHF Tabu Search (Walker-Colbourn) fuse postop NCK
4,10,17,27859.0,SCPHF Tabu Search (Walker-Colbourn) fuse postop NCK
4,10,20,27949.0,3-Restricted SCPHF RE (CL) fuse
4,10,21,28979.0,SCPHF Tabu Search (Walker-Colbourn) fuse postop NCK
4,10,22,29071.0,SCPHF Tabu Search (Walker-Colbourn) fuse postop NCK
4,10,23,29100.0,SCPHF Tabu Search (Walker-Colbourn) fuse postop NCK
4,10,24,29159.0,2-Restricted SCPHF RE (CL) fuse
4,10,43,42579.0,3-Restricted SCPHF RE (CL) fuse
4,10,47,43789.0,2-Restricted SCPHF RE (CL) fuse
4,10,49,43899.0,SCPHF Random Extension (CLS) fuse
4,10,51,43919.0,CPHF IPO 3 (WCS) fuse
4,10,80,55889.0,"3,3-Restricted SCPHF RE (CL) fuse"
4,10,84,57099.0,"3,2-Restricted SCPHF RE (CL) fuse"
4,10,89,57209.0,3-Restricted SCPHF RE (CL) fuse
4,10,95,58309.0,"2,2-Restricted SCPHF RE (CL) fuse"
4,10,96,58419.0,2-Restricted SCPHF RE (CL) fuse
4,10,99,58529.0,SCPHF Random Extension (CLS) fuse
4,10,114,58559.0,CPHF IPO 4 (WCS) fuse
4,10,121,69089.0,Colbourn-Martirosyan-TVT-Walker fuse
4,10,141,70519.0,"3,3-Restricted SCPHF RE (CL) fuse"
4,10,160,71729.0,"3,2-Restricted SCPHF RE (CL) fuse"
4,10,170,71839.0,3-Restricted SCPHF RE (CL) fuse
4,10,193,72939.0,"2,2-Restricted SCPHF RE (CL) fuse"
4,10,199,73049.0,2-Restricted SCPHF RE (CL) fuse
4,10,203,73159.0,SCPHF Random Extension (CLS) fuse
4,10,239,73199.0,CPHF IPO 5 (WCS) fuse
4,10,242,83829.0,"3,3,3-Restricted SCPHF RE (CL) fuse"
4,10,287,85149.0,"3,3-Restricted SCPHF RE (CL) fuse"
4,10,309,86359.0,"3,2-Restricted SCPHF RE (CL) fuse"
4,10,329,86469.0,3-Restricted SCPHF RE (CL) fuse
4,10,377,87569.0,"2,2-Restricted SCPHF RE (CL) fuse"
4,10,383,87679.0,2-Restricted SCPHF RE (CL) fuse
4,10,394,87789.0,SCPHF Random Extension (CLS) fuse
4,10,514,87839.0,CPHF IPO 6 (WCS) fuse
4,10,518,99779.0,"3,3-Restricted SCPHF RE (CL) fuse"
4,10,606,100989.0,"3,2-Restricted SCPHF RE (CL) fuse"
4,10,613,101099.0,3-Restricted SCPHF RE (CL) fuse
4,10,719,102199.0,"2,2-Restricted SCPHF RE (CL) fuse"
4,10,761,102309.0,2-Restricted SCPHF RE (CL) fuse
4,10,781,102419.0,SCPHF Random Extension (CLS) fuse
4,10,1017,102479.0,CPHF IPO 7 (WCS) fuse
4,10,1046,114409.0,"3,3-Restricted SCPHF RE (CL) fuse"
4,10,1184,115619.0,"3,2-Restricted SCPHF RE (CL) fuse"
4,10,1202,115729.0,3-Restricted SCPHF RE (CL) fuse
4,10,1253,116829.0,"2,2-Restricted SCPHF RE (CL) fuse"
4,10,1480,116939.0,2-Restricted SCPHF RE (CL) fuse
4,10,1507,117049.0,SCPHF Random Extension (CLS) fuse
4,10,1508,117119.0,CPHF Random Extension (CLS) fuse
4,10,2556,131679.0,SCPHF Random Extension (CLS) fuse
4,10,2595,131759.0,CPHF Random Extension (CLS) fuse
4,10,2596,163709.0,Add a factor
4,10,2597,172709.0,Add a factor
4,10,2628,191641.0,Colbourn-Martirosyan-TVT-Walker
4,10,2640,191786.0,Colbourn-Martirosyan-TVT-Walker
4,10,2676,192311.0,Colbourn-Martirosyan-TVT-Walker
4,10,2904,192479.0,Colbourn-Martirosyan-TVT-Walker
4,10,2926,192749.0,Colbourn-Martirosyan-TVT-Walker
4,10,2960,193235.0,Colbourn-Martirosyan-TVT-Walker
4,10,3014,193345.0,Colbourn-Martirosyan-TVT-Walker
4,10,3016,193415.0,Colbourn-Martirosyan-TVT-Walker
4,10,3258,204212.0,Colbourn-Martirosyan-TVT-Walker
4,10,3290,207118.0,Colbourn-Martirosyan-TVT-Walker
4,10,3620,208218.0,Colbourn-Martirosyan-TVT-Walker
4,10,3708,209555.0,Colbourn-Martirosyan-TVT-Walker
4,10,3948,209665.0,Colbourn-Martirosyan-TVT-Walker
4,10,3982,210632.0,Colbourn-Martirosyan-TVT-Walker
4,10,4344,210765.0,Colbourn-Martirosyan-TVT-Walker
4,10,4378,211479.0,Colbourn-Martirosyan-TVT-Walker fuse
4,10,4626,218897.0,Colbourn-Martirosyan-TVT-Walker
4,10,4954,219279.0,Colbourn-Martirosyan-TVT-Walker
4,10,4994,219369.0,Colbourn-Martirosyan-TVT-Walker
4,10,5112,220269.0,Colbourn-Martirosyan-TVT-Walker
4,10,5190,220349.0,Colbourn-Martirosyan-TVT-Walker
4,10,5654,220609.0,Colbourn-Martirosyan-TVT-Walker fuse
4,10,6168,228635.0,Colbourn-Martirosyan-TVT-Walker
4,10,6204,234059.0,Colbourn-Martirosyan-TVT-Walker fuse
4,10,6216,240575.0,Colbourn-Martirosyan-TVT-Walker
4,10,6264,241785.0,Colbourn-Martirosyan-TVT-Walker
4,10,6471,242057.0,Colbourn-Martirosyan-TVT-Walker
4,10,6480,242167.0,Colbourn-Martirosyan-TVT-Walker
4,10,7119,242244.0,Colbourn-Martirosyan-TVT-Walker
4,10,8136,242787.0,Colbourn-Martirosyan-TVT-Walker
4,10,9153,243389.0,Colbourn-Martirosyan-TVT-Walker
4,10,10000,244049.0,Colbourn-Martirosyan-TVT-Walker fuse
5,10,6,100000.0,Derive from strength 6
5,10,7,120000.0,Ji-Li-Yin
5,10,8,132547.0,Add a symbol postop NCK
5,10,9,144071.0,Add a symbol postop NCK
5,10,10,153884.0,orthogonal array fuse postop NCK
5,10,11,157819.0,orthogonal array fuse postop NCK
5,10,12,159639.0,orthogonal array fuse postop NCK
5,10,13,265415.0,extended OA (Colbourn) special fuse postop NCK
5,10,14,301504.0,orthogonal array fuse fuse fuse postop NCK
5,10,15,307459.0,4-Restricted SCPHF RE (CL) fuse
5,10,16,320769.0,3-Restricted SCPHF RE (CL) fuse
5,10,17,321979.0,2-Restricted SCPHF RE (CL) fuse
5,10,26,468499.0,4-Restricted SCPHF RE (CL) fuse
5,10,28,481809.0,3-Restricted SCPHF RE (CL) fuse
5,10,29,483129.0,SCPHF Random Extension (CLS) fuse
5,10,30,483149.0,CPHF IPO 3 (WCS) fuse
5,10,38,614909.0,"4,4-Restricted SCPHF RE (CL) fuse"
5,10,39,628219.0,"4,3-restricted SCPHF RE (CL) fuse"
5,10,42,629539.0,4-Restricted SCPHF RE (CL) fuse
5,10,44,641529.0,"3,3-Restricted SCPHF RE (CL) fuse"
5,10,46,642739.0,"3,2-restricted SCPHF RE (CL) fuse"
5,10,47,642849.0,3-Restricted SCPHF RE (CL) fuse
5,10,51,644199.0,CPHF IPO 4 (WCS) fuse
5,10,61,775949.0,"4,4-Restricted SCPHF RE (CL) fuse"
5,10,69,790579.0,4-Restricted SCPHF RE (CL) fuse
5,10,77,803889.0,3-Restricted SCPHF RE (CL) fuse
5,10,79,805099.0,2-Restricted SCPHF RE (CL) fuse
5,10,89,805249.0,CPHF IPO 5 (WCS) fuse
5,10,90,922359.0,"4,4,4-Restricted SCPHF RE (CL) fuse"
5,10,100,936989.0,"4,4-Restricted SCPHF RE (CL) fuse"
5,10,109,951619.0,4-Restricted SCPHF RE (CL) fuse
5,10,120,964929.0,3-Restricted SCPHF RE (CL) fuse
5,10,125,966139.0,2-Restricted SCPHF RE (CL) fuse
5,10,159,966299.0,CPHF IPO 6 (WCS) fuse
5,10,161,1098029.0,"4,4-Restricted SCPHF RE (CL) fuse"
5,10,182,1112659.0,4-Restricted SCPHF RE (CL) fuse
5,10,196,1125969.0,3-Restricted SCPHF RE (CL) fuse
5,10,209,1127179.0,2-Restricted SCPHF RE (CL) fuse
5,10,228,1244439.0,"4,4,4-Restricted SCPHF RE (CL) fuse"
5,10,248,1259069.0,"4,4-Restricted SCPHF RE (CL) fuse"
5,10,289,1273699.0,4-Restricted SCPHF RE (CL) fuse
5,10,328,1287009.0,3-Restricted SCPHF RE (CL) fuse
5,10,332,1288219.0,2-Restricted SCPHF RE (CL) fuse
5,10,340,1288329.0,SCPHF Random Extension (CLS) fuse
5,10,342,1288399.0,CPHF Random Extension (CLS) fuse
5,10,389,1405479.0,"4,4,4-Restricted SCPHF RE (CL) fuse"
5,10,425,1420109.0,"4,4-Restricted SCPHF RE (CL) fuse"
5,10,472,1434739.0,4-Restricted SCPHF RE (CL) fuse
5,10,505,1448049.0,3-Restricted SCPHF RE (CL) fuse
5,10,524,1449259.0,2-Restricted SCPHF RE (CL) fuse
5,10,529,1449369.0,SCPHF Random Extension (CLS) fuse
5,10,533,1449449.0,CPHF Random Extension (CLS) fuse
5,10,614,1566519.0,"4,4,4-Restricted SCPHF RE (CL) fuse"
5,10,680,1581149.0,"4,4-Restricted SCPHF RE (CL) fuse"
5,10,730,1595779.0,4-Restricted SCPHF RE (CL) fuse
5,10,827,1609089.0,3-Restricted SCPHF RE (CL) fuse
5,10,828,2154669.0,Add 1 factors
5,10,829,2428269.0,Add 2 factors
5,10,831,2674539.0,Add 4 factors
5,10,832,2725485.0,Add 5 factors
5,10,838,2923259.0,Add 11 factors
5,10,839,3468839.0,Add 11 factors
5,10,840,3742439.0,Add 11 factors
5,10,842,3988709.0,Add 11 factors
5,10,843,4039655.0,Add 11 factors
5,10,849,4237429.0,Add 11 factors
5,10,850,4271259.0,Martirosyan-Colbourn
5,10,944,4285889.0,Martirosyan-Colbourn
5,10,1010,4299199.0,Martirosyan-Colbourn
5,10,1028,4300409.0,Martirosyan-Colbourn
5,10,1036,4407869.0,Martirosyan-Colbourn
5,10,1048,4418759.0,Martirosyan-Colbourn
5,10,1058,4418869.0,Martirosyan-Colbourn
5,10,1066,4418949.0,Martirosyan-Colbourn
5,10,1212,4536019.0,Martirosyan-Colbourn
5,10,1226,4537009.0,Martirosyan-Colbourn
5,10,1228,4546909.0,Martirosyan-Colbourn
5,10,1360,4561539.0,Martirosyan-Colbourn
5,10,1438,4576169.0,Martirosyan-Colbourn
5,10,1460,4577159.0,Martirosyan-Colbourn
5,10,1522,4590469.0,Martirosyan-Colbourn
5,10,1562,4591459.0,Martirosyan-Colbourn
5,10,1654,4591999.0,Martirosyan-Colbourn
5,10,1656,5137579.0,Martirosyan-Colbourn
5,10,1658,5411179.0,Martirosyan-Colbourn
5,10,1662,5657449.0,Martirosyan-Colbourn
5,10,1682,5665842.0,Power N-CT41^2+1
5,10,1683,5725792.0,Power N-CT43^2Arc(4)
5,10,1723,5737782.0,Power N-CT43^2Arc(3)
5,10,1764,5749772.0,Power N-CT43^2T1T1
5,10,1786,5757692.0,Power N-CT47^2T9
5,10,1806,5761762.0,Power N-CT43^2T1
5,10,1809,5770892.0,"Power N-CT47^2Trin1,3,5"
5,10,1848,5771002.0,Power N-CT47^2T5T3
5,10,1851,5771992.0,Power N-CT47^2Arc(3)T5
5,10,1891,5772102.0,Power N-CT47^2Arc(2)T5
5,10,1932,5772212.0,Power N-CT47^2T5T1
5,10,1974,5772322.0,Power N-CT47^2T5
5,10,1981,5784092.0,Power N-CT47^2Arc(2)T3
5,10,2024,5784202.0,Power N-CT47^2T3T1
5,10,2068,5784312.0,Power N-CT47^2T3
5,10,2071,5785302.0,Power N-CT47^2Arc(3)
5,10,2116,5785412.0,Power N-CT47^2T1T1
5,10,2162,5785522.0,Power N-CT47^2T1
5,10,2209,5785632.0,Power N-CT47^2
5,10,2213,5797782.0,"perfect hash family9,2213,51"
5,10,2360,6178182.0,"perfect hash family4,3125,625T153"
5,10,2525,6191492.0,"perfect hash family4,3125,625T120"
5,10,2620,6192702.0,"perfect hash family4,3125,625T101"
5,10,2645,6192812.0,"perfect hash family4,3125,625T96"
5,10,2665,6192892.0,"perfect hash family4,3125,625T92"
5,10,3070,6309962.0,"perfect hash family4,3125,625T11"
5,10,3125,6324592.0,"perfect hash family4,3125,625"
5,10,3149,6967472.0,Power N-CT67^2T20
5,10,3417,6968822.0,Power N-CT67^2T16
5,10,3721,6983532.0,Power N-CT61^2
5,10,3738,7071522.0,Power N-CT89^2T47
5,10,3829,7082562.0,"Power N-CT79^2Trin2,2,28"
5,10,3916,7083512.0,Power N-CT89^2T45
5,10,3927,7083772.0,Power N-CT79^2T28T2
5,10,4094,7084722.0,Power N-CT89^2T43
5,10,4183,7084832.0,Power N-CT89^2T42
5,10,4539,7086182.0,Power N-CT89^2T38
5,10,4627,7195062.0,"Power N-CT71^2Trin2,2,2"
5,10,4761,7208372.0,Power N-CT71^2T2T2
5,10,4819,7216732.0,Power N-CT79^2T18
5,10,5429,7217932.0,Power N-CT89^2T28
5,10,5451,7231362.0,Power N-CT79^2T10
5,10,6141,7232562.0,Power N-CT89^2T20
5,10,6853,7245872.0,Power N-CT89^2T12
5,10,7031,7247082.0,Power N-CT89^2T10
5,10,7921,7247232.0,Power N-CT89^2
5,10,7922,8049942.0,Add 1 factors
5,10,8224,8286522.0,Power N-CT101^2Arc(9)T12
5,10,8633,8301152.0,Power N-CT97^2T8
5,10,8639,8359672.0,Power N-CT101^2Arc(4)T12
5,10,8725,8374302.0,Power N-CT101^2Arc(3)T12
5,10,8812,8388932.0,Power N-CT101^2Arc(2)T12
5,10,8900,8403562.0,Power N-CT101^2T12T1
5,10,9701,8418192.0,"perfect hash family9,11881,109T20"
5,10,9706,8491412.0,Power N-CT101^2Arc(5)
5,10,9803,8506042.0,Power N-CT101^2Arc(4)
5,10,9901,8520672.0,Power N-CT101^2Arc(3)
5,10,10000,8524672.0,"perfect hash family9,12769,113T24"
6,10,7,1000000.0,composition
6,10,8,1229001.0,Augment OA
6,10,9,1357802.0,Augment OA
6,10,10,1494326.0,Augment OA
6,10,12,1771559.0,orthogonal array fuse
6,10,13,2928200.0,extended OA (Colbourn) special fuse
6,10,15,3528479.0,4-Restricted SCPHF RE (CL) fuse
6,10,19,5153619.0,5-Restricted SCPHF RE (CL) fuse
6,10,21,5300029.0,4-Restricted SCPHF RE (CL) fuse
6,10,22,5313339.0,3-Restricted SCPHF RE (CL) fuse
6,10,23,5314679.0,CPHF IPO 3 (WCS) fuse
6,10,26,6764129.0,"5,5-Restricted SCPHF RE (CL) fuse"
6,10,28,6925169.0,5-Restricted SCPHF RE (CL) fuse
6,10,30,7071579.0,4-Restricted SCPHF RE (CL) fuse
6,10,31,7086099.0,2-Restricted SCPHF RE (CL) fuse
6,10,35,7086239.0,CPHF IPO 4 (WCS) fuse
6,10,41,8696719.0,5-Restricted SCPHF RE (CL) fuse
6,10,43,8843129.0,4-Restricted SCPHF RE (CL) fuse
6,10,44,8856439.0,3-Restricted SCPHF RE (CL) fuse
6,10,45,8857649.0,2-Restricted SCPHF RE (CL) fuse
6,10,46,8857759.0,SCPHF Random Extension (CLS) fuse
6,10,48,8857799.0,CPHF IPO 5 (WCS) fuse
6,10,54,10307229.0,"5,5-Restricted SCPHF RE (CL) fuse"
6,10,60,10468269.0,5-Restricted SCPHF RE (CL) fuse
6,10,61,10614679.0,4-Restricted SCPHF RE (CL) fuse
6,10,66,10627989.0,3-Restricted SCPHF RE (CL) fuse
6,10,67,10629309.0,SCPHF Random Extension (CLS) fuse
6,10,68,10629359.0,CPHF Random Extension (CLS) fuse
6,10,74,11917739.0,"5,5,5-Restricted SCPHF RE (CL) fuse"
6,10,83,12078779.0,"5,5-Restricted SCPHF RE (CL) fuse"
6,10,88,12239819.0,5-Restricted SCPHF RE (CL) fuse
6,10,95,12386229.0,4-Restricted SCPHF RE (CL) fuse
6,10,97,12399539.0,3-Restricted SCPHF RE (CL) fuse
6,10,100,12400749.0,2-Restricted SCPHF RE (CL) fuse
6,10,107,13689289.0,"5,5,5-Restricted SCPHF RE (CL) fuse"
6,10,121,13850329.0,"5,5-Restricted SCPHF RE (CL) fuse"
6,10,132,14011369.0,5-Restricted SCPHF RE (CL) fuse
6,10,141,14157779.0,4-Restricted SCPHF RE (CL) fuse
6,10,145,14171089.0,3-Restricted SCPHF RE (CL) fuse
6,10,147,14172299.0,2-Restricted SCPHF RE (CL) fuse
6,10,150,14172409.0,SCPHF Random Extension (CLS) fuse
6,10,208,15943959.0,SCPHF Random Extension (CLS) fuse
6,10,209,22531869.0,Add 1 factors
6,10,210,25780869.0,Add 2 factors
6,10,211,30557459.0,Add 3 factors
6,10,213,31776963.0,Add 5 factors
6,10,214,33037482.0,Add 6 factors
6,10,215,34761659.0,Add 11 factors
6,10,216,34766059.0,Add 11 factors
6,10,217,34792679.0,Add 11 factors
6,10,219,34805989.0,Add 11 factors
6,10,220,41393899.0,Add 11 factors
6,10,250,43441171.0,SCPHF Random Extension (CLS) fuse fuse fuse
6,10,251,51104581.0,Add 1 factors
6,10,252,54353581.0,Add 2 factors
6,10,253,59473211.0,Add 3 factors
6,10,264,60383587.0,Martirosyan-TVT
6,10,266,60529997.0,Martirosyan-TVT
6,10,267,62004172.0,"perfect hash family4,328,208T61"
6,10,270,62004282.0,"perfect hash family4,328,208T58"
6,10,328,63775832.0,"perfect hash family4,328,208"
6,10,335,70599150.0,Martirosyan-TVT variant
6,10,339,70742828.0,Martirosyan-TVT variant
6,10,340,72035930.0,Martirosyan-TVT
6,10,341,72288930.0,Martirosyan-TVT variant
6,10,343,73271320.0,Martirosyan-TVT variant
6,10,347,73417198.0,Martirosyan-TVT variant
6,10,364,73563076.0,Martirosyan-TVT
6,10,365,73682866.0,Martirosyan-TVT variant
6,10,381,74558134.0,Martirosyan-TVT variant
6,10,386,74704012.0,Martirosyan-TVT
6,10,387,74730852.0,Martirosyan-TVT variant
6,10,391,74757692.0,Martirosyan-TVT variant
6,10,392,75634280.0,Martirosyan-TVT
6,10,398,75645170.0,Martirosyan-TVT
6,10,399,75672670.0,Martirosyan-TVT variant
6,10,406,75700170.0,Martirosyan-TVT
6,10,407,75710170.0,Martirosyan-TVT variant
6,10,409,75720170.0,Martirosyan-TVT variant
6,10,411,76012966.0,Martirosyan-TVT variant
6,10,416,76159364.0,Martirosyan-TVT
6,10,476,79719790.0,"perfect hash family5,476,208"
6,10,483,85020198.0,Power CT23^2T2
6,10,484,85032168.0,Power CT23^2T1T1
6,10,506,85033508.0,Power CT23^2T1
6,10,529,85034848.0,Power CT23^2
6,10,530,94123858.0,Add 1 factors
6,10,568,95663748.0,"perfect hash family6,568,208"
6,10,578,103716709.0,"perfect hash familyD16,578,34^11 17^5"
6,10,581,103731130.0,Power N-CT29^2Arc(4)T6
6,10,601,103877540.0,Power N-CT29^2Arc(3)T6
6,10,622,104023950.0,Power N-CT29^2Arc(2)T6
6,10,644,104170360.0,Power N-CT29^2T6T1
6,10,667,104316770.0,Power N-CT29^2T6
6,10,668,104491010.0,Power N-CT31^2Arc(2)T8
6,10,690,104505530.0,Power N-CT31^2T8T1
6,10,713,104520050.0,Power N-CT31^2T8
6,10,731,105488030.0,Power N-CT29^2Arc(4)
6,10,757,105634440.0,Power N-CT29^2Arc(3)
6,10,784,105780850.0,Power N-CT29^2T1T1
6,10,812,105927260.0,Power N-CT29^2T1
6,10,842,106073670.0,Power N-CT29^2+1
6,10,868,106130540.0,Power N-CT31^2T3
6,10,871,106247910.0,Power N-CT31^2Arc(3)
6,10,900,106262430.0,Power N-CT31^2T1T1
6,10,930,106276950.0,Power N-CT31^2T1
6,10,961,106291470.0,Power N-CT31^2
6,10,965,106293570.0,"perfect hash family15,965,35"
6,10,992,113379668.0,Power CT32^2T1
6,10,1027,113379808.0,Power CT32^2+3
6,10,1051,116922612.0,"Power N-CT41^2Trin6,6,6"
6,10,1085,118532952.0,Power N-CT41^2T10T6
6,10,1225,118533092.0,Power N-CT41^2T6T6
6,10,1230,120128912.0,Power N-CT41^2T11
6,10,1271,120143432.0,Power N-CT41^2T10
6,10,1435,120143572.0,Power N-CT41^2T6
6,10,1681,121754052.0,Power N-CT41^2
6,10,1763,123657382.0,Power N-CT43^2T2
6,10,1849,123803792.0,Power N-CT43^2
6,10,1886,123848052.0,Power N-CT47^2T6T1
6,10,1927,123848092.0,Power N-CT47^2T6
6,10,1935,123994352.0,Power N-CT47^2T4T2
6,10,1936,123994422.0,Power N-CT47^2Arc(2)T4
6,10,1978,123994462.0,Power N-CT47^2T4T1
6,10,2021,123994502.0,Power N-CT47^2T4
6,10,2024,124007772.0,Power N-CT47^2T3T1
6,10,2068,124007812.0,Power N-CT47^2T3
6,10,2070,124008982.0,Power N-CT47^2T2T1
6,10,2115,124009022.0,Power N-CT47^2T2
6,10,2116,124009092.0,Power N-CT47^2T1T1
6,10,2162,124009132.0,Power N-CT47^2T1
6,10,2210,124009172.0,Power N-CT47^2+1
6,10,2211,135860282.0,Add 1 factors
6,10,2304,141402332.0,Power N-CT53^2T5T5
6,10,2332,142850402.0,Power N-CT53^2T9
6,10,2385,142851612.0,Power N-CT53^2T8
6,10,2438,142851722.0,Power N-CT53^2T7
6,10,2544,142851762.0,Power N-CT53^2T5
6,10,2810,144301192.0,Power N-CT53^2+1
6,10,2832,144945282.0,Power N-CT59^2T11
6,10,2916,146233672.0,Power N-CT59^2T5T5
6,10,3186,146394712.0,Power N-CT59^2T5
6,10,3482,146555752.0,Power N-CT59^2+1
6,10,3483,148019852.0,Power N-CT61^2Arc(4)
6,10,3541,148166262.0,Power N-CT61^2Arc(3)
6,10,3600,148312672.0,Power N-CT61^2T1T1
6,10,3660,148459082.0,Power N-CT61^2T1
6,10,3721,148605492.0,Power N-CT61^2
6,10,3730,148642672.0,Power N-CT67^2Arc(5)T7
6,10,3786,148643992.0,Power N-CT67^2Arc(4)T7
6,10,3843,148645312.0,Power N-CT67^2Arc(3)T7
6,10,3901,148646632.0,Power N-CT67^2Arc(2)T7
6,10,3960,148647952.0,Power N-CT67^2T7T1
6,10,4020,148649272.0,Power N-CT67^2T7
6,10,4026,148794362.0,Power N-CT67^2T6T1
6,10,4087,148795682.0,Power N-CT67^2T6
6,10,4102,148802392.0,Power N-CT67^2Arc(6)
6,10,4164,148803712.0,Power N-CT67^2Arc(5)
6,10,4227,148805032.0,Power N-CT67^2Arc(4)
6,10,4291,148806352.0,Power N-CT67^2Arc(3)
6,10,4356,148807672.0,Power N-CT67^2T1T1
6,10,4422,148808992.0,Power N-CT67^2T1
6,10,4489,148810312.0,Power N-CT67^2
6,10,4490,148811012.0,Power N-CT67^2+1
6,10,4556,152353784.0,Power N-CT73^2T6T5
6,10,4624,152353834.0,Power N-CT73^2T5T5
6,10,4818,153640844.0,Power N-CT73^2T7
6,10,4891,153642164.0,Power N-CT73^2T6
6,10,4964,153642214.0,Power N-CT73^2T5
6,10,5330,154930594.0,Power N-CT73^2+1
6,10,5478,155573324.0,Power N-CT83^2T17
6,10,5561,155574644.0,Power N-CT83^2T16
6,10,5644,155574694.0,Power N-CT83^2T15
6,10,6142,156863074.0,Power N-CT83^2T9
6,10,6889,157024114.0,Power N-CT83^2
6,10,6894,159117634.0,"perfect hash family13,6894,88"
6,10,6919,159264044.0,Power N-CT89^2Arc(12)
6,10,6997,159410454.0,Power N-CT89^2Arc(11)
6,10,7076,159556864.0,Power N-CT89^2Arc(10)
6,10,7382,159599214.0,Power N-CT101^2Arc(13)T18
6,10,7822,159760254.0,Power N-CT101^2Arc(13)T13
6,10,8438,159906664.0,Power N-CT101^2Arc(13)T6
6,10,8614,159919974.0,Power N-CT101^2Arc(13)T4
6,10,8790,159921184.0,Power N-CT101^2Arc(13)T2
6,10,8839,161154064.0,"Power N-CT97^2Trin2,2,2"
6,10,9025,161167374.0,Power N-CT97^2T2T2
6,10,9215,161180684.0,Power N-CT97^2T2
6,10,9409,161193994.0,Power N-CT97^2
6,10,9412,161209724.0,Power N-CT97^2+3
6,10,9421,167652424.0,Power N-CT101^2Arc(8)
6,10,9515,168940964.0,Power N-CT101^2Arc(7)
6,10,9610,170229504.0,Power N-CT101^2Arc(6)
6,10,9706,171518044.0,Power N-CT101^2Arc(5)
6,10,9803,172806584.0,Power N-CT101^2Arc(4)
6,10,9901,174095124.0,Power N-CT101^2Arc(3)
6,10,10000,175383664.0,Power N-CT101^2T1T1
2,11,12,121.0,orthogonal array
2,11,13,153.0,simulated annealing (Torres-Jimenez)
2,11,14,155.0,simulated annealing (Torres-Jimenez)
2,11,15,158.0,projection (C) postop NCK
2,11,16,161.0,Fix 1 symbols (Colbourn)
2,11,17,171.0,Fix 1 symbols (Meagher-Stevens)
2,11,18,177.0,simulated annealing (Torres-Jimenez)
2,11,19,178.0,Fix 2 symbols (LCDST) postop NCK
2,11,20,186.0,Fix 2 symbols (LCDST) postop TJ-SA
2,11,22,192.0,Fix 3 symbols (LCDST) postop TJ-SA
2,11,23,200.0,Fix 3 symbols (LCDST) postop TJ-SA
2,11,24,203.0,Fix 3 symbols (LCDST) postop TJ-SA
2,11,25,204.0,Fix 4 symbols (LCDST)
2,11,26,211.0,Fix 4 symbols (LCDST)
2,11,27,218.0,Fix 4 symbols (LCDST)
2,11,28,221.0,simulated annealing (Torres-Jimenez)
2,11,29,224.0,simulated annealing (Torres-Jimenez)
2,11,30,225.0,simulated annealing (Torres-Jimenez)
2,11,32,226.0,simulated annealing (Torres-Jimenez)
2,11,33,227.0,simulated annealing (Torres-Jimenez)
2,11,35,229.0,simulated annealing (Torres-Jimenez)
2,11,143,231.0,PCAx2PCA
2,11,144,240.0,Direct product
2,11,154,252.0,Direct product
2,11,155,261.0,Direct product generalized
2,11,168,262.0,Direct product
2,11,171,268.0,PCAx2PCA
2,11,177,269.0,PCAx2PCA
2,11,180,270.0,PCAx2PCA
2,11,191,271.0,PCAx2PCA
2,11,192,272.0,PCAx2PCA
2,11,203,281.0,PCAx2PCA
2,11,211,287.0,simulated annealing (Torres-Jimenez)
2,11,222,288.0,PCAx2PCA
2,11,224,289.0,PCAx2PCA
2,11,225,293.0,PCAx2PCA
2,11,228,294.0,PCAx2PCA
2,11,232,296.0,PCAx2PCA
2,11,236,297.0,PCAx2PCA
2,11,255,302.0,PCAx2PCA
2,11,258,303.0,PCAx2PCA
2,11,259,307.0,PCAx2PCA
2,11,260,308.0,PCAx2PCA
2,11,262,309.0,PCAx2PCA
2,11,264,310.0,PCAx2PCA
2,11,270,311.0,PCAx2PCA
2,11,292,314.0,PCAx2PCA
2,11,293,319.0,PCAx2PCA
2,11,296,320.0,PCAx2PCA
2,11,304,321.0,PCAx2PCA
2,11,305,326.0,PCAx2PCA
2,11,309,327.0,PCAx2PCA
2,11,316,328.0,PCAx2PCA
2,11,324,331.0,Direct product
2,11,336,332.0,Direct product
2,11,348,334.0,Direct product
2,11,360,335.0,Direct product
2,11,375,336.0,PCAx2PCA
2,11,387,337.0,PCAx2PCA
2,11,396,338.0,Direct product
2,11,412,339.0,PCAx2PCA
2,11,416,340.0,PCAx2PCA
2,11,1705,341.0,PCAx2PCA
2,11,1716,350.0,PCAx2PCA
2,11,1728,359.0,Direct product
2,11,1848,362.0,Direct product
2,11,1859,371.0,Direct product generalized
2,11,2002,372.0,Direct product
2,11,2013,374.0,Direct product generalized
2,11,2046,378.0,PCAx2PCA
2,11,2112,379.0,PCAx2PCA
2,11,2145,380.0,Direct product
2,11,2277,381.0,PCAx2PCA
2,11,2288,382.0,Direct product
2,11,2304,388.0,Direct product
2,11,2420,391.0,PCAx2PCA
2,11,2427,395.0,Direct product generalized
2,11,2519,397.0,PCAx2PCA
2,11,2651,398.0,PCAx2PCA
2,11,2673,399.0,PCAx2PCA
2,11,2684,403.0,PCAx2PCA
2,11,2717,404.0,Direct product
2,11,2772,406.0,PCAx2PCA
2,11,2816,407.0,PCAx2PCA
2,11,3047,412.0,PCAx2PCA
2,11,3080,413.0,PCAx2PCA
2,11,3091,417.0,PCAx2PCA
2,11,3102,418.0,PCAx2PCA
2,11,3124,419.0,PCAx2PCA
2,11,3157,420.0,PCAx2PCA
2,11,3223,421.0,PCAx2PCA
2,11,3487,424.0,PCAx2PCA
2,11,3498,429.0,PCAx2PCA
2,11,3531,430.0,PCAx2PCA
2,11,3630,431.0,PCAx2PCA
2,11,3641,436.0,PCAx2PCA
2,11,3685,437.0,PCAx2PCA
2,11,3773,438.0,PCAx2PCA
2,11,3861,441.0,Direct product
2,11,4004,442.0,Direct product
2,11,4147,444.0,Direct product
2,11,4290,445.0,Direct product
2,11,4477,446.0,PCAx2PCA
2,11,4620,447.0,PCAx2PCA
2,11,4719,448.0,Direct product
2,11,4917,449.0,PCAx2PCA
2,11,4961,450.0,PCAx2PCA
2,11,20000,451.0,PCAx2PCA
3,11,12,1331.0,orthogonal array
3,11,13,2064.0,orthogonal array fuse fuse postop NCK
3,11,14,2079.0,orthogonal array fuse fuse postop NCK
3,11,24,2541.0,Chateauneuf-Kreher doubling
3,11,113,2651.0,SCPHF LFSR (TJ-IM)
3,11,133,2661.0,Raaphorst-Moura-Stevens
3,11,134,3871.0,Add a factor
3,11,181,3971.0,SCPHF Conditional Expectation (CLS)
3,11,184,3991.0,CPHF Sim Annealing (TJ-IM)
3,11,398,4378.0,Cyclotomy (Colbourn)
3,11,428,5181.0,Path-Restricted SCPHF RE (CLS)
3,11,550,5291.0,SCPHF Conditional Expectation (CLS)
3,11,557,5311.0,"Restricted CPHF Ext  4( 0, 2) WCS"
3,11,564,5321.0,"Restricted CPHF Ext  4( 0, 0) WCS"
3,11,1243,6171.0,Colbourn-Martirosyan-TVT-Walker
3,11,1244,6180.0,Cohen-Colbourn-Ling
3,11,1463,6181.0,Colbourn-Martirosyan-TVT-Walker
3,11,1464,6290.0,Cohen-Colbourn-Ling
3,11,1802,6611.0,"Restricted CPHF Ext  5( 0, 5) WCS"
3,11,1836,6621.0,"Restricted CPHF Ext  5( 0, 4) WCS"
3,11,1844,6631.0,"Restricted CPHF Ext  5( 0, 3) WCS"
3,11,1854,6641.0,"Restricted CPHF Ext  5( 0, 2) WCS"
3,11,1890,6651.0,"Restricted CPHF Ext  5( 0, 0) WCS"
3,11,2480,7491.0,"Restricted CPHF Ext  6( 4, 6) WCS"
3,11,2499,7501.0,"Restricted CPHF Ext  6( 4, 5) WCS"
3,11,3032,7601.0,"Restricted CPHF Ext  6( 3, 6) WCS"
3,11,3101,7611.0,"Restricted CPHF Ext  6( 3, 5) WCS"
3,11,3102,7621.0,"Restricted CPHF Ext  6( 3, 4) WCS"
3,11,3682,7711.0,"Restricted CPHF Ext  6( 2, 6) WCS"
3,11,3772,7721.0,"Restricted CPHF Ext  6( 2, 5) WCS"
3,11,3826,7731.0,"Restricted CPHF Ext  6( 2, 4) WCS"
3,11,3861,7741.0,"Restricted CPHF Ext  6( 2, 3) WCS"
3,11,4372,7821.0,"Restricted CPHF Ext  6( 1, 6) WCS"
3,11,4442,7831.0,"Restricted CPHF Ext  6( 1, 5) WCS"
3,11,4477,7841.0,"Restricted CPHF Ext  6( 1, 4) WCS"
3,11,4586,7851.0,"Restricted CPHF Ext  6( 1, 3) WCS"
3,11,4605,7861.0,"Restricted CPHF Ext  6( 1, 2) WCS"
3,11,5588,7931.0,"Restricted CPHF Ext  6( 0, 6) WCS"
3,11,5691,7941.0,"Restricted CPHF Ext  6( 0, 5) WCS"
3,11,5824,7951.0,"Restricted CPHF Ext  6( 0, 4) WCS"
3,11,5941,7961.0,"Restricted CPHF Ext  6( 0, 3) WCS"
3,11,6122,7971.0,"Restricted CPHF Ext  6( 0, 2) WCS"
3,11,6389,7981.0,CPHF IPO 6 (WCS)
3,11,7807,8811.0,"Restricted CPHF Ext  7( 4, 7) WCS"
3,11,7903,8821.0,"Restricted CPHF Ext  7( 4, 6) WCS"
3,11,7919,8831.0,"Restricted CPHF Ext  7( 4, 5) WCS"
3,11,9894,8921.0,"Restricted CPHF Ext  7( 3, 7) WCS"
3,11,10000,8931.0,"Restricted CPHF Ext  7( 3, 6) WCS"
4,11,12,14641.0,orthogonal array
4,11,13,27482.0,orthogonal array fuse fuse postop NCK
4,11,14,27544.0,orthogonal array fuse fuse postop NCK
4,11,20,27951.0,3-Restricted SCPHF RE (CL)
4,11,24,29161.0,2-Restricted SCPHF RE (CL)
4,11,43,42581.0,3-Restricted SCPHF RE (CL)
4,11,47,43791.0,2-Restricted SCPHF RE (CL)
4,11,49,43901.0,SCPHF Random Extension (CLS)
4,11,51,43921.0,CPHF IPO 3 (WCS)
4,11,80,55891.0,"3,3-Restricted SCPHF RE (CL)"
4,11,84,57101.0,"3,2-Restricted SCPHF RE (CL)"
4,11,89,57211.0,3-Restricted SCPHF RE (CL)
4,11,95,58311.0,"2,2-Restricted SCPHF RE (CL)"
4,11,96,58421.0,2-Restricted SCPHF RE (CL)
4,11,99,58531.0,SCPHF Random Extension (CLS)
4,11,114,58561.0,CPHF IPO 4 (WCS)
4,11,121,69091.0,Colbourn-Martirosyan-TVT-Walker
4,11,141,70521.0,"3,3-Restricted SCPHF RE (CL)"
4,11,160,71731.0,"3,2-Restricted SCPHF RE (CL)"
4,11,170,71841.0,3-Restricted SCPHF RE (CL)
4,11,193,72941.0,"2,2-Restricted SCPHF RE (CL)"
4,11,199,73051.0,2-Restricted SCPHF RE (CL)
4,11,203,73161.0,SCPHF Random Extension (CLS)
4,11,239,73201.0,CPHF IPO 5 (WCS)
4,11,242,83831.0,"3,3,3-Restricted SCPHF RE (CL)"
4,11,287,85151.0,"3,3-Restricted SCPHF RE (CL)"
4,11,309,86361.0,"3,2-Restricted SCPHF RE (CL)"
4,11,329,86471.0,3-Restricted SCPHF RE (CL)
4,11,377,87571.0,"2,2-Restricted SCPHF RE (CL)"
4,11,383,87681.0,2-Restricted SCPHF RE (CL)
4,11,394,87791.0,SCPHF Random Extension (CLS)
4,11,514,87841.0,CPHF IPO 6 (WCS)
4,11,518,99781.0,"3,3-Restricted SCPHF RE (CL)"
4,11,606,100991.0,"3,2-Restricted SCPHF RE (CL)"
4,11,613,101101.0,3-Restricted SCPHF RE (CL)
4,11,719,102201.0,"2,2-Restricted SCPHF RE (CL)"
4,11,761,102311.0,2-Restricted SCPHF RE (CL)
4,11,781,102421.0,SCPHF Random Extension (CLS)
4,11,1017,102481.0,CPHF IPO 7 (WCS)
4,11,1046,114411.0,"3,3-Restricted SCPHF RE (CL)"
4,11,1184,115621.0,"3,2-Restricted SCPHF RE (CL)"
4,11,1202,115731.0,3-Restricted SCPHF RE (CL)
4,11,1253,116831.0,"2,2-Restricted SCPHF RE (CL)"
4,11,1480,116941.0,2-Restricted SCPHF RE (CL)
4,11,1507,117051.0,SCPHF Random Extension (CLS)
4,11,1508,117121.0,CPHF Random Extension (CLS)
4,11,2556,131681.0,SCPHF Random Extension (CLS)
4,11,2595,131761.0,CPHF Random Extension (CLS)
4,11,2596,175541.0,Add a factor
4,11,2597,188851.0,Add a factor
4,11,2629,195631.0,Colbourn-Martirosyan-TVT-Walker
4,11,2640,206261.0,Colbourn-Martirosyan-TVT-Walker
4,11,2662,207471.0,Colbourn-Martirosyan-TVT-Walker
4,11,2926,207791.0,Colbourn-Martirosyan-TVT-Walker
4,11,3157,208791.0,Colbourn-Martirosyan-TVT-Walker
4,11,3399,210001.0,Colbourn-Martirosyan-TVT-Walker
4,11,3619,210111.0,Colbourn-Martirosyan-TVT-Walker
4,11,4147,211211.0,Colbourn-Martirosyan-TVT-Walker
4,11,4213,211321.0,Colbourn-Martirosyan-TVT-Walker
4,11,4334,211431.0,Colbourn-Martirosyan-TVT-Walker
4,11,4378,211481.0,Colbourn-Martirosyan-TVT-Walker
4,11,4708,219511.0,Colbourn-Martirosyan-TVT-Walker
4,11,5654,220611.0,Colbourn-Martirosyan-TVT-Walker
4,11,5698,232551.0,Colbourn-Martirosyan-TVT-Walker
4,11,6050,233761.0,Colbourn-Martirosyan-TVT-Walker
4,11,6127,233961.0,Colbourn-Martirosyan-TVT-Walker
4,11,6204,234061.0,Colbourn-Martirosyan-TVT-Walker
4,11,6666,242561.0,Colbourn-Martirosyan-TVT-Walker
4,11,6743,242671.0,Colbourn-Martirosyan-TVT-Walker
4,11,7909,243771.0,Colbourn-Martirosyan-TVT-Walker
4,11,8371,243881.0,Colbourn-Martirosyan-TVT-Walker
4,11,8591,243991.0,Colbourn-Martirosyan-TVT-Walker
4,11,10000,244051.0,Colbourn-Martirosyan-TVT-Walker
5,11,12,161051.0,orthogonal array
5,11,13,306130.0,extended OA (Colbourn)
5,11,15,307461.0,4-Restricted SCPHF RE (CL)
5,11,16,320771.0,3-Restricted SCPHF RE (CL)
5,11,17,321981.0,2-Restricted SCPHF RE (CL)
5,11,26,468501.0,4-Restricted SCPHF RE (CL)
5,11,28,481811.0,3-Restricted SCPHF RE (CL)
5,11,29,483131.0,SCPHF Random Extension (CLS)
5,11,30,483151.0,CPHF IPO 3 (WCS)
5,11,38,614911.0,"4,4-Restricted SCPHF RE (CL)"
5,11,39,628221.0,"4,3-restricted SCPHF RE (CL)"
5,11,42,629541.0,4-Restricted SCPHF RE (CL)
5,11,44,641531.0,"3,3-Restricted SCPHF RE (CL)"
5,11,46,642741.0,"3,2-restricted SCPHF RE (CL)"
5,11,47,642851.0,3-Restricted SCPHF RE (CL)
5,11,51,644201.0,CPHF IPO 4 (WCS)
5,11,61,775951.0,"4,4-Restricted SCPHF RE (CL)"
5,11,69,790581.0,4-Restricted SCPHF RE (CL)
5,11,77,803891.0,3-Restricted SCPHF RE (CL)
5,11,79,805101.0,2-Restricted SCPHF RE (CL)
5,11,89,805251.0,CPHF IPO 5 (WCS)
5,11,90,922361.0,"4,4,4-Restricted SCPHF RE (CL)"
5,11,100,936991.0,"4,4-Restricted SCPHF RE (CL)"
5,11,109,951621.0,4-Restricted SCPHF RE (CL)
5,11,120,964931.0,3-Restricted SCPHF RE (CL)
5,11,125,966141.0,2-Restricted SCPHF RE (CL)
5,11,159,966301.0,CPHF IPO 6 (WCS)
5,11,161,1098031.0,"4,4-Restricted SCPHF RE (CL)"
5,11,182,1112661.0,4-Restricted SCPHF RE (CL)
5,11,196,1125971.0,3-Restricted SCPHF RE (CL)
5,11,209,1127181.0,2-Restricted SCPHF RE (CL)
5,11,228,1244441.0,"4,4,4-Restricted SCPHF RE (CL)"
5,11,248,1259071.0,"4,4-Restricted SCPHF RE (CL)"
5,11,289,1273701.0,4-Restricted SCPHF RE (CL)
5,11,328,1287011.0,3-Restricted SCPHF RE (CL)
5,11,332,1288221.0,2-Restricted SCPHF RE (CL)
5,11,340,1288331.0,SCPHF Random Extension (CLS)
5,11,342,1288401.0,CPHF Random Extension (CLS)
5,11,389,1405481.0,"4,4,4-Restricted SCPHF RE (CL)"
5,11,425,1420111.0,"4,4-Restricted SCPHF RE (CL)"
5,11,472,1434741.0,4-Restricted SCPHF RE (CL)
5,11,505,1448051.0,3-Restricted SCPHF RE (CL)
5,11,524,1449261.0,2-Restricted SCPHF RE (CL)
5,11,529,1449371.0,SCPHF Random Extension (CLS)
5,11,533,1449451.0,CPHF Random Extension (CLS)
5,11,614,1566521.0,"4,4,4-Restricted SCPHF RE (CL)"
5,11,680,1581151.0,"4,4-Restricted SCPHF RE (CL)"
5,11,730,1595781.0,4-Restricted SCPHF RE (CL)
5,11,827,1609091.0,3-Restricted SCPHF RE (CL)
5,11,828,2287901.0,Add 1 factors
5,11,829,2700511.0,Add 2 factors
5,11,830,2846921.0,Add 3 factors
5,11,838,2993331.0,Add 11 factors
5,11,839,3672141.0,Add 11 factors
5,11,840,3896051.0,Add 13 factors
5,11,841,4231161.0,Add 11 factors
5,11,849,4377571.0,Add 11 factors
5,11,862,4611560.0,"perfect hash family3,1017,679T155"
5,11,867,4611670.0,"perfect hash family3,1017,679T150"
5,11,871,4611750.0,"perfect hash family3,1017,679T146"
5,11,887,4640820.0,"perfect hash family3,1092,729T205"
5,11,892,4640930.0,"perfect hash family3,1092,729T200"
5,11,896,4641010.0,"perfect hash family3,1092,729T196"
5,11,917,4666230.0,"perfect hash family3,1239,827T322"
5,11,936,4667440.0,"perfect hash family3,1239,827T303"
5,11,941,4667550.0,"perfect hash family3,1239,827T298"
5,11,945,4667630.0,"perfect hash family3,1239,827T294"
5,11,952,4728820.0,"perfect hash family3,1017,679T65"
5,11,1018,4743450.0,"perfect hash family3,1018,680"
5,11,1043,4772710.0,"perfect hash family3,1092,729T49"
5,11,1093,4787340.0,"perfect hash family3,1093,730"
5,11,1142,4813960.0,"perfect hash family3,1239,827T97"
5,11,1239,4827270.0,"perfect hash family3,1239,827"
5,11,1240,5506080.0,Add 1 factors
5,11,1260,5603400.0,Power N-CT43^2T13T1
5,11,1290,5615390.0,Power N-CT43^2T13
5,11,1339,5621970.0,"Power N-CT41^2Trin3,3,3"
5,11,1351,5625730.0,Power N-CT47^2Arc(2)T17
5,11,1380,5625840.0,Power N-CT47^2T17T1
5,11,1410,5625950.0,Power N-CT47^2T17
5,11,1444,5636600.0,Power N-CT41^2T3T3
5,11,1482,5649910.0,Power N-CT41^2T3T2
5,11,1558,5651230.0,Power N-CT41^2T3
5,11,1599,5664540.0,Power N-CT41^2T2
5,11,1682,5665860.0,Power N-CT41^2+1
5,11,1683,5725810.0,Power N-CT43^2Arc(4)
5,11,1723,5737800.0,Power N-CT43^2Arc(3)
5,11,1764,5749790.0,Power N-CT43^2T1T1
5,11,1786,5757710.0,Power N-CT47^2T9
5,11,1806,5761780.0,Power N-CT43^2T1
5,11,1809,5770910.0,"Power N-CT47^2Trin1,3,5"
5,11,1848,5771020.0,Power N-CT47^2T5T3
5,11,1851,5772010.0,Power N-CT47^2Arc(3)T5
5,11,1891,5772120.0,Power N-CT47^2Arc(2)T5
5,11,1932,5772230.0,Power N-CT47^2T5T1
5,11,1974,5772340.0,Power N-CT47^2T5
5,11,1981,5784110.0,Power N-CT47^2Arc(2)T3
5,11,2024,5784220.0,Power N-CT47^2T3T1
5,11,2068,5784330.0,Power N-CT47^2T3
5,11,2071,5785320.0,Power N-CT47^2Arc(3)
5,11,2116,5785430.0,Power N-CT47^2T1T1
5,11,2162,5785540.0,Power N-CT47^2T1
5,11,2209,5785650.0,Power N-CT47^2
5,11,2213,5797800.0,"perfect hash family9,2213,51"
5,11,2360,6178190.0,"perfect hash family4,3125,625T153"
5,11,2525,6191500.0,"perfect hash family4,3125,625T120"
5,11,2620,6192710.0,"perfect hash family4,3125,625T101"
5,11,2645,6192820.0,"perfect hash family4,3125,625T96"
5,11,2665,6192900.0,"perfect hash family4,3125,625T92"
5,11,3070,6309970.0,"perfect hash family4,3125,625T11"
5,11,3125,6324600.0,"perfect hash family4,3125,625"
5,11,3149,6967490.0,Power N-CT67^2T20
5,11,3417,6968840.0,Power N-CT67^2T16
5,11,3721,6983550.0,Power N-CT61^2
5,11,3738,7071540.0,Power N-CT89^2T47
5,11,3829,7082580.0,"Power N-CT79^2Trin2,2,28"
5,11,3916,7083530.0,Power N-CT89^2T45
5,11,3927,7083790.0,Power N-CT79^2T28T2
5,11,4094,7084740.0,Power N-CT89^2T43
5,11,4183,7084850.0,Power N-CT89^2T42
5,11,4539,7086200.0,Power N-CT89^2T38
5,11,4627,7195080.0,"Power N-CT71^2Trin2,2,2"
5,11,4761,7208390.0,Power N-CT71^2T2T2
5,11,4819,7216750.0,Power N-CT79^2T18
5,11,5429,7217950.0,Power N-CT89^2T28
5,11,5451,7231380.0,Power N-CT79^2T10
5,11,6141,7232580.0,Power N-CT89^2T20
5,11,6853,7245890.0,Power N-CT89^2T12
5,11,7031,7247100.0,Power N-CT89^2T10
5,11,7921,7247250.0,Power N-CT89^2
5,11,7922,8228560.0,Add 1 factors
5,11,8224,8286540.0,Power N-CT101^2Arc(9)T12
5,11,8633,8301170.0,Power N-CT97^2T8
5,11,8639,8359690.0,Power N-CT101^2Arc(4)T12
5,11,8725,8374320.0,Power N-CT101^2Arc(3)T12
5,11,8812,8388950.0,Power N-CT101^2Arc(2)T12
5,11,8900,8403580.0,Power N-CT101^2T12T1
5,11,9701,8418210.0,"perfect hash family9,11881,109T20"
5,11,9706,8491430.0,Power N-CT101^2Arc(5)
5,11,9803,8506060.0,Power N-CT101^2Arc(4)
5,11,9901,8520690.0,Power N-CT101^2Arc(3)
5,11,10000,8524690.0,"perfect hash family9,12769,113T24"
6,11,12,1771561.0,orthogonal array
6,11,13,3367430.0,extended OA (Colbourn)
6,11,15,3528481.0,4-Restricted SCPHF RE (CL)
6,11,19,5153621.0,5-Restricted SCPHF RE (CL)
6,11,21,5300031.0,4-Restricted SCPHF RE (CL)
6,11,22,5313341.0,3-Restricted SCPHF RE (CL)
6,11,23,5314681.0,CPHF IPO 3 (WCS)
6,11,26,6764131.0,"5,5-Restricted SCPHF RE (CL)"
6,11,28,6925171.0,5-Restricted SCPHF RE (CL)
6,11,30,7071581.0,4-Restricted SCPHF RE (CL)
6,11,31,7086101.0,2-Restricted SCPHF RE (CL)
6,11,35,7086241.0,CPHF IPO 4 (WCS)
6,11,41,8696721.0,5-Restricted SCPHF RE (CL)
6,11,43,8843131.0,4-Restricted SCPHF RE (CL)
6,11,44,8856441.0,3-Restricted SCPHF RE (CL)
6,11,45,8857651.0,2-Restricted SCPHF RE (CL)
6,11,46,8857761.0,SCPHF Random Extension (CLS)
6,11,48,8857801.0,CPHF IPO 5 (WCS)
6,11,54,10307231.0,"5,5-Restricted SCPHF RE (CL)"
6,11,60,10468271.0,5-Restricted SCPHF RE (CL)
6,11,61,10614681.0,4-Restricted SCPHF RE (CL)
6,11,66,10627991.0,3-Restricted SCPHF RE (CL)
6,11,67,10629311.0,SCPHF Random Extension (CLS)
6,11,68,10629361.0,CPHF Random Extension (CLS)
6,11,74,11917741.0,"5,5,5-Restricted SCPHF RE (CL)"
6,11,83,12078781.0,"5,5-Restricted SCPHF RE (CL)"
6,11,88,12239821.0,5-Restricted SCPHF RE (CL)
6,11,95,12386231.0,4-Restricted SCPHF RE (CL)
6,11,97,12399541.0,3-Restricted SCPHF RE (CL)
6,11,100,12400751.0,2-Restricted SCPHF RE (CL)
6,11,107,13689291.0,"5,5,5-Restricted SCPHF RE (CL)"
6,11,121,13850331.0,"5,5-Restricted SCPHF RE (CL)"
6,11,132,14011371.0,5-Restricted SCPHF RE (CL)
6,11,141,14157781.0,4-Restricted SCPHF RE (CL)
6,11,145,14171091.0,3-Restricted SCPHF RE (CL)
6,11,147,14172301.0,2-Restricted SCPHF RE (CL)
6,11,150,14172411.0,SCPHF Random Extension (CLS)
6,11,208,15943961.0,SCPHF Random Extension (CLS)
6,11,209,23996071.0,Add 1 factors
6,11,210,29293451.0,Add 2 factors
6,11,211,33113421.0,Add 3 factors
6,11,212,34723931.0,Add 4 factors
6,11,215,36250181.0,Add 11 factors
6,11,219,36334441.0,Add 11 factors
6,11,250,43441173.0,SCPHF Random Extension (CLS) fuse fuse
6,11,251,52807783.0,Add 1 factors
6,11,252,58105163.0,Add 2 factors
6,11,261,61989660.0,"perfect hash family4,328,208T67"
6,11,265,62002970.0,"perfect hash family4,328,208T63"
6,11,267,62004180.0,"perfect hash family4,328,208T61"
6,11,270,62004290.0,"perfect hash family4,328,208T58"
6,11,328,63775840.0,"perfect hash family4,328,208"
6,11,329,73287650.0,Add 1 factors
6,11,343,77933620.0,"perfect hash family5,475,207T66"
6,11,351,77946930.0,"perfect hash family5,475,207T62"
6,11,355,77948140.0,"perfect hash family5,475,207T60"
6,11,361,77948250.0,"perfect hash family5,475,207T57"
6,11,476,79719800.0,"perfect hash family5,476,208"
6,11,483,85020230.0,Power CT23^2T2
6,11,484,85032200.0,Power CT23^2T1T1
6,11,506,85033540.0,Power CT23^2T1
6,11,529,85034880.0,Power CT23^2
6,11,568,95663760.0,"perfect hash family6,568,208"
6,11,578,103716741.0,"perfect hash familyD16,578,34^11 17^5"
6,11,581,103731160.0,Power N-CT29^2Arc(4)T6
6,11,601,103877570.0,Power N-CT29^2Arc(3)T6
6,11,622,104023980.0,Power N-CT29^2Arc(2)T6
6,11,644,104170390.0,Power N-CT29^2T6T1
6,11,667,104316800.0,Power N-CT29^2T6
6,11,668,104491040.0,Power N-CT31^2Arc(2)T8
6,11,690,104505560.0,Power N-CT31^2T8T1
6,11,713,104520080.0,Power N-CT31^2T8
6,11,731,105488060.0,Power N-CT29^2Arc(4)
6,11,757,105634470.0,Power N-CT29^2Arc(3)
6,11,784,105780880.0,Power N-CT29^2T1T1
6,11,812,105927290.0,Power N-CT29^2T1
6,11,842,106073700.0,Power N-CT29^2+1
6,11,868,106130570.0,Power N-CT31^2T3
6,11,871,106247940.0,Power N-CT31^2Arc(3)
6,11,900,106262460.0,Power N-CT31^2T1T1
6,11,930,106276980.0,Power N-CT31^2T1
6,11,961,106291500.0,Power N-CT31^2
6,11,965,106293600.0,"perfect hash family15,965,35"
6,11,992,113379700.0,Power CT32^2T1
6,11,1027,113379840.0,Power CT32^2+3
6,11,1051,116922640.0,"Power N-CT41^2Trin6,6,6"
6,11,1085,118532980.0,Power N-CT41^2T10T6
6,11,1225,118533120.0,Power N-CT41^2T6T6
6,11,1230,120128940.0,Power N-CT41^2T11
6,11,1271,120143460.0,Power N-CT41^2T10
6,11,1435,120143600.0,Power N-CT41^2T6
6,11,1681,121754080.0,Power N-CT41^2
6,11,1763,123657410.0,Power N-CT43^2T2
6,11,1849,123803820.0,Power N-CT43^2
6,11,1886,123848080.0,Power N-CT47^2T6T1
6,11,1927,123848120.0,Power N-CT47^2T6
6,11,1935,123994380.0,Power N-CT47^2T4T2
6,11,1936,123994450.0,Power N-CT47^2Arc(2)T4
6,11,1978,123994490.0,Power N-CT47^2T4T1
6,11,2021,123994530.0,Power N-CT47^2T4
6,11,2024,124007800.0,Power N-CT47^2T3T1
6,11,2068,124007840.0,Power N-CT47^2T3
6,11,2070,124009010.0,Power N-CT47^2T2T1
6,11,2115,124009050.0,Power N-CT47^2T2
6,11,2116,124009120.0,Power N-CT47^2T1T1
6,11,2162,124009160.0,Power N-CT47^2T1
6,11,2210,124009200.0,Power N-CT47^2+1
6,11,2211,138494110.0,Add 1 factors
6,11,2304,141402360.0,Power N-CT53^2T5T5
6,11,2332,142850430.0,Power N-CT53^2T9
6,11,2385,142851640.0,Power N-CT53^2T8
6,11,2438,142851750.0,Power N-CT53^2T7
6,11,2544,142851790.0,Power N-CT53^2T5
6,11,2810,144301220.0,Power N-CT53^2+1
6,11,2832,144945310.0,Power N-CT59^2T11
6,11,2916,146233700.0,Power N-CT59^2T5T5
6,11,3186,146394740.0,Power N-CT59^2T5
6,11,3482,146555780.0,Power N-CT59^2+1
6,11,3483,148019880.0,Power N-CT61^2Arc(4)
6,11,3541,148166290.0,Power N-CT61^2Arc(3)
6,11,3600,148312700.0,Power N-CT61^2T1T1
6,11,3660,148459110.0,Power N-CT61^2T1
6,11,3721,148605520.0,Power N-CT61^2
6,11,3730,148642700.0,Power N-CT67^2Arc(5)T7
6,11,3786,148644020.0,Power N-CT67^2Arc(4)T7
6,11,3843,148645340.0,Power N-CT67^2Arc(3)T7
6,11,3901,148646660.0,Power N-CT67^2Arc(2)T7
6,11,3960,148647980.0,Power N-CT67^2T7T1
6,11,4020,148649300.0,Power N-CT67^2T7
6,11,4026,148794390.0,Power N-CT67^2T6T1
6,11,4087,148795710.0,Power N-CT67^2T6
6,11,4102,148802420.0,Power N-CT67^2Arc(6)
6,11,4164,148803740.0,Power N-CT67^2Arc(5)
6,11,4227,148805060.0,Power N-CT67^2Arc(4)
6,11,4291,148806380.0,Power N-CT67^2Arc(3)
6,11,4356,148807700.0,Power N-CT67^2T1T1
6,11,4422,148809020.0,Power N-CT67^2T1
6,11,4489,148810340.0,Power N-CT67^2
6,11,4490,148811040.0,Power N-CT67^2+1
6,11,4556,152353810.0,Power N-CT73^2T6T5
6,11,4624,152353860.0,Power N-CT73^2T5T5
6,11,4818,153640870.0,Power N-CT73^2T7
6,11,4891,153642190.0,Power N-CT73^2T6
6,11,4964,153642240.0,Power N-CT73^2T5
6,11,5330,154930620.0,Power N-CT73^2+1
6,11,5478,155573350.0,Power N-CT83^2T17
6,11,5561,155574670.0,Power N-CT83^2T16
6,11,5644,155574720.0,Power N-CT83^2T15
6,11,6142,156863100.0,Power N-CT83^2T9
6,11,6889,157024140.0,Power N-CT83^2
6,11,6894,159117660.0,"perfect hash family13,6894,88"
6,11,6919,159264070.0,Power N-CT89^2Arc(12)
6,11,6997,159410480.0,Power N-CT89^2Arc(11)
6,11,7076,159556890.0,Power N-CT89^2Arc(10)
6,11,7382,159599240.0,Power N-CT101^2Arc(13)T18
6,11,7822,159760280.0,Power N-CT101^2Arc(13)T13
6,11,8438,159906690.0,Power N-CT101^2Arc(13)T6
6,11,8614,159920000.0,Power N-CT101^2Arc(13)T4
6,11,8790,159921210.0,Power N-CT101^2Arc(13)T2
6,11,8839,161154090.0,"Power N-CT97^2Trin2,2,2"
6,11,9025,161167400.0,Power N-CT97^2T2T2
6,11,9215,161180710.0,Power N-CT97^2T2
6,11,9409,161194020.0,Power N-CT97^2
6,11,9412,161209750.0,Power N-CT97^2+3
6,11,9421,167652450.0,Power N-CT101^2Arc(8)
6,11,9515,168940990.0,Power N-CT101^2Arc(7)
6,11,9610,170229530.0,Power N-CT101^2Arc(6)
6,11,9706,171518070.0,Power N-CT101^2Arc(5)
6,11,9803,172806610.0,Power N-CT101^2Arc(4)
6,11,9901,174095150.0,Power N-CT101^2Arc(3)
6,11,10000,175383690.0,Power N-CT101^2T1T1
2,12,7,144.0,orthogonal array
2,12,9,159.0,Add Factor SO (AG-TJ-IM)
2,12,10,160.0,Add Factor SO (AG-TJ-IM)
2,12,11,162.0,Add Factor SO (AG-TJ-IM)
2,12,13,164.0,orthogonal array fuse postop TJ-SA
2,12,14,165.0,simulated annealing (CKRS)
2,12,15,168.0,projection (C)
2,12,17,188.0,Fix 1 symbols (LCDST)
2,12,18,199.0,Fix 1 symbols (Meagher-Stevens)
2,12,19,210.0,Fix 1 symbols (Meagher-Stevens)
2,12,20,221.0,Fix 1 symbols (Colbourn)
2,12,22,227.0,Fix 2 symbols (LCDST) postop NCK
2,12,24,232.0,Fix 3 symbols (LCDST) postop TJ-SA
2,12,25,242.0,Fix 3 symbols (LCDST)
2,12,27,245.0,Fix 4 symbols (LCDST)
2,12,28,254.0,Fix 4 symbols (LCDST)
2,12,29,262.0,Fix 4 symbols (LCDST)
2,12,32,269.0,Fix 5 symbols (LCDST)
2,12,49,276.0,Direct product
2,12,91,288.0,simulated annealing (Torres-Jimenez)
2,12,95,289.0,simulated annealing (Torres-Jimenez)
2,12,98,290.0,Direct product generalized
2,12,102,291.0,simulated annealing (Torres-Jimenez)
2,12,103,292.0,simulated annealing (Torres-Jimenez)
2,12,104,294.0,simulated annealing (Torres-Jimenez)
2,12,105,296.0,simulated annealing (Torres-Jimenez)
2,12,126,303.0,Direct product generalized
2,12,140,304.0,Direct product generalized
2,12,154,306.0,Direct product generalized
2,12,155,307.0,Direct product generalized
2,12,169,308.0,Direct product generalized
2,12,183,309.0,Direct product generalized
2,12,196,310.0,Direct product
2,12,197,311.0,Direct product generalized
2,12,211,312.0,Direct product generalized
2,12,224,320.0,simulated annealing (Torres-Jimenez)
2,12,225,323.0,Direct product postop TJ-SA
2,12,226,324.0,Direct product generalized
2,12,227,331.0,Direct product generalized
2,12,229,332.0,Direct product generalized
2,12,237,341.0,PCAxPCA
2,12,238,342.0,PCAxPCA
2,12,241,343.0,Direct product generalized
2,12,255,344.0,Direct product
2,12,270,354.0,PCAxPCA postop TJ-SA
2,12,288,364.0,PCAxPCA
2,12,294,372.0,Direct product
2,12,295,373.0,Direct product generalized
2,12,305,375.0,PCAx2PCA
2,12,308,381.0,Direct product
2,12,330,383.0,Direct product
2,12,336,386.0,Direct product
2,12,360,388.0,Direct product
2,12,375,398.0,Direct product
2,12,378,399.0,Direct product
2,12,405,401.0,Direct product
2,12,420,410.0,Direct product
2,12,429,411.0,Direct product generalized
2,12,431,416.0,Direct product generalized
2,12,435,418.0,Direct product
2,12,658,420.0,Direct product
2,12,665,421.0,Direct product
2,12,679,422.0,Direct product
2,12,714,423.0,Direct product
2,12,721,424.0,Direct product
2,12,728,426.0,Direct product
2,12,735,428.0,Direct product
2,12,1260,432.0,Direct product
2,12,1365,434.0,Direct product generalized
2,12,1429,438.0,Direct product generalized
2,12,1442,439.0,Direct product
2,12,1443,440.0,Direct product generalized
2,12,1457,441.0,Direct product generalized
2,12,1470,443.0,Direct product
2,12,1501,444.0,Direct product generalized
2,12,1755,447.0,Direct product generalized
2,12,1950,448.0,Direct product generalized
2,12,2145,450.0,Direct product generalized
2,12,2171,451.0,Direct product generalized
2,12,2366,452.0,Direct product generalized
2,12,2561,453.0,Direct product generalized
2,12,2730,454.0,Direct product
2,12,2756,455.0,Direct product generalized
2,12,2954,456.0,Direct product
2,12,2955,465.0,Direct product generalized
2,12,3021,466.0,Direct product generalized
2,12,3175,467.0,Direct product generalized
2,12,3209,468.0,Direct product generalized
2,12,3223,475.0,Direct product generalized
2,12,3360,476.0,Direct product
2,12,3397,479.0,Direct product generalized
2,12,3409,480.0,Direct product generalized
2,12,3410,486.0,Direct product generalized
2,12,3452,487.0,Direct product generalized
2,12,3587,488.0,Direct product
2,12,3793,496.0,PCAxPCA
2,12,3841,499.0,Direct product generalized
2,12,3885,500.0,Direct product generalized
2,12,3893,504.0,Direct product generalized
2,12,3895,505.0,Direct product generalized
2,12,4017,507.0,PCAx2PCA
2,12,4066,510.0,Direct product generalized
2,12,4110,511.0,Direct product generalized
2,12,4115,513.0,Direct product generalized
2,12,4116,514.0,Direct product generalized
2,12,4140,515.0,Direct product generalized
2,12,4156,516.0,Direct product generalized
2,12,4160,517.0,Direct product generalized
2,12,4241,518.0,PCAx2PCA
2,12,4335,520.0,PCAxPCA
2,12,4380,522.0,Direct product generalized
2,12,4390,525.0,Direct product generalized
2,12,4392,526.0,Direct product generalized
2,12,4642,527.0,PCAxPCA
2,12,4680,529.0,Direct product generalized
2,12,4689,531.0,Direct product generalized
2,12,5064,532.0,PCAxPCA
2,12,5085,539.0,Direct product generalized
2,12,5286,541.0,PCAxPCA
2,12,5403,543.0,Direct product generalized
2,12,5490,544.0,Direct product generalized
2,12,5697,545.0,PCAxPCA
2,12,5783,552.0,Direct product generalized
2,12,5928,553.0,PCAxPCA
2,12,5993,554.0,Direct product generalized
2,12,6005,555.0,Direct product generalized
2,12,6075,556.0,Direct product generalized
2,12,6372,557.0,Direct product generalized
2,12,6400,558.0,Direct product generalized
2,12,6407,559.0,Direct product generalized
2,12,6414,561.0,Direct product generalized
2,12,6451,562.0,Direct product generalized
2,12,9165,564.0,Direct product generalized
2,12,9217,566.0,Direct product generalized
2,12,9555,567.0,Direct product generalized
2,12,9690,568.0,Direct product
2,12,9894,569.0,Direct product
2,12,10404,570.0,Direct product
2,12,10506,571.0,Direct product
2,12,10609,572.0,Direct product
2,12,10712,574.0,Direct product
2,12,17556,576.0,Direct product
2,12,17680,578.0,Direct product generalized
2,12,18525,579.0,Direct product generalized
2,12,18577,580.0,Direct product generalized
2,12,19045,581.0,Direct product generalized
2,12,19916,582.0,Direct product generalized
2,12,20000,583.0,Direct product generalized
3,12,6,1728.0,orthogonal array (Ji-Yin)
3,12,11,2046.0,ordered design (CCL)
3,12,12,2158.0,orthogonal array fuse postop NCK
3,12,13,2164.0,orthogonal array fuse postop NCK
3,12,14,2170.0,orthogonal array fuse postop NCK
3,12,15,3486.0,orthogonal array fuse fuse fuse fuse postop NCK
3,12,16,3564.0,orthogonal array fuse fuse fuse fuse postop NCK
3,12,17,3615.0,orthogonal array fuse fuse fuse fuse postop NCK
3,12,18,3647.0,orthogonal array fuse fuse fuse fuse postop NCK
3,12,20,3806.0,Chateauneuf-Kreher doubling
3,12,22,3828.0,Chateauneuf-Kreher doubling
3,12,24,3962.0,Chateauneuf-Kreher doubling
3,12,26,3968.0,Chateauneuf-Kreher doubling
3,12,28,3985.0,Chateauneuf-Kreher doubling
3,12,29,4299.0,SCPHF (Sherwood-Martirosyan-Colbourn) fuse postop NCK
3,12,59,4362.0,SCPHF (Sherwood-Martirosyan-Colbourn) fuse postop NCK
3,12,159,4379.0,SCPHF LFSR (TJ-IM) fuse
3,12,183,4391.0,Raaphorst-Moura-Stevens fuse
3,12,184,5975.0,Add a factor
3,12,187,6117.0,"perfect hash family2,364,183T177"
3,12,196,6340.0,Cohen-Colbourn-Ling
3,12,235,6563.0,SCPHF Conditional Expectation (CLS) fuse
3,12,242,6587.0,CPHF Sim Annealing (TJ-IM) fuse
3,12,602,7224.0,Cyclotomy (Colbourn)
3,12,614,7356.0,Cyclotomy (Colbourn)
3,12,710,8520.0,Cyclotomy (Colbourn)
3,12,773,8747.0,"Restricted CPHF Ext  4( 0, 4) WCS fuse"
3,12,780,8759.0,"Restricted CPHF Ext  4( 0, 3) WCS fuse"
3,12,785,8771.0,"Restricted CPHF Ext  4( 0, 2) WCS fuse"
3,12,791,8783.0,"Restricted CPHF Ext  4( 0, 0) WCS fuse"
3,12,822,9328.0,Cohen-Colbourn-Ling
3,12,906,9350.0,Cohen-Colbourn-Ling
3,12,954,9361.0,Cohen-Colbourn-Ling
3,12,990,9373.0,Cohen-Colbourn-Ling
3,12,1086,9384.0,Cohen-Colbourn-Ling
3,12,1098,9395.0,Cohen-Colbourn-Ling
3,12,1113,9933.0,Cohen-Colbourn-Ling
3,12,1281,9945.0,Cohen-Colbourn-Ling
3,12,1749,10167.0,Cohen-Colbourn-Ling
3,12,2013,10179.0,Cohen-Colbourn-Ling
3,12,2067,10285.0,Cohen-Colbourn-Ling
3,12,2196,10291.0,Cohen-Colbourn-Ling
3,12,2379,10297.0,Cohen-Colbourn-Ling
3,12,2380,10330.0,Cohen-Colbourn-Ling fuse
3,12,2534,10420.0,Cohen-Colbourn-Ling
3,12,2562,10433.0,Cohen-Colbourn-Ling
3,12,2758,10931.0,"Restricted CPHF Ext  5( 0, 5) WCS fuse"
3,12,2794,10943.0,"Restricted CPHF Ext  5( 0, 4) WCS fuse"
3,12,2823,10955.0,"Restricted CPHF Ext  5( 0, 3) WCS fuse"
3,12,2855,10967.0,"Restricted CPHF Ext  5( 0, 2) WCS fuse"
3,12,2904,10979.0,"Restricted CPHF Ext  5( 0, 0) WCS fuse"
3,12,2925,12335.0,"Restricted CPHF Ext  6( 5, 6) WCS fuse"
3,12,3858,12491.0,"Restricted CPHF Ext  6( 4, 6) WCS fuse"
3,12,4005,12503.0,"Restricted CPHF Ext  6( 4, 5) WCS fuse"
3,12,4978,12647.0,"Restricted CPHF Ext  6( 3, 6) WCS fuse"
3,12,5029,12659.0,"Restricted CPHF Ext  6( 3, 5) WCS fuse"
3,12,5086,12671.0,"Restricted CPHF Ext  6( 3, 4) WCS fuse"
3,12,6159,12803.0,"Restricted CPHF Ext  6( 2, 6) WCS fuse"
3,12,6170,12815.0,"Restricted CPHF Ext  6( 2, 5) WCS fuse"
3,12,6244,12827.0,"Restricted CPHF Ext  6( 2, 4) WCS fuse"
3,12,6266,12839.0,"Restricted CPHF Ext  6( 2, 3) WCS fuse"
3,12,7295,12959.0,"Restricted CPHF Ext  6( 1, 6) WCS fuse"
3,12,7365,12971.0,"Restricted CPHF Ext  6( 1, 5) WCS fuse"
3,12,7396,12983.0,"Restricted CPHF Ext  6( 1, 4) WCS fuse"
3,12,7461,12995.0,"Restricted CPHF Ext  6( 1, 3) WCS fuse"
3,12,7469,13007.0,"Restricted CPHF Ext  6( 1, 2) WCS fuse"
3,12,9393,13115.0,"Restricted CPHF Ext  6( 0, 6) WCS fuse"
3,12,9753,13127.0,"Restricted CPHF Ext  6( 0, 5) WCS fuse"
3,12,9938,13139.0,"Restricted CPHF Ext  6( 0, 4) WCS fuse"
3,12,10000,13151.0,"Restricted CPHF Ext  6( 0, 3) WCS fuse"
4,12,5,20736.0,Derive from strength 5
4,12,6,24201.0,Augment OA
4,12,7,25875.0,orthogonal array fuse postop NCK
4,12,8,26967.0,orthogonal array fuse postop NCK
4,12,9,27769.0,orthogonal array fuse postop NCK
4,12,10,28329.0,orthogonal array fuse postop NCK
4,12,11,28341.0,orthogonal array fuse postop NCK
4,12,12,28482.0,orthogonal array fuse postop NCK
4,12,13,28483.0,orthogonal array fuse postop NCK
4,12,14,28486.0,orthogonal array fuse postop NCK
4,12,15,48672.0,extended OA (Colbourn) special fuse
4,12,21,54923.0,3-Restricted SCPHF RE (CL) fuse
4,12,27,56951.0,2-Restricted SCPHF RE (CL) fuse
4,12,28,57119.0,CPHF Random Extension (CLS) fuse
4,12,51,83471.0,3-Restricted SCPHF RE (CL) fuse
4,12,55,85499.0,2-Restricted SCPHF RE (CL) fuse
4,12,57,85655.0,SCPHF Random Extension (CLS) fuse
4,12,62,85679.0,CPHF IPO 3 (WCS) fuse
4,12,94,109835.0,"3,3-Restricted SCPHF RE (CL) fuse"
4,12,105,111863.0,"3,2-Restricted SCPHF RE (CL) fuse"
4,12,106,112019.0,3-Restricted SCPHF RE (CL) fuse
4,12,119,113891.0,"2,2-Restricted SCPHF RE (CL) fuse"
4,12,121,114047.0,2-Restricted SCPHF RE (CL) fuse
4,12,124,114203.0,SCPHF Random Extension (CLS) fuse
4,12,143,114239.0,CPHF IPO 4 (WCS) fuse
4,12,169,136043.0,Colbourn-Martirosyan-TVT-Walker fuse
4,12,177,138383.0,"3,3-Restricted SCPHF RE (CL) fuse"
4,12,182,139159.0,Colbourn-Martirosyan-TVT-Walker
4,12,205,140411.0,"3,2-Restricted SCPHF RE (CL) fuse"
4,12,217,140567.0,3-Restricted SCPHF RE (CL) fuse
4,12,249,142439.0,"2,2-Restricted SCPHF RE (CL) fuse"
4,12,262,142595.0,2-Restricted SCPHF RE (CL) fuse
4,12,265,142751.0,SCPHF Random Extension (CLS) fuse
4,12,313,142799.0,CPHF IPO 5 (WCS) fuse
4,12,324,164747.0,"3,3,3-Restricted SCPHF RE (CL) fuse"
4,12,375,166931.0,"3,3-Restricted SCPHF RE (CL) fuse"
4,12,421,168959.0,"3,2-Restricted SCPHF RE (CL) fuse"
4,12,434,169115.0,3-Restricted SCPHF RE (CL) fuse
4,12,505,170987.0,"2,2-Restricted SCPHF RE (CL) fuse"
4,12,514,171143.0,2-Restricted SCPHF RE (CL) fuse
4,12,533,171299.0,SCPHF Random Extension (CLS) fuse
4,12,712,171359.0,CPHF IPO 6 (WCS) fuse
4,12,745,195479.0,"3,3-Restricted SCPHF RE (CL) fuse"
4,12,850,197507.0,"3,2-Restricted SCPHF RE (CL) fuse"
4,12,878,197663.0,3-Restricted SCPHF RE (CL) fuse
4,12,1017,199535.0,"2,2-Restricted SCPHF RE (CL) fuse"
4,12,1077,199691.0,2-Restricted SCPHF RE (CL) fuse
4,12,1083,199847.0,SCPHF Random Extension (CLS) fuse
4,12,1104,199919.0,CPHF Random Extension (CLS) fuse
4,12,1990,228395.0,SCPHF Random Extension (CLS) fuse
4,12,2040,228479.0,CPHF Random Extension (CLS) fuse
4,12,3067,256943.0,SCPHF Random Extension (CLS) fuse
4,12,3112,257039.0,CPHF Random Extension (CLS) fuse
4,12,3113,318683.0,Add a factor
4,12,3114,337691.0,Add a factor
4,12,3146,355217.0,Colbourn-Martirosyan-TVT-Walker fuse
4,12,3220,360077.0,Colbourn-Martirosyan-TVT-Walker
4,12,3276,360867.0,Colbourn-Martirosyan-TVT-Walker
4,12,3290,365775.0,Colbourn-Martirosyan-TVT-Walker
4,12,3388,366087.0,Colbourn-Martirosyan-TVT-Walker
4,12,3486,374368.0,Colbourn-Martirosyan-TVT-Walker
4,12,3528,374524.0,Colbourn-Martirosyan-TVT-Walker
4,12,3612,376693.0,Colbourn-Martirosyan-TVT-Walker
4,12,3668,381889.0,Colbourn-Martirosyan-TVT-Walker
4,12,3710,382045.0,Colbourn-Martirosyan-TVT-Walker
4,12,3724,382093.0,Colbourn-Martirosyan-TVT-Walker
4,12,3920,384262.0,Colbourn-Martirosyan-TVT-Walker
4,12,3980,384463.0,Colbourn-Martirosyan-TVT-Walker
4,12,4026,384547.0,Colbourn-Martirosyan-TVT-Walker
4,12,4080,385713.0,Colbourn-Martirosyan-TVT-Walker
4,12,4116,389137.0,Colbourn-Martirosyan-TVT-Walker
4,12,4228,393150.0,Colbourn-Martirosyan-TVT-Walker
4,12,4382,394372.0,Colbourn-Martirosyan-TVT-Walker
4,12,4392,414243.0,Colbourn-Martirosyan-TVT-Walker
4,12,4758,414309.0,Colbourn-Martirosyan-TVT-Walker
4,12,4760,414672.0,Colbourn-Martirosyan-TVT-Walker
4,12,5068,415662.0,Colbourn-Martirosyan-TVT-Walker
4,12,5124,415805.0,Colbourn-Martirosyan-TVT-Walker
4,12,5544,417613.0,Colbourn-Martirosyan-TVT-Walker
4,12,5588,421415.0,Colbourn-Martirosyan-TVT-Walker
4,12,5646,421547.0,Colbourn-Martirosyan-TVT-Walker
4,12,5710,421679.0,Colbourn-Martirosyan-TVT-Walker
4,12,5808,421811.0,Colbourn-Martirosyan-TVT-Walker
4,12,5863,422015.0,Colbourn-Martirosyan-TVT-Walker
4,12,6020,422061.0,Colbourn-Martirosyan-TVT-Walker
4,12,6622,422075.0,Colbourn-Martirosyan-TVT-Walker
4,12,6754,423791.0,Colbourn-Martirosyan-TVT-Walker
4,12,7056,424729.0,Colbourn-Martirosyan-TVT-Walker
4,12,7070,427870.0,Colbourn-Martirosyan-TVT-Walker
4,12,7196,428026.0,Colbourn-Martirosyan-TVT-Walker
4,12,7462,428182.0,Colbourn-Martirosyan-TVT-Walker
4,12,7826,428238.0,Colbourn-Martirosyan-TVT-Walker
4,12,8428,428242.0,Colbourn-Martirosyan-TVT-Walker
4,12,8596,429958.0,Colbourn-Martirosyan-TVT-Walker
4,12,9256,434531.0,Colbourn-Martirosyan-TVT-Walker fuse
4,12,9940,445090.0,Colbourn-Martirosyan-TVT-Walker
4,12,9968,448041.0,Colbourn-Martirosyan-TVT-Walker
4,12,10000,460679.0,Colbourn-Martirosyan-TVT-Walker fuse
5,12,6,248832.0,Derive from strength 6
5,12,7,294080.0,Augment OA
5,12,8,318386.0,Augment OA
5,12,9,343426.0,Augment OA
5,12,10,366175.0,orthogonal array fuse postop NCK
5,12,11,368394.0,orthogonal array fuse postop NCK
5,12,12,370873.0,orthogonal array fuse postop NCK
5,12,13,371076.0,orthogonal array fuse postop NCK
5,12,14,371273.0,orthogonal array fuse postop NCK
5,12,15,632736.0,extended OA (Colbourn) special fuse
5,12,16,714023.0,4-Restricted SCPHF RE (CL) fuse
5,12,18,740387.0,3-Restricted SCPHF RE (CL) fuse
5,12,19,742571.0,SCPHF Random Extension (CLS) fuse
5,12,29,1085303.0,4-Restricted SCPHF RE (CL) fuse
5,12,31,1111667.0,3-Restricted SCPHF RE (CL) fuse
5,12,33,1113875.0,CPHF IPO 3 (WCS) fuse
5,12,44,1428035.0,"4,4-Restricted SCPHF RE (CL) fuse"
5,12,47,1454399.0,"4,3-restricted SCPHF RE (CL) fuse"
5,12,48,1456583.0,4-Restricted SCPHF RE (CL) fuse
5,12,51,1480763.0,"3,3-Restricted SCPHF RE (CL) fuse"
5,12,52,1482791.0,"3,2-restricted SCPHF RE (CL) fuse"
5,12,53,1482947.0,3-Restricted SCPHF RE (CL) fuse
5,12,55,1484975.0,2-Restricted SCPHF RE (CL) fuse
5,12,62,1485167.0,CPHF IPO 4 (WCS) fuse
5,12,75,1799315.0,"4,4-Restricted SCPHF RE (CL) fuse"
5,12,84,1827863.0,4-Restricted SCPHF RE (CL) fuse
5,12,88,1854227.0,3-Restricted SCPHF RE (CL) fuse
5,12,92,1856255.0,2-Restricted SCPHF RE (CL) fuse
5,12,93,1856411.0,SCPHF Random Extension (CLS) fuse
5,12,111,1856459.0,CPHF IPO 5 (WCS) fuse
5,12,120,2170595.0,"4,4-Restricted SCPHF RE (CL) fuse"
5,12,140,2199143.0,4-Restricted SCPHF RE (CL) fuse
5,12,153,2225507.0,3-Restricted SCPHF RE (CL) fuse
5,12,156,2227535.0,2-Restricted SCPHF RE (CL) fuse
5,12,157,2227691.0,SCPHF Random Extension (CLS) fuse
5,12,188,2227751.0,CPHF IPO 6 (WCS) fuse
5,12,209,2541875.0,"4,4-Restricted SCPHF RE (CL) fuse"
5,12,237,2570423.0,4-Restricted SCPHF RE (CL) fuse
5,12,261,2596787.0,3-Restricted SCPHF RE (CL) fuse
5,12,271,2598815.0,2-Restricted SCPHF RE (CL) fuse
5,12,272,2598971.0,SCPHF Random Extension (CLS) fuse
5,12,324,2884607.0,"4,4,4-Restricted SCPHF RE (CL) fuse"
5,12,349,2913155.0,"4,4-Restricted SCPHF RE (CL) fuse"
5,12,379,2941703.0,4-Restricted SCPHF RE (CL) fuse
5,12,442,2968067.0,3-Restricted SCPHF RE (CL) fuse
5,12,450,2970095.0,2-Restricted SCPHF RE (CL) fuse
5,12,452,2970251.0,SCPHF Random Extension (CLS) fuse
5,12,454,2970335.0,CPHF Random Extension (CLS) fuse
5,12,523,3255887.0,"4,4,4-Restricted SCPHF RE (CL) fuse"
5,12,567,3284435.0,"4,4-Restricted SCPHF RE (CL) fuse"
5,12,653,3312983.0,4-Restricted SCPHF RE (CL) fuse
5,12,750,3339347.0,3-Restricted SCPHF RE (CL) fuse
5,12,764,3341375.0,2-Restricted SCPHF RE (CL) fuse
5,12,767,3341531.0,SCPHF Random Extension (CLS) fuse
5,12,768,4496135.0,Add 1 factors
5,12,769,5180423.0,Add 2 factors
5,12,770,5408519.0,Add 3 factors
5,12,771,5717257.0,Add 4 factors
5,12,772,5755372.0,Add 5 factors
5,12,777,6241103.0,Add 13 factors
5,12,780,6241259.0,Add 13 factors
5,12,781,7395863.0,Add 13 factors
5,12,782,8080151.0,Add 13 factors
5,12,783,8308247.0,Add 13 factors
5,12,784,8616985.0,Add 13 factors
5,12,785,8655100.0,Add 13 factors
5,12,786,9140831.0,Add 13 factors
5,12,788,9142703.0,Add 13 factors
5,12,789,9144575.0,Add 13 factors
5,12,790,9146447.0,Add 13 factors
5,12,793,9146603.0,Add 13 factors
5,12,815,9646758.0,"perfect hash family3,1122,749T307"
5,12,823,9648786.0,"perfect hash family3,1122,749T299"
5,12,825,9648942.0,"perfect hash family3,1122,749T297"
5,12,827,9649026.0,"perfect hash family3,1122,749T295"
5,12,830,9652842.0,"perfect hash family3,1143,763T313"
5,12,832,9652998.0,"perfect hash family3,1143,763T311"
5,12,834,9653082.0,"perfect hash family3,1143,763T309"
5,12,836,9653394.0,"perfect hash family3,1149,767T313"
5,12,849,9853302.0,"perfect hash family3,849,567"
5,12,892,9910398.0,"perfect hash family3,978,653T86"
5,12,896,9934578.0,"perfect hash family3,1122,749T226"
5,12,903,9938634.0,"perfect hash family3,1143,763T240"
5,12,978,9938946.0,"perfect hash family3,978,653"
5,12,1026,9991674.0,"perfect hash family3,1122,749T96"
5,12,1033,9995730.0,"perfect hash family3,1143,763T110"
5,12,1035,9996042.0,"perfect hash family3,1149,767T114"
5,12,1123,10018038.0,"perfect hash family3,1123,750"
5,12,1130,10022094.0,"perfect hash family3,1143,763T13"
5,12,1132,10022406.0,"perfect hash family3,1149,767T17"
5,12,1144,10024122.0,"perfect hash family3,1144,764"
5,12,1146,10024434.0,"perfect hash family3,1149,767T3"
5,12,1149,10024590.0,"perfect hash family3,1149,767"
5,12,1204,11266092.0,Martirosyan-TVT
5,12,1205,11321532.0,Martirosyan-TVT variant
5,12,1228,11376972.0,Martirosyan-TVT
5,12,1306,11813819.0,Martirosyan-Colbourn
5,12,1424,11840183.0,Martirosyan-Colbourn
5,12,1490,12105503.0,Martirosyan-Colbourn
5,12,1500,12127811.0,Martirosyan-Colbourn
5,12,1528,12129839.0,Martirosyan-Colbourn
5,12,1534,12129995.0,Martirosyan-Colbourn
5,12,1551,12749058.0,Power N-CT47^2T14
5,12,1620,12823552.0,"perfect hash family4,3125,625T301"
5,12,1745,12852100.0,"perfect hash family4,3125,625T276"
5,12,1850,12852306.0,Power N-CT43^2+1
5,12,1895,12880648.0,"perfect hash family4,3125,625T246"
5,12,2210,12907012.0,"perfect hash family4,3125,625T183"
5,12,2250,12909040.0,"perfect hash family4,3125,625T175"
5,12,2260,12909196.0,"perfect hash family4,3125,625T173"
5,12,2270,12909280.0,"perfect hash family4,3125,625T171"
5,12,2615,13194832.0,"perfect hash family4,3125,625T102"
5,12,2835,13223380.0,"perfect hash family4,3125,625T58"
5,12,3125,13251928.0,"perfect hash family4,3125,625"
5,12,3172,13364118.0,Power N-CT61^2T9
5,12,3233,13364274.0,Power N-CT61^2T8
5,12,3355,13366302.0,Power N-CT61^2T6
5,12,3722,13366494.0,Power N-CT61^2+1
5,12,3723,15015306.0,Add 1 factors
5,12,3844,15565530.0,Power N-CT67^2T5T5
5,12,3869,15877458.0,Power N-CT73^2T20
5,12,4015,15879486.0,Power N-CT73^2T18
5,12,4526,15879678.0,Power N-CT73^2T11
5,12,4650,16079514.0,Power N-CT79^2T17T4
5,12,5146,16108062.0,Power N-CT83^2T21
5,12,5331,16193826.0,Power N-CT73^2+2
5,12,5335,16329114.0,Power N-CT89^2Arc(3)T27
5,12,5395,16331142.0,Power N-CT89^2Arc(2)T27
5,12,5559,16332426.0,"perfect hash family9,11881,109T58"
5,12,5668,16334454.0,"perfect hash family9,11881,109T57"
5,12,5777,16334610.0,"perfect hash family9,11881,109T56"
5,12,5995,16336638.0,"perfect hash family9,11881,109T54"
5,12,6758,16336830.0,"perfect hash family9,11881,109T47"
5,12,6890,16450758.0,Power N-CT83^2+1
5,12,6977,16647474.0,"Power N-CT89^2Trin1,5,5"
5,12,7056,16649502.0,Power N-CT89^2T5T5
5,12,8175,16650978.0,"perfect hash family9,11881,109T34"
5,12,9156,16679526.0,"perfect hash family9,11881,109T25"
5,12,9592,16705890.0,"perfect hash family9,11881,109T21"
5,12,10000,16707918.0,"perfect hash family9,11881,109T17"
6,12,7,2985984.0,composition
6,12,8,3546657.0,Augment OA
6,12,9,3859296.0,Augment OA
6,12,10,4191958.0,Augment OA
6,12,11,4542844.0,Augment OA
6,12,14,4826807.0,orthogonal array fuse
6,12,15,8225568.0,extended OA (Colbourn) special fuse
6,12,16,9651419.0,3-Restricted SCPHF RE (CL) fuse
6,12,20,14109119.0,5-Restricted SCPHF RE (CL) fuse
6,12,22,14451851.0,4-Restricted SCPHF RE (CL) fuse
6,12,23,14480399.0,SCPHF Random Extension (CLS) fuse
6,12,25,14480423.0,CPHF IPO 3 (WCS) fuse
6,12,29,18564635.0,"5,5-Restricted SCPHF RE (CL) fuse"
6,12,30,18935915.0,5-Restricted SCPHF RE (CL) fuse
6,12,33,19278647.0,4-Restricted SCPHF RE (CL) fuse
6,12,34,19307039.0,2-Restricted SCPHF RE (CL) fuse
6,12,39,19307231.0,CPHF IPO 4 (WCS) fuse
6,12,41,23391431.0,"5,5-Restricted SCPHF RE (CL) fuse"
6,12,49,23762711.0,5-Restricted SCPHF RE (CL) fuse
6,12,51,24105443.0,4-Restricted SCPHF RE (CL) fuse
6,12,52,24131807.0,3-Restricted SCPHF RE (CL) fuse
6,12,53,24133835.0,2-Restricted SCPHF RE (CL) fuse
6,12,54,24133991.0,SCPHF Random Extension (CLS) fuse
6,12,56,24134039.0,CPHF IPO 5 (WCS) fuse
6,12,59,27846947.0,"5,5,5-Restricted SCPHF RE (CL) fuse"
6,12,65,28218227.0,"5,5-Restricted SCPHF RE (CL) fuse"
6,12,71,28589507.0,5-Restricted SCPHF RE (CL) fuse
6,12,77,28932239.0,4-Restricted SCPHF RE (CL) fuse
6,12,81,28958603.0,3-Restricted SCPHF RE (CL) fuse
6,12,82,28960847.0,CPHF Random Extension (CLS) fuse
6,12,91,32673743.0,"5,5,5-Restricted SCPHF RE (CL) fuse"
6,12,102,33045023.0,"5,5-Restricted SCPHF RE (CL) fuse"
6,12,111,33416303.0,5-Restricted SCPHF RE (CL) fuse
6,12,121,33759035.0,4-Restricted SCPHF RE (CL) fuse
6,12,124,33785399.0,3-Restricted SCPHF RE (CL) fuse
6,12,200,38614379.0,SCPHF Random Extension (CLS) fuse
6,12,202,38614463.0,CPHF Random Extension (CLS) fuse
6,12,250,43441175.0,SCPHF Random Extension (CLS) fuse
6,12,251,62243123.0,Add 1 factors
6,12,252,73685939.0,Add 2 factors
6,12,253,80224691.0,Add 3 factors
6,12,255,88740837.0,Add 5 factors
6,12,256,92536975.0,Add 6 factors
6,12,263,97949447.0,Add 13 factors
6,12,264,116771987.0,Add 1 factors
6,12,265,128214803.0,Add 2 factors
6,12,266,134757299.0,Add 13 factors
6,12,268,143273445.0,Add 13 factors
6,12,269,147069583.0,Add 13 factors
6,12,280,151437905.0,Martirosyan-TVT
6,12,281,151727909.0,Martirosyan-TVT variant
6,12,286,152184865.0,Martirosyan-TVT
6,12,315,154457512.0,"perfect hash family4,315,200"
6,12,317,154457848.0,"perfect hash family4,317,202"
6,12,318,166097769.0,Martirosyan-TVT
6,12,319,166150317.0,Martirosyan-TVT variant
6,12,338,166203009.0,Martirosyan-TVT
6,12,339,166923729.0,Martirosyan-TVT variant
6,12,354,167921215.0,Martirosyan-TVT
6,12,355,168160999.0,Martirosyan-TVT variant
6,12,364,168400783.0,Martirosyan-TVT
6,12,365,168787651.0,Martirosyan-TVT variant
6,12,366,169174519.0,Martirosyan-TVT
6,12,396,173764696.0,"perfect hash family4,396,250"
6,12,444,193071890.0,"perfect hash family5,444,200"
6,12,446,193072226.0,"perfect hash family5,450,202T2"
6,12,450,193072310.0,"perfect hash family5,450,202"
6,12,451,206804391.0,Martirosyan-TVT variant
6,12,453,207089269.0,Martirosyan-TVT variant
6,12,455,209083415.0,Martirosyan-TVT variant
6,12,459,209368293.0,Martirosyan-TVT variant
6,12,470,211932195.0,Martirosyan-TVT
6,12,471,212089707.0,Martirosyan-TVT variant
6,12,474,212247795.0,Martirosyan-TVT
6,12,478,212379074.0,"perfect hash family5,570,246T46"
6,12,482,212379158.0,"perfect hash family5,570,246T44"
6,12,483,213107555.0,Martirosyan-TVT variant
6,12,484,213392433.0,Martirosyan-TVT
6,12,574,217205870.0,"perfect hash family5,574,250"
6,12,575,231686728.0,Power CT25^2T2
6,12,625,231686752.0,Power CT25^2
6,12,626,254306140.0,Add 1 factors
6,12,642,255820248.0,"perfect hash family6,730,244T44"
6,12,646,255820332.0,"perfect hash family6,730,244T42"
6,12,736,260647044.0,"perfect hash family6,736,250"
6,12,781,270301220.0,"perfect hash family14,1107,40S14"
6,12,801,274385420.0,"perfect hash family14,1107,40S13"
6,12,841,278469510.0,Power N-CT29^2
6,12,842,282553820.0,"perfect hash family14,1107,40S11"
6,12,850,284781450.0,Power N-CT37^2T12T3
6,12,851,284781618.0,Power N-CT37^2T14
6,12,925,284781642.0,Power N-CT37^2T12
6,12,930,288836958.0,Power N-CT31^2T1
6,12,957,288837270.0,Power N-CT37^2T8T4
6,12,986,288865662.0,Power N-CT37^2T8T3
6,12,1073,288865854.0,Power N-CT37^2T8
6,12,1110,289237134.0,Power N-CT37^2T7
6,12,1122,289579674.0,Power N-CT37^2T4T3
6,12,1221,289579866.0,Power N-CT37^2T4
6,12,1258,289608258.0,Power N-CT37^2T3
6,12,1371,289608450.0,Power N-CT37^2+2
6,12,1447,315227420.0,"Power N-CT41^2Trin2,2,2"
6,12,1521,319311620.0,Power N-CT41^2T2T2
6,12,1599,323395820.0,Power N-CT41^2T2
6,12,1681,327480020.0,Power N-CT41^2
6,12,1833,328222460.0,Power N-CT47^2T8
6,12,1927,332306660.0,Power N-CT47^2T6
6,12,2211,332677940.0,Power N-CT47^2+2
6,12,2221,336760304.0,"Power N-CT53^2Trin4,4,4"
6,12,2311,337103036.0,"Power N-CT53^2Trin2,4,4"
6,12,2356,337129400.0,"Power N-CT53^2Trin1,4,4"
6,12,2401,337131428.0,Power N-CT53^2T4T4
6,12,2405,337445768.0,"Power N-CT53^2Trin2,2,4"
6,12,2452,337472132.0,"Power N-CT53^2Trin1,2,4"
6,12,2499,337474160.0,Power N-CT53^2T4T2
6,12,2500,337498496.0,Power N-CT53^2Arc(2)T4
6,12,2548,337500524.0,Power N-CT53^2T4T1
6,12,2597,337502552.0,Power N-CT53^2T4
6,12,2601,337816892.0,Power N-CT53^2T2T2
6,12,2602,337841228.0,Power N-CT53^2Arc(2)T2
6,12,2652,337843256.0,Power N-CT53^2T2T1
6,12,2703,337845284.0,Power N-CT53^2T2
6,12,2704,337869620.0,Power N-CT53^2T1T1
6,12,2756,337871648.0,Power N-CT53^2T1
6,12,2809,337873676.0,Power N-CT53^2
6,12,2810,337875860.0,Power N-CT53^2+1
6,12,2812,337876532.0,Power N-CT53^2+3
6,12,2824,365808682.0,"Power N-CT73^2Trin8,17,17"
6,12,2842,366177730.0,"Power N-CT73^2Trin2,17,21"
6,12,2896,366179758.0,"Power N-CT73^2Trin2,17,20"
6,12,2950,366179914.0,"Power N-CT73^2Trin2,17,19"
6,12,3058,366179962.0,"Power N-CT73^2Trin2,17,17"
6,12,3136,366522694.0,Power N-CT73^2T17T17
6,12,3142,369892822.0,"Power N-CT73^2Trin8,8,19"
6,12,3256,369892870.0,"Power N-CT73^2Trin8,8,17"
6,12,3304,370235602.0,Power N-CT73^2T17T14
6,12,3355,370263946.0,"Power N-CT73^2Trin2,8,20"
6,12,3418,370264102.0,"Power N-CT73^2Trin2,8,19"
6,12,3544,370264150.0,"Power N-CT73^2Trin2,8,17"
6,12,3640,370606882.0,Power N-CT73^2T17T8
6,12,3661,370635226.0,"Power N-CT73^2Trin2,2,20"
6,12,3730,370635382.0,"Power N-CT73^2Trin2,2,19"
6,12,3868,370635430.0,"Power N-CT73^2Trin2,2,17"
6,12,3976,370978162.0,Power N-CT73^2T17T2
6,12,4088,371320894.0,Power N-CT73^2T17
6,12,4204,371584534.0,"Power N-CT79^2Trin2,2,23"
6,12,4312,371610898.0,Power N-CT79^2T23T2
6,12,4424,371637262.0,Power N-CT79^2T23
6,12,5748,372775858.0,Power N-CT83^2Arc(13)T2
6,12,5779,376382734.0,"Power N-CT79^2Trin2,2,2"
6,12,5929,376409098.0,Power N-CT79^2T2T2
6,12,6083,376435462.0,Power N-CT79^2T2
6,12,6243,376461826.0,Power N-CT79^2+2
6,12,6244,376490998.0,Power N-CT79^2+3
6,12,6253,395055478.0,Power N-CT83^2Arc(8)
6,12,6329,398768374.0,Power N-CT83^2Arc(7)
6,12,6406,402481270.0,Power N-CT83^2Arc(6)
6,12,6484,406194166.0,Power N-CT83^2Arc(5)
6,12,6563,409907062.0,Power N-CT83^2Arc(4)
6,12,6643,413619958.0,Power N-CT83^2Arc(3)
6,12,6724,417332854.0,Power N-CT83^2T1T1
6,12,6853,421017142.0,Power N-CT89^2T12
6,12,7209,421043506.0,Power N-CT89^2T8
6,12,7298,421045750.0,Power N-CT89^2T7
6,12,7923,424758646.0,Power N-CT89^2+2
6,12,8181,425498866.0,Power N-CT101^2T20
6,12,8282,425501110.0,Power N-CT101^2T19
6,12,9191,429214006.0,Power N-CT101^2T10
6,12,10000,429585286.0,Power N-CT101^2
2,13,14,169.0,orthogonal array
2,13,15,215.0,simulated annealing (Torres-Jimenez)
2,13,18,217.0,Fix 1 symbols (LCDST)
2,13,19,229.0,Fix 1 symbols (LCDST)
2,13,20,241.0,Fix 1 symbols (LCDST)
2,13,21,253.0,Fix 1 symbols (Meagher-Stevens)
2,13,22,262.0,projection (C) postop NCK
2,13,24,271.0,Fix 2 symbols (LCDST) postop NCK
2,13,25,280.0,simulated annealing (Torres-Jimenez)
2,13,27,281.0,simulated annealing (Torres-Jimenez)
2,13,28,282.0,Fix 4 symbols (LCDST)
2,13,29,291.0,Fix 4 symbols (LCDST)
2,13,30,299.0,Fix 4 symbols (LCDST) postop TJ-SA
2,13,32,301.0,Fix 5 symbols (LCDST)
2,13,33,309.0,Fix 5 symbols (LCDST)
2,13,39,317.0,simulated annealing (Torres-Jimenez)
2,13,195,325.0,PCAx2PCA
2,13,196,336.0,Direct product
2,13,221,362.0,Direct product
2,13,251,373.0,PCAx2PCA
2,13,252,384.0,Direct product
2,13,265,385.0,PCAx2PCA
2,13,266,395.0,Direct product
2,13,279,397.0,PCAx2PCA
2,13,280,398.0,Direct product
2,13,282,403.0,Direct product generalized
2,13,293,409.0,PCAx2PCA
2,13,298,412.0,Direct product generalized
2,13,304,415.0,Direct product generalized
2,13,308,418.0,Direct product
2,13,323,421.0,PCAxPCA
2,13,332,428.0,PCAx2PCA
2,13,341,433.0,PCAxPCA
2,13,363,437.0,PCAx2PCA
2,13,384,438.0,PCAx2PCA
2,13,398,447.0,PCAx2PCA
2,13,412,456.0,PCAx2PCA
2,13,416,457.0,Direct product
2,13,438,458.0,PCAx2PCA
2,13,452,466.0,PCAx2PCA
2,13,511,473.0,PCAx2PCA
2,13,2717,481.0,PCAx2PCA
2,13,2730,492.0,PCAx2PCA
2,13,2744,502.0,Direct product
2,13,3111,518.0,Direct product
2,13,3497,529.0,PCAx2PCA
2,13,3514,540.0,PCAxPCA
2,13,3692,541.0,PCAx2PCA
2,13,3705,551.0,Direct product
2,13,3710,552.0,PCAxPCA
2,13,3887,553.0,PCAx2PCA
2,13,3900,554.0,Direct product
2,13,3901,557.0,Direct product generalized
2,13,3965,559.0,Direct product generalized
2,13,3974,561.0,Direct product generalized
2,13,4088,565.0,PCAx2PCA
2,13,4172,568.0,PCAx2PCA
2,13,4207,569.0,Direct product generalized
2,13,4232,570.0,Direct product generalized
2,13,4296,571.0,Direct product generalized
2,13,4299,572.0,Direct product generalized
2,13,4311,574.0,Direct product generalized
2,13,4501,577.0,PCAxPCA
2,13,4628,584.0,PCAx2PCA
2,13,4752,589.0,PCAxPCA
2,13,4760,592.0,PCAxPCA
2,13,5070,593.0,PCAx2PCA
2,13,5356,594.0,PCAx2PCA
2,13,5551,603.0,PCAx2PCA
2,13,5746,612.0,PCAx2PCA
2,13,5856,613.0,PCAxPCA
2,13,6110,614.0,PCAx2PCA
2,13,6305,622.0,PCAx2PCA
2,13,7150,629.0,PCAx2PCA
2,13,20000,637.0,Direct product
3,13,14,2197.0,orthogonal array
3,13,15,3798.0,orthogonal array fuse fuse fuse postop NCK
3,13,16,3832.0,orthogonal array fuse fuse fuse postop NCK
3,13,17,3848.0,orthogonal array fuse fuse fuse postop NCK
3,13,18,3863.0,orthogonal array fuse fuse fuse postop NCK
3,13,28,4225.0,Chateauneuf-Kreher doubling
3,13,159,4381.0,SCPHF LFSR (TJ-IM)
3,13,183,4393.0,Raaphorst-Moura-Stevens
3,13,184,6421.0,Add a factor
3,13,235,6565.0,SCPHF Conditional Expectation (CLS)
3,13,242,6589.0,CPHF Sim Annealing (TJ-IM)
3,13,243,8170.0,SCPHF LFSR (TJ-IM) fuse fuse fuse
3,13,273,8185.0,Raaphorst-Moura-Stevens fuse fuse fuse
3,13,338,8281.0,Path-Restricted SCPHF RE (CLS)
3,13,366,8293.0,Chateauneuf-Kreher doubling
3,13,491,8437.0,Path-Restricted SCPHF RE (CLS)
3,13,582,8593.0,Path-Restricted SCPHF RE (CLS)
3,13,773,8749.0,"Restricted CPHF Ext  4( 0, 4) WCS"
3,13,780,8761.0,"Restricted CPHF Ext  4( 0, 3) WCS"
3,13,785,8773.0,"Restricted CPHF Ext  4( 0, 2) WCS"
3,13,791,8785.0,"Restricted CPHF Ext  4( 0, 0) WCS"
3,13,2067,10309.0,Colbourn-Martirosyan-TVT-Walker
3,13,2068,10320.0,Cohen-Colbourn-Ling
3,13,2379,10321.0,Colbourn-Martirosyan-TVT-Walker
3,13,2380,10332.0,Cohen-Colbourn-Ling
3,13,2758,10933.0,"Restricted CPHF Ext  5( 0, 5) WCS"
3,13,2794,10945.0,"Restricted CPHF Ext  5( 0, 4) WCS"
3,13,2823,10957.0,"Restricted CPHF Ext  5( 0, 3) WCS"
3,13,2855,10969.0,"Restricted CPHF Ext  5( 0, 2) WCS"
3,13,2904,10981.0,"Restricted CPHF Ext  5( 0, 0) WCS"
3,13,2925,12337.0,"Restricted CPHF Ext  6( 5, 6) WCS"
3,13,3858,12493.0,"Restricted CPHF Ext  6( 4, 6) WCS"
3,13,4005,12505.0,"Restricted CPHF Ext  6( 4, 5) WCS"
3,13,4978,12649.0,"Restricted CPHF Ext  6( 3, 6) WCS"
3,13,5029,12661.0,"Restricted CPHF Ext  6( 3, 5) WCS"
3,13,5086,12673.0,"Restricted CPHF Ext  6( 3, 4) WCS"
3,13,6159,12805.0,"Restricted CPHF Ext  6( 2, 6) WCS"
3,13,6170,12817.0,"Restricted CPHF Ext  6( 2, 5) WCS"
3,13,6244,12829.0,"Restricted CPHF Ext  6( 2, 4) WCS"
3,13,6266,12841.0,"Restricted CPHF Ext  6( 2, 3) WCS"
3,13,7295,12961.0,"Restricted CPHF Ext  6( 1, 6) WCS"
3,13,7365,12973.0,"Restricted CPHF Ext  6( 1, 5) WCS"
3,13,7396,12985.0,"Restricted CPHF Ext  6( 1, 4) WCS"
3,13,7461,12997.0,"Restricted CPHF Ext  6( 1, 3) WCS"
3,13,7469,13009.0,"Restricted CPHF Ext  6( 1, 2) WCS"
3,13,9393,13117.0,"Restricted CPHF Ext  6( 0, 6) WCS"
3,13,9753,13129.0,"Restricted CPHF Ext  6( 0, 5) WCS"
3,13,9938,13141.0,"Restricted CPHF Ext  6( 0, 4) WCS"
3,13,10000,13153.0,"Restricted CPHF Ext  6( 0, 3) WCS"
4,13,14,28561.0,orthogonal array
4,13,15,54756.0,extended OA (Colbourn)
4,13,21,54925.0,3-Restricted SCPHF RE (CL)
4,13,27,56953.0,2-Restricted SCPHF RE (CL)
4,13,28,57121.0,CPHF Random Extension (CLS)
4,13,51,83473.0,3-Restricted SCPHF RE (CL)
4,13,55,85501.0,2-Restricted SCPHF RE (CL)
4,13,57,85657.0,SCPHF Random Extension (CLS)
4,13,62,85681.0,CPHF IPO 3 (WCS)
4,13,94,109837.0,"3,3-Restricted SCPHF RE (CL)"
4,13,105,111865.0,"3,2-Restricted SCPHF RE (CL)"
4,13,106,112021.0,3-Restricted SCPHF RE (CL)
4,13,119,113893.0,"2,2-Restricted SCPHF RE (CL)"
4,13,121,114049.0,2-Restricted SCPHF RE (CL)
4,13,124,114205.0,SCPHF Random Extension (CLS)
4,13,143,114241.0,CPHF IPO 4 (WCS)
4,13,169,136045.0,Colbourn-Martirosyan-TVT-Walker
4,13,177,138385.0,"3,3-Restricted SCPHF RE (CL)"
4,13,205,140413.0,"3,2-Restricted SCPHF RE (CL)"
4,13,217,140569.0,3-Restricted SCPHF RE (CL)
4,13,249,142441.0,"2,2-Restricted SCPHF RE (CL)"
4,13,262,142597.0,2-Restricted SCPHF RE (CL)
4,13,265,142753.0,SCPHF Random Extension (CLS)
4,13,313,142801.0,CPHF IPO 5 (WCS)
4,13,324,164749.0,"3,3,3-Restricted SCPHF RE (CL)"
4,13,375,166933.0,"3,3-Restricted SCPHF RE (CL)"
4,13,421,168961.0,"3,2-Restricted SCPHF RE (CL)"
4,13,434,169117.0,3-Restricted SCPHF RE (CL)
4,13,505,170989.0,"2,2-Restricted SCPHF RE (CL)"
4,13,514,171145.0,2-Restricted SCPHF RE (CL)
4,13,533,171301.0,SCPHF Random Extension (CLS)
4,13,712,171361.0,CPHF IPO 6 (WCS)
4,13,745,195481.0,"3,3-Restricted SCPHF RE (CL)"
4,13,850,197509.0,"3,2-Restricted SCPHF RE (CL)"
4,13,878,197665.0,3-Restricted SCPHF RE (CL)
4,13,1017,199537.0,"2,2-Restricted SCPHF RE (CL)"
4,13,1077,199693.0,2-Restricted SCPHF RE (CL)
4,13,1083,199849.0,SCPHF Random Extension (CLS)
4,13,1104,199921.0,CPHF Random Extension (CLS)
4,13,1990,228397.0,SCPHF Random Extension (CLS)
4,13,2040,228481.0,CPHF Random Extension (CLS)
4,13,3067,256945.0,SCPHF Random Extension (CLS)
4,13,3112,257041.0,CPHF Random Extension (CLS)
4,13,3113,337849.0,Add a factor
4,13,3146,355219.0,Colbourn-Martirosyan-TVT-Walker
4,13,3159,374191.0,Colbourn-Martirosyan-TVT-Walker
4,13,3211,374371.0,Colbourn-Martirosyan-TVT-Walker
4,13,3237,376399.0,Colbourn-Martirosyan-TVT-Walker
4,13,3302,376555.0,Colbourn-Martirosyan-TVT-Walker
4,13,3380,381751.0,Colbourn-Martirosyan-TVT-Walker
4,13,3406,383779.0,Colbourn-Martirosyan-TVT-Walker
4,13,3445,383935.0,Colbourn-Martirosyan-TVT-Walker
4,13,3549,383983.0,Colbourn-Martirosyan-TVT-Walker
4,13,3614,387163.0,Colbourn-Martirosyan-TVT-Walker
4,13,3718,388959.0,Colbourn-Martirosyan-TVT-Walker
4,13,3770,391897.0,Colbourn-Martirosyan-TVT-Walker
4,13,3874,393741.0,Colbourn-Martirosyan-TVT-Walker
4,13,3887,396301.0,Colbourn-Martirosyan-TVT-Walker
4,13,4069,398329.0,Colbourn-Martirosyan-TVT-Walker
4,13,4080,408973.0,Colbourn-Martirosyan-TVT-Walker
4,13,4199,420277.0,Colbourn-Martirosyan-TVT-Walker
4,13,4212,422305.0,Colbourn-Martirosyan-TVT-Walker
4,13,4394,424489.0,Colbourn-Martirosyan-TVT-Walker
4,13,4758,424633.0,Colbourn-Martirosyan-TVT-Walker
4,13,4875,426361.0,Colbourn-Martirosyan-TVT-Walker
4,13,5473,428389.0,Colbourn-Martirosyan-TVT-Walker
4,13,5642,428545.0,Colbourn-Martirosyan-TVT-Walker
4,13,6383,430417.0,Colbourn-Martirosyan-TVT-Walker
4,13,6565,432289.0,Colbourn-Martirosyan-TVT-Walker
4,13,6682,432445.0,Colbourn-Martirosyan-TVT-Walker
4,13,6929,432601.0,Colbourn-Martirosyan-TVT-Walker
4,13,7566,432661.0,Colbourn-Martirosyan-TVT-Walker
4,13,9256,434533.0,Colbourn-Martirosyan-TVT-Walker
4,13,9685,458653.0,Colbourn-Martirosyan-TVT-Walker
4,13,10000,460681.0,Colbourn-Martirosyan-TVT-Walker
5,13,14,371293.0,orthogonal array
5,13,15,711828.0,extended OA (Colbourn)
5,13,16,714025.0,4-Restricted SCPHF RE (CL)
5,13,18,740389.0,3-Restricted SCPHF RE (CL)
5,13,19,742573.0,SCPHF Random Extension (CLS)
5,13,29,1085305.0,4-Restricted SCPHF RE (CL)
5,13,31,1111669.0,3-Restricted SCPHF RE (CL)
5,13,33,1113877.0,CPHF IPO 3 (WCS)
5,13,44,1428037.0,"4,4-Restricted SCPHF RE (CL)"
5,13,47,1454401.0,"4,3-restricted SCPHF RE (CL)"
5,13,48,1456585.0,4-Restricted SCPHF RE (CL)
5,13,51,1480765.0,"3,3-Restricted SCPHF RE (CL)"
5,13,52,1482793.0,"3,2-restricted SCPHF RE (CL)"
5,13,53,1482949.0,3-Restricted SCPHF RE (CL)
5,13,55,1484977.0,2-Restricted SCPHF RE (CL)
5,13,62,1485169.0,CPHF IPO 4 (WCS)
5,13,75,1799317.0,"4,4-Restricted SCPHF RE (CL)"
5,13,84,1827865.0,4-Restricted SCPHF RE (CL)
5,13,88,1854229.0,3-Restricted SCPHF RE (CL)
5,13,92,1856257.0,2-Restricted SCPHF RE (CL)
5,13,93,1856413.0,SCPHF Random Extension (CLS)
5,13,111,1856461.0,CPHF IPO 5 (WCS)
5,13,120,2170597.0,"4,4-Restricted SCPHF RE (CL)"
5,13,140,2199145.0,4-Restricted SCPHF RE (CL)
5,13,153,2225509.0,3-Restricted SCPHF RE (CL)
5,13,156,2227537.0,2-Restricted SCPHF RE (CL)
5,13,157,2227693.0,SCPHF Random Extension (CLS)
5,13,188,2227753.0,CPHF IPO 6 (WCS)
5,13,209,2541877.0,"4,4-Restricted SCPHF RE (CL)"
5,13,237,2570425.0,4-Restricted SCPHF RE (CL)
5,13,261,2596789.0,3-Restricted SCPHF RE (CL)
5,13,271,2598817.0,2-Restricted SCPHF RE (CL)
5,13,272,2598973.0,SCPHF Random Extension (CLS)
5,13,324,2884609.0,"4,4,4-Restricted SCPHF RE (CL)"
5,13,349,2913157.0,"4,4-Restricted SCPHF RE (CL)"
5,13,379,2941705.0,4-Restricted SCPHF RE (CL)
5,13,442,2968069.0,3-Restricted SCPHF RE (CL)
5,13,450,2970097.0,2-Restricted SCPHF RE (CL)
5,13,452,2970253.0,SCPHF Random Extension (CLS)
5,13,454,2970337.0,CPHF Random Extension (CLS)
5,13,523,3255889.0,"4,4,4-Restricted SCPHF RE (CL)"
5,13,567,3284437.0,"4,4-Restricted SCPHF RE (CL)"
5,13,653,3312985.0,4-Restricted SCPHF RE (CL)
5,13,750,3339349.0,3-Restricted SCPHF RE (CL)
5,13,764,3341377.0,2-Restricted SCPHF RE (CL)
5,13,767,3341533.0,SCPHF Random Extension (CLS)
5,13,768,4706377.0,Add 1 factors
5,13,769,5681845.0,Add 2 factors
5,13,770,6024577.0,Add 3 factors
5,13,777,6367153.0,Add 13 factors
5,13,780,6367309.0,Add 13 factors
5,13,781,7732153.0,Add 13 factors
5,13,782,8707621.0,Add 13 factors
5,13,783,9050353.0,Add 13 factors
5,13,786,9392929.0,Add 13 factors
5,13,788,9394801.0,Add 13 factors
5,13,789,9396673.0,Add 13 factors
5,13,790,9398545.0,Add 13 factors
5,13,793,9398701.0,Add 13 factors
5,13,815,9646764.0,"perfect hash family3,1122,749T307"
5,13,823,9648792.0,"perfect hash family3,1122,749T299"
5,13,825,9648948.0,"perfect hash family3,1122,749T297"
5,13,827,9649032.0,"perfect hash family3,1122,749T295"
5,13,830,9652848.0,"perfect hash family3,1143,763T313"
5,13,832,9653004.0,"perfect hash family3,1143,763T311"
5,13,834,9653088.0,"perfect hash family3,1143,763T309"
5,13,836,9653400.0,"perfect hash family3,1149,767T313"
5,13,849,9853308.0,"perfect hash family3,849,567"
5,13,892,9910404.0,"perfect hash family3,978,653T86"
5,13,896,9934584.0,"perfect hash family3,1122,749T226"
5,13,903,9938640.0,"perfect hash family3,1143,763T240"
5,13,978,9938952.0,"perfect hash family3,978,653"
5,13,1026,9991680.0,"perfect hash family3,1122,749T96"
5,13,1033,9995736.0,"perfect hash family3,1143,763T110"
5,13,1035,9996048.0,"perfect hash family3,1149,767T114"
5,13,1123,10018044.0,"perfect hash family3,1123,750"
5,13,1130,10022100.0,"perfect hash family3,1143,763T13"
5,13,1132,10022412.0,"perfect hash family3,1149,767T17"
5,13,1144,10024128.0,"perfect hash family3,1144,764"
5,13,1146,10024440.0,"perfect hash family3,1149,767T3"
5,13,1149,10024596.0,"perfect hash family3,1149,767"
5,13,1150,11632800.0,Add 1 factors
5,13,1185,12509376.0,"perfect hash family4,3125,625T388"
5,13,1247,12509592.0,Power N-CT43^2T14
5,13,1305,12535740.0,"perfect hash family4,3125,625T364"
5,13,1333,12535956.0,Power N-CT43^2T12
5,13,1355,12537768.0,"perfect hash family4,3125,625T354"
5,13,1360,12537924.0,"perfect hash family4,3125,625T353"
5,13,1419,12538164.0,Power N-CT43^2T10
5,13,1452,12722712.0,Power N-CT47^2T14T3
5,13,1457,12746868.0,Power N-CT47^2T16
5,13,1551,12749076.0,Power N-CT47^2T14
5,13,1620,12823560.0,"perfect hash family4,3125,625T301"
5,13,1745,12852108.0,"perfect hash family4,3125,625T276"
5,13,1850,12852324.0,Power N-CT43^2+1
5,13,1895,12880656.0,"perfect hash family4,3125,625T246"
5,13,2210,12907020.0,"perfect hash family4,3125,625T183"
5,13,2250,12909048.0,"perfect hash family4,3125,625T175"
5,13,2260,12909204.0,"perfect hash family4,3125,625T173"
5,13,2270,12909288.0,"perfect hash family4,3125,625T171"
5,13,2615,13194840.0,"perfect hash family4,3125,625T102"
5,13,2835,13223388.0,"perfect hash family4,3125,625T58"
5,13,3125,13251936.0,"perfect hash family4,3125,625"
5,13,3172,13364136.0,Power N-CT61^2T9
5,13,3233,13364292.0,Power N-CT61^2T8
5,13,3355,13366320.0,Power N-CT61^2T6
5,13,3722,13366512.0,Power N-CT61^2+1
5,13,3723,15315420.0,Add 1 factors
5,13,3844,15565548.0,Power N-CT67^2T5T5
5,13,3869,15877476.0,Power N-CT73^2T20
5,13,4015,15879504.0,Power N-CT73^2T18
5,13,4526,15879696.0,Power N-CT73^2T11
5,13,4650,16079532.0,Power N-CT79^2T17T4
5,13,5146,16108080.0,Power N-CT83^2T21
5,13,5331,16193844.0,Power N-CT73^2+2
5,13,5335,16329132.0,Power N-CT89^2Arc(3)T27
5,13,5395,16331160.0,Power N-CT89^2Arc(2)T27
5,13,5559,16332444.0,"perfect hash family9,11881,109T58"
5,13,5668,16334472.0,"perfect hash family9,11881,109T57"
5,13,5777,16334628.0,"perfect hash family9,11881,109T56"
5,13,5995,16336656.0,"perfect hash family9,11881,109T54"
5,13,6758,16336848.0,"perfect hash family9,11881,109T47"
5,13,6890,16450776.0,Power N-CT83^2+1
5,13,6977,16647492.0,"Power N-CT89^2Trin1,5,5"
5,13,7056,16649520.0,Power N-CT89^2T5T5
5,13,8175,16650996.0,"perfect hash family9,11881,109T34"
5,13,9156,16679544.0,"perfect hash family9,11881,109T25"
5,13,9592,16705908.0,"perfect hash family9,11881,109T21"
5,13,10000,16707936.0,"perfect hash family9,11881,109T17"
6,13,14,4826809.0,orthogonal array
6,13,15,9253764.0,extended OA (Colbourn)
6,13,16,9651421.0,3-Restricted SCPHF RE (CL)
6,13,20,14109121.0,5-Restricted SCPHF RE (CL)
6,13,22,14451853.0,4-Restricted SCPHF RE (CL)
6,13,23,14480401.0,SCPHF Random Extension (CLS)
6,13,25,14480425.0,CPHF IPO 3 (WCS)
6,13,29,18564637.0,"5,5-Restricted SCPHF RE (CL)"
6,13,30,18935917.0,5-Restricted SCPHF RE (CL)
6,13,33,19278649.0,4-Restricted SCPHF RE (CL)
6,13,34,19307041.0,2-Restricted SCPHF RE (CL)
6,13,39,19307233.0,CPHF IPO 4 (WCS)
6,13,41,23391433.0,"5,5-Restricted SCPHF RE (CL)"
6,13,49,23762713.0,5-Restricted SCPHF RE (CL)
6,13,51,24105445.0,4-Restricted SCPHF RE (CL)
6,13,52,24131809.0,3-Restricted SCPHF RE (CL)
6,13,53,24133837.0,2-Restricted SCPHF RE (CL)
6,13,54,24133993.0,SCPHF Random Extension (CLS)
6,13,56,24134041.0,CPHF IPO 5 (WCS)
6,13,59,27846949.0,"5,5,5-Restricted SCPHF RE (CL)"
6,13,65,28218229.0,"5,5-Restricted SCPHF RE (CL)"
6,13,71,28589509.0,5-Restricted SCPHF RE (CL)
6,13,77,28932241.0,4-Restricted SCPHF RE (CL)
6,13,81,28958605.0,3-Restricted SCPHF RE (CL)
6,13,82,28960849.0,CPHF Random Extension (CLS)
6,13,91,32673745.0,"5,5,5-Restricted SCPHF RE (CL)"
6,13,102,33045025.0,"5,5-Restricted SCPHF RE (CL)"
6,13,111,33416305.0,5-Restricted SCPHF RE (CL)
6,13,121,33759037.0,4-Restricted SCPHF RE (CL)
6,13,124,33785401.0,3-Restricted SCPHF RE (CL)
6,13,200,38614381.0,SCPHF Random Extension (CLS)
6,13,202,38614465.0,CPHF Random Extension (CLS)
6,13,250,43441177.0,SCPHF Random Extension (CLS)
6,13,251,65661973.0,Add 1 factors
6,13,252,82261153.0,Add 2 factors
6,13,253,92094925.0,Add 3 factors
6,13,254,96550441.0,Add 4 factors
6,13,256,97769269.0,Add 13 factors
6,13,257,100975537.0,Add 13 factors
6,13,263,101005957.0,Add 13 factors
6,13,264,123251089.0,Add 13 factors
6,13,265,139850269.0,Add 13 factors
6,13,266,149974045.0,Add 13 factors
6,13,267,154455925.0,Add 13 factors
6,13,315,154457520.0,"perfect hash family4,315,200"
6,13,317,154457856.0,"perfect hash family4,317,202"
6,13,346,168937908.0,"perfect hash family4,396,250T50"
6,13,348,168937992.0,"perfect hash family4,396,250T48"
6,13,396,173764704.0,"perfect hash family4,396,250"
6,13,444,193071900.0,"perfect hash family5,444,200"
6,13,446,193072236.0,"perfect hash family5,450,202T2"
6,13,450,193072320.0,"perfect hash family5,450,202"
6,13,478,212379084.0,"perfect hash family5,570,246T46"
6,13,482,212379168.0,"perfect hash family5,570,246T44"
6,13,574,217205880.0,"perfect hash family5,574,250"
6,13,575,231686760.0,Power CT25^2T2
6,13,625,231686784.0,Power CT25^2
6,13,642,255820260.0,"perfect hash family6,730,244T44"
6,13,646,255820344.0,"perfect hash family6,730,244T42"
6,13,736,260647056.0,"perfect hash family6,736,250"
6,13,781,270301248.0,"perfect hash family14,1107,40S14"
6,13,801,274385448.0,"perfect hash family14,1107,40S13"
6,13,841,278469540.0,Power N-CT29^2
6,13,842,282553848.0,"perfect hash family14,1107,40S11"
6,13,850,284781480.0,Power N-CT37^2T12T3
6,13,851,284781648.0,Power N-CT37^2T14
6,13,925,284781672.0,Power N-CT37^2T12
6,13,930,288836988.0,Power N-CT31^2T1
6,13,957,288837300.0,Power N-CT37^2T8T4
6,13,986,288865692.0,Power N-CT37^2T8T3
6,13,1073,288865884.0,Power N-CT37^2T8
6,13,1110,289237164.0,Power N-CT37^2T7
6,13,1122,289579704.0,Power N-CT37^2T4T3
6,13,1221,289579896.0,Power N-CT37^2T4
6,13,1258,289608288.0,Power N-CT37^2T3
6,13,1371,289608480.0,Power N-CT37^2+2
6,13,1447,315227448.0,"Power N-CT41^2Trin2,2,2"
6,13,1521,319311648.0,Power N-CT41^2T2T2
6,13,1599,323395848.0,Power N-CT41^2T2
6,13,1681,327480048.0,Power N-CT41^2
6,13,1833,328222488.0,Power N-CT47^2T8
6,13,1927,332306688.0,Power N-CT47^2T6
6,13,2211,332677968.0,Power N-CT47^2+2
6,13,2221,336760332.0,"Power N-CT53^2Trin4,4,4"
6,13,2311,337103064.0,"Power N-CT53^2Trin2,4,4"
6,13,2356,337129428.0,"Power N-CT53^2Trin1,4,4"
6,13,2401,337131456.0,Power N-CT53^2T4T4
6,13,2405,337445796.0,"Power N-CT53^2Trin2,2,4"
6,13,2452,337472160.0,"Power N-CT53^2Trin1,2,4"
6,13,2499,337474188.0,Power N-CT53^2T4T2
6,13,2500,337498524.0,Power N-CT53^2Arc(2)T4
6,13,2548,337500552.0,Power N-CT53^2T4T1
6,13,2597,337502580.0,Power N-CT53^2T4
6,13,2601,337816920.0,Power N-CT53^2T2T2
6,13,2602,337841256.0,Power N-CT53^2Arc(2)T2
6,13,2652,337843284.0,Power N-CT53^2T2T1
6,13,2703,337845312.0,Power N-CT53^2T2
6,13,2704,337869648.0,Power N-CT53^2T1T1
6,13,2756,337871676.0,Power N-CT53^2T1
6,13,2809,337873704.0,Power N-CT53^2
6,13,2810,337875888.0,Power N-CT53^2+1
6,13,2812,337876560.0,Power N-CT53^2+3
6,13,2824,365808708.0,"Power N-CT73^2Trin8,17,17"
6,13,2842,366177756.0,"Power N-CT73^2Trin2,17,21"
6,13,2896,366179784.0,"Power N-CT73^2Trin2,17,20"
6,13,2950,366179940.0,"Power N-CT73^2Trin2,17,19"
6,13,3058,366179988.0,"Power N-CT73^2Trin2,17,17"
6,13,3136,366522720.0,Power N-CT73^2T17T17
6,13,3142,369892848.0,"Power N-CT73^2Trin8,8,19"
6,13,3256,369892896.0,"Power N-CT73^2Trin8,8,17"
6,13,3304,370235628.0,Power N-CT73^2T17T14
6,13,3355,370263972.0,"Power N-CT73^2Trin2,8,20"
6,13,3418,370264128.0,"Power N-CT73^2Trin2,8,19"
6,13,3544,370264176.0,"Power N-CT73^2Trin2,8,17"
6,13,3640,370606908.0,Power N-CT73^2T17T8
6,13,3661,370635252.0,"Power N-CT73^2Trin2,2,20"
6,13,3730,370635408.0,"Power N-CT73^2Trin2,2,19"
6,13,3868,370635456.0,"Power N-CT73^2Trin2,2,17"
6,13,3976,370978188.0,Power N-CT73^2T17T2
6,13,4088,371320920.0,Power N-CT73^2T17
6,13,4204,371584560.0,"Power N-CT79^2Trin2,2,23"
6,13,4312,371610924.0,Power N-CT79^2T23T2
6,13,4424,371637288.0,Power N-CT79^2T23
6,13,5748,372775884.0,Power N-CT83^2Arc(13)T2
6,13,5779,376382760.0,"Power N-CT79^2Trin2,2,2"
6,13,5929,376409124.0,Power N-CT79^2T2T2
6,13,6083,376435488.0,Power N-CT79^2T2
6,13,6243,376461852.0,Power N-CT79^2+2
6,13,6244,376491024.0,Power N-CT79^2+3
6,13,6253,395055504.0,Power N-CT83^2Arc(8)
6,13,6329,398768400.0,Power N-CT83^2Arc(7)
6,13,6406,402481296.0,Power N-CT83^2Arc(6)
6,13,6484,406194192.0,Power N-CT83^2Arc(5)
6,13,6563,409907088.0,Power N-CT83^2Arc(4)
6,13,6643,413619984.0,Power N-CT83^2Arc(3)
6,13,6724,417332880.0,Power N-CT83^2T1T1
6,13,6853,421017168.0,Power N-CT89^2T12
6,13,7209,421043532.0,Power N-CT89^2T8
6,13,7298,421045776.0,Power N-CT89^2T7
6,13,7923,424758672.0,Power N-CT89^2+2
6,13,8181,425498892.0,Power N-CT101^2T20
6,13,8282,425501136.0,Power N-CT101^2T19
6,13,9191,429214032.0,Power N-CT101^2T10
6,13,10000,429585312.0,Power N-CT101^2
2,14,6,196.0,orthogonal array
2,14,7,203.0,Add Factor SO (AG-TJ-IM)
2,14,8,213.0,Add Factor SO (AG-TJ-IM)
2,14,9,214.0,Add Factor SO (AG-TJ-IM)
2,14,12,217.0,Add Factor SO (AG-TJ-IM)
2,14,13,218.0,Add Factor SO (AG-TJ-IM)
2,14,14,223.0,Add Factor SO (AG-TJ-IM)
2,14,16,242.0,Add Factor SO (AG-TJ-IM)
2,14,17,243.0,Add Factor SO (AG-TJ-IM)
2,14,18,247.0,projection (C) postop TJ-SA
2,14,19,248.0,Fix 1 symbols (LCDST)
2,14,20,272.0,projection (C) postop TJ-SA
2,14,21,274.0,Fix 1 symbols (LCDST)
2,14,22,287.0,Fix 1 symbols (LCDST)
2,14,23,300.0,Fix 1 symbols (Meagher-Stevens)
2,14,24,306.0,double proj (C) postop NCK
2,14,25,322.0,projection (C) postop NCK
2,14,27,329.0,simulated annealing (Torres-Jimenez)
2,14,30,330.0,Fix 4 symbols (LCDST)
2,14,31,341.0,Fix 4 symbols (LCDST)
2,14,33,342.0,Fix 5 symbols (LCDST)
2,14,34,351.0,Fix 5 symbols (LCDST)
2,14,35,360.0,Fix 5 symbols (LCDST)
2,14,36,370.0,Fix 5 symbols (LCDST)
2,14,37,381.0,Fix 5 symbols (LCDST)
2,14,42,385.0,PCAxPCA
2,14,50,392.0,Holey Transversal Design
2,14,54,396.0,PCAxPCA
2,14,72,399.0,PCAxPCA
2,14,78,400.0,PCAxPCA
2,14,102,405.0,Direct product
2,14,103,415.0,Direct product generalized
2,14,119,416.0,Direct product
2,14,144,420.0,Direct product
2,14,156,421.0,Direct product
2,14,169,422.0,Direct product
2,14,170,426.0,Direct product
2,14,204,427.0,Direct product
2,14,221,428.0,Direct product
2,14,234,441.0,Direct product
2,14,238,443.0,Direct product
2,14,247,452.0,Direct product
2,14,272,453.0,Direct product
2,14,289,454.0,Direct product
2,14,290,456.0,Direct product generalized
2,14,306,457.0,Direct product
2,14,307,459.0,Direct product generalized
2,14,323,460.0,Direct product
2,14,324,470.0,Direct product
2,14,327,472.0,Direct product generalized
2,14,342,473.0,Direct product
2,14,360,482.0,PCAxPCA
2,14,361,485.0,Direct product
2,14,369,487.0,Direct product generalized
2,14,371,489.0,Direct product generalized
2,14,375,496.0,Direct product generalized
2,14,378,498.0,Direct product
2,14,379,500.0,Direct product generalized
2,14,380,501.0,Direct product generalized
2,14,390,503.0,Direct product generalized
2,14,398,508.0,PCAxPCA
2,14,399,510.0,Direct product
2,14,407,512.0,Direct product generalized
2,14,419,514.0,Direct product generalized
2,14,425,517.0,Direct product generalized
2,14,436,524.0,Direct product generalized
2,14,439,532.0,Direct product generalized
2,14,440,534.0,PCAxPCA
2,14,445,536.0,Direct product generalized
2,14,457,538.0,Direct product generalized
2,14,467,539.0,Direct product generalized
2,14,471,542.0,Direct product generalized
2,14,475,546.0,Direct product generalized
2,14,481,549.0,Direct product generalized
2,14,510,551.0,Direct product
2,14,511,561.0,Direct product generalized
2,14,527,562.0,Direct product
2,14,561,563.0,Direct product
2,14,562,564.0,PCAxPCA
2,14,570,567.0,Direct product
2,14,578,572.0,Direct product
2,14,581,575.0,PCAxPCA
2,14,594,576.0,Direct product
2,14,617,577.0,PCAxPCA
2,14,627,579.0,Direct product
2,14,636,586.0,PCAxPCA
2,14,646,588.0,Direct product
2,14,670,592.0,Direct product generalized
2,14,678,593.0,Direct product generalized
2,14,714,594.0,Direct product
2,14,716,596.0,Direct product generalized
2,14,728,597.0,Direct product generalized
2,14,738,599.0,Direct product generalized
2,14,744,600.0,Direct product generalized
2,14,850,601.0,Direct product
2,14,864,602.0,PCAxPCA
2,14,936,603.0,PCAxPCA
2,14,1014,604.0,PCAxPCA
2,14,1224,608.0,PCAxPCA
2,14,1326,609.0,PCAxPCA
2,14,1350,613.0,Direct product generalized
2,14,1734,614.0,Direct product
2,14,1872,624.0,Direct product
2,14,2028,625.0,Direct product
2,14,2197,626.0,Direct product
2,14,2448,630.0,Direct product
2,14,2652,631.0,Direct product
2,14,2873,632.0,Direct product
2,14,2898,635.0,Direct product generalized
2,14,3298,636.0,Direct product
2,14,3570,637.0,Direct product
2,14,3744,638.0,Direct product generalized
2,14,3791,650.0,Direct product
2,14,3802,651.0,Direct product generalized
2,14,3991,652.0,Direct product generalized
2,14,4032,653.0,Direct product generalized
2,14,4050,661.0,Direct product generalized
2,14,4386,662.0,Direct product
2,14,4658,663.0,Direct product
2,14,4913,664.0,Direct product
2,14,4930,665.0,Direct product generalized
2,14,5202,666.0,Direct product
2,14,5219,669.0,Direct product generalized
2,14,5491,670.0,Direct product
2,14,5492,678.0,Direct product generalized
2,14,5508,679.0,Direct product
2,14,5562,681.0,Direct product generalized
2,14,5814,683.0,Direct product
2,14,5871,685.0,Direct product generalized
2,14,5975,693.0,Direct product generalized
2,14,6120,694.0,PCAxPCA
2,14,6137,695.0,PCAxPCA
2,14,6273,696.0,Direct product
2,14,6323,697.0,Direct product generalized
2,14,6340,698.0,Direct product generalized
2,14,6389,699.0,Direct product generalized
2,14,6391,703.0,Direct product generalized
2,14,6407,704.0,Direct product generalized
2,14,6415,706.0,Direct product generalized
2,14,6481,707.0,PCAxPCA
2,14,6498,708.0,PCAxPCA
2,14,6642,709.0,Direct product
2,14,6693,710.0,Direct product generalized
2,14,6705,711.0,Direct product generalized
2,14,6796,712.0,Direct product generalized
2,14,6798,713.0,Direct product generalized
2,14,6804,716.0,PCAxPCA
2,14,6840,719.0,Direct product
2,14,6855,720.0,Direct product generalized
2,14,7011,721.0,PCAxPCA
2,14,7172,723.0,Direct product generalized
2,14,7220,724.0,Direct product generalized
2,14,7285,725.0,Direct product generalized
2,14,7331,727.0,Direct product generalized
2,14,7333,731.0,Direct product generalized
2,14,7359,732.0,Direct product generalized
2,14,7393,734.0,Direct product generalized
2,14,7416,735.0,Direct product generalized
2,14,7542,736.0,Direct product
2,14,7656,737.0,Direct product generalized
2,14,7692,738.0,Direct product generalized
2,14,7769,740.0,Direct product generalized
2,14,7811,746.0,Direct product generalized
2,14,7829,747.0,Direct product generalized
2,14,7961,748.0,PCAxPCA
2,14,7991,749.0,Direct product generalized
2,14,8219,750.0,Direct product generalized
2,14,8255,751.0,Direct product generalized
2,14,8277,752.0,Direct product generalized
2,14,8387,753.0,Direct product generalized
2,14,8393,756.0,Direct product generalized
2,14,8395,760.0,Direct product generalized
2,14,8422,761.0,Direct product generalized
2,14,8640,762.0,Direct product generalized
2,14,8665,764.0,Direct product generalized
2,14,8675,765.0,Direct product generalized
2,14,8777,766.0,Direct product generalized
2,14,8793,768.0,Direct product generalized
2,14,8799,770.0,Direct product generalized
2,14,9010,772.0,Direct product
2,14,9180,773.0,PCAxPCA
2,14,9504,774.0,Direct product generalized
2,14,9554,776.0,PCAxPCA
2,14,9690,777.0,PCAxPCA
2,14,9792,783.0,Direct product generalized
2,14,10098,785.0,PCAxPCA
2,14,10131,788.0,Direct product generalized
2,14,10659,789.0,PCAxPCA
2,14,10982,798.0,PCAxPCA
2,14,11212,801.0,Direct product generalized
2,14,11404,802.0,Direct product generalized
2,14,12038,803.0,PCAxPCA
2,14,12184,805.0,Direct product generalized
2,14,12406,806.0,Direct product generalized
2,14,12438,807.0,Direct product generalized
2,14,13182,808.0,PCAxPCA
2,14,13634,810.0,Direct product
2,14,14688,811.0,PCAxPCA
2,14,15912,812.0,PCAxPCA
2,14,17238,813.0,PCAxPCA
2,14,17244,816.0,Direct product generalized
2,14,20000,817.0,Direct product
3,14,4,2744.0,Derive from strength 4
3,14,5,2842.0,Li-Ji-Yin
3,14,6,2940.0,Ji-Yin
3,14,11,3185.0,ordered design (CCL)
3,14,12,3458.0,ordered design (CCL)
3,14,14,3549.0,ordered design (CCL)
3,14,15,3967.0,orthogonal array fuse fuse postop NCK
3,14,16,4002.0,orthogonal array fuse fuse postop NCK
3,14,17,4013.0,orthogonal array fuse fuse postop NCK
3,14,18,4014.0,orthogonal array fuse fuse postop NCK
3,14,22,6006.0,Chateauneuf-Kreher doubling
3,14,24,6279.0,Chateauneuf-Kreher doubling
3,14,26,6383.0,Chateauneuf-Kreher doubling
3,14,28,6448.0,Chateauneuf-Kreher doubling
3,14,30,7113.0,Chateauneuf-Kreher doubling
3,14,32,7148.0,Chateauneuf-Kreher doubling
3,14,34,7172.0,Chateauneuf-Kreher doubling
3,14,36,7225.0,Chateauneuf-Kreher doubling
3,14,243,8172.0,SCPHF LFSR (TJ-IM) fuse fuse
3,14,273,8187.0,Raaphorst-Moura-Stevens fuse fuse
3,14,275,9803.0,SCPHF LFSR (TJ-IM) fuse fuse fuse
3,14,307,9819.0,Raaphorst-Moura-Stevens fuse fuse fuse
3,14,324,12238.0,Cohen-Colbourn-Ling
3,14,340,12282.0,CPHF Sim Annealing (TJ-IM) fuse fuse
3,14,884,12376.0,Cyclotomy (Colbourn)
3,14,1052,14714.0,Cyclotomy (Colbourn)
3,14,1094,15302.0,Cyclotomy (Colbourn)
3,14,1164,16282.0,Cyclotomy (Colbourn)
3,14,1184,16332.0,"Restricted CPHF Ext  4( 0, 4) WCS fuse fuse"
3,14,1190,16347.0,"Restricted CPHF Ext  4( 0, 3) WCS fuse fuse"
3,14,1193,16362.0,"Restricted CPHF Ext  4( 0, 2) WCS fuse fuse"
3,14,1205,16377.0,"Restricted CPHF Ext  4( 0, 0) WCS fuse fuse"
3,14,1215,16719.0,Cohen-Colbourn-Ling
3,14,1290,16734.0,Cohen-Colbourn-Ling
3,14,1365,16747.0,Cohen-Colbourn-Ling
3,14,1458,17662.0,Cohen-Colbourn-Ling
3,14,1638,17677.0,Cohen-Colbourn-Ling
3,14,1683,17979.0,Cohen-Colbourn-Ling
3,14,1715,18011.0,Cohen-Colbourn-Ling
3,14,1723,18043.0,Cohen-Colbourn-Ling
3,14,1731,18155.0,Cohen-Colbourn-Ling
3,14,1739,18171.0,Cohen-Colbourn-Ling
3,14,1787,18187.0,Cohen-Colbourn-Ling
3,14,1875,18219.0,Cohen-Colbourn-Ling
3,14,1899,18251.0,Cohen-Colbourn-Ling
3,14,1911,18318.0,Cohen-Colbourn-Ling
3,14,1947,18379.0,Cohen-Colbourn-Ling
3,14,2067,18394.0,Cohen-Colbourn-Ling
3,14,2187,18410.0,Cohen-Colbourn-Ling
3,14,2673,18555.0,Cohen-Colbourn-Ling
3,14,3003,18570.0,Cohen-Colbourn-Ling
3,14,3276,18843.0,Cohen-Colbourn-Ling
3,14,3402,18919.0,Cohen-Colbourn-Ling
3,14,3822,18934.0,Cohen-Colbourn-Ling
3,14,4095,19352.0,Cohen-Colbourn-Ling
3,14,4368,19387.0,Cohen-Colbourn-Ling
3,14,4370,19481.0,Cohen-Colbourn-Ling fuse fuse
3,14,4591,19664.0,Cohen-Colbourn-Ling fuse
3,14,4642,19680.0,Cohen-Colbourn-Ling fuse
3,14,4914,19952.0,Cohen-Colbourn-Ling fuse
3,14,4918,20472.0,"Restricted CPHF Ext  5( 0, 0) WCS fuse fuse"
3,14,5220,21344.0,Cohen-Colbourn-Ling fuse
3,14,5508,21805.0,Cohen-Colbourn-Ling
3,14,5526,21877.0,Cohen-Colbourn-Ling
3,14,5676,23410.0,Cohen-Colbourn-Ling
3,14,6006,23431.0,Cohen-Colbourn-Ling
3,14,6677,23532.0,"Restricted CPHF Ext  6( 4, 6) WCS fuse fuse"
3,14,7254,23547.0,"Restricted CPHF Ext  6( 4, 5) WCS fuse fuse"
3,14,9132,23772.0,"Restricted CPHF Ext  6( 3, 6) WCS fuse fuse"
3,14,9204,23787.0,"Restricted CPHF Ext  6( 3, 5) WCS fuse fuse"
3,14,9437,23802.0,"Restricted CPHF Ext  6( 3, 4) WCS fuse fuse"
3,14,10000,24012.0,"Restricted CPHF Ext  6( 2, 6) WCS fuse fuse"
4,14,5,38416.0,Derive from strength 5
4,14,6,43989.0,Augment OA
4,14,7,46804.0,Augment OA
4,14,8,49544.0,Augment OA
4,14,9,52174.0,Augment OA
4,14,10,54725.0,Augment OA
4,14,11,57090.0,Augment OA
4,14,12,59318.0,Augment OA
4,14,13,61263.0,Augment OA
4,14,14,63005.0,Augment OA
4,14,15,65056.0,orthogonal array fuse fuse postop NCK
4,14,16,65393.0,orthogonal array fuse fuse postop NCK
4,14,17,65408.0,orthogonal array fuse fuse postop NCK
4,14,18,82993.0,orthogonal array fuse fuse fuse postop NCK
4,14,19,119958.0,orthogonal array fuse fuse fuse fuse fuse postop NCK
4,14,20,120438.0,orthogonal array fuse fuse fuse fuse fuse postop NCK
4,14,24,126972.0,3-Restricted SCPHF RE (CL) fuse fuse
4,14,31,130812.0,2-Restricted SCPHF RE (CL) fuse fuse
4,14,32,156030.0,Colbourn-Martirosyan-TVT-Walker
4,14,34,156188.0,Colbourn-Martirosyan-TVT-Walker
4,14,36,173786.0,Colbourn-Martirosyan-TVT-Walker
4,14,61,192492.0,3-Restricted SCPHF RE (CL) fuse fuse
4,14,69,196332.0,2-Restricted SCPHF RE (CL) fuse fuse
4,14,71,196572.0,SCPHF Random Extension (CLS) fuse fuse
4,14,75,196602.0,CPHF IPO 3 (WCS) fuse fuse
4,14,80,245571.0,Colbourn-Martirosyan-TVT-Walker
4,14,85,245729.0,Colbourn-Martirosyan-TVT-Walker
4,14,120,253932.0,"3,3-Restricted SCPHF RE (CL) fuse fuse"
4,14,132,257772.0,"3,2-Restricted SCPHF RE (CL) fuse fuse"
4,14,141,258012.0,3-Restricted SCPHF RE (CL) fuse fuse
4,14,156,261612.0,"2,2-Restricted SCPHF RE (CL) fuse fuse"
4,14,158,261852.0,2-Restricted SCPHF RE (CL) fuse fuse
4,14,186,262137.0,CPHF IPO 4 (WCS) fuse fuse
4,14,187,290735.0,Colbourn-Martirosyan-TVT-Walker
4,14,192,297061.0,Colbourn-Martirosyan-TVT-Walker
4,14,204,297877.0,Colbourn-Martirosyan-TVT-Walker
4,14,208,299007.0,Colbourn-Martirosyan-TVT-Walker
4,14,210,300417.0,Colbourn-Martirosyan-TVT-Walker
4,14,224,300754.0,Colbourn-Martirosyan-TVT-Walker
4,14,238,303208.0,Colbourn-Martirosyan-TVT-Walker
4,14,240,312104.0,Colbourn-Martirosyan-TVT-Walker
4,14,256,312441.0,Colbourn-Martirosyan-TVT-Walker
4,14,272,320646.0,Colbourn-Martirosyan-TVT-Walker
4,14,290,323292.0,"3,2-Restricted SCPHF RE (CL) fuse fuse"
4,14,297,323532.0,3-Restricted SCPHF RE (CL) fuse fuse
4,14,341,327132.0,"2,2-Restricted SCPHF RE (CL) fuse fuse"
4,14,346,327372.0,2-Restricted SCPHF RE (CL) fuse fuse
4,14,360,327612.0,SCPHF Random Extension (CLS) fuse fuse
4,14,451,327672.0,CPHF IPO 5 (WCS) fuse fuse
4,14,470,380892.0,"3,3,3-Restricted SCPHF RE (CL) fuse fuse"
4,14,519,384972.0,"3,3-Restricted SCPHF RE (CL) fuse fuse"
4,14,634,388812.0,"3,2-Restricted SCPHF RE (CL) fuse fuse"
4,14,636,389052.0,3-Restricted SCPHF RE (CL) fuse fuse
4,14,745,392652.0,"2,2-Restricted SCPHF RE (CL) fuse fuse"
4,14,764,392892.0,2-Restricted SCPHF RE (CL) fuse fuse
4,14,791,393132.0,SCPHF Random Extension (CLS) fuse fuse
4,14,871,393207.0,CPHF IPO 6 (WCS) fuse fuse
4,14,1049,446412.0,"3,3,3-Restricted SCPHF RE (CL) fuse fuse"
4,14,1164,450492.0,"3,3-Restricted SCPHF RE (CL) fuse fuse"
4,14,1341,454332.0,"3,2-Restricted SCPHF RE (CL) fuse fuse"
4,14,1376,454572.0,3-Restricted SCPHF RE (CL) fuse fuse
4,14,1428,458172.0,"2,2-Restricted SCPHF RE (CL) fuse fuse"
4,14,1581,458412.0,2-Restricted SCPHF RE (CL) fuse fuse
4,14,1625,458652.0,SCPHF Random Extension (CLS) fuse fuse
4,14,1666,458742.0,CPHF Random Extension (CLS) fuse fuse
4,14,2748,524172.0,SCPHF Random Extension (CLS) fuse fuse
4,14,2833,524277.0,CPHF Random Extension (CLS) fuse fuse
4,14,2976,630537.0,Colbourn-Martirosyan-TVT-Walker fuse fuse
4,14,3162,646565.0,Colbourn-Martirosyan-TVT-Walker fuse
4,14,3178,662986.0,Colbourn-Martirosyan-TVT-Walker
4,14,3192,663207.0,Colbourn-Martirosyan-TVT-Walker
4,14,3248,663212.0,Colbourn-Martirosyan-TVT-Walker
4,14,3304,664122.0,Colbourn-Martirosyan-TVT-Walker
4,14,3332,665966.0,Colbourn-Martirosyan-TVT-Walker
4,14,3348,669701.0,Colbourn-Martirosyan-TVT-Walker
4,14,3360,670090.0,Colbourn-Martirosyan-TVT-Walker
4,14,3584,670427.0,Colbourn-Martirosyan-TVT-Walker
4,14,3808,672881.0,Colbourn-Martirosyan-TVT-Walker
4,14,3840,681777.0,Colbourn-Martirosyan-TVT-Walker
4,14,3888,682114.0,Colbourn-Martirosyan-TVT-Walker
4,14,3904,682579.0,Colbourn-Martirosyan-TVT-Walker
4,14,3920,682581.0,Colbourn-Martirosyan-TVT-Walker
4,14,4096,683757.0,Colbourn-Martirosyan-TVT-Walker fuse fuse
4,14,4131,698480.0,Colbourn-Martirosyan-TVT-Walker
4,14,4148,698976.0,Colbourn-Martirosyan-TVT-Walker
4,14,4352,699800.0,Colbourn-Martirosyan-TVT-Walker fuse
4,14,4368,706664.0,Colbourn-Martirosyan-TVT-Walker fuse fuse
4,14,4369,715632.0,Colbourn-Martirosyan-TVT-Walker fuse
4,14,4437,715637.0,Colbourn-Martirosyan-TVT-Walker fuse
4,14,4471,716149.0,Colbourn-Martirosyan-TVT-Walker fuse
4,14,4488,719251.0,Colbourn-Martirosyan-TVT-Walker fuse
4,14,4624,719263.0,Colbourn-Martirosyan-TVT-Walker fuse
4,14,4641,719743.0,Colbourn-Martirosyan-TVT-Walker fuse
4,14,4788,739435.0,Colbourn-Martirosyan-TVT-Walker
4,14,4824,739947.0,Colbourn-Martirosyan-TVT-Walker
4,14,4896,743061.0,Colbourn-Martirosyan-TVT-Walker
4,14,4914,745707.0,Colbourn-Martirosyan-TVT-Walker
4,14,4930,758597.0,Colbourn-Martirosyan-TVT-Walker fuse
4,14,4947,758837.0,Colbourn-Martirosyan-TVT-Walker fuse
4,14,5049,762119.0,Colbourn-Martirosyan-TVT-Walker fuse
4,14,5151,765719.0,Colbourn-Martirosyan-TVT-Walker fuse
4,14,5219,767947.0,Colbourn-Martirosyan-TVT-Walker fuse
4,14,5220,784827.0,Colbourn-Martirosyan-TVT-Walker
4,14,5256,785067.0,Colbourn-Martirosyan-TVT-Walker
4,14,5328,786145.0,Colbourn-Martirosyan-TVT-Walker
4,14,5346,789427.0,Colbourn-Martirosyan-TVT-Walker
4,14,5526,793027.0,Colbourn-Martirosyan-TVT-Walker
4,14,5559,827945.0,Colbourn-Martirosyan-TVT-Walker fuse
4,14,5695,830269.0,Colbourn-Martirosyan-TVT-Walker fuse
4,14,5760,838252.0,Colbourn-Martirosyan-TVT-Walker
4,14,5780,838655.0,Colbourn-Martirosyan-TVT-Walker fuse
4,14,5832,841678.0,Colbourn-Martirosyan-TVT-Walker
4,14,5872,848882.0,Colbourn-Martirosyan-TVT-Walker fuse fuse
4,14,5968,848937.0,Colbourn-Martirosyan-TVT-Walker
4,14,6096,851405.0,Colbourn-Martirosyan-TVT-Walker
4,14,6120,860382.0,Colbourn-Martirosyan-TVT-Walker
4,14,6314,861455.0,Colbourn-Martirosyan-TVT-Walker
4,14,6324,866482.0,Colbourn-Martirosyan-TVT-Walker
4,14,6460,868950.0,Colbourn-Martirosyan-TVT-Walker
4,14,6528,870196.0,Colbourn-Martirosyan-TVT-Walker
4,14,6664,872712.0,Colbourn-Martirosyan-TVT-Walker
4,14,6732,881770.0,Colbourn-Martirosyan-TVT-Walker
4,14,7038,885782.0,Colbourn-Martirosyan-TVT-Walker
4,14,7140,889794.0,Colbourn-Martirosyan-TVT-Walker
4,14,7344,893796.0,Colbourn-Martirosyan-TVT-Walker
4,14,7548,901882.0,Colbourn-Martirosyan-TVT-Walker
4,14,7667,901946.0,Colbourn-Martirosyan-TVT-Walker
4,14,7704,911426.0,Colbourn-Martirosyan-TVT-Walker
4,14,7776,915500.0,Colbourn-Martirosyan-TVT-Walker
4,14,7920,919513.0,Colbourn-Martirosyan-TVT-Walker
4,14,8064,922269.0,Colbourn-Martirosyan-TVT-Walker
4,14,8118,923659.0,Colbourn-Martirosyan-TVT-Walker
4,14,8710,925704.0,Colbourn-Martirosyan-TVT-Walker
4,14,9581,928069.0,Colbourn-Martirosyan-TVT-Walker
4,14,10000,943674.0,Colbourn-Martirosyan-TVT-Walker
5,14,6,537824.0,Derive from strength 6
5,14,7,621306.0,Augment OA
5,14,8,666168.0,Augment OA
5,14,9,712680.0,Augment OA
5,14,10,760428.0,Augment OA
5,14,11,808930.0,Augment OA
5,14,12,857559.0,Augment OA
5,14,13,905650.0,Augment OA
5,14,14,952188.0,Augment OA
5,14,17,1048572.0,orthogonal array fuse fuse
5,14,18,1419851.0,orthogonal array fuse fuse fuse
5,14,20,2093052.0,3-Restricted SCPHF RE (CL) fuse fuse
5,14,21,2097147.0,CPHF IPO 2 (WCS) fuse fuse
5,14,22,2933390.0,Martirosyan-TVT
5,14,23,3070224.0,Martirosyan-TVT variant
5,14,33,3080172.0,4-Restricted SCPHF RE (CL) fuse fuse
5,14,36,3141612.0,3-Restricted SCPHF RE (CL) fuse fuse
5,14,38,3145452.0,2-Restricted SCPHF RE (CL) fuse fuse
5,14,39,3145722.0,CPHF IPO 3 (WCS) fuse fuse
5,14,53,4063212.0,"4,4-Restricted SCPHF RE (CL) fuse fuse"
5,14,56,4128732.0,4-Restricted SCPHF RE (CL) fuse fuse
5,14,62,4186092.0,"3,3-Restricted SCPHF RE (CL) fuse fuse"
5,14,64,4190172.0,3-Restricted SCPHF RE (CL) fuse fuse
5,14,66,4194252.0,SCPHF Random Extension (CLS) fuse fuse
5,14,73,4194297.0,CPHF IPO 4 (WCS) fuse fuse
5,14,92,5111772.0,"4,4-Restricted SCPHF RE (CL) fuse fuse"
5,14,103,5177292.0,4-Restricted SCPHF RE (CL) fuse fuse
5,14,111,5238732.0,3-Restricted SCPHF RE (CL) fuse fuse
5,14,119,5242572.0,2-Restricted SCPHF RE (CL) fuse fuse
5,14,145,5242872.0,CPHF IPO 5 (WCS) fuse fuse
5,14,146,6094812.0,"4,4,4-Restricted SCPHF RE (CL) fuse fuse"
5,14,165,6160332.0,"4,4-Restricted SCPHF RE (CL) fuse fuse"
5,14,185,6225852.0,4-Restricted SCPHF RE (CL) fuse fuse
5,14,197,6287292.0,3-Restricted SCPHF RE (CL) fuse fuse
5,14,206,6291132.0,2-Restricted SCPHF RE (CL) fuse fuse
5,14,207,6291372.0,SCPHF Random Extension (CLS) fuse fuse
5,14,210,6291447.0,CPHF Random Extension (CLS) fuse fuse
5,14,248,7143372.0,"4,4,4-Restricted SCPHF RE (CL) fuse fuse"
5,14,284,7208892.0,"4,4-Restricted SCPHF RE (CL) fuse fuse"
5,14,336,7274412.0,4-Restricted SCPHF RE (CL) fuse fuse
5,14,360,7335852.0,3-Restricted SCPHF RE (CL) fuse fuse
5,14,376,7339692.0,2-Restricted SCPHF RE (CL) fuse fuse
5,14,379,7339932.0,SCPHF Random Extension (CLS) fuse fuse
5,14,454,8191932.0,"4,4,4-Restricted SCPHF RE (CL) fuse fuse"
5,14,515,8257452.0,"4,4-Restricted SCPHF RE (CL) fuse fuse"
5,14,582,8322972.0,4-Restricted SCPHF RE (CL) fuse fuse
5,14,641,8384412.0,3-Restricted SCPHF RE (CL) fuse fuse
5,14,650,8388252.0,2-Restricted SCPHF RE (CL) fuse fuse
5,14,656,8388492.0,SCPHF Random Extension (CLS) fuse fuse
5,14,766,9240492.0,"4,4,4-Restricted SCPHF RE (CL) fuse fuse"
5,14,767,11492924.0,Add 1 factors
5,14,768,13024272.0,Add 2 factors
5,14,769,14223190.0,Add 3 factors
5,14,770,14234561.0,Add 4 factors
5,14,771,14365810.0,Add 5 factors
5,14,782,16361772.0,Add 16 factors
5,14,783,17822636.0,Add 17 factors
5,14,838,19801809.0,3-Restricted SCPHF RE (CL) fuse fuse fuse fuse fuse
5,14,851,19808307.0,2-Restricted SCPHF RE (CL) fuse fuse fuse fuse fuse
5,14,852,22060739.0,Add 1 factors
5,14,853,23592087.0,Add 2 factors
5,14,854,24791005.0,Add 3 factors
5,14,855,24802376.0,Add 4 factors
5,14,856,24933625.0,Add 5 factors
5,14,871,24968913.0,"perfect hash family3,871,582"
5,14,901,25091793.0,"perfect hash family3,960,641T59"
5,14,905,25099473.0,"perfect hash family3,972,649T67"
5,14,908,25099953.0,"perfect hash family3,981,655T73"
5,14,960,25153233.0,"perfect hash family3,960,641"
5,14,964,25160913.0,"perfect hash family3,972,649T8"
5,14,967,25161393.0,"perfect hash family3,981,655T14"
5,14,973,25164753.0,"perfect hash family3,973,650"
5,14,976,25165233.0,"perfect hash family3,981,655T5"
5,14,982,25165473.0,"perfect hash family3,982,656"
5,14,1022,26865393.0,"perfect hash family3,1146,765T124"
5,14,1031,26869233.0,"perfect hash family3,1146,765T115"
5,14,1037,26869473.0,"perfect hash family3,1146,765T109"
5,14,1038,27238232.0,Martirosyan-TVT
5,14,1055,27288152.0,Martirosyan-TVT variant
5,14,1123,27312904.0,Martirosyan-TVT variant
5,14,1125,27337656.0,Martirosyan-TVT variant
5,14,1141,27411912.0,Martirosyan-TVT variant
5,14,1157,27535672.0,Martirosyan-TVT variant
5,14,1163,27609928.0,Martirosyan-TVT variant
5,14,1164,27634680.0,Martirosyan-TVT
5,14,1189,27696120.0,Martirosyan-TVT variant
5,14,1235,27720872.0,Martirosyan-TVT variant
5,14,1255,27770376.0,Martirosyan-TVT variant
5,14,1268,27943640.0,Martirosyan-TVT
5,14,1272,27946760.0,Martirosyan-TVT
5,14,1273,27993560.0,Martirosyan-TVT variant
5,14,1282,28043064.0,Martirosyan-TVT
5,14,1293,28046904.0,Martirosyan-TVT variant
5,14,1300,28145912.0,Martirosyan-TVT
5,14,1312,28146152.0,Martirosyan-TVT
5,14,1341,28998152.0,Martirosyan-TVT variant
5,14,1357,29022904.0,Martirosyan-TVT variant
5,14,1429,29047656.0,Martirosyan-TVT variant
5,14,1433,29097160.0,Martirosyan-TVT variant
5,14,1457,29121912.0,Martirosyan-TVT variant
5,14,1477,29171416.0,Martirosyan-TVT variant
5,14,1489,29196168.0,Martirosyan-TVT variant
5,14,1490,29220920.0,Martirosyan-TVT
5,14,1528,29224040.0,Martirosyan-TVT
5,14,1532,29227160.0,Martirosyan-TVT
5,14,1534,31479592.0,Martirosyan-TVT
5,14,1680,32427644.0,"perfect hash family4,3125,625T289"
5,14,1800,32489084.0,"perfect hash family4,3125,625T265"
5,14,1880,32492924.0,"perfect hash family4,3125,625T249"
5,14,1895,32493164.0,"perfect hash family4,3125,625T246"
5,14,2270,33345164.0,"perfect hash family4,3125,625T171"
5,14,2575,33410684.0,"perfect hash family4,3125,625T110"
5,14,2910,33476204.0,"perfect hash family4,3125,625T43"
5,14,3125,33537644.0,"perfect hash family4,3125,625"
5,14,3126,36967070.0,Add 1 factors
5,14,3233,37551939.0,Power N-CT61^2T8
5,14,3242,37609329.0,"Power N-CT67^2Trin3,3,14"
5,14,3286,37609374.0,Power N-CT67^2T14T5
5,14,3342,37613409.0,"Power N-CT67^2Trin1,3,14"
5,14,3392,37613454.0,Power N-CT67^2T14T3
5,14,3395,37617444.0,Power N-CT67^2Arc(3)T14
5,14,3416,37617459.0,Power N-CT61^2T5
5,14,3446,37617489.0,Power N-CT67^2Arc(2)T14
5,14,3498,37617534.0,Power N-CT67^2T14T1
5,14,3869,37617579.0,Power N-CT73^2T20
5,14,4088,37683099.0,Power N-CT73^2T17
5,14,4096,37740414.0,Power N-CT67^2T3T3
5,14,4526,37740459.0,Power N-CT73^2T11
5,14,4672,37744539.0,Power N-CT73^2T9
5,14,4818,37748619.0,Power N-CT73^2T7
5,14,5329,37748664.0,Power N-CT73^2
5,14,5330,41717174.0,Add 1 factors
5,14,5331,43424334.0,Add 2 factors
5,14,5333,44654840.0,Add 4 factors
5,14,5334,44792851.0,Add 5 factors
5,14,5518,45080259.0,Power N-CT89^2T27
5,14,5696,45084339.0,Power N-CT89^2T25
5,14,5874,45088419.0,Power N-CT89^2T23
5,14,6497,45088464.0,Power N-CT89^2T16
5,14,6716,45547104.0,Power N-CT97^2T24T5
5,14,6798,45612579.0,"perfect hash family9,10609,103T37"
5,14,7519,45612624.0,"perfect hash family9,10609,103T30"
5,14,7924,46005939.0,Power N-CT89^2+3
5,14,7957,46104144.0,"perfect hash family9,11881,109T36"
5,14,8249,46134864.0,"perfect hash family9,12769,113T40"
5,14,8732,46137264.0,"perfect hash family9,14986,126T53"
5,14,9476,46530099.0,"perfect hash family9,10609,103T11"
5,14,10000,46595619.0,Power N-CT101^2
6,14,7,7529536.0,composition
6,14,8,8724225.0,Augment OA
6,14,9,9383502.0,Augment OA
6,14,10,10083278.0,Augment OA
6,14,11,10822128.0,Augment OA
6,14,12,11598564.0,Augment OA
6,14,13,12407628.0,Augment OA
6,14,14,13241592.0,Augment OA
6,14,17,16777212.0,orthogonal array fuse fuse
6,14,18,24137563.0,orthogonal array fuse fuse fuse
6,14,19,36041819.0,Add 1 factors
6,14,20,46266943.0,Add 2 factors
6,14,22,49283052.0,5-Restricted SCPHF RE (CL) fuse fuse
6,14,25,50266092.0,4-Restricted SCPHF RE (CL) fuse fuse
6,14,26,50331612.0,SCPHF Random Extension (CLS) fuse fuse
6,14,28,50331642.0,CPHF IPO 3 (WCS) fuse fuse
6,14,33,65011692.0,"5,5-Restricted SCPHF RE (CL) fuse fuse"
6,14,35,66060252.0,5-Restricted SCPHF RE (CL) fuse fuse
6,14,39,67043292.0,4-Restricted SCPHF RE (CL) fuse fuse
6,14,40,67108812.0,SCPHF Random Extension (CLS) fuse fuse
6,14,46,67108857.0,CPHF IPO 4 (WCS) fuse fuse
6,14,51,81788892.0,"5,5-Restricted SCPHF RE (CL) fuse fuse"
6,14,56,82837452.0,5-Restricted SCPHF RE (CL) fuse fuse
6,14,58,83820492.0,4-Restricted SCPHF RE (CL) fuse fuse
6,14,63,83881932.0,3-Restricted SCPHF RE (CL) fuse fuse
6,14,64,83885772.0,2-Restricted SCPHF RE (CL) fuse fuse
6,14,66,83886012.0,SCPHF Random Extension (CLS) fuse fuse
6,14,73,97517532.0,"5,5,5-Restricted SCPHF RE (CL) fuse fuse"
6,14,82,98566092.0,"5,5-Restricted SCPHF RE (CL) fuse fuse"
6,14,89,99614652.0,5-Restricted SCPHF RE (CL) fuse fuse
6,14,98,100597692.0,4-Restricted SCPHF RE (CL) fuse fuse
6,14,103,100659132.0,3-Restricted SCPHF RE (CL) fuse fuse
6,14,104,100662972.0,2-Restricted SCPHF RE (CL) fuse fuse
6,14,113,114294732.0,"5,5,5-Restricted SCPHF RE (CL) fuse fuse"
6,14,127,115343292.0,"5,5-Restricted SCPHF RE (CL) fuse fuse"
6,14,141,116391852.0,5-Restricted SCPHF RE (CL) fuse fuse
6,14,150,117374892.0,4-Restricted SCPHF RE (CL) fuse fuse
6,14,156,117436332.0,3-Restricted SCPHF RE (CL) fuse fuse
6,14,159,117440172.0,2-Restricted SCPHF RE (CL) fuse fuse
6,14,163,117440412.0,SCPHF Random Extension (CLS) fuse fuse
6,14,164,117440502.0,CPHF Random Extension (CLS) fuse fuse
6,14,236,134217612.0,SCPHF Random Extension (CLS) fuse fuse
6,14,237,189401468.0,Add 1 factors
6,14,268,193100427.0,SCPHF Random Extension (CLS) fuse fuse fuse
6,14,269,251457999.0,Add 1 factors
6,14,289,268435376.0,Power CT17^2
6,14,290,327274520.0,Add 1 factors
6,14,291,352293332.0,Add 2 factors
6,14,292,383165614.0,Add 3 factors
6,14,294,390577239.0,Add 5 factors
6,14,295,398899311.0,Add 6 factors
6,14,305,441115376.0,Add 16 factors
6,14,306,478888304.0,Add 17 factors
6,14,312,484579536.0,Martirosyan-TVT
6,14,313,484684416.0,Martirosyan-TVT variant
6,14,316,485309160.0,Martirosyan-TVT
6,14,317,485429430.0,Martirosyan-TVT variant
6,14,318,485549700.0,Martirosyan-TVT
6,14,326,485549940.0,Martirosyan-TVT
6,14,328,485550030.0,Martirosyan-TVT
6,14,330,502327140.0,Martirosyan-TVT
6,14,339,503178900.0,Martirosyan-TVT variant
6,14,341,505275996.0,Martirosyan-TVT variant
6,14,370,505800270.0,Martirosyan-TVT
6,14,372,506598990.0,Martirosyan-TVT
6,14,373,518810336.0,Martirosyan-TVT variant
6,14,374,531021682.0,Martirosyan-TVT
6,14,384,531692104.0,"perfect hash family32,512,16T4"
6,14,416,532501168.0,"perfect hash family32,512,16T3"
6,14,448,533335132.0,"perfect hash family32,512,16T2"
6,14,512,536870412.0,"perfect hash family32,512,16,c fuse fuse"
6,14,513,536870752.0,"perfect hash family32,513,17"
6,14,514,606935656.0,Add 1 factors
6,14,515,638469704.0,Add 2 factors
6,14,536,644348268.0,Martirosyan-TVT
6,14,538,702705840.0,Martirosyan-TVT
6,14,544,719683217.0,Martirosyan-TVT
6,14,545,720881855.0,Martirosyan-TVT variant
6,14,546,722727077.0,Martirosyan-TVT
6,14,547,735957269.0,Martirosyan-TVT variant
6,14,550,751798917.0,Martirosyan-TVT
6,14,551,751955765.0,Martirosyan-TVT variant
6,14,568,752112869.0,Martirosyan-TVT
6,14,578,752964629.0,Martirosyan-TVT
6,14,625,804257456.0,Power CT25^2
6,14,626,805240646.0,Power CT27^2Arc(2)T2
6,14,650,805240676.0,Power CT27^2T2T1
6,14,675,805240706.0,Power CT27^2T2
6,14,676,805306196.0,Power CT27^2T1T1
6,14,702,805306226.0,Power CT27^2T1
6,14,730,805306256.0,Power CT27^2+1
6,14,731,876768920.0,Add 1 factors
6,14,774,896552690.0,Power N-CT43^2T25
6,14,784,905969554.0,Power N-CT41^2T13T13
6,14,817,908456946.0,Power N-CT43^2T24
6,14,860,918682070.0,Power N-CT43^2T23
6,14,884,920584039.0,"Power N-CT41^2Trin2,8,13"
6,14,904,920649559.0,"Power N-CT41^2Trin1,8,13"
6,14,924,920649604.0,Power N-CT41^2T13T8
6,14,936,921632599.0,"Power N-CT41^2Trin2,6,13"
6,14,958,921698119.0,"Power N-CT41^2Trin1,6,13"
6,14,980,921698164.0,Power N-CT41^2T13T6
6,14,1040,922615639.0,"Power N-CT41^2Trin2,2,13"
6,14,1066,922681159.0,"Power N-CT41^2Trin1,2,13"
6,14,1092,922681204.0,Power N-CT41^2T13T2
6,14,1093,922746679.0,Power N-CT41^2Arc(2)T13
6,14,1120,922746724.0,Power N-CT41^2T13T1
6,14,1204,922746769.0,Power N-CT43^2T15
6,14,1225,937295689.0,"Power N-CT41^2Trin2,2,8"
6,14,1256,937361209.0,"Power N-CT41^2Trin1,2,8"
6,14,1287,937361254.0,Power N-CT41^2T8T2
6,14,1288,937426729.0,Power N-CT41^2Arc(2)T8
6,14,1320,937426774.0,Power N-CT41^2T8T1
6,14,1419,937426819.0,Power N-CT43^2T10
6,14,1505,938475379.0,Power N-CT43^2T8
6,14,1521,939392854.0,Power N-CT41^2T2T2
6,14,1522,939458329.0,Power N-CT41^2Arc(2)T2
6,14,1560,939458374.0,Power N-CT41^2T2T1
6,14,1677,939458419.0,Power N-CT43^2T4
6,14,1720,939523939.0,Power N-CT43^2T3
6,14,1852,939523984.0,Power N-CT43^2+3
6,14,1861,1027604194.0,Power N-CT47^2Arc(8)
6,14,1901,1042284229.0,Power N-CT47^2Arc(7)
6,14,1942,1056964264.0,Power N-CT47^2Arc(6)
6,14,1984,1071644299.0,Power N-CT47^2Arc(5)
6,14,2027,1086324334.0,Power N-CT47^2Arc(4)
6,14,2071,1101004369.0,Power N-CT47^2Arc(3)
6,14,2116,1115684404.0,Power N-CT47^2T1T1
6,14,2162,1130364439.0,Power N-CT47^2T1
6,14,2258,1141898599.0,"Power N-CT53^2Trin2,2,7"
6,14,2346,1142947159.0,Power N-CT53^2T7T2
6,14,2438,1143995719.0,Power N-CT53^2T7
6,14,2447,1155484999.0,"Power N-CT59^2Trin3,3,13"
6,14,2533,1156468039.0,"Power N-CT59^2Trin1,3,13"
6,14,2576,1156529479.0,Power N-CT59^2T13T3
6,14,2579,1157389639.0,Power N-CT59^2Arc(3)T13
6,14,2623,1157451079.0,Power N-CT59^2Arc(2)T13
6,14,2668,1157512519.0,Power N-CT59^2T13T1
6,14,2806,1157573959.0,Power N-CT61^2T15
6,14,2812,1159724314.0,Power N-CT53^2+3
6,14,2856,1171209514.0,Power N-CT59^2T8T3
6,14,2977,1171213594.0,"Power N-CT59^2Trin3,3,3"
6,14,3083,1172196634.0,"Power N-CT59^2Trin1,3,3"
6,14,3111,1172253994.0,Power N-CT61^2T10
6,14,3136,1172258074.0,Power N-CT59^2T3T3
6,14,3139,1173118234.0,Power N-CT59^2Arc(3)T3
6,14,3193,1173179674.0,Power N-CT59^2Arc(2)T3
6,14,3248,1173241114.0,Power N-CT59^2T3T1
6,14,3416,1173302554.0,Power N-CT61^2T5
6,14,3538,1174285594.0,Power N-CT61^2T3
6,14,3723,1174347034.0,Power N-CT61^2+2
6,14,3724,1174400794.0,Power N-CT61^2+3
6,14,3726,1174404154.0,"perfect hash family14,3726,66"
6,14,3751,1201667194.0,Power N-CT67^2Arc(12)
6,14,3807,1215298714.0,Power N-CT67^2Arc(11)
6,14,3825,1226833103.0,"Power N-CT73^2Trin7,7,9"
6,14,3943,1226833343.0,"Power N-CT73^2Trin7,7,7"
6,14,3969,1240456703.0,Power N-CT73^2T10T10
6,14,4032,1240460543.0,Power N-CT73^2T10T9
6,14,4158,1240460783.0,Power N-CT73^2T10T7
6,14,4224,1240464623.0,Power N-CT73^2T9T7
6,14,4356,1240464863.0,Power N-CT73^2T7T7
6,14,4599,1254092303.0,Power N-CT73^2T10
6,14,4672,1254096143.0,Power N-CT73^2T9
6,14,4818,1254096383.0,Power N-CT73^2T7
6,14,4977,1266675023.0,Power N-CT79^2T16
6,14,5056,1266678863.0,Power N-CT79^2T15
6,14,5214,1266679103.0,Power N-CT79^2T13
6,14,5329,1267727903.0,Power N-CT73^2
6,14,5347,1277164703.0,Power N-CT83^2Arc(2)T17
6,14,5412,1278213263.0,Power N-CT83^2T17T1
6,14,5607,1279257743.0,Power N-CT89^2T26
6,14,5696,1279261583.0,Power N-CT89^2T25
6,14,5874,1279261823.0,Power N-CT89^2T23
6,14,6244,1281359183.0,Power N-CT79^2+3
6,14,6253,1286601983.0,Power N-CT83^2Arc(8)
6,14,6329,1287650543.0,Power N-CT83^2Arc(7)
6,14,6406,1288699103.0,Power N-CT83^2Arc(6)
6,14,6484,1289747663.0,Power N-CT83^2Arc(5)
6,14,6563,1290796223.0,Power N-CT83^2Arc(4)
6,14,6592,1291795343.0,"perfect hash family13,10609,103T39"
6,14,6798,1291795583.0,"perfect hash family13,10609,103T37"
6,14,7298,1293941903.0,Power N-CT89^2T7
6,14,7921,1294990463.0,Power N-CT89^2
6,14,7954,1305738383.0,Power N-CT97^2T15
6,14,8036,1306414223.0,Power N-CT101^2T19T3
6,14,8446,1306475663.0,"perfect hash family13,10609,103T21"
6,14,8633,1306786943.0,Power N-CT97^2T8
6,14,8722,1307462783.0,Power N-CT101^2T12T3
6,14,9167,1307524223.0,"perfect hash family13,10609,103T14"
6,14,9410,1307769983.0,Power N-CT97^2+1
6,14,9604,1308445823.0,Power N-CT101^2T3T3
6,14,10000,1308507263.0,"perfect hash family13,10609,103T5"
2,15,6,225.0,orthogonal array
2,15,7,242.0,Add Factor SO (AG-TJ-IM)
2,15,8,247.0,Add Factor SO (AG-TJ-IM)
2,15,9,248.0,Add Factor SO (AG-TJ-IM)
2,15,10,249.0,Add Factor SO (AG-TJ-IM)
2,15,12,250.0,Add Factor SO (AG-TJ-IM)
2,15,15,251.0,Add Factor SO (AG-TJ-IM)
2,15,17,252.0,Add Factor SO (AG-TJ-IM)
2,15,18,255.0,projection (C)
2,15,19,281.0,projection (C) postop NCK
2,15,20,285.0,projection (C) postop TJ-SA
2,15,21,331.0,projection (C) postop NCK
2,15,22,332.0,projection (C) postop NCK
2,15,23,334.0,projection (C) postop NCK
2,15,24,335.0,projection (C) postop NCK
2,15,25,351.0,Fix 1 symbols (LCDST)
2,15,26,365.0,Fix 1 symbols (Colbourn)
2,15,28,376.0,simulated annealing (Torres-Jimenez)
2,15,32,383.0,Fix 4 symbols (LCDST)
2,15,33,394.0,Fix 4 symbols (LCDST)
2,15,34,405.0,Fix 4 symbols (LCDST)
2,15,36,406.0,Fix 5 symbols (LCDST)
2,15,37,418.0,Fix 5 symbols (LCDST)
2,15,38,428.0,Fix 5 symbols (LCDST)
2,15,39,439.0,Fix 5 symbols (LCDST)
2,15,40,449.0,Fix 5 symbols (LCDST)
2,15,102,450.0,Direct product
2,15,103,451.0,Direct product generalized
2,15,108,464.0,Direct product
2,15,120,465.0,Direct product generalized
2,15,122,471.0,Direct product generalized
2,15,136,472.0,Direct product generalized
2,15,137,473.0,Direct product generalized
2,15,170,474.0,Direct product generalized
2,15,189,475.0,Direct product generalized
2,15,238,476.0,Direct product generalized
2,15,272,477.0,Direct product
2,15,278,478.0,simulated annealing (Torres-Jimenez)
2,15,290,479.0,Direct product generalized
2,15,307,480.0,Direct product generalized
2,15,324,494.0,Direct product
2,15,326,495.0,Direct product generalized
2,15,328,507.0,Direct product generalized
2,15,342,510.0,Direct product generalized
2,15,343,521.0,Direct product generalized
2,15,360,522.0,Direct product
2,15,364,523.0,Direct product generalized
2,15,369,525.0,Direct product generalized
2,15,370,526.0,Direct product generalized
2,15,373,539.0,Direct product generalized
2,15,380,540.0,Direct product generalized
2,15,387,550.0,Direct product generalized
2,15,400,552.0,Direct product
2,15,404,557.0,Direct product generalized
2,15,406,560.0,Direct product generalized
2,15,408,562.0,Direct product
2,15,409,563.0,Direct product generalized
2,15,413,566.0,Direct product generalized
2,15,414,567.0,Direct product generalized
2,15,420,570.0,Direct product generalized
2,15,432,575.0,Direct product
2,15,433,577.0,Direct product generalized
2,15,438,582.0,Direct product generalized
2,15,439,583.0,Direct product generalized
2,15,440,585.0,Direct product generalized
2,15,450,591.0,Direct product
2,15,456,592.0,Direct product generalized
2,15,459,596.0,Direct product generalized
2,15,460,597.0,Direct product generalized
2,15,469,603.0,Direct product generalized
2,15,480,604.0,Direct product
2,15,484,605.0,Direct product generalized
2,15,487,607.0,Direct product generalized
2,15,491,612.0,Direct product generalized
2,15,493,615.0,Direct product generalized
2,15,504,616.0,Direct product
2,15,512,620.0,Direct product
2,15,544,621.0,Direct product
2,15,576,623.0,Direct product
2,15,594,634.0,Direct product
2,15,612,644.0,Direct product
2,15,648,646.0,Direct product
2,15,666,658.0,Direct product
2,15,712,660.0,Direct product generalized
2,15,717,661.0,Direct product generalized
2,15,719,666.0,Direct product generalized
2,15,734,671.0,Direct product generalized
2,15,735,674.0,Direct product generalized
2,15,1728,675.0,Direct product generalized
2,15,1751,676.0,Direct product
2,15,1752,688.0,Direct product generalized
2,15,1778,689.0,Direct product generalized
2,15,2005,690.0,Direct product generalized
2,15,2080,691.0,Direct product generalized
2,15,2088,696.0,Direct product generalized
2,15,2304,697.0,Direct product generalized
2,15,2336,698.0,Direct product generalized
2,15,2880,699.0,Direct product generalized
2,15,3232,700.0,Direct product generalized
2,15,4032,701.0,Direct product generalized
2,15,4608,702.0,Direct product generalized
2,15,4736,703.0,Direct product generalized
2,15,4928,704.0,Direct product generalized
2,15,5219,705.0,Direct product
2,15,5236,718.0,Direct product generalized
2,15,5541,719.0,Direct product generalized
2,15,5595,720.0,Direct product generalized
2,15,5599,728.0,Direct product generalized
2,15,5600,731.0,Direct product generalized
2,15,5617,732.0,Direct product generalized
2,15,5832,733.0,Direct product
2,15,5876,734.0,Direct product generalized
2,15,5912,735.0,Direct product generalized
2,15,5943,743.0,Direct product generalized
2,15,5944,744.0,Direct product generalized
2,15,5946,746.0,Direct product generalized
2,15,6140,747.0,Direct product
2,15,6246,748.0,Direct product generalized
2,15,6263,749.0,Direct product generalized
2,15,6351,750.0,Direct product generalized
2,15,6367,751.0,Direct product generalized
2,15,6375,758.0,Direct product generalized
2,15,6377,759.0,Direct product generalized
2,15,6483,761.0,Direct product generalized
2,15,6626,762.0,Direct product generalized
2,15,6642,763.0,Direct product generalized
2,15,6698,764.0,Direct product generalized
2,15,6720,765.0,Direct product generalized
2,15,6724,766.0,Direct product generalized
2,15,6756,773.0,Direct product generalized
2,15,6759,774.0,Direct product generalized
2,15,6774,775.0,Direct product generalized
2,15,6878,777.0,Direct product generalized
2,15,7006,778.0,Direct product generalized
2,15,7028,779.0,Direct product generalized
2,15,7091,780.0,Direct product generalized
2,15,7098,781.0,Direct product generalized
2,15,7106,787.0,Direct product generalized
2,15,7120,788.0,Direct product generalized
2,15,7200,789.0,Direct product
2,15,7318,790.0,Direct product generalized
2,15,7378,791.0,Direct product generalized
2,15,7389,792.0,Direct product generalized
2,15,7490,793.0,Direct product generalized
2,15,7493,794.0,Direct product generalized
2,15,7558,795.0,Direct product generalized
2,15,7560,796.0,Direct product generalized
2,15,7584,800.0,Direct product generalized
2,15,7592,802.0,Direct product generalized
2,15,7621,803.0,Direct product generalized
2,15,7641,804.0,Direct product generalized
2,15,7664,807.0,Direct product generalized
2,15,7768,808.0,Direct product generalized
2,15,7822,810.0,Direct product generalized
2,15,7839,811.0,Direct product generalized
2,15,7840,812.0,Direct product generalized
2,15,7864,815.0,Direct product generalized
2,15,7896,816.0,Direct product generalized
2,15,7908,817.0,Direct product generalized
2,15,7942,818.0,Direct product generalized
2,15,7967,819.0,Direct product generalized
2,15,8024,820.0,Direct product generalized
2,15,8137,821.0,Direct product generalized
2,15,8142,822.0,Direct product generalized
2,15,8216,823.0,Direct product generalized
2,15,8228,825.0,Direct product generalized
2,15,8234,826.0,Direct product generalized
2,15,8240,827.0,Direct product generalized
2,15,8258,828.0,Direct product generalized
2,15,8336,830.0,Direct product generalized
2,15,8377,831.0,Direct product generalized
2,15,8398,832.0,Direct product generalized
2,15,8471,833.0,Direct product generalized
2,15,8474,836.0,Direct product generalized
2,15,8546,837.0,Direct product generalized
2,15,8557,838.0,Direct product generalized
2,15,8572,839.0,Direct product generalized
2,15,8639,840.0,Direct product generalized
2,15,8688,841.0,Direct product generalized
2,15,8796,843.0,Direct product generalized
2,15,8925,845.0,Direct product generalized
2,15,9216,846.0,Direct product generalized
2,15,9824,848.0,PCAxPCA
2,15,10131,859.0,PCAxPCA
2,15,10368,862.0,Direct product
2,15,10476,863.0,Direct product generalized
2,15,10494,868.0,Direct product generalized
2,15,10522,869.0,Direct product generalized
2,15,10540,870.0,Direct product generalized
2,15,11052,871.0,PCAxPCA
2,15,11359,883.0,PCAxPCA
2,15,12137,885.0,Direct product generalized
2,15,12828,886.0,Direct product generalized
2,15,12832,891.0,Direct product generalized
2,15,12834,893.0,Direct product generalized
2,15,12860,896.0,Direct product generalized
2,15,13130,898.0,Direct product generalized
2,15,13160,899.0,Direct product generalized
2,15,20000,900.0,Direct product generalized
3,15,6,3375.0,orthogonal array (Ji-Yin)
3,15,7,3870.0,orthogonal array fuse postop NCK
3,15,8,3971.0,orthogonal array fuse postop NCK
3,15,9,4017.0,orthogonal array fuse postop NCK
3,15,10,4024.0,orthogonal array fuse postop NCK
3,15,11,4033.0,orthogonal array fuse postop NCK
3,15,12,4050.0,orthogonal array fuse postop NCK
3,15,13,4058.0,orthogonal array fuse postop NCK
3,15,14,4068.0,orthogonal array fuse postop NCK
3,15,15,4070.0,orthogonal array fuse postop NCK
3,15,16,4072.0,orthogonal array fuse postop NCK
3,15,18,4087.0,orthogonal array fuse postop NCK
3,15,19,6415.0,orthogonal array fuse fuse fuse fuse postop NCK
3,15,20,6459.0,orthogonal array fuse fuse fuse fuse postop NCK
3,15,22,7460.0,"perfect hash family2,34,18T12"
3,15,24,7550.0,Chateauneuf-Kreher doubling
3,15,26,7572.0,Chateauneuf-Kreher doubling
3,15,28,7582.0,Chateauneuf-Kreher doubling
3,15,30,7584.0,Chateauneuf-Kreher doubling
3,15,32,7600.0,Chateauneuf-Kreher doubling
3,15,34,7615.0,Chateauneuf-Kreher doubling
3,15,36,7657.0,Chateauneuf-Kreher doubling
3,15,243,8174.0,SCPHF LFSR (TJ-IM) fuse
3,15,273,8189.0,Raaphorst-Moura-Stevens fuse
3,15,275,9805.0,SCPHF LFSR (TJ-IM) fuse fuse
3,15,307,9821.0,Raaphorst-Moura-Stevens fuse fuse
3,15,313,12254.0,SCPHF Conditional Expectation (CLS) fuse
3,15,340,12284.0,CPHF Sim Annealing (TJ-IM) fuse
3,15,345,13691.0,SCPHF LFSR (TJ-IM) fuse fuse fuse fuse
3,15,381,13709.0,Raaphorst-Moura-Stevens fuse fuse fuse fuse
3,15,476,14838.0,Chateauneuf-Kreher doubling
3,15,486,14852.0,Chateauneuf-Kreher doubling
3,15,544,14867.0,Chateauneuf-Kreher doubling
3,15,546,14881.0,Chateauneuf-Kreher doubling
3,15,706,15854.0,Path-Restricted SCPHF RE (CLS) fuse
3,15,866,16094.0,"Restricted CPHF Ext  4( 1, 4) WCS fuse"
3,15,870,16109.0,"Restricted CPHF Ext  4( 1, 3) WCS fuse"
3,15,876,16124.0,"Restricted CPHF Ext  4( 1, 2) WCS fuse"
3,15,1184,16334.0,"Restricted CPHF Ext  4( 0, 4) WCS fuse"
3,15,1190,16349.0,"Restricted CPHF Ext  4( 0, 3) WCS fuse"
3,15,1193,16364.0,"Restricted CPHF Ext  4( 0, 2) WCS fuse"
3,15,1205,16379.0,"Restricted CPHF Ext  4( 0, 0) WCS fuse"
3,15,1216,18015.0,Cohen-Colbourn-Ling
3,15,1351,18030.0,Cohen-Colbourn-Ling
3,15,1366,18044.0,Cohen-Colbourn-Ling
3,15,1458,18267.0,Cohen-Colbourn-Ling
3,15,1638,18282.0,Cohen-Colbourn-Ling
3,15,1667,19219.0,Cohen-Colbourn-Ling
3,15,1752,19235.0,Cohen-Colbourn-Ling
3,15,1911,19257.0,Cohen-Colbourn-Ling
3,15,1944,19343.0,Cohen-Colbourn-Ling
3,15,2184,19358.0,Cohen-Colbourn-Ling
3,15,2187,19389.0,Cohen-Colbourn-Ling
3,15,2430,19396.0,Cohen-Colbourn-Ling
3,15,2457,19404.0,Cohen-Colbourn-Ling
3,15,2673,19405.0,Cohen-Colbourn-Ling
3,15,2730,19411.0,Cohen-Colbourn-Ling
3,15,3003,19420.0,Cohen-Colbourn-Ling
3,15,3159,19430.0,Cohen-Colbourn-Ling
3,15,3276,19437.0,Cohen-Colbourn-Ling
3,15,3402,19440.0,Cohen-Colbourn-Ling
3,15,3645,19442.0,Cohen-Colbourn-Ling
3,15,3888,19444.0,Cohen-Colbourn-Ling
3,15,4095,19457.0,Cohen-Colbourn-Ling
3,15,4368,19459.0,Cohen-Colbourn-Ling
3,15,4370,19483.0,Cohen-Colbourn-Ling fuse
3,15,4591,19666.0,Cohen-Colbourn-Ling
3,15,4642,19682.0,Cohen-Colbourn-Ling
3,15,4914,19954.0,Cohen-Colbourn-Ling
3,15,4918,20474.0,"Restricted CPHF Ext  5( 0, 0) WCS fuse"
3,15,5220,21346.0,Cohen-Colbourn-Ling
3,15,5526,22306.0,Cohen-Colbourn-Ling
3,15,6677,23534.0,"Restricted CPHF Ext  6( 4, 6) WCS fuse"
3,15,7254,23549.0,"Restricted CPHF Ext  6( 4, 5) WCS fuse"
3,15,9132,23774.0,"Restricted CPHF Ext  6( 3, 6) WCS fuse"
3,15,9204,23789.0,"Restricted CPHF Ext  6( 3, 5) WCS fuse"
3,15,9437,23804.0,"Restricted CPHF Ext  6( 3, 4) WCS fuse"
3,15,10000,24014.0,"Restricted CPHF Ext  6( 2, 6) WCS fuse"
4,15,5,50625.0,Derive from strength 5
4,15,6,57375.0,Derive from strength 5
4,15,7,61219.0,orthogonal array fuse postop NCK
4,15,8,63354.0,orthogonal array fuse postop NCK
4,15,9,64237.0,orthogonal array fuse postop NCK
4,15,10,65388.0,orthogonal array fuse postop NCK
4,15,11,65470.0,orthogonal array fuse postop NCK
4,15,13,65474.0,orthogonal array fuse postop NCK
4,15,14,65475.0,orthogonal array fuse postop NCK
4,15,15,65520.0,orthogonal array fuse postop NCK
4,15,17,65534.0,orthogonal array fuse
4,15,18,83514.0,orthogonal array fuse fuse postop NCK
4,15,19,125946.0,orthogonal array fuse fuse fuse fuse postop NCK
4,15,20,126494.0,orthogonal array fuse fuse fuse fuse postop NCK
4,15,24,126974.0,3-Restricted SCPHF RE (CL) fuse
4,15,31,130814.0,2-Restricted SCPHF RE (CL) fuse
4,15,32,166749.0,2-Restricted SCPHF RE (CL) fuse fuse
4,15,34,167021.0,SCPHF Random Extension (CLS) fuse fuse
4,15,36,192032.0,Colbourn-Martirosyan-TVT-Walker
4,15,61,192494.0,3-Restricted SCPHF RE (CL) fuse
4,15,69,196334.0,2-Restricted SCPHF RE (CL) fuse
4,15,71,196574.0,SCPHF Random Extension (CLS) fuse
4,15,75,196604.0,CPHF IPO 3 (WCS) fuse
4,15,80,250557.0,CPHF IPO 3 (WCS) fuse fuse
4,15,120,253934.0,"3,3-Restricted SCPHF RE (CL) fuse"
4,15,132,257774.0,"3,2-Restricted SCPHF RE (CL) fuse"
4,15,141,258014.0,3-Restricted SCPHF RE (CL) fuse
4,15,156,261614.0,"2,2-Restricted SCPHF RE (CL) fuse"
4,15,158,261854.0,2-Restricted SCPHF RE (CL) fuse
4,15,186,262139.0,CPHF IPO 4 (WCS) fuse
4,15,256,315134.0,Colbourn-Martirosyan-TVT-Walker fuse
4,15,272,322814.0,Colbourn-Martirosyan-TVT-Walker fuse
4,15,290,323294.0,"3,2-Restricted SCPHF RE (CL) fuse"
4,15,297,323534.0,3-Restricted SCPHF RE (CL) fuse
4,15,341,327134.0,"2,2-Restricted SCPHF RE (CL) fuse"
4,15,346,327374.0,2-Restricted SCPHF RE (CL) fuse
4,15,360,327614.0,SCPHF Random Extension (CLS) fuse
4,15,451,327674.0,CPHF IPO 5 (WCS) fuse
4,15,470,380894.0,"3,3,3-Restricted SCPHF RE (CL) fuse"
4,15,519,384974.0,"3,3-Restricted SCPHF RE (CL) fuse"
4,15,634,388814.0,"3,2-Restricted SCPHF RE (CL) fuse"
4,15,636,389054.0,3-Restricted SCPHF RE (CL) fuse
4,15,745,392654.0,"2,2-Restricted SCPHF RE (CL) fuse"
4,15,764,392894.0,2-Restricted SCPHF RE (CL) fuse
4,15,791,393134.0,SCPHF Random Extension (CLS) fuse
4,15,871,393209.0,CPHF IPO 6 (WCS) fuse
4,15,1049,446414.0,"3,3,3-Restricted SCPHF RE (CL) fuse"
4,15,1164,450494.0,"3,3-Restricted SCPHF RE (CL) fuse"
4,15,1341,454334.0,"3,2-Restricted SCPHF RE (CL) fuse"
4,15,1376,454574.0,3-Restricted SCPHF RE (CL) fuse
4,15,1428,458174.0,"2,2-Restricted SCPHF RE (CL) fuse"
4,15,1581,458414.0,2-Restricted SCPHF RE (CL) fuse
4,15,1625,458654.0,SCPHF Random Extension (CLS) fuse
4,15,1666,458744.0,CPHF Random Extension (CLS) fuse
4,15,2748,524174.0,SCPHF Random Extension (CLS) fuse
4,15,2833,524279.0,CPHF Random Extension (CLS) fuse
4,15,2976,630539.0,Colbourn-Martirosyan-TVT-Walker fuse
4,15,3162,646567.0,Colbourn-Martirosyan-TVT-Walker
4,15,3348,672757.0,Colbourn-Martirosyan-TVT-Walker
4,15,3888,683534.0,Colbourn-Martirosyan-TVT-Walker fuse
4,15,4096,683759.0,Colbourn-Martirosyan-TVT-Walker fuse
4,15,4112,699373.0,Colbourn-Martirosyan-TVT-Walker fuse
4,15,4131,699562.0,Colbourn-Martirosyan-TVT-Walker
4,15,4352,699802.0,Colbourn-Martirosyan-TVT-Walker
4,15,4368,706666.0,Colbourn-Martirosyan-TVT-Walker fuse
4,15,4369,715634.0,Colbourn-Martirosyan-TVT-Walker
4,15,4437,715639.0,Colbourn-Martirosyan-TVT-Walker
4,15,4471,716151.0,Colbourn-Martirosyan-TVT-Walker
4,15,4488,719253.0,Colbourn-Martirosyan-TVT-Walker
4,15,4624,719265.0,Colbourn-Martirosyan-TVT-Walker
4,15,4641,719745.0,Colbourn-Martirosyan-TVT-Walker
4,15,4644,741844.0,Colbourn-Martirosyan-TVT-Walker
4,15,4680,742356.0,Colbourn-Martirosyan-TVT-Walker
4,15,4752,743426.0,Colbourn-Martirosyan-TVT-Walker fuse
4,15,4896,745470.0,Colbourn-Martirosyan-TVT-Walker
4,15,4914,749136.0,Colbourn-Martirosyan-TVT-Walker
4,15,4930,758599.0,Colbourn-Martirosyan-TVT-Walker
4,15,4947,758839.0,Colbourn-Martirosyan-TVT-Walker
4,15,5049,762121.0,Colbourn-Martirosyan-TVT-Walker
4,15,5151,765721.0,Colbourn-Martirosyan-TVT-Walker
4,15,5219,767949.0,Colbourn-Martirosyan-TVT-Walker
4,15,5220,789718.0,Colbourn-Martirosyan-TVT-Walker
4,15,5346,789958.0,Colbourn-Martirosyan-TVT-Walker
4,15,5400,793558.0,Colbourn-Martirosyan-TVT-Walker
4,15,5526,795786.0,Colbourn-Martirosyan-TVT-Walker
4,15,5559,827947.0,Colbourn-Martirosyan-TVT-Walker
4,15,5695,830271.0,Colbourn-Martirosyan-TVT-Walker
4,15,5780,838657.0,Colbourn-Martirosyan-TVT-Walker
4,15,5832,842209.0,Colbourn-Martirosyan-TVT-Walker
4,15,5872,848884.0,Colbourn-Martirosyan-TVT-Walker fuse
4,15,5936,850130.0,Colbourn-Martirosyan-TVT-Walker fuse
4,15,6064,852646.0,Colbourn-Martirosyan-TVT-Walker fuse
4,15,6096,858050.0,Colbourn-Martirosyan-TVT-Walker
4,15,6120,861937.0,Colbourn-Martirosyan-TVT-Walker
4,15,6137,861997.0,Colbourn-Martirosyan-TVT-Walker
4,15,6171,866083.0,Colbourn-Martirosyan-TVT-Walker
4,15,6307,868551.0,Colbourn-Martirosyan-TVT-Walker
4,15,6375,869797.0,Colbourn-Martirosyan-TVT-Walker
4,15,6477,872313.0,Colbourn-Martirosyan-TVT-Walker
4,15,6511,890377.0,Colbourn-Martirosyan-TVT-Walker
4,15,6512,894119.0,Colbourn-Martirosyan-TVT-Walker fuse
4,15,6656,898121.0,Colbourn-Martirosyan-TVT-Walker fuse
4,15,6696,901522.0,Colbourn-Martirosyan-TVT-Walker
4,15,6704,901961.0,Colbourn-Martirosyan-TVT-Walker fuse
4,15,6987,903521.0,Colbourn-Martirosyan-TVT-Walker
4,15,7191,907523.0,Colbourn-Martirosyan-TVT-Walker
4,15,7225,911597.0,Colbourn-Martirosyan-TVT-Walker
4,15,7395,915683.0,Colbourn-Martirosyan-TVT-Walker
4,15,7514,918439.0,Colbourn-Martirosyan-TVT-Walker
4,15,7531,922525.0,Colbourn-Martirosyan-TVT-Walker
4,15,7599,923915.0,Colbourn-Martirosyan-TVT-Walker
4,15,7667,926719.0,Colbourn-Martirosyan-TVT-Walker
4,15,7776,961729.0,Colbourn-Martirosyan-TVT-Walker
4,15,7920,964485.0,Colbourn-Martirosyan-TVT-Walker
4,15,7956,965875.0,Colbourn-Martirosyan-TVT-Walker
4,15,7992,969961.0,Colbourn-Martirosyan-TVT-Walker
4,15,8118,972765.0,Colbourn-Martirosyan-TVT-Walker
4,15,8192,987854.0,Colbourn-Martirosyan-TVT-Walker fuse
4,15,8304,988079.0,Colbourn-Martirosyan-TVT-Walker fuse
4,15,8736,991919.0,Colbourn-Martirosyan-TVT-Walker fuse
4,15,10000,995294.0,Colbourn-Martirosyan-TVT-Walker fuse
5,15,6,759375.0,Derive from strength 6
5,15,7,860625.0,Ji-Li-Yin
5,15,17,1048574.0,orthogonal array fuse
5,15,18,1419853.0,orthogonal array fuse fuse
5,15,20,2093054.0,3-Restricted SCPHF RE (CL) fuse
5,15,21,2097149.0,CPHF IPO 2 (WCS) fuse
5,15,33,3080174.0,4-Restricted SCPHF RE (CL) fuse
5,15,36,3141614.0,3-Restricted SCPHF RE (CL) fuse
5,15,38,3145454.0,2-Restricted SCPHF RE (CL) fuse
5,15,39,3145724.0,CPHF IPO 3 (WCS) fuse
5,15,53,4063214.0,"4,4-Restricted SCPHF RE (CL) fuse"
5,15,56,4128734.0,4-Restricted SCPHF RE (CL) fuse
5,15,62,4186094.0,"3,3-Restricted SCPHF RE (CL) fuse"
5,15,64,4190174.0,3-Restricted SCPHF RE (CL) fuse
5,15,66,4194254.0,SCPHF Random Extension (CLS) fuse
5,15,73,4194299.0,CPHF IPO 4 (WCS) fuse
5,15,92,5111774.0,"4,4-Restricted SCPHF RE (CL) fuse"
5,15,103,5177294.0,4-Restricted SCPHF RE (CL) fuse
5,15,111,5238734.0,3-Restricted SCPHF RE (CL) fuse
5,15,119,5242574.0,2-Restricted SCPHF RE (CL) fuse
5,15,145,5242874.0,CPHF IPO 5 (WCS) fuse
5,15,146,6094814.0,"4,4,4-Restricted SCPHF RE (CL) fuse"
5,15,165,6160334.0,"4,4-Restricted SCPHF RE (CL) fuse"
5,15,185,6225854.0,4-Restricted SCPHF RE (CL) fuse
5,15,197,6287294.0,3-Restricted SCPHF RE (CL) fuse
5,15,206,6291134.0,2-Restricted SCPHF RE (CL) fuse
5,15,207,6291374.0,SCPHF Random Extension (CLS) fuse
5,15,210,6291449.0,CPHF Random Extension (CLS) fuse
5,15,248,7143374.0,"4,4,4-Restricted SCPHF RE (CL) fuse"
5,15,284,7208894.0,"4,4-Restricted SCPHF RE (CL) fuse"
5,15,336,7274414.0,4-Restricted SCPHF RE (CL) fuse
5,15,360,7335854.0,3-Restricted SCPHF RE (CL) fuse
5,15,376,7339694.0,2-Restricted SCPHF RE (CL) fuse
5,15,379,7339934.0,SCPHF Random Extension (CLS) fuse
5,15,454,8191934.0,"4,4,4-Restricted SCPHF RE (CL) fuse"
5,15,515,8257454.0,"4,4-Restricted SCPHF RE (CL) fuse"
5,15,582,8322974.0,4-Restricted SCPHF RE (CL) fuse
5,15,641,8384414.0,3-Restricted SCPHF RE (CL) fuse
5,15,650,8388254.0,2-Restricted SCPHF RE (CL) fuse
5,15,656,8388494.0,SCPHF Random Extension (CLS) fuse
5,15,766,9240494.0,"4,4,4-Restricted SCPHF RE (CL) fuse"
5,15,767,12620234.0,Add 1 factors
5,15,768,14746484.0,Add 2 factors
5,15,769,15455234.0,Add 3 factors
5,15,770,16362211.0,Add 4 factors
5,15,771,16456711.0,Add 5 factors
5,15,782,17599694.0,Add 16 factors
5,15,783,19254718.0,Add 17 factors
5,15,838,19801811.0,3-Restricted SCPHF RE (CL) fuse fuse fuse fuse
5,15,851,19808309.0,2-Restricted SCPHF RE (CL) fuse fuse fuse fuse
5,15,852,23188049.0,Add 1 factors
5,15,871,24968919.0,"perfect hash family3,871,582"
5,15,901,25091799.0,"perfect hash family3,960,641T59"
5,15,905,25099479.0,"perfect hash family3,972,649T67"
5,15,908,25099959.0,"perfect hash family3,981,655T73"
5,15,960,25153239.0,"perfect hash family3,960,641"
5,15,964,25160919.0,"perfect hash family3,972,649T8"
5,15,967,25161399.0,"perfect hash family3,981,655T14"
5,15,973,25164759.0,"perfect hash family3,973,650"
5,15,976,25165239.0,"perfect hash family3,981,655T5"
5,15,982,25165479.0,"perfect hash family3,982,656"
5,15,1022,26865399.0,"perfect hash family3,1146,765T124"
5,15,1031,26869239.0,"perfect hash family3,1146,765T115"
5,15,1037,26869479.0,"perfect hash family3,1146,765T109"
5,15,1147,27721479.0,"perfect hash family3,1147,766"
5,15,1148,31151619.0,Add 1 factors
5,15,1156,31381570.0,Power N-CT37^2Arc(2)T4
5,15,1188,31385410.0,Power N-CT37^2T4T1
5,15,1221,31389250.0,Power N-CT37^2T4
5,15,1227,31439170.0,Power N-CT37^2Arc(4)
5,15,1261,31443010.0,Power N-CT37^2Arc(3)
5,15,1296,31446850.0,Power N-CT37^2T1T1
5,15,1332,31450690.0,Power N-CT37^2T1
5,15,1370,31454530.0,Power N-CT37^2+1
5,15,1371,31457230.0,Power N-CT37^2+2
5,15,1420,32362132.0,"perfect hash family4,3125,625T341"
5,15,1680,32427652.0,"perfect hash family4,3125,625T289"
5,15,1800,32489092.0,"perfect hash family4,3125,625T265"
5,15,1880,32492932.0,"perfect hash family4,3125,625T249"
5,15,1895,32493172.0,"perfect hash family4,3125,625T246"
5,15,2270,33345172.0,"perfect hash family4,3125,625T171"
5,15,2575,33410692.0,"perfect hash family4,3125,625T110"
5,15,2910,33476212.0,"perfect hash family4,3125,625T43"
5,15,3125,33537652.0,"perfect hash family4,3125,625"
5,15,3233,37551957.0,Power N-CT61^2T8
5,15,3242,37609347.0,"Power N-CT67^2Trin3,3,14"
5,15,3286,37609392.0,Power N-CT67^2T14T5
5,15,3342,37613427.0,"Power N-CT67^2Trin1,3,14"
5,15,3392,37613472.0,Power N-CT67^2T14T3
5,15,3395,37617462.0,Power N-CT67^2Arc(3)T14
5,15,3416,37617477.0,Power N-CT61^2T5
5,15,3446,37617507.0,Power N-CT67^2Arc(2)T14
5,15,3498,37617552.0,Power N-CT67^2T14T1
5,15,3869,37617597.0,Power N-CT73^2T20
5,15,4088,37683117.0,Power N-CT73^2T17
5,15,4096,37740432.0,Power N-CT67^2T3T3
5,15,4526,37740477.0,Power N-CT73^2T11
5,15,4672,37744557.0,Power N-CT73^2T9
5,15,4818,37748637.0,Power N-CT73^2T7
5,15,5329,37748682.0,Power N-CT73^2
5,15,5330,42432942.0,Add 1 factors
5,15,5331,44697792.0,Add 2 factors
5,15,5518,45080277.0,Power N-CT89^2T27
5,15,5696,45084357.0,Power N-CT89^2T25
5,15,5874,45088437.0,Power N-CT89^2T23
5,15,6497,45088482.0,Power N-CT89^2T16
5,15,6716,45547122.0,Power N-CT97^2T24T5
5,15,6798,45612597.0,"perfect hash family9,10609,103T37"
5,15,7519,45612642.0,"perfect hash family9,10609,103T30"
5,15,7924,46005957.0,Power N-CT89^2+3
5,15,7957,46104162.0,"perfect hash family9,11881,109T36"
5,15,8249,46134882.0,"perfect hash family9,12769,113T40"
5,15,8732,46137282.0,"perfect hash family9,14986,126T53"
5,15,9476,46530117.0,"perfect hash family9,10609,103T11"
5,15,10000,46595637.0,Power N-CT101^2
6,15,7,11390625.0,composition
6,15,8,15080613.0,Augment OA
6,15,17,16777214.0,orthogonal array fuse
6,15,18,24137565.0,orthogonal array fuse fuse
6,15,19,37899705.0,Add 1 factors
6,15,20,47045873.0,orthogonal array fuse fuse fuse fuse
6,15,22,49283054.0,5-Restricted SCPHF RE (CL) fuse
6,15,25,50266094.0,4-Restricted SCPHF RE (CL) fuse
6,15,26,50331614.0,SCPHF Random Extension (CLS) fuse
6,15,28,50331644.0,CPHF IPO 3 (WCS) fuse
6,15,33,65011694.0,"5,5-Restricted SCPHF RE (CL) fuse"
6,15,35,66060254.0,5-Restricted SCPHF RE (CL) fuse
6,15,39,67043294.0,4-Restricted SCPHF RE (CL) fuse
6,15,40,67108814.0,SCPHF Random Extension (CLS) fuse
6,15,46,67108859.0,CPHF IPO 4 (WCS) fuse
6,15,51,81788894.0,"5,5-Restricted SCPHF RE (CL) fuse"
6,15,56,82837454.0,5-Restricted SCPHF RE (CL) fuse
6,15,58,83820494.0,4-Restricted SCPHF RE (CL) fuse
6,15,63,83881934.0,3-Restricted SCPHF RE (CL) fuse
6,15,64,83885774.0,2-Restricted SCPHF RE (CL) fuse
6,15,66,83886014.0,SCPHF Random Extension (CLS) fuse
6,15,73,97517534.0,"5,5,5-Restricted SCPHF RE (CL) fuse"
6,15,82,98566094.0,"5,5-Restricted SCPHF RE (CL) fuse"
6,15,89,99614654.0,5-Restricted SCPHF RE (CL) fuse
6,15,98,100597694.0,4-Restricted SCPHF RE (CL) fuse
6,15,103,100659134.0,3-Restricted SCPHF RE (CL) fuse
6,15,104,100662974.0,2-Restricted SCPHF RE (CL) fuse
6,15,113,114294734.0,"5,5,5-Restricted SCPHF RE (CL) fuse"
6,15,127,115343294.0,"5,5-Restricted SCPHF RE (CL) fuse"
6,15,141,116391854.0,5-Restricted SCPHF RE (CL) fuse
6,15,150,117374894.0,4-Restricted SCPHF RE (CL) fuse
6,15,156,117436334.0,3-Restricted SCPHF RE (CL) fuse
6,15,159,117440174.0,2-Restricted SCPHF RE (CL) fuse
6,15,163,117440414.0,SCPHF Random Extension (CLS) fuse
6,15,164,117440504.0,CPHF Random Extension (CLS) fuse
6,15,236,134217614.0,SCPHF Random Extension (CLS) fuse
6,15,268,193100429.0,SCPHF Random Extension (CLS) fuse fuse
6,15,269,260891369.0,Add 1 factors
6,15,289,268435408.0,Power CT17^2
6,15,290,336327148.0,Add 1 factors
6,15,291,367263298.0,Add 2 factors
6,15,292,389896048.0,Add 3 factors
6,15,294,418906251.0,Add 5 factors
6,15,295,433811236.0,Add 6 factors
6,15,305,443642608.0,Add 16 factors
6,15,306,482199664.0,Add 17 factors
6,15,312,518505358.0,Martirosyan-TVT
6,15,313,518622958.0,Martirosyan-TVT variant
6,15,316,518736718.0,Martirosyan-TVT
6,15,317,518871808.0,Martirosyan-TVT variant
6,15,318,519006898.0,Martirosyan-TVT
6,15,326,519007138.0,Martirosyan-TVT
6,15,328,519007228.0,Martirosyan-TVT
6,15,330,535784338.0,Martirosyan-TVT
6,15,341,536701618.0,Martirosyan-TVT variant
6,15,512,536870414.0,"perfect hash family32,512,16,c fuse"
6,15,513,536870816.0,"perfect hash family32,513,17"
6,15,514,617715356.0,Add 1 factors
6,15,515,664546406.0,Add 2 factors
6,15,536,669049222.0,Martirosyan-TVT
6,15,538,736840162.0,Martirosyan-TVT
6,15,544,744384201.0,Martirosyan-TVT
6,15,545,744613161.0,Martirosyan-TVT variant
6,15,546,745488709.0,Martirosyan-TVT
6,15,547,758722133.0,Martirosyan-TVT variant
6,15,550,774567013.0,Martirosyan-TVT
6,15,551,774723893.0,Martirosyan-TVT variant
6,15,557,774881029.0,Martirosyan-TVT variant
6,15,568,775527617.0,Martirosyan-TVT
6,15,578,776444897.0,Martirosyan-TVT
6,15,625,804257488.0,Power CT25^2
6,15,626,805240678.0,Power CT27^2Arc(2)T2
6,15,650,805240708.0,Power CT27^2T2T1
6,15,675,805240738.0,Power CT27^2T2
6,15,676,805306228.0,Power CT27^2T1T1
6,15,702,805306258.0,Power CT27^2T1
6,15,730,805306288.0,Power CT27^2+1
6,15,731,887763628.0,Add 1 factors
6,15,774,896552718.0,Power N-CT43^2T25
6,15,784,905969582.0,Power N-CT41^2T13T13
6,15,817,910314858.0,Power N-CT43^2T24
6,15,860,919461026.0,Power N-CT43^2T23
6,15,884,920584067.0,"Power N-CT41^2Trin2,8,13"
6,15,904,920649587.0,"Power N-CT41^2Trin1,8,13"
6,15,924,920649632.0,Power N-CT41^2T13T8
6,15,936,921632627.0,"Power N-CT41^2Trin2,6,13"
6,15,958,921698147.0,"Power N-CT41^2Trin1,6,13"
6,15,980,921698192.0,Power N-CT41^2T13T6
6,15,1040,922615667.0,"Power N-CT41^2Trin2,2,13"
6,15,1066,922681187.0,"Power N-CT41^2Trin1,2,13"
6,15,1092,922681232.0,Power N-CT41^2T13T2
6,15,1093,922746707.0,Power N-CT41^2Arc(2)T13
6,15,1120,922746752.0,Power N-CT41^2T13T1
6,15,1204,922746797.0,Power N-CT43^2T15
6,15,1225,937295717.0,"Power N-CT41^2Trin2,2,8"
6,15,1256,937361237.0,"Power N-CT41^2Trin1,2,8"
6,15,1287,937361282.0,Power N-CT41^2T8T2
6,15,1288,937426757.0,Power N-CT41^2Arc(2)T8
6,15,1320,937426802.0,Power N-CT41^2T8T1
6,15,1419,937426847.0,Power N-CT43^2T10
6,15,1505,938475407.0,Power N-CT43^2T8
6,15,1521,939392882.0,Power N-CT41^2T2T2
6,15,1522,939458357.0,Power N-CT41^2Arc(2)T2
6,15,1560,939458402.0,Power N-CT41^2T2T1
6,15,1677,939458447.0,Power N-CT43^2T4
6,15,1720,939523967.0,Power N-CT43^2T3
6,15,1852,939524012.0,Power N-CT43^2+3
6,15,1861,1027604222.0,Power N-CT47^2Arc(8)
6,15,1901,1042284257.0,Power N-CT47^2Arc(7)
6,15,1942,1056964292.0,Power N-CT47^2Arc(6)
6,15,1984,1071644327.0,Power N-CT47^2Arc(5)
6,15,2027,1086324362.0,Power N-CT47^2Arc(4)
6,15,2071,1101004397.0,Power N-CT47^2Arc(3)
6,15,2116,1115684432.0,Power N-CT47^2T1T1
6,15,2162,1130364467.0,Power N-CT47^2T1
6,15,2258,1141898627.0,"Power N-CT53^2Trin2,2,7"
6,15,2346,1142947187.0,Power N-CT53^2T7T2
6,15,2438,1143995747.0,Power N-CT53^2T7
6,15,2447,1155485027.0,"Power N-CT59^2Trin3,3,13"
6,15,2533,1156468067.0,"Power N-CT59^2Trin1,3,13"
6,15,2576,1156529507.0,Power N-CT59^2T13T3
6,15,2579,1157389667.0,Power N-CT59^2Arc(3)T13
6,15,2623,1157451107.0,Power N-CT59^2Arc(2)T13
6,15,2668,1157512547.0,Power N-CT59^2T13T1
6,15,2806,1157573987.0,Power N-CT61^2T15
6,15,2812,1159724342.0,Power N-CT53^2+3
6,15,2856,1171209542.0,Power N-CT59^2T8T3
6,15,2977,1171213622.0,"Power N-CT59^2Trin3,3,3"
6,15,3083,1172196662.0,"Power N-CT59^2Trin1,3,3"
6,15,3111,1172254022.0,Power N-CT61^2T10
6,15,3136,1172258102.0,Power N-CT59^2T3T3
6,15,3139,1173118262.0,Power N-CT59^2Arc(3)T3
6,15,3193,1173179702.0,Power N-CT59^2Arc(2)T3
6,15,3248,1173241142.0,Power N-CT59^2T3T1
6,15,3416,1173302582.0,Power N-CT61^2T5
6,15,3538,1174285622.0,Power N-CT61^2T3
6,15,3723,1174347062.0,Power N-CT61^2+2
6,15,3724,1174400822.0,Power N-CT61^2+3
6,15,3726,1174404182.0,"perfect hash family14,3726,66"
6,15,3751,1201667222.0,Power N-CT67^2Arc(12)
6,15,3807,1215298742.0,Power N-CT67^2Arc(11)
6,15,3825,1226833129.0,"Power N-CT73^2Trin7,7,9"
6,15,3943,1226833369.0,"Power N-CT73^2Trin7,7,7"
6,15,3969,1240456729.0,Power N-CT73^2T10T10
6,15,4032,1240460569.0,Power N-CT73^2T10T9
6,15,4158,1240460809.0,Power N-CT73^2T10T7
6,15,4224,1240464649.0,Power N-CT73^2T9T7
6,15,4356,1240464889.0,Power N-CT73^2T7T7
6,15,4599,1254092329.0,Power N-CT73^2T10
6,15,4672,1254096169.0,Power N-CT73^2T9
6,15,4818,1254096409.0,Power N-CT73^2T7
6,15,4977,1266675049.0,Power N-CT79^2T16
6,15,5056,1266678889.0,Power N-CT79^2T15
6,15,5214,1266679129.0,Power N-CT79^2T13
6,15,5329,1267727929.0,Power N-CT73^2
6,15,5347,1277164729.0,Power N-CT83^2Arc(2)T17
6,15,5412,1278213289.0,Power N-CT83^2T17T1
6,15,5607,1279257769.0,Power N-CT89^2T26
6,15,5696,1279261609.0,Power N-CT89^2T25
6,15,5874,1279261849.0,Power N-CT89^2T23
6,15,6244,1281359209.0,Power N-CT79^2+3
6,15,6253,1286602009.0,Power N-CT83^2Arc(8)
6,15,6329,1287650569.0,Power N-CT83^2Arc(7)
6,15,6406,1288699129.0,Power N-CT83^2Arc(6)
6,15,6484,1289747689.0,Power N-CT83^2Arc(5)
6,15,6563,1290796249.0,Power N-CT83^2Arc(4)
6,15,6592,1291795369.0,"perfect hash family13,10609,103T39"
6,15,6798,1291795609.0,"perfect hash family13,10609,103T37"
6,15,7298,1293941929.0,Power N-CT89^2T7
6,15,7921,1294990489.0,Power N-CT89^2
6,15,7954,1305738409.0,Power N-CT97^2T15
6,15,8036,1306414249.0,Power N-CT101^2T19T3
6,15,8446,1306475689.0,"perfect hash family13,10609,103T21"
6,15,8633,1306786969.0,Power N-CT97^2T8
6,15,8722,1307462809.0,Power N-CT101^2T12T3
6,15,9167,1307524249.0,"perfect hash family13,10609,103T14"
6,15,9410,1307770009.0,Power N-CT97^2+1
6,15,9604,1308445849.0,Power N-CT101^2T3T3
6,15,10000,1308507289.0,"perfect hash family13,10609,103T5"
2,16,17,256.0,Derive from strength 3
2,16,18,286.0,orthogonal array fuse
2,16,19,288.0,projection (C)
2,16,20,342.0,projection (C) postop NCK
2,16,21,344.0,projection (C) postop NCK
2,16,22,346.0,projection (C) postop NCK
2,16,23,350.0,projection (C) postop NCK
2,16,25,376.0,Fix 1 symbols (LCDST)
2,16,27,406.0,Fix 1 symbols (LCDST)
2,16,28,421.0,Fix 1 symbols (Colbourn)
2,16,29,436.0,Fix 1 symbols (Meagher-Stevens)
2,16,36,442.0,Fix 5 symbols (LCDST)
2,16,38,466.0,Fix 5 symbols (LCDST)
2,16,39,478.0,Fix 5 symbols (LCDST)
2,16,40,483.0,simulated annealing (Torres-Jimenez)
2,16,45,490.0,simulated annealing (Torres-Jimenez)
2,16,288,496.0,PCAx2PCA
2,16,289,510.0,Direct product
2,16,306,526.0,Direct product generalized
2,16,323,528.0,Direct product
2,16,327,543.0,Direct product generalized
2,16,343,544.0,Direct product generalized
2,16,360,559.0,Direct product generalized
2,16,361,560.0,Direct product
2,16,380,574.0,Direct product
2,16,387,589.0,Direct product generalized
2,16,391,590.0,Direct product
2,16,392,591.0,Direct product generalized
2,16,399,592.0,Direct product generalized
2,16,411,604.0,Direct product generalized
2,16,417,606.0,Direct product generalized
2,16,418,608.0,Direct product generalized
2,16,420,614.0,Direct product generalized
2,16,424,616.0,PCAx2PCA
2,16,426,619.0,Direct product generalized
2,16,427,620.0,Direct product generalized
2,16,437,621.0,Direct product generalized
2,16,438,622.0,Direct product generalized
2,16,439,623.0,Direct product generalized
2,16,449,624.0,Direct product generalized
2,16,453,630.0,Direct product generalized
2,16,457,632.0,Direct product generalized
2,16,461,635.0,Direct product generalized
2,16,465,638.0,Direct product generalized
2,16,468,646.0,Direct product generalized
2,16,475,648.0,Direct product
2,16,477,651.0,Direct product generalized
2,16,483,654.0,Direct product generalized
2,16,486,664.0,Direct product generalized
2,16,489,665.0,Direct product generalized
2,16,492,666.0,Direct product generalized
2,16,496,667.0,Direct product generalized
2,16,503,668.0,Direct product generalized
2,16,505,669.0,Direct product generalized
2,16,506,670.0,Direct product generalized
2,16,512,677.0,Direct product generalized
2,16,513,678.0,Direct product
2,16,515,679.0,Direct product generalized
2,16,526,680.0,Direct product generalized
2,16,602,682.0,PCAx2PCA
2,16,612,695.0,Direct product
2,16,636,706.0,PCAx2PCA
2,16,648,712.0,Direct product
2,16,684,714.0,Direct product
2,16,688,728.0,Direct product generalized
2,16,765,730.0,Direct product
2,16,4880,736.0,PCAx2PCA
2,16,4896,750.0,Direct product
2,16,4914,752.0,Direct product
2,16,5185,766.0,PCAx2PCA
2,16,5491,768.0,PCAx2PCA
2,16,5542,783.0,PCAx2PCA
2,16,5831,784.0,PCAx2PCA
2,16,6120,799.0,PCAx2PCA
2,16,6215,800.0,Direct product generalized
2,16,6460,814.0,Direct product
2,16,6533,815.0,Direct product generalized
2,16,6590,816.0,Direct product generalized
2,16,6597,829.0,Direct product generalized
2,16,6863,830.0,Direct product generalized
2,16,6912,831.0,Direct product generalized
2,16,6935,832.0,Direct product generalized
2,16,7088,844.0,Direct product generalized
2,16,7215,845.0,Direct product generalized
2,16,7271,846.0,Direct product generalized
2,16,7281,847.0,Direct product generalized
2,16,7298,848.0,Direct product generalized
2,16,7600,860.0,Direct product
2,16,7725,861.0,Direct product generalized
2,16,7800,862.0,Direct product generalized
2,16,7817,863.0,Direct product generalized
2,16,7894,864.0,Direct product generalized
2,16,7930,876.0,Direct product generalized
2,16,8204,877.0,Direct product generalized
2,16,8224,878.0,Direct product generalized
2,16,8239,879.0,Direct product generalized
2,16,8341,880.0,Direct product generalized
2,16,8344,890.0,Direct product generalized
2,16,8347,891.0,Direct product generalized
2,16,8633,892.0,Direct product generalized
2,16,8650,893.0,Direct product generalized
2,16,8668,894.0,Direct product generalized
2,16,8748,895.0,Direct product generalized
2,16,8759,896.0,Direct product generalized
2,16,8777,902.0,Direct product generalized
2,16,8795,904.0,Direct product generalized
2,16,8799,906.0,Direct product generalized
2,16,9050,907.0,Direct product generalized
2,16,9104,908.0,Direct product generalized
2,16,9152,909.0,Direct product generalized
2,16,9280,910.0,Direct product generalized
2,16,9301,920.0,Direct product generalized
2,16,10208,922.0,PCAx2PCA
2,16,10368,935.0,Direct product
2,16,10404,938.0,PCAxPCA
2,16,10784,946.0,PCAx2PCA
2,16,10982,952.0,PCAx2PCA
2,16,11628,954.0,PCAx2PCA
2,16,11660,968.0,PCAx2PCA
2,16,11700,969.0,PCAxPCA
2,16,12960,970.0,Direct product
2,16,20000,976.0,Direct product
3,16,18,4096.0,orthogonal array
3,16,19,6652.0,orthogonal array fuse fuse fuse postop NCK
3,16,20,6670.0,orthogonal array fuse fuse fuse postop NCK
3,16,34,7936.0,Chateauneuf-Kreher doubling
3,16,243,8176.0,SCPHF LFSR (TJ-IM)
3,16,273,8191.0,Raaphorst-Moura-Stevens
3,16,275,9807.0,SCPHF LFSR (TJ-IM) fuse
3,16,307,9823.0,Raaphorst-Moura-Stevens fuse
3,16,313,12256.0,SCPHF Conditional Expectation (CLS)
3,16,340,12286.0,CPHF Sim Annealing (TJ-IM)
3,16,345,13693.0,SCPHF LFSR (TJ-IM) fuse fuse fuse
3,16,381,13711.0,Raaphorst-Moura-Stevens fuse fuse fuse
3,16,512,15616.0,Path-Restricted SCPHF RE (CLS)
3,16,546,15631.0,Chateauneuf-Kreher doubling
3,16,706,15856.0,Path-Restricted SCPHF RE (CLS)
3,16,866,16096.0,"Restricted CPHF Ext  4( 1, 4) WCS"
3,16,870,16111.0,"Restricted CPHF Ext  4( 1, 3) WCS"
3,16,876,16126.0,"Restricted CPHF Ext  4( 1, 2) WCS"
3,16,1184,16336.0,"Restricted CPHF Ext  4( 0, 4) WCS"
3,16,1190,16351.0,"Restricted CPHF Ext  4( 0, 3) WCS"
3,16,1193,16366.0,"Restricted CPHF Ext  4( 0, 2) WCS"
3,16,1205,16381.0,"Restricted CPHF Ext  4( 0, 0) WCS"
3,16,3888,19456.0,Colbourn-Martirosyan-TVT-Walker
3,16,3890,19470.0,Cohen-Colbourn-Ling
3,16,4368,19471.0,Colbourn-Martirosyan-TVT-Walker
3,16,4370,19485.0,Cohen-Colbourn-Ling
3,16,4374,20400.0,Cohen-Colbourn-Ling
3,16,4625,20415.0,Cohen-Colbourn-Ling
3,16,4772,20416.0,"Restricted CPHF Ext  5( 0, 5) WCS"
3,16,4813,20431.0,"Restricted CPHF Ext  5( 0, 4) WCS"
3,16,4914,20445.0,Cohen-Colbourn-Ling
3,16,4918,20476.0,"Restricted CPHF Ext  5( 0, 0) WCS"
3,16,4950,22316.0,Cohen-Colbourn-Ling
3,16,5184,22332.0,Cohen-Colbourn-Ling
3,16,5202,22349.0,Cohen-Colbourn-Ling
3,16,5219,22587.0,Cohen-Colbourn-Ling
3,16,5238,22604.0,Cohen-Colbourn-Ling
3,16,5526,22621.0,Cohen-Colbourn-Ling
3,16,6677,23536.0,"Restricted CPHF Ext  6( 4, 6) WCS"
3,16,7254,23551.0,"Restricted CPHF Ext  6( 4, 5) WCS"
3,16,9132,23776.0,"Restricted CPHF Ext  6( 3, 6) WCS"
3,16,9204,23791.0,"Restricted CPHF Ext  6( 3, 5) WCS"
3,16,9437,23806.0,"Restricted CPHF Ext  6( 3, 4) WCS"
3,16,10000,24016.0,"Restricted CPHF Ext  6( 2, 6) WCS"
4,16,17,65536.0,orthogonal array
4,16,18,83519.0,orthogonal array fuse
4,16,24,126976.0,3-Restricted SCPHF RE (CL)
4,16,31,130816.0,2-Restricted SCPHF RE (CL)
4,16,32,166751.0,2-Restricted SCPHF RE (CL) fuse
4,16,34,167023.0,SCPHF Random Extension (CLS) fuse
4,16,61,192496.0,3-Restricted SCPHF RE (CL)
4,16,69,196336.0,2-Restricted SCPHF RE (CL)
4,16,71,196576.0,SCPHF Random Extension (CLS)
4,16,75,196606.0,CPHF IPO 3 (WCS)
4,16,80,250559.0,CPHF IPO 3 (WCS) fuse
4,16,120,253936.0,"3,3-Restricted SCPHF RE (CL)"
4,16,132,257776.0,"3,2-Restricted SCPHF RE (CL)"
4,16,141,258016.0,3-Restricted SCPHF RE (CL)
4,16,156,261616.0,"2,2-Restricted SCPHF RE (CL)"
4,16,158,261856.0,2-Restricted SCPHF RE (CL)
4,16,186,262141.0,CPHF IPO 4 (WCS)
4,16,256,315136.0,Colbourn-Martirosyan-TVT-Walker
4,16,272,322816.0,Colbourn-Martirosyan-TVT-Walker
4,16,290,323296.0,"3,2-Restricted SCPHF RE (CL)"
4,16,297,323536.0,3-Restricted SCPHF RE (CL)
4,16,341,327136.0,"2,2-Restricted SCPHF RE (CL)"
4,16,346,327376.0,2-Restricted SCPHF RE (CL)
4,16,360,327616.0,SCPHF Random Extension (CLS)
4,16,451,327676.0,CPHF IPO 5 (WCS)
4,16,470,380896.0,"3,3,3-Restricted SCPHF RE (CL)"
4,16,519,384976.0,"3,3-Restricted SCPHF RE (CL)"
4,16,634,388816.0,"3,2-Restricted SCPHF RE (CL)"
4,16,636,389056.0,3-Restricted SCPHF RE (CL)
4,16,745,392656.0,"2,2-Restricted SCPHF RE (CL)"
4,16,764,392896.0,2-Restricted SCPHF RE (CL)
4,16,791,393136.0,SCPHF Random Extension (CLS)
4,16,871,393211.0,CPHF IPO 6 (WCS)
4,16,1049,446416.0,"3,3,3-Restricted SCPHF RE (CL)"
4,16,1164,450496.0,"3,3-Restricted SCPHF RE (CL)"
4,16,1341,454336.0,"3,2-Restricted SCPHF RE (CL)"
4,16,1376,454576.0,3-Restricted SCPHF RE (CL)
4,16,1428,458176.0,"2,2-Restricted SCPHF RE (CL)"
4,16,1581,458416.0,2-Restricted SCPHF RE (CL)
4,16,1625,458656.0,SCPHF Random Extension (CLS)
4,16,1666,458746.0,CPHF Random Extension (CLS)
4,16,2748,524176.0,SCPHF Random Extension (CLS)
4,16,2833,524281.0,CPHF Random Extension (CLS)
4,16,2976,630541.0,Colbourn-Martirosyan-TVT-Walker
4,16,3162,654782.0,Colbourn-Martirosyan-TVT-Walker
4,16,3888,683536.0,Colbourn-Martirosyan-TVT-Walker
4,16,4096,683761.0,Colbourn-Martirosyan-TVT-Walker
4,16,4112,699375.0,Colbourn-Martirosyan-TVT-Walker
4,16,4128,699886.0,Colbourn-Martirosyan-TVT-Walker
4,16,4144,699888.0,Colbourn-Martirosyan-TVT-Walker
4,16,4208,702740.0,Colbourn-Martirosyan-TVT-Walker
4,16,4224,702994.0,Colbourn-Martirosyan-TVT-Walker
4,16,4336,703002.0,Colbourn-Martirosyan-TVT-Walker
4,16,4352,706188.0,Colbourn-Martirosyan-TVT-Walker
4,16,4368,706668.0,Colbourn-Martirosyan-TVT-Walker
4,16,4369,724156.0,Colbourn-Martirosyan-TVT-Walker
4,16,4386,724667.0,Colbourn-Martirosyan-TVT-Walker
4,16,4403,724669.0,Colbourn-Martirosyan-TVT-Walker
4,16,4471,727521.0,Colbourn-Martirosyan-TVT-Walker
4,16,4488,727775.0,Colbourn-Martirosyan-TVT-Walker
4,16,4607,727783.0,Colbourn-Martirosyan-TVT-Walker
4,16,4624,730969.0,Colbourn-Martirosyan-TVT-Walker
4,16,4641,731449.0,Colbourn-Martirosyan-TVT-Walker
4,16,4752,743428.0,Colbourn-Martirosyan-TVT-Walker
4,16,4784,747028.0,Colbourn-Martirosyan-TVT-Walker
4,16,4912,749256.0,Colbourn-Martirosyan-TVT-Walker
4,16,4914,760314.0,Colbourn-Martirosyan-TVT-Walker
4,16,4930,771743.0,Colbourn-Martirosyan-TVT-Walker
4,16,5049,771983.0,Colbourn-Martirosyan-TVT-Walker
4,16,5083,775583.0,Colbourn-Martirosyan-TVT-Walker
4,16,5219,777811.0,Colbourn-Martirosyan-TVT-Walker
4,16,5220,796532.0,Colbourn-Martirosyan-TVT-Walker
4,16,5274,796776.0,Colbourn-Martirosyan-TVT-Walker
4,16,5292,799092.0,Colbourn-Martirosyan-TVT-Walker
4,16,5346,799100.0,Colbourn-Martirosyan-TVT-Walker
4,16,5418,802700.0,Colbourn-Martirosyan-TVT-Walker
4,16,5526,810780.0,Colbourn-Martirosyan-TVT-Walker
4,16,5536,838438.0,Colbourn-Martirosyan-TVT-Walker
4,16,5632,838678.0,Colbourn-Martirosyan-TVT-Walker
4,16,5744,846358.0,Colbourn-Martirosyan-TVT-Walker
4,16,5760,848826.0,Colbourn-Martirosyan-TVT-Walker
4,16,5872,848886.0,Colbourn-Martirosyan-TVT-Walker
4,16,5936,850132.0,Colbourn-Martirosyan-TVT-Walker
4,16,6064,852648.0,Colbourn-Martirosyan-TVT-Walker
4,16,6096,861706.0,Colbourn-Martirosyan-TVT-Walker
4,16,6120,873051.0,Colbourn-Martirosyan-TVT-Walker
4,16,6239,886747.0,Colbourn-Martirosyan-TVT-Walker
4,16,6307,887993.0,Colbourn-Martirosyan-TVT-Walker
4,16,6336,890281.0,Colbourn-Martirosyan-TVT-Walker
4,16,6443,890509.0,Colbourn-Martirosyan-TVT-Walker
4,16,6512,894121.0,Colbourn-Martirosyan-TVT-Walker
4,16,6656,898123.0,Colbourn-Martirosyan-TVT-Walker
4,16,6704,901963.0,Colbourn-Martirosyan-TVT-Walker
4,16,6896,906037.0,Colbourn-Martirosyan-TVT-Walker
4,16,7024,908793.0,Colbourn-Martirosyan-TVT-Walker
4,16,7088,910183.0,Colbourn-Martirosyan-TVT-Walker
4,16,7168,912987.0,Colbourn-Martirosyan-TVT-Walker
4,16,7216,916827.0,Colbourn-Martirosyan-TVT-Walker
4,16,7327,948218.0,Colbourn-Martirosyan-TVT-Walker
4,16,7463,950974.0,Colbourn-Martirosyan-TVT-Walker
4,16,7531,952364.0,Colbourn-Martirosyan-TVT-Walker
4,16,7616,955168.0,Colbourn-Martirosyan-TVT-Walker
4,16,7667,959263.0,Colbourn-Martirosyan-TVT-Walker
4,16,7794,977447.0,Colbourn-Martirosyan-TVT-Walker
4,16,7866,978885.0,Colbourn-Martirosyan-TVT-Walker
4,16,8064,983247.0,Colbourn-Martirosyan-TVT-Walker
4,16,8082,987342.0,Colbourn-Martirosyan-TVT-Walker
4,16,8192,987856.0,Colbourn-Martirosyan-TVT-Walker
4,16,8304,988081.0,Colbourn-Martirosyan-TVT-Walker
4,16,8736,991921.0,Colbourn-Martirosyan-TVT-Walker
4,16,10000,995296.0,Colbourn-Martirosyan-TVT-Walker
5,16,17,1048576.0,orthogonal array
5,16,18,1419855.0,orthogonal array fuse
5,16,20,2093056.0,3-Restricted SCPHF RE (CL)
5,16,21,2097151.0,CPHF IPO 2 (WCS)
5,16,33,3080176.0,4-Restricted SCPHF RE (CL)
5,16,36,3141616.0,3-Restricted SCPHF RE (CL)
5,16,38,3145456.0,2-Restricted SCPHF RE (CL)
5,16,39,3145726.0,CPHF IPO 3 (WCS)
5,16,53,4063216.0,"4,4-Restricted SCPHF RE (CL)"
5,16,56,4128736.0,4-Restricted SCPHF RE (CL)
5,16,62,4186096.0,"3,3-Restricted SCPHF RE (CL)"
5,16,64,4190176.0,3-Restricted SCPHF RE (CL)
5,16,66,4194256.0,SCPHF Random Extension (CLS)
5,16,73,4194301.0,CPHF IPO 4 (WCS)
5,16,92,5111776.0,"4,4-Restricted SCPHF RE (CL)"
5,16,103,5177296.0,4-Restricted SCPHF RE (CL)
5,16,111,5238736.0,3-Restricted SCPHF RE (CL)
5,16,119,5242576.0,2-Restricted SCPHF RE (CL)
5,16,145,5242876.0,CPHF IPO 5 (WCS)
5,16,146,6094816.0,"4,4,4-Restricted SCPHF RE (CL)"
5,16,165,6160336.0,"4,4-Restricted SCPHF RE (CL)"
5,16,185,6225856.0,4-Restricted SCPHF RE (CL)
5,16,197,6287296.0,3-Restricted SCPHF RE (CL)
5,16,206,6291136.0,2-Restricted SCPHF RE (CL)
5,16,207,6291376.0,SCPHF Random Extension (CLS)
5,16,210,6291451.0,CPHF Random Extension (CLS)
5,16,248,7143376.0,"4,4,4-Restricted SCPHF RE (CL)"
5,16,284,7208896.0,"4,4-Restricted SCPHF RE (CL)"
5,16,336,7274416.0,4-Restricted SCPHF RE (CL)
5,16,360,7335856.0,3-Restricted SCPHF RE (CL)
5,16,376,7339696.0,2-Restricted SCPHF RE (CL)
5,16,379,7339936.0,SCPHF Random Extension (CLS)
5,16,454,8191936.0,"4,4,4-Restricted SCPHF RE (CL)"
5,16,515,8257456.0,"4,4-Restricted SCPHF RE (CL)"
5,16,582,8322976.0,4-Restricted SCPHF RE (CL)
5,16,641,8384416.0,3-Restricted SCPHF RE (CL)
5,16,650,8388256.0,2-Restricted SCPHF RE (CL)
5,16,656,8388496.0,SCPHF Random Extension (CLS)
5,16,766,9240496.0,"4,4,4-Restricted SCPHF RE (CL)"
5,16,767,13103536.0,Add 1 factors
5,16,768,15906736.0,Add 2 factors
5,16,769,16889776.0,Add 3 factors
5,16,782,17872816.0,Add 16 factors
5,16,783,19588192.0,Add 17 factors
5,16,838,19801813.0,3-Restricted SCPHF RE (CL) fuse fuse fuse
5,16,851,19808311.0,2-Restricted SCPHF RE (CL) fuse fuse fuse
5,16,852,23671351.0,Add 1 factors
5,16,871,24968925.0,"perfect hash family3,871,582"
5,16,901,25091805.0,"perfect hash family3,960,641T59"
5,16,905,25099485.0,"perfect hash family3,972,649T67"
5,16,908,25099965.0,"perfect hash family3,981,655T73"
5,16,960,25153245.0,"perfect hash family3,960,641"
5,16,964,25160925.0,"perfect hash family3,972,649T8"
5,16,967,25161405.0,"perfect hash family3,981,655T14"
5,16,973,25164765.0,"perfect hash family3,973,650"
5,16,976,25165245.0,"perfect hash family3,981,655T5"
5,16,982,25165485.0,"perfect hash family3,982,656"
5,16,1022,26865405.0,"perfect hash family3,1146,765T124"
5,16,1031,26869245.0,"perfect hash family3,1146,765T115"
5,16,1037,26869485.0,"perfect hash family3,1146,765T109"
5,16,1147,27721485.0,"perfect hash family3,1147,766"
5,16,1156,31381590.0,Power N-CT37^2Arc(2)T4
5,16,1188,31385430.0,Power N-CT37^2T4T1
5,16,1221,31389270.0,Power N-CT37^2T4
5,16,1227,31439190.0,Power N-CT37^2Arc(4)
5,16,1261,31443030.0,Power N-CT37^2Arc(3)
5,16,1296,31446870.0,Power N-CT37^2T1T1
5,16,1332,31450710.0,Power N-CT37^2T1
5,16,1370,31454550.0,Power N-CT37^2+1
5,16,1371,31457250.0,Power N-CT37^2+2
5,16,1420,32362140.0,"perfect hash family4,3125,625T341"
5,16,1680,32427660.0,"perfect hash family4,3125,625T289"
5,16,1800,32489100.0,"perfect hash family4,3125,625T265"
5,16,1880,32492940.0,"perfect hash family4,3125,625T249"
5,16,1895,32493180.0,"perfect hash family4,3125,625T246"
5,16,2270,33345180.0,"perfect hash family4,3125,625T171"
5,16,2575,33410700.0,"perfect hash family4,3125,625T110"
5,16,2910,33476220.0,"perfect hash family4,3125,625T43"
5,16,3125,33537660.0,"perfect hash family4,3125,625"
5,16,3233,37551975.0,Power N-CT61^2T8
5,16,3242,37609365.0,"Power N-CT67^2Trin3,3,14"
5,16,3286,37609410.0,Power N-CT67^2T14T5
5,16,3342,37613445.0,"Power N-CT67^2Trin1,3,14"
5,16,3392,37613490.0,Power N-CT67^2T14T3
5,16,3395,37617480.0,Power N-CT67^2Arc(3)T14
5,16,3416,37617495.0,Power N-CT61^2T5
5,16,3446,37617525.0,Power N-CT67^2Arc(2)T14
5,16,3498,37617570.0,Power N-CT67^2T14T1
5,16,3869,37617615.0,Power N-CT73^2T20
5,16,4088,37683135.0,Power N-CT73^2T17
5,16,4096,37740450.0,Power N-CT67^2T3T3
5,16,4526,37740495.0,Power N-CT73^2T11
5,16,4672,37744575.0,Power N-CT73^2T9
5,16,4818,37748655.0,Power N-CT73^2T7
5,16,5329,37748700.0,Power N-CT73^2
5,16,5330,43177740.0,Add 1 factors
5,16,5518,45080295.0,Power N-CT89^2T27
5,16,5696,45084375.0,Power N-CT89^2T25
5,16,5874,45088455.0,Power N-CT89^2T23
5,16,6497,45088500.0,Power N-CT89^2T16
5,16,6716,45547140.0,Power N-CT97^2T24T5
5,16,6798,45612615.0,"perfect hash family9,10609,103T37"
5,16,7519,45612660.0,"perfect hash family9,10609,103T30"
5,16,7924,46005975.0,Power N-CT89^2+3
5,16,7957,46104180.0,"perfect hash family9,11881,109T36"
5,16,8249,46134900.0,"perfect hash family9,12769,113T40"
5,16,8732,46137300.0,"perfect hash family9,14986,126T53"
5,16,9476,46530135.0,"perfect hash family9,10609,103T11"
5,16,10000,46595655.0,Power N-CT101^2
6,16,17,16777216.0,orthogonal array
6,16,18,24137567.0,orthogonal array fuse
6,16,19,39866207.0,Add 1 factors
6,16,20,47045875.0,orthogonal array fuse fuse fuse
6,16,22,49283056.0,5-Restricted SCPHF RE (CL)
6,16,25,50266096.0,4-Restricted SCPHF RE (CL)
6,16,26,50331616.0,SCPHF Random Extension (CLS)
6,16,28,50331646.0,CPHF IPO 3 (WCS)
6,16,33,65011696.0,"5,5-Restricted SCPHF RE (CL)"
6,16,35,66060256.0,5-Restricted SCPHF RE (CL)
6,16,39,67043296.0,4-Restricted SCPHF RE (CL)
6,16,40,67108816.0,SCPHF Random Extension (CLS)
6,16,46,67108861.0,CPHF IPO 4 (WCS)
6,16,51,81788896.0,"5,5-Restricted SCPHF RE (CL)"
6,16,56,82837456.0,5-Restricted SCPHF RE (CL)
6,16,58,83820496.0,4-Restricted SCPHF RE (CL)
6,16,63,83881936.0,3-Restricted SCPHF RE (CL)
6,16,64,83885776.0,2-Restricted SCPHF RE (CL)
6,16,66,83886016.0,SCPHF Random Extension (CLS)
6,16,73,97517536.0,"5,5,5-Restricted SCPHF RE (CL)"
6,16,82,98566096.0,"5,5-Restricted SCPHF RE (CL)"
6,16,89,99614656.0,5-Restricted SCPHF RE (CL)
6,16,98,100597696.0,4-Restricted SCPHF RE (CL)
6,16,103,100659136.0,3-Restricted SCPHF RE (CL)
6,16,104,100662976.0,2-Restricted SCPHF RE (CL)
6,16,113,114294736.0,"5,5,5-Restricted SCPHF RE (CL)"
6,16,127,115343296.0,"5,5-Restricted SCPHF RE (CL)"
6,16,141,116391856.0,5-Restricted SCPHF RE (CL)
6,16,150,117374896.0,4-Restricted SCPHF RE (CL)
6,16,156,117436336.0,3-Restricted SCPHF RE (CL)
6,16,159,117440176.0,2-Restricted SCPHF RE (CL)
6,16,163,117440416.0,SCPHF Random Extension (CLS)
6,16,164,117440506.0,CPHF Random Extension (CLS)
6,16,236,134217616.0,SCPHF Random Extension (CLS)
6,16,268,193100431.0,SCPHF Random Extension (CLS) fuse
6,16,289,268435440.0,Power CT17^2
6,16,290,346026480.0,Add 1 factors
6,16,291,383746800.0,Add 2 factors
6,16,292,414221040.0,Add 3 factors
6,16,293,429949680.0,Add 4 factors
6,16,305,445678320.0,Add 16 factors
6,16,306,484882160.0,Add 17 factors
6,16,312,536211424.0,Martirosyan-TVT
6,16,313,536334304.0,Martirosyan-TVT variant
6,16,316,536453344.0,Martirosyan-TVT
6,16,317,536594704.0,Martirosyan-TVT variant
6,16,318,536736064.0,Martirosyan-TVT
6,16,326,536736304.0,Martirosyan-TVT
6,16,328,536736394.0,Martirosyan-TVT
6,16,512,536870416.0,"perfect hash family32,512,16,c"
6,16,513,536870880.0,"perfect hash family32,513,17"
6,16,514,629265120.0,Add 1 factors
6,16,530,671088075.0,"perfect hash family5,530,236"
6,16,536,688559824.0,Martirosyan-TVT
6,16,544,763894833.0,Martirosyan-TVT
6,16,545,764132913.0,Martirosyan-TVT variant
6,16,546,764370993.0,Martirosyan-TVT
6,16,547,777607649.0,Martirosyan-TVT variant
6,16,550,793455761.0,Martirosyan-TVT
6,16,551,793612673.0,Martirosyan-TVT variant
6,16,568,793769841.0,Martirosyan-TVT
6,16,577,794752641.0,Martirosyan-TVT variant
6,16,578,803804929.0,Martirosyan-TVT
6,16,625,804257520.0,Power CT25^2
6,16,626,805240710.0,Power CT27^2Arc(2)T2
6,16,650,805240740.0,Power CT27^2T2T1
6,16,675,805240770.0,Power CT27^2T2
6,16,676,805306260.0,Power CT27^2T1T1
6,16,702,805306290.0,Power CT27^2T1
6,16,730,805306320.0,Power CT27^2+1
6,16,731,889192395.0,Power N-CT43^2T26
6,16,774,896552746.0,Power N-CT43^2T25
6,16,784,905969610.0,Power N-CT41^2T13T13
6,16,817,912281386.0,Power N-CT43^2T24
6,16,860,919461054.0,Power N-CT43^2T23
6,16,884,920584095.0,"Power N-CT41^2Trin2,8,13"
6,16,904,920649615.0,"Power N-CT41^2Trin1,8,13"
6,16,924,920649660.0,Power N-CT41^2T13T8
6,16,936,921632655.0,"Power N-CT41^2Trin2,6,13"
6,16,958,921698175.0,"Power N-CT41^2Trin1,6,13"
6,16,980,921698220.0,Power N-CT41^2T13T6
6,16,1040,922615695.0,"Power N-CT41^2Trin2,2,13"
6,16,1066,922681215.0,"Power N-CT41^2Trin1,2,13"
6,16,1092,922681260.0,Power N-CT41^2T13T2
6,16,1093,922746735.0,Power N-CT41^2Arc(2)T13
6,16,1120,922746780.0,Power N-CT41^2T13T1
6,16,1204,922746825.0,Power N-CT43^2T15
6,16,1225,937295745.0,"Power N-CT41^2Trin2,2,8"
6,16,1256,937361265.0,"Power N-CT41^2Trin1,2,8"
6,16,1287,937361310.0,Power N-CT41^2T8T2
6,16,1288,937426785.0,Power N-CT41^2Arc(2)T8
6,16,1320,937426830.0,Power N-CT41^2T8T1
6,16,1419,937426875.0,Power N-CT43^2T10
6,16,1505,938475435.0,Power N-CT43^2T8
6,16,1521,939392910.0,Power N-CT41^2T2T2
6,16,1522,939458385.0,Power N-CT41^2Arc(2)T2
6,16,1560,939458430.0,Power N-CT41^2T2T1
6,16,1677,939458475.0,Power N-CT43^2T4
6,16,1720,939523995.0,Power N-CT43^2T3
6,16,1852,939524040.0,Power N-CT43^2+3
6,16,1861,1027604250.0,Power N-CT47^2Arc(8)
6,16,1901,1042284285.0,Power N-CT47^2Arc(7)
6,16,1942,1056964320.0,Power N-CT47^2Arc(6)
6,16,1984,1071644355.0,Power N-CT47^2Arc(5)
6,16,2027,1086324390.0,Power N-CT47^2Arc(4)
6,16,2071,1101004425.0,Power N-CT47^2Arc(3)
6,16,2116,1115684460.0,Power N-CT47^2T1T1
6,16,2162,1130364495.0,Power N-CT47^2T1
6,16,2258,1141898655.0,"Power N-CT53^2Trin2,2,7"
6,16,2346,1142947215.0,Power N-CT53^2T7T2
6,16,2438,1143995775.0,Power N-CT53^2T7
6,16,2447,1155485055.0,"Power N-CT59^2Trin3,3,13"
6,16,2533,1156468095.0,"Power N-CT59^2Trin1,3,13"
6,16,2576,1156529535.0,Power N-CT59^2T13T3
6,16,2579,1157389695.0,Power N-CT59^2Arc(3)T13
6,16,2623,1157451135.0,Power N-CT59^2Arc(2)T13
6,16,2668,1157512575.0,Power N-CT59^2T13T1
6,16,2806,1157574015.0,Power N-CT61^2T15
6,16,2812,1159724370.0,Power N-CT53^2+3
6,16,2856,1171209570.0,Power N-CT59^2T8T3
6,16,2977,1171213650.0,"Power N-CT59^2Trin3,3,3"
6,16,3083,1172196690.0,"Power N-CT59^2Trin1,3,3"
6,16,3111,1172254050.0,Power N-CT61^2T10
6,16,3136,1172258130.0,Power N-CT59^2T3T3
6,16,3139,1173118290.0,Power N-CT59^2Arc(3)T3
6,16,3193,1173179730.0,Power N-CT59^2Arc(2)T3
6,16,3248,1173241170.0,Power N-CT59^2T3T1
6,16,3416,1173302610.0,Power N-CT61^2T5
6,16,3538,1174285650.0,Power N-CT61^2T3
6,16,3723,1174347090.0,Power N-CT61^2+2
6,16,3724,1174400850.0,Power N-CT61^2+3
6,16,3726,1174404210.0,"perfect hash family14,3726,66"
6,16,3751,1201667250.0,Power N-CT67^2Arc(12)
6,16,3807,1215298770.0,Power N-CT67^2Arc(11)
6,16,3825,1226833155.0,"Power N-CT73^2Trin7,7,9"
6,16,3943,1226833395.0,"Power N-CT73^2Trin7,7,7"
6,16,3969,1240456755.0,Power N-CT73^2T10T10
6,16,4032,1240460595.0,Power N-CT73^2T10T9
6,16,4158,1240460835.0,Power N-CT73^2T10T7
6,16,4224,1240464675.0,Power N-CT73^2T9T7
6,16,4356,1240464915.0,Power N-CT73^2T7T7
6,16,4599,1254092355.0,Power N-CT73^2T10
6,16,4672,1254096195.0,Power N-CT73^2T9
6,16,4818,1254096435.0,Power N-CT73^2T7
6,16,4977,1266675075.0,Power N-CT79^2T16
6,16,5056,1266678915.0,Power N-CT79^2T15
6,16,5214,1266679155.0,Power N-CT79^2T13
6,16,5329,1267727955.0,Power N-CT73^2
6,16,5347,1277164755.0,Power N-CT83^2Arc(2)T17
6,16,5412,1278213315.0,Power N-CT83^2T17T1
6,16,5607,1279257795.0,Power N-CT89^2T26
6,16,5696,1279261635.0,Power N-CT89^2T25
6,16,5874,1279261875.0,Power N-CT89^2T23
6,16,6244,1281359235.0,Power N-CT79^2+3
6,16,6253,1286602035.0,Power N-CT83^2Arc(8)
6,16,6329,1287650595.0,Power N-CT83^2Arc(7)
6,16,6406,1288699155.0,Power N-CT83^2Arc(6)
6,16,6484,1289747715.0,Power N-CT83^2Arc(5)
6,16,6563,1290796275.0,Power N-CT83^2Arc(4)
6,16,6592,1291795395.0,"perfect hash family13,10609,103T39"
6,16,6798,1291795635.0,"perfect hash family13,10609,103T37"
6,16,7298,1293941955.0,Power N-CT89^2T7
6,16,7921,1294990515.0,Power N-CT89^2
6,16,7954,1305738435.0,Power N-CT97^2T15
6,16,8036,1306414275.0,Power N-CT101^2T19T3
6,16,8446,1306475715.0,"perfect hash family13,10609,103T21"
6,16,8633,1306786995.0,Power N-CT97^2T8
6,16,8722,1307462835.0,Power N-CT101^2T12T3
6,16,9167,1307524275.0,"perfect hash family13,10609,103T14"
6,16,9410,1307770035.0,Power N-CT97^2+1
6,16,9604,1308445875.0,Power N-CT101^2T3T3
6,16,10000,1308507315.0,"perfect hash family13,10609,103T5"
2,17,18,289.0,orthogonal array
2,17,19,351.0,projection (C) postop NCK
2,17,20,352.0,projection (C) postop NCK
2,17,21,354.0,projection (C) postop NCK
2,17,22,357.0,projection (C) postop TJ-SA
2,17,23,442.0,Add a symbol (binary)
2,17,24,467.0,projection (C) postop NCK
2,17,25,469.0,projection (C) postop NCK
2,17,26,471.0,projection (C) postop NCK
2,17,27,473.0,projection (C) postop NCK
2,17,28,474.0,projection (C) postop NCK
2,17,29,477.0,projection (C) postop NCK
2,17,30,479.0,projection (C) postop NCK
2,17,31,497.0,Fix 1 symbols (Colbourn)
2,17,32,513.0,Fix 1 symbols (Colbourn)
2,17,39,517.0,Fix 5 symbols (LCDST)
2,17,40,529.0,Fix 5 symbols (LCDST)
2,17,41,541.0,Fix 5 symbols (LCDST)
2,17,45,551.0,simulated annealing (Torres-Jimenez)
2,17,51,560.0,simulated annealing (Torres-Jimenez)
2,17,323,561.0,PCAx2PCA
2,17,324,576.0,Direct product
2,17,340,594.0,Direct product
2,17,341,609.0,Direct product generalized
2,17,360,610.0,Direct product
2,17,378,626.0,Direct product
2,17,380,627.0,Direct product generalized
2,17,381,628.0,Direct product generalized
2,17,396,629.0,Direct product
2,17,402,645.0,Direct product generalized
2,17,404,646.0,Direct product generalized
2,17,406,657.0,Direct product generalized
2,17,409,658.0,Direct product generalized
2,17,420,659.0,Direct product
2,17,421,661.0,Direct product generalized
2,17,440,662.0,Direct product
2,17,444,677.0,Direct product generalized
2,17,448,679.0,Direct product generalized
2,17,462,680.0,Direct product generalized
2,17,469,692.0,Direct product generalized
2,17,484,695.0,Direct product generalized
2,17,485,724.0,Direct product generalized
2,17,486,725.0,Direct product generalized
2,17,505,728.0,Direct product generalized
2,17,528,731.0,Direct product generalized
2,17,530,745.0,Direct product generalized
2,17,533,746.0,Direct product generalized
2,17,540,747.0,Direct product generalized
2,17,550,748.0,Direct product generalized
2,17,554,759.0,Direct product generalized
2,17,560,760.0,Direct product generalized
2,17,564,761.0,Direct product generalized
2,17,569,762.0,Direct product generalized
2,17,571,763.0,Direct product generalized
2,17,572,764.0,Direct product generalized
2,17,577,772.0,Direct product generalized
2,17,583,773.0,Direct product generalized
2,17,587,774.0,Direct product generalized
2,17,590,775.0,Direct product generalized
2,17,593,776.0,Direct product generalized
2,17,594,777.0,Direct product generalized
2,17,600,784.0,Direct product
2,17,605,786.0,Direct product generalized
2,17,609,788.0,Direct product generalized
2,17,692,789.0,PCAx2PCA
2,17,710,801.0,PCAx2PCA
2,17,728,813.0,PCAx2PCA
2,17,767,823.0,PCAx2PCA
2,17,780,831.0,PCAx2PCA
2,17,869,832.0,PCAx2PCA
2,17,5797,833.0,PCAx2PCA
2,17,5814,848.0,Direct product
2,17,5832,863.0,Direct product
2,17,6120,866.0,Direct product
2,17,6137,881.0,Direct product generalized
2,17,6464,882.0,PCAx2PCA
2,17,6477,884.0,Direct product generalized
2,17,6480,897.0,Direct product
2,17,6783,898.0,Direct product
2,17,6840,899.0,PCAx2PCA
2,17,6885,900.0,Direct product generalized
2,17,7106,901.0,Direct product
2,17,7175,915.0,Direct product generalized
2,17,7217,916.0,Direct product generalized
2,17,7311,917.0,Direct product generalized
2,17,7328,919.0,Direct product generalized
2,17,7330,920.0,Direct product generalized
2,17,7560,931.0,PCAx2PCA
2,17,7600,932.0,Direct product
2,17,7644,933.0,Direct product generalized
2,17,7900,934.0,PCAx2PCA
2,17,7920,935.0,PCAxPCA
2,17,7938,949.0,PCAx2PCA
2,17,8051,950.0,Direct product generalized
2,17,8082,951.0,Direct product generalized
2,17,8316,952.0,PCAx2PCA
2,17,8442,964.0,PCAx2PCA
2,17,8521,965.0,Direct product generalized
2,17,8553,966.0,Direct product generalized
2,17,8712,967.0,PCAx2PCA
2,17,8800,968.0,Direct product
2,17,8904,981.0,Direct product generalized
2,17,8920,982.0,Direct product generalized
2,17,8998,983.0,Direct product generalized
2,17,9029,984.0,Direct product generalized
2,17,9240,985.0,Direct product
2,17,9306,986.0,Direct product generalized
2,17,9428,997.0,Direct product generalized
2,17,9456,998.0,Direct product generalized
2,17,9515,999.0,Direct product generalized
2,17,9680,1000.0,Direct product
2,17,9858,1001.0,Direct product generalized
2,17,9864,1002.0,Direct product generalized
2,17,9900,1003.0,Direct product generalized
2,17,9906,1014.0,Direct product generalized
2,17,9928,1015.0,Direct product generalized
2,17,9943,1016.0,Direct product generalized
2,17,10093,1017.0,Direct product generalized
2,17,10318,1018.0,Direct product generalized
2,17,10358,1020.0,Direct product generalized
2,17,10406,1021.0,Direct product generalized
2,17,10423,1030.0,Direct product generalized
2,17,10511,1032.0,Direct product generalized
2,17,10648,1033.0,Direct product generalized
2,17,10728,1034.0,Direct product generalized
2,17,10796,1035.0,Direct product generalized
2,17,10808,1036.0,Direct product generalized
2,17,10840,1037.0,Direct product generalized
2,17,10888,1038.0,Direct product generalized
2,17,10912,1039.0,Direct product generalized
2,17,11000,1053.0,Direct product
2,17,11088,1054.0,Direct product generalized
2,17,11154,1055.0,Direct product generalized
2,17,12427,1061.0,PCAx2PCA
2,17,12750,1073.0,PCAx2PCA
2,17,13073,1085.0,PCAx2PCA
2,17,13260,1094.0,Direct product
2,17,13804,1095.0,PCAx2PCA
2,17,14008,1103.0,PCAx2PCA
2,17,15640,1104.0,PCAx2PCA
2,17,20000,1105.0,Direct product
3,17,18,4913.0,orthogonal array
3,17,19,6778.0,orthogonal array fuse fuse postop NCK
3,17,20,6787.0,orthogonal array fuse fuse postop NCK
3,17,36,9537.0,Chateauneuf-Kreher doubling
3,17,275,9809.0,SCPHF LFSR (TJ-IM)
3,17,307,9825.0,Raaphorst-Moura-Stevens
3,17,345,13695.0,SCPHF LFSR (TJ-IM) fuse fuse
3,17,381,13713.0,Raaphorst-Moura-Stevens fuse fuse
3,17,382,18337.0,Add a factor
3,17,397,18624.0,"perfect hash family2,760,381T363"
3,17,577,18785.0,Path-Restricted SCPHF RE (CLS)
3,17,614,18801.0,Chateauneuf-Kreher doubling
3,17,781,19057.0,Path-Restricted SCPHF RE (CLS)
3,17,964,19329.0,"Restricted CPHF Ext  4( 1, 4) WCS"
3,17,980,19345.0,"Restricted CPHF Ext  4( 1, 3) WCS"
3,17,983,19361.0,"Restricted CPHF Ext  4( 1, 2) WCS"
3,17,1328,19601.0,"Restricted CPHF Ext  4( 0, 4) WCS"
3,17,1331,19617.0,"Restricted CPHF Ext  4( 0, 3) WCS"
3,17,1343,19633.0,"Restricted CPHF Ext  4( 0, 2) WCS"
3,17,1362,19649.0,"Restricted CPHF Ext  4( 0, 0) WCS"
3,17,4675,23409.0,Colbourn-Martirosyan-TVT-Walker
3,17,4676,23424.0,Cohen-Colbourn-Ling
3,17,5219,23425.0,Colbourn-Martirosyan-TVT-Walker
3,17,5220,23696.0,Cohen-Colbourn-Ling
3,17,5578,24497.0,"Restricted CPHF Ext  5( 0, 5) WCS"
3,17,5639,24513.0,"Restricted CPHF Ext  5( 0, 4) WCS"
3,17,5658,24529.0,"Restricted CPHF Ext  5( 0, 3) WCS"
3,17,5672,24545.0,"Restricted CPHF Ext  5( 0, 2) WCS"
3,17,5735,24561.0,"Restricted CPHF Ext  5( 0, 0) WCS"
3,17,5798,27330.0,Cohen-Colbourn-Ling
3,17,5814,28025.0,Cohen-Colbourn-Ling
3,17,6120,28034.0,Cohen-Colbourn-Ling
3,17,8514,28305.0,"Restricted CPHF Ext  6( 4, 6) WCS"
3,17,8638,28321.0,"Restricted CPHF Ext  6( 4, 5) WCS"
3,17,10000,28577.0,"Restricted CPHF Ext  6( 3, 6) WCS"
4,17,18,83521.0,orthogonal array
4,17,20,130317.0,orthogonal array fuse fuse
4,17,25,162129.0,3-Restricted SCPHF RE (CL)
4,17,32,166753.0,2-Restricted SCPHF RE (CL)
4,17,34,167025.0,SCPHF Random Extension (CLS)
4,17,36,245345.0,Colbourn-Martirosyan-TVT-Walker
4,17,64,245633.0,3-Restricted SCPHF RE (CL)
4,17,71,250257.0,2-Restricted SCPHF RE (CL)
4,17,74,250529.0,SCPHF Random Extension (CLS)
4,17,80,250561.0,CPHF IPO 3 (WCS)
4,17,122,324241.0,"3,3-Restricted SCPHF RE (CL)"
4,17,140,328865.0,"3,2-Restricted SCPHF RE (CL)"
4,17,152,329137.0,3-Restricted SCPHF RE (CL)
4,17,166,333489.0,"2,2-Restricted SCPHF RE (CL)"
4,17,171,333761.0,2-Restricted SCPHF RE (CL)
4,17,175,334033.0,SCPHF Random Extension (CLS)
4,17,203,334081.0,CPHF IPO 4 (WCS)
4,17,289,402577.0,Colbourn-Martirosyan-TVT-Walker
4,17,314,412369.0,"3,2-Restricted SCPHF RE (CL)"
4,17,324,412641.0,3-Restricted SCPHF RE (CL)
4,17,373,416993.0,"2,2-Restricted SCPHF RE (CL)"
4,17,383,417265.0,2-Restricted SCPHF RE (CL)
4,17,385,417537.0,SCPHF Random Extension (CLS)
4,17,495,417601.0,CPHF IPO 5 (WCS)
4,17,523,486353.0,"3,3,3-Restricted SCPHF RE (CL)"
4,17,571,491249.0,"3,3-Restricted SCPHF RE (CL)"
4,17,696,495873.0,"3,2-Restricted SCPHF RE (CL)"
4,17,708,496145.0,3-Restricted SCPHF RE (CL)
4,17,819,500497.0,"2,2-Restricted SCPHF RE (CL)"
4,17,856,500769.0,2-Restricted SCPHF RE (CL)
4,17,873,501041.0,SCPHF Random Extension (CLS)
4,17,881,501121.0,CPHF Random Extension (CLS)
4,17,1207,569857.0,"3,3,3-Restricted SCPHF RE (CL)"
4,17,1373,574753.0,"3,3-Restricted SCPHF RE (CL)"
4,17,1523,579377.0,"3,2-Restricted SCPHF RE (CL)"
4,17,1562,579649.0,3-Restricted SCPHF RE (CL)
4,17,1667,584273.0,2-Restricted SCPHF RE (CL)
4,17,1743,584545.0,SCPHF Random Extension (CLS)
4,17,1778,584641.0,CPHF Random Extension (CLS)
4,17,2914,668049.0,SCPHF Random Extension (CLS)
4,17,2955,668161.0,CPHF Random Extension (CLS)
4,17,2975,805409.0,Colbourn-Martirosyan-TVT-Walker
4,17,3451,805457.0,Colbourn-Martirosyan-TVT-Walker
4,17,3654,863986.0,Colbourn-Martirosyan-TVT-Walker
4,17,4675,873953.0,Colbourn-Martirosyan-TVT-Walker
4,17,4913,874209.0,Colbourn-Martirosyan-TVT-Walker
4,17,4930,907408.0,Colbourn-Martirosyan-TVT-Walker
4,17,4981,909441.0,Colbourn-Martirosyan-TVT-Walker
4,17,4998,909728.0,Colbourn-Martirosyan-TVT-Walker
4,17,5066,909733.0,Colbourn-Martirosyan-TVT-Walker
4,17,5219,917813.0,Colbourn-Martirosyan-TVT-Walker
4,17,5220,967457.0,Colbourn-Martirosyan-TVT-Walker
4,17,5274,969490.0,Colbourn-Martirosyan-TVT-Walker
4,17,5292,969777.0,Colbourn-Martirosyan-TVT-Walker
4,17,5364,969782.0,Colbourn-Martirosyan-TVT-Walker
4,17,5526,977862.0,Colbourn-Martirosyan-TVT-Walker
4,17,5542,984663.0,Colbourn-Martirosyan-TVT-Walker
4,17,5678,987131.0,Colbourn-Martirosyan-TVT-Walker
4,17,5746,988377.0,Colbourn-Martirosyan-TVT-Walker
4,17,5865,990893.0,Colbourn-Martirosyan-TVT-Walker
4,17,5882,991181.0,Colbourn-Martirosyan-TVT-Walker
4,17,6069,1000239.0,Colbourn-Martirosyan-TVT-Walker
4,17,6341,1023359.0,Colbourn-Martirosyan-TVT-Walker
4,17,6358,1023631.0,Colbourn-Martirosyan-TVT-Walker
4,17,6477,1027633.0,Colbourn-Martirosyan-TVT-Walker
4,17,6494,1101617.0,Colbourn-Martirosyan-TVT-Walker
4,17,6714,1104288.0,Colbourn-Martirosyan-TVT-Walker
4,17,6732,1104560.0,Colbourn-Martirosyan-TVT-Walker
4,17,6858,1108562.0,Colbourn-Martirosyan-TVT-Walker
4,17,6902,1115951.0,Colbourn-Martirosyan-TVT-Walker
4,17,6970,1117341.0,Colbourn-Martirosyan-TVT-Walker
4,17,7106,1120145.0,Colbourn-Martirosyan-TVT-Walker
4,17,7310,1124411.0,Colbourn-Martirosyan-TVT-Walker
4,17,7378,1125849.0,Colbourn-Martirosyan-TVT-Walker
4,17,7497,1130211.0,Colbourn-Martirosyan-TVT-Walker
4,17,7582,1144083.0,Colbourn-Martirosyan-TVT-Walker
4,17,7786,1148517.0,Colbourn-Martirosyan-TVT-Walker
4,17,7990,1153023.0,Colbourn-Martirosyan-TVT-Walker
4,17,8126,1156067.0,Colbourn-Martirosyan-TVT-Walker
4,17,8330,1160693.0,Colbourn-Martirosyan-TVT-Walker
4,17,8381,1166973.0,Colbourn-Martirosyan-TVT-Walker
4,17,8415,1171597.0,Colbourn-Martirosyan-TVT-Walker
4,17,8602,1240349.0,Colbourn-Martirosyan-TVT-Walker
4,17,8670,1243537.0,Colbourn-Martirosyan-TVT-Walker
4,17,8738,1248161.0,Colbourn-Martirosyan-TVT-Walker
4,17,8891,1253937.0,Colbourn-Martirosyan-TVT-Walker
4,17,9248,1258833.0,Colbourn-Martirosyan-TVT-Walker
4,17,9707,1263457.0,Colbourn-Martirosyan-TVT-Walker
4,17,9809,1268081.0,Colbourn-Martirosyan-TVT-Walker
4,17,10000,1268337.0,Colbourn-Martirosyan-TVT-Walker
5,17,18,1419857.0,orthogonal array
5,17,20,2476095.0,orthogonal array fuse fuse
5,17,21,2839713.0,CPHF Random Extension (CLS)
5,17,34,4176033.0,4-Restricted SCPHF RE (CL)
5,17,37,4254641.0,3-Restricted SCPHF RE (CL)
5,17,39,4259265.0,2-Restricted SCPHF RE (CL)
5,17,41,4259569.0,CPHF IPO 3 (WCS)
5,17,56,5512369.0,"4,4-Restricted SCPHF RE (CL)"
5,17,61,5595873.0,4-Restricted SCPHF RE (CL)
5,17,68,5674481.0,3-Restricted SCPHF RE (CL)
5,17,70,5679105.0,2-Restricted SCPHF RE (CL)
5,17,80,5679425.0,CPHF IPO 4 (WCS)
5,17,97,6932209.0,"4,4-Restricted SCPHF RE (CL)"
5,17,112,7015713.0,4-Restricted SCPHF RE (CL)
5,17,120,7094321.0,3-Restricted SCPHF RE (CL)
5,17,128,7098945.0,2-Restricted SCPHF RE (CL)
5,17,136,7099281.0,CPHF IPO 5 (WCS)
5,17,157,8268545.0,"4,4,4-Restricted SCPHF RE (CL)"
5,17,181,8352049.0,"4,4-Restricted SCPHF RE (CL)"
5,17,199,8435553.0,4-Restricted SCPHF RE (CL)
5,17,217,8514161.0,3-Restricted SCPHF RE (CL)
5,17,219,8518785.0,2-Restricted SCPHF RE (CL)
5,17,223,8519057.0,SCPHF Random Extension (CLS)
5,17,228,8519137.0,CPHF Random Extension (CLS)
5,17,278,9688385.0,"4,4,4-Restricted SCPHF RE (CL)"
5,17,309,9771889.0,"4,4-Restricted SCPHF RE (CL)"
5,17,358,9855393.0,4-Restricted SCPHF RE (CL)
5,17,400,9934001.0,3-Restricted SCPHF RE (CL)
5,17,407,9938625.0,2-Restricted SCPHF RE (CL)
5,17,408,9938993.0,CPHF Random Extension (CLS)
5,17,480,11108225.0,"4,4,4-Restricted SCPHF RE (CL)"
5,17,555,11191729.0,"4,4-Restricted SCPHF RE (CL)"
5,17,620,11275233.0,4-Restricted SCPHF RE (CL)
5,17,663,11353841.0,3-Restricted SCPHF RE (CL)
5,17,718,11358465.0,2-Restricted SCPHF RE (CL)
5,17,721,11358737.0,SCPHF Random Extension (CLS)
5,17,722,16542241.0,Add 1 factors
5,17,723,19678353.0,4-Restricted SCPHF RE (CL) fuse fuse
5,17,838,19801815.0,3-Restricted SCPHF RE (CL) fuse fuse
5,17,851,19808313.0,2-Restricted SCPHF RE (CL) fuse fuse
5,17,852,25065801.0,Add 1 factors
5,17,853,28912969.0,Add 2 factors
5,17,854,30249305.0,Add 3 factors
5,17,855,31579143.0,Add 17 factors
5,17,868,31585641.0,Add 17 factors
5,17,928,33825696.0,"perfect hash family3,928,620"
5,17,950,33982912.0,"perfect hash family3,993,663T43"
5,17,977,33992160.0,"perfect hash family3,1074,717T97"
5,17,979,33992704.0,"perfect hash family3,1080,721T101"
5,17,993,34061520.0,"perfect hash family3,993,663"
5,17,1020,34070768.0,"perfect hash family3,1074,717T54"
5,17,1022,34071312.0,"perfect hash family3,1080,721T58"
5,17,1075,34075392.0,"perfect hash family3,1075,718"
5,17,1077,34075936.0,"perfect hash family3,1080,721T3"
5,17,1080,34076208.0,"perfect hash family3,1080,721"
5,17,1102,38168736.0,"Power N-CT41^2Trin2,7,7"
5,17,1156,38169040.0,Power N-CT41^2T7T7
5,17,1198,38247344.0,"Power N-CT41^2Trin2,4,7"
5,17,1258,38247648.0,Power N-CT41^2T7T4
5,17,1262,38251968.0,"Power N-CT41^2Trin2,2,7"
5,17,1326,38252272.0,Power N-CT41^2T7T2
5,17,1394,38252576.0,Power N-CT41^2T7
5,17,1443,38330880.0,Power N-CT41^2T4T2
5,17,1517,38331184.0,Power N-CT41^2T4
5,17,1521,38335504.0,Power N-CT41^2T2T2
5,17,1599,38335808.0,Power N-CT41^2T2
5,17,1681,38336112.0,Power N-CT41^2
5,17,1790,43916912.0,"perfect hash family4,3125,625T267"
5,17,2000,43995520.0,"perfect hash family4,3125,625T225"
5,17,2035,44000144.0,"perfect hash family4,3125,625T218"
5,17,2040,44000512.0,"perfect hash family4,3125,625T217"
5,17,2400,45169744.0,"perfect hash family4,3125,625T145"
5,17,2775,45253248.0,"perfect hash family4,3125,625T70"
5,17,3100,45336752.0,"perfect hash family4,3125,625T5"
5,17,3125,45415360.0,"perfect hash family4,3125,625"
5,17,3239,49694960.0,Power N-CT79^2T38
5,17,3416,50279344.0,Power N-CT61^2T5
5,17,3721,50362848.0,Power N-CT61^2
5,17,3752,50908208.0,Power N-CT67^2T11
5,17,3755,50942496.0,"Power N-CT71^2Trin1,3,15"
5,17,3808,50942816.0,Power N-CT71^2T15T3
5,17,3811,50946800.0,Power N-CT71^2Arc(3)T15
5,17,3865,50947120.0,Power N-CT71^2Arc(2)T15
5,17,3920,50947440.0,Power N-CT71^2T15T1
5,17,4424,50947760.0,Power N-CT79^2T23
5,17,4819,51031264.0,Power N-CT79^2T18
5,17,5372,51109872.0,Power N-CT79^2T11
5,17,5530,51114496.0,Power N-CT79^2T9
5,17,6242,51114816.0,Power N-CT79^2+1
5,17,6243,58813776.0,Add 1 factors
5,17,6400,59884304.0,Power N-CT83^2T3T3
5,17,6596,61132144.0,Power N-CT97^2T29
5,17,6790,61136768.0,Power N-CT97^2T27
5,17,7760,61137088.0,Power N-CT97^2T17
5,17,8720,61805120.0,"perfect hash family9,11881,109T29"
5,17,9409,62389872.0,Power N-CT97^2
5,17,9558,62470976.0,"perfect hash family9,14986,126T46"
5,17,10000,63057904.0,"perfect hash family9,11449,107T10"
6,17,18,24137569.0,orthogonal array
6,17,19,46771760.0,extended OA (Colbourn)
6,17,20,47045877.0,orthogonal array fuse fuse
6,17,23,70992833.0,5-Restricted SCPHF RE (CL)
6,17,25,72329169.0,4-Restricted SCPHF RE (CL)
6,17,27,72412673.0,SCPHF Random Extension (CLS)
6,17,29,72412705.0,CPHF IPO 3 (WCS)
6,17,35,93710545.0,"5,5-Restricted SCPHF RE (CL)"
6,17,38,95130385.0,5-Restricted SCPHF RE (CL)
6,17,41,96466721.0,4-Restricted SCPHF RE (CL)
6,17,42,96550225.0,SCPHF Random Extension (CLS)
6,17,48,96550273.0,CPHF IPO 4 (WCS)
6,17,53,117848097.0,"5,5-Restricted SCPHF RE (CL)"
6,17,57,119267937.0,5-Restricted SCPHF RE (CL)
6,17,62,120604273.0,4-Restricted SCPHF RE (CL)
6,17,65,120682881.0,3-Restricted SCPHF RE (CL)
6,17,66,120687777.0,SCPHF Random Extension (CLS)
6,17,77,140565809.0,"5,5,5-Restricted SCPHF RE (CL)"
6,17,86,141985649.0,"5,5-Restricted SCPHF RE (CL)"
6,17,96,143405489.0,5-Restricted SCPHF RE (CL)
6,17,105,144741825.0,4-Restricted SCPHF RE (CL)
6,17,106,144820433.0,3-Restricted SCPHF RE (CL)
6,17,108,144825057.0,2-Restricted SCPHF RE (CL)
6,17,125,164703361.0,"5,5,5-Restricted SCPHF RE (CL)"
6,17,139,166123201.0,"5,5-Restricted SCPHF RE (CL)"
6,17,156,167543041.0,5-Restricted SCPHF RE (CL)
6,17,167,168879377.0,4-Restricted SCPHF RE (CL)
6,17,171,168957985.0,3-Restricted SCPHF RE (CL)
6,17,176,168962609.0,2-Restricted SCPHF RE (CL)
6,17,177,168962881.0,SCPHF Random Extension (CLS)
6,17,178,168962977.0,CPHF Random Extension (CLS)
6,17,268,193100433.0,SCPHF Random Extension (CLS)
6,17,269,302601377.0,Add 1 factors
6,17,270,347958193.0,Add 2 factors
6,17,289,386200849.0,"perfect hash family16,289,17,c"
6,17,290,386201088.0,Power CT17^2+1
6,17,291,495702032.0,Add 1 factors
6,17,292,541132832.0,Add 2 factors
6,17,293,585231920.0,Add 3 factors
6,17,294,607949632.0,Add 4 factors
6,17,306,630667105.0,Add 17 factors
6,17,307,630667344.0,Add 17 factors
6,17,324,703079762.0,Power CT19^2T1T1
6,17,342,725713953.0,Power CT19^2T1
6,17,361,748348144.0,Power CT19^2
6,17,362,752734016.0,Power CT19^2+1
6,17,513,772401681.0,"perfect hash family32,513,17,c"
6,17,514,772402176.0,"perfect hash family32,514,18"
6,17,536,896022468.0,Martirosyan-TVT
6,17,620,965502160.0,"perfect hash family5,620,268"
6,17,621,1084770656.0,Power N-CT29^2T6T2
6,17,667,1084770688.0,Power N-CT29^2T6
6,17,675,1086106992.0,Power N-CT29^2T4T2
6,17,725,1086107024.0,Power N-CT29^2T4
6,17,729,1086190496.0,Power N-CT29^2T2T2
6,17,783,1086190528.0,Power N-CT29^2T2
6,17,841,1086190560.0,Power N-CT29^2
6,17,842,1222399728.0,Add 1 factors
6,17,846,1279291104.0,Power N-CT47^2T29
6,17,893,1301925295.0,Power N-CT47^2T28
6,17,940,1302199412.0,Power N-CT47^2T27
6,17,946,1322387552.0,"Power N-CT41^2Trin3,6,12"
6,17,1015,1323723888.0,Power N-CT41^2T12T6
6,17,1024,1323807392.0,"Power N-CT41^2Trin3,3,12"
6,17,1026,1325143696.0,Power N-CT41^2T14T3
6,17,1102,1325143728.0,Power N-CT41^2T12T3
6,17,1107,1326480032.0,Power N-CT41^2T14
6,17,1189,1326480064.0,Power N-CT41^2T12
6,17,1190,1327566144.0,Power N-CT43^2Arc(2)T14
6,17,1218,1327566192.0,Power N-CT43^2T14T1
6,17,1269,1327566208.0,Power N-CT47^2T20
6,17,1363,1327566240.0,Power N-CT47^2T18
6,17,1435,1347777904.0,Power N-CT41^2T6
6,17,1444,1347861408.0,Power N-CT41^2T3T3
6,17,1470,1348864032.0,Power N-CT43^2T8T1
6,17,1645,1348864080.0,Power N-CT47^2T12
6,17,1786,1350283920.0,Power N-CT47^2T9
6,17,1927,1351620256.0,Power N-CT47^2T6
6,17,1974,1351703760.0,Power N-CT47^2T5
6,17,2210,1351703808.0,Power N-CT47^2+1
6,17,2211,1533413136.0,Add 1 factors
6,17,2304,1607277696.0,Power N-CT53^2T5T5
6,17,2544,1628575520.0,Power N-CT53^2T5
6,17,2809,1649873344.0,Power N-CT53^2
6,17,2928,1664405808.0,Power N-CT61^2T13
6,17,3021,1684367296.0,Power N-CT59^2T6T2
6,17,3139,1684450800.0,"Power N-CT59^2Trin2,2,2"
6,17,3233,1685703632.0,Power N-CT61^2T8
6,17,3249,1685787136.0,Power N-CT59^2T2T2
6,17,3477,1687123472.0,Power N-CT61^2T4
6,17,3722,1688459808.0,Power N-CT61^2+1
6,17,3725,1689560320.0,"perfect hash family14,3725,65"
6,17,3726,1689628864.0,"perfect hash family14,3726,66"
6,17,3751,1729384928.0,Power N-CT67^2Arc(12)
6,17,3807,1749262960.0,Power N-CT67^2Arc(11)
6,17,3826,1767711616.0,"Power N-CT73^2Trin7,8,8"
6,17,3884,1767716512.0,"Power N-CT73^2Trin7,7,8"
6,17,3943,1767721408.0,"Power N-CT73^2Trin7,7,7"
6,17,4030,1787511040.0,Power N-CT73^2T11T8
6,17,4092,1787515936.0,Power N-CT73^2T11T7
6,17,4225,1787589648.0,Power N-CT73^2T8T8
6,17,4290,1787594544.0,Power N-CT73^2T8T7
6,17,4356,1787599440.0,Power N-CT73^2T7T7
6,17,4526,1807393968.0,Power N-CT73^2T11
6,17,4745,1807472576.0,Power N-CT73^2T8
6,17,4818,1807477472.0,Power N-CT73^2T7
6,17,4879,1821670976.0,"Power N-CT79^2Trin2,2,14"
6,17,4954,1821675872.0,"Power N-CT79^2Trin2,2,13"
6,17,5005,1823090816.0,Power N-CT79^2T14T2
6,17,5082,1823095712.0,Power N-CT79^2T13T2
6,17,5146,1824432048.0,Power N-CT83^2T21
6,17,5395,1824510656.0,Power N-CT83^2T18
6,17,5478,1824515552.0,Power N-CT83^2T17
6,17,5487,1838713952.0,"Power N-CT89^2Trin3,3,23"
6,17,5590,1840128896.0,Power N-CT89^2T24T3
6,17,5676,1840133792.0,Power N-CT89^2T23T3
6,17,5785,1841548736.0,Power N-CT89^2T24
6,17,5874,1841553632.0,Power N-CT89^2T23
6,17,5929,1842973744.0,Power N-CT79^2T2T2
6,17,6391,1844393584.0,Power N-CT83^2T6
6,17,6892,1845813424.0,Power N-CT83^2+3
6,17,6955,1858583552.0,"perfect hash family13,11449,107T42"
6,17,7062,1858588448.0,"perfect hash family13,11449,107T41"
6,17,7147,1860011824.0,"Power N-CT89^2Trin3,3,3"
6,17,7396,1861431664.0,Power N-CT89^2T3T3
6,17,7654,1862851504.0,Power N-CT89^2T3
6,17,8058,1862935008.0,Power N-CT97^2Arc(13)T2
6,17,8226,1864271344.0,Power N-CT97^2Arc(13)
6,17,8311,1865607680.0,Power N-CT97^2Arc(12)
6,17,8397,1866944016.0,Power N-CT97^2Arc(11)
6,17,8484,1868280352.0,Power N-CT97^2Arc(10)
6,17,8572,1869616688.0,Power N-CT97^2Arc(9)
6,17,8661,1870953024.0,Power N-CT97^2Arc(8)
6,17,8751,1872289360.0,Power N-CT97^2Arc(7)
6,17,8842,1873625696.0,Power N-CT97^2Arc(6)
6,17,8934,1874962032.0,Power N-CT97^2Arc(5)
6,17,9027,1876298368.0,Power N-CT97^2Arc(4)
6,17,9121,1877634704.0,Power N-CT97^2Arc(3)
6,17,9216,1878971040.0,Power N-CT97^2T1T1
6,17,9888,1880307376.0,"perfect hash family13,10609,103T7"
6,17,10000,1881306160.0,"perfect hash family13,11449,107T11"
2,18,7,324.0,orthogonal array
2,18,9,346.0,Add Factor SO (AG-TJ-IM)
2,18,10,349.0,Add Factor SO (AG-TJ-IM)
2,18,13,350.0,Add Factor SO (AG-TJ-IM)
2,18,14,355.0,Add Factor SO (AG-TJ-IM)
2,18,17,356.0,Add Factor SO (AG-TJ-IM)
2,18,20,357.0,Add Factor SO (AG-TJ-IM)
2,18,21,360.0,projection (C)
2,18,22,442.0,simulated annealing (Torres-Jimenez)
2,18,23,482.0,projection (C) postop NCK
2,18,24,483.0,projection (C) postop NCK
2,18,25,489.0,projection (C) postop NCK
2,18,26,490.0,projection (C) postop NCK
2,18,27,491.0,projection (C) postop NCK
2,18,28,494.0,projection (C) postop NCK
2,18,29,496.0,projection (C) postop NCK
2,18,32,545.0,Fix 1 symbols (LCDST)
2,18,33,558.0,projection (C) postop NCK
2,18,34,579.0,Fix 1 symbols (Colbourn)
2,18,40,592.0,Fix 4 symbols (LCDST)
2,18,42,595.0,Fix 5 symbols (LCDST)
2,18,44,603.0,Fix 6 symbols (LCDST)
2,18,45,615.0,Fix 6 symbols (LCDST)
2,18,46,627.0,Fix 6 symbols (LCDST)
2,18,49,630.0,Direct product
2,18,50,647.0,simulated annealing (Torres-Jimenez)
2,18,120,648.0,Direct product
2,18,140,650.0,Direct product generalized
2,18,147,666.0,Direct product
2,18,161,669.0,Direct product generalized
2,18,180,670.0,Direct product generalized
2,18,200,673.0,Direct product generalized
2,18,260,674.0,Direct product generalized
2,18,280,679.0,Direct product generalized
2,18,323,680.0,Direct product generalized
2,18,380,681.0,Direct product
2,18,385,682.0,simulated annealing (Torres-Jimenez)
2,18,401,683.0,Direct product generalized
2,18,421,684.0,Direct product generalized
2,18,440,701.0,Direct product generalized
2,18,441,702.0,Direct product
2,18,442,749.0,Direct product generalized
2,18,458,753.0,Direct product generalized
2,18,481,755.0,Direct product generalized
2,18,504,756.0,Direct product generalized
2,18,511,773.0,Direct product generalized
2,18,525,774.0,Direct product generalized
2,18,535,788.0,Direct product generalized
2,18,542,789.0,Direct product generalized
2,18,545,790.0,Direct product generalized
2,18,546,791.0,Direct product generalized
2,18,548,803.0,Direct product generalized
2,18,558,804.0,Direct product generalized
2,18,566,805.0,Direct product generalized
2,18,567,806.0,Direct product generalized
2,18,576,819.0,Direct product generalized
2,18,584,820.0,Direct product generalized
2,18,587,821.0,Direct product generalized
2,18,588,822.0,Direct product generalized
2,18,589,835.0,Direct product generalized
2,18,591,836.0,Direct product generalized
2,18,608,837.0,Direct product generalized
2,18,609,838.0,Direct product
2,18,611,851.0,Direct product generalized
2,18,614,853.0,Direct product generalized
2,18,620,854.0,Direct product generalized
2,18,627,855.0,Direct product generalized
2,18,628,856.0,Direct product generalized
2,18,629,857.0,Direct product generalized
2,18,630,858.0,Direct product generalized
2,18,639,867.0,Direct product generalized
2,18,643,868.0,Direct product generalized
2,18,648,869.0,Direct product generalized
2,18,651,870.0,Direct product generalized
2,18,660,882.0,Direct product
2,18,664,883.0,Direct product generalized
2,18,670,884.0,Direct product generalized
2,18,672,885.0,Direct product generalized
2,18,673,890.0,Direct product generalized
2,18,696,892.0,Direct product generalized
2,18,703,908.0,Direct product generalized
2,18,711,909.0,Direct product generalized
2,18,725,910.0,Direct product generalized
2,18,731,922.0,Direct product generalized
2,18,740,923.0,Direct product generalized
2,18,745,924.0,Direct product generalized
2,18,751,925.0,Direct product generalized
2,18,753,926.0,Direct product generalized
2,18,754,927.0,Direct product generalized
2,18,760,931.0,Direct product
2,18,800,932.0,Direct product
2,18,840,934.0,Direct product
2,18,882,937.0,Direct product
2,18,924,945.0,Direct product
2,18,962,954.0,Direct product generalized
2,18,1017,957.0,Direct product generalized
2,18,1020,958.0,Direct product generalized
2,18,1028,960.0,Direct product generalized
2,18,1046,969.0,Direct product generalized
2,18,1047,971.0,Direct product generalized
2,18,2394,972.0,Direct product generalized
2,18,2793,974.0,Direct product generalized
2,18,2807,989.0,Direct product
2,18,2947,990.0,PCAx2PCA
2,18,3159,993.0,Direct product generalized
2,18,3591,994.0,Direct product generalized
2,18,3990,997.0,Direct product generalized
2,18,5187,998.0,Direct product generalized
2,18,5586,1003.0,Direct product generalized
2,18,6384,1004.0,Direct product generalized
2,18,7581,1005.0,Direct product generalized
2,18,7714,1006.0,Direct product generalized
2,18,8002,1007.0,Direct product generalized
2,18,8420,1008.0,Direct product
2,18,8439,1024.0,Direct product generalized
2,18,8857,1025.0,Direct product generalized
2,18,8901,1026.0,Direct product generalized
2,18,9223,1042.0,Direct product generalized
2,18,9260,1043.0,Direct product generalized
2,18,9261,1044.0,Direct product
2,18,9276,1060.0,Direct product generalized
2,18,9324,1062.0,Direct product generalized
2,18,9576,1077.0,Direct product generalized
2,18,9598,1079.0,Direct product generalized
2,18,10104,1080.0,Direct product generalized
2,18,10123,1092.0,Direct product generalized
2,18,10124,1093.0,Direct product generalized
2,18,10561,1097.0,Direct product generalized
2,18,10668,1098.0,Direct product generalized
2,18,10780,1112.0,Direct product generalized
2,18,10945,1113.0,Direct product generalized
2,18,11004,1114.0,Direct product generalized
2,18,11053,1115.0,Direct product generalized
2,18,11109,1116.0,Direct product generalized
2,18,11125,1125.0,Direct product generalized
2,18,11126,1126.0,Direct product generalized
2,18,11164,1127.0,Direct product generalized
2,18,11242,1128.0,Direct product generalized
2,18,11384,1129.0,Direct product generalized
2,18,11426,1130.0,Direct product generalized
2,18,11444,1131.0,Direct product generalized
2,18,11487,1132.0,Direct product generalized
2,18,11550,1133.0,Direct product generalized
2,18,11566,1141.0,Direct product generalized
2,18,11605,1142.0,Direct product generalized
2,18,11683,1143.0,Direct product generalized
2,18,11725,1144.0,Direct product generalized
2,18,11784,1145.0,Direct product generalized
2,18,11880,1146.0,Direct product generalized
2,18,11928,1147.0,Direct product generalized
2,18,11991,1148.0,Direct product generalized
2,18,12096,1152.0,Direct product generalized
2,18,12163,1159.0,Direct product generalized
2,18,12168,1160.0,Direct product generalized
2,18,12282,1161.0,Direct product generalized
2,18,12326,1162.0,Direct product generalized
2,18,12375,1163.0,Direct product generalized
2,18,12432,1164.0,Direct product generalized
2,18,12663,1170.0,Direct product generalized
2,18,12752,1178.0,Direct product generalized
2,18,12813,1179.0,Direct product generalized
2,18,12831,1180.0,Direct product generalized
2,18,12873,1182.0,Direct product generalized
2,18,13030,1185.0,Direct product generalized
2,18,13140,1186.0,Direct product generalized
2,18,13188,1187.0,Direct product generalized
2,18,13195,1188.0,Direct product generalized
2,18,13209,1189.0,Direct product generalized
2,18,13216,1191.0,Direct product generalized
2,18,13230,1192.0,Direct product generalized
2,18,13251,1195.0,Direct product generalized
2,18,13265,1196.0,Direct product generalized
2,18,13300,1197.0,Direct product generalized
2,18,13314,1198.0,Direct product generalized
2,18,13328,1199.0,Direct product generalized
2,18,13426,1200.0,Direct product generalized
2,18,13588,1201.0,Direct product generalized
2,18,13657,1202.0,Direct product generalized
2,18,13685,1203.0,Direct product generalized
2,18,13720,1204.0,Direct product generalized
2,18,13734,1205.0,Direct product generalized
2,18,13755,1206.0,Direct product generalized
2,18,13762,1207.0,Direct product generalized
2,18,13776,1208.0,Direct product generalized
2,18,13797,1210.0,Direct product generalized
2,18,13825,1213.0,Direct product generalized
2,18,13846,1214.0,Direct product generalized
2,18,13902,1215.0,Direct product generalized
2,18,13968,1216.0,Direct product generalized
2,18,14112,1217.0,Direct product generalized
2,18,14133,1218.0,Direct product generalized
2,18,14203,1219.0,Direct product generalized
2,18,14238,1220.0,Direct product generalized
2,18,14280,1221.0,Direct product generalized
2,18,14301,1222.0,Direct product generalized
2,18,14328,1224.0,Direct product generalized
2,18,14343,1225.0,Direct product generalized
2,18,14364,1228.0,Direct product generalized
2,18,14397,1229.0,Direct product generalized
2,18,14418,1230.0,Direct product generalized
2,18,14448,1231.0,Direct product generalized
2,18,14511,1232.0,Direct product generalized
2,18,14593,1233.0,Direct product generalized
2,18,14658,1234.0,Direct product generalized
2,18,14769,1235.0,Direct product generalized
2,18,14811,1236.0,Direct product generalized
2,18,14868,1237.0,Direct product generalized
2,18,14889,1239.0,Direct product generalized
2,18,14910,1240.0,Direct product generalized
2,18,14916,1242.0,Direct product generalized
2,18,14952,1244.0,Direct product generalized
2,18,15004,1246.0,Direct product generalized
2,18,15031,1247.0,Direct product generalized
2,18,15080,1248.0,Direct product generalized
2,18,15188,1249.0,Direct product generalized
2,18,15247,1250.0,Direct product generalized
2,18,15369,1251.0,Direct product generalized
2,18,15440,1252.0,Direct product generalized
2,18,15482,1253.0,Direct product generalized
2,18,15960,1256.0,Direct product generalized
2,18,16840,1258.0,PCAxPCA
2,18,16842,1260.0,Direct product generalized
2,18,17682,1261.0,PCAxPCA
2,18,18524,1269.0,PCAxPCA
2,18,19222,1278.0,Direct product generalized
2,18,20000,1279.0,Direct product generalized
3,18,4,5832.0,Derive from strength 4
3,18,5,5994.0,Li-Ji-Yin
3,18,6,6156.0,Ji-Yin
3,18,11,6579.0,ordered design (CCL)
3,18,12,6797.0,orthogonal array fuse postop NCK
3,18,13,6830.0,orthogonal array fuse postop NCK
3,18,15,6831.0,orthogonal array fuse postop NCK
3,18,16,6833.0,orthogonal array fuse postop NCK
3,18,20,6856.0,orthogonal array fuse postop NCK
3,18,21,11500.0,orthogonal array fuse fuse fuse fuse fuse postop NCK
3,18,22,11533.0,orthogonal array fuse fuse fuse fuse fuse postop NCK
3,18,23,11594.0,orthogonal array fuse fuse fuse fuse fuse postop NCK
3,18,24,11647.0,orthogonal array fuse fuse fuse fuse fuse postop NCK
3,18,26,12780.0,Chateauneuf-Kreher doubling
3,18,28,12866.0,Chateauneuf-Kreher doubling
3,18,30,12883.0,Chateauneuf-Kreher doubling
3,18,32,12885.0,Chateauneuf-Kreher doubling
3,18,34,12908.0,Chateauneuf-Kreher doubling
3,18,40,12925.0,Chateauneuf-Kreher doubling
3,18,345,13697.0,SCPHF LFSR (TJ-IM) fuse
3,18,381,13715.0,Raaphorst-Moura-Stevens fuse
3,18,382,19223.0,Add a factor
3,18,383,19545.0,"perfect hash family2,760,381T377"
3,18,384,19707.0,"perfect hash family2,760,381T376"
3,18,385,19869.0,"perfect hash family2,760,381T375"
3,18,400,20189.0,Cohen-Colbourn-Ling
3,18,405,20573.0,CPHF Random Extension (CLS) fuse
3,18,1298,23364.0,Cyclotomy (Colbourn)
3,18,1651,27377.0,"Restricted CPHF Ext  4( 0, 4) WCS fuse"
3,18,1674,27395.0,"Restricted CPHF Ext  4( 0, 3) WCS fuse"
3,18,1705,27413.0,"Restricted CPHF Ext  4( 0, 2) WCS fuse"
3,18,1709,27431.0,"Restricted CPHF Ext  4( 0, 0) WCS fuse"
3,18,1725,31317.0,Cohen-Colbourn-Ling
3,18,1905,31335.0,Cohen-Colbourn-Ling
3,18,2070,31479.0,Cohen-Colbourn-Ling
3,18,2286,31497.0,Cohen-Colbourn-Ling
3,18,2415,32016.0,Cohen-Colbourn-Ling
3,18,2667,32034.0,Cohen-Colbourn-Ling
3,18,2700,32578.0,Cohen-Colbourn-Ling
3,18,3795,32586.0,Cohen-Colbourn-Ling
3,18,4180,32604.0,Cohen-Colbourn-Ling
3,18,4560,32822.0,Cohen-Colbourn-Ling
3,18,5175,32838.0,Cohen-Colbourn-Ling
3,18,5520,32840.0,Cohen-Colbourn-Ling
3,18,6555,32849.0,Colbourn-Martirosyan-TVT-Walker
3,18,6556,32866.0,Cohen-Colbourn-Ling fuse
3,18,7239,32867.0,Colbourn-Martirosyan-TVT-Walker
3,18,7540,33166.0,Cohen-Colbourn-Ling
3,18,7620,33185.0,Cohen-Colbourn-Ling
3,18,8001,38209.0,Cohen-Colbourn-Ling
3,18,8463,39347.0,"Restricted CPHF Ext  6( 5, 6) WCS fuse"
3,18,10000,39689.0,"Restricted CPHF Ext  6( 4, 6) WCS fuse"
4,18,5,104976.0,Derive from strength 5
4,18,6,108621.0,Derive from strength 5
4,18,7,123072.0,Augment OA
4,18,8,128142.0,orthogonal array fuse postop NCK
4,18,9,129687.0,orthogonal array fuse postop NCK
4,18,10,130091.0,orthogonal array fuse postop NCK
4,18,11,130263.0,orthogonal array fuse postop NCK
4,18,12,130280.0,orthogonal array fuse postop NCK
4,18,13,130287.0,orthogonal array fuse postop NCK
4,18,20,130319.0,orthogonal array fuse
4,18,21,233928.0,extended OA (Colbourn) special fuse
4,18,28,253781.0,3-Restricted SCPHF RE (CL) fuse
4,18,35,260279.0,2-Restricted SCPHF RE (CL) fuse
4,18,40,356094.0,Colbourn-Martirosyan-TVT-Walker
4,18,72,384083.0,3-Restricted SCPHF RE (CL) fuse
4,18,79,390581.0,2-Restricted SCPHF RE (CL) fuse
4,18,83,390923.0,SCPHF Random Extension (CLS) fuse
4,18,89,390959.0,CPHF IPO 3 (WCS) fuse
4,18,136,507545.0,"3,3-Restricted SCPHF RE (CL) fuse"
4,18,157,514043.0,"3,2-Restricted SCPHF RE (CL) fuse"
4,18,170,514385.0,3-Restricted SCPHF RE (CL) fuse
4,18,191,520541.0,"2,2-Restricted SCPHF RE (CL) fuse"
4,18,197,520883.0,2-Restricted SCPHF RE (CL) fuse
4,18,199,521225.0,SCPHF Random Extension (CLS) fuse
4,18,233,521279.0,CPHF IPO 4 (WCS) fuse
4,18,361,630665.0,Colbourn-Martirosyan-TVT-Walker fuse
4,18,380,642847.0,Colbourn-Martirosyan-TVT-Walker
4,18,383,644687.0,3-Restricted SCPHF RE (CL) fuse
4,18,400,649648.0,Colbourn-Martirosyan-TVT-Walker
4,18,449,650843.0,"2,2-Restricted SCPHF RE (CL) fuse"
4,18,458,651185.0,2-Restricted SCPHF RE (CL) fuse
4,18,462,651527.0,SCPHF Random Extension (CLS) fuse
4,18,587,651599.0,CPHF IPO 5 (WCS) fuse
4,18,643,761309.0,"3,3,3-Restricted SCPHF RE (CL) fuse"
4,18,716,768149.0,"3,3-Restricted SCPHF RE (CL) fuse"
4,18,855,774647.0,"3,2-Restricted SCPHF RE (CL) fuse"
4,18,991,781145.0,"2,2-Restricted SCPHF RE (CL) fuse"
4,18,1062,781487.0,2-Restricted SCPHF RE (CL) fuse
4,18,1070,781829.0,SCPHF Random Extension (CLS) fuse
4,18,1075,781919.0,CPHF Random Extension (CLS) fuse
4,18,2079,912131.0,SCPHF Random Extension (CLS) fuse
4,18,2137,912239.0,CPHF Random Extension (CLS) fuse
4,18,3376,1042433.0,SCPHF Random Extension (CLS) fuse
4,18,3525,1042559.0,CPHF Random Extension (CLS) fuse
4,18,3629,1260971.0,Colbourn-Martirosyan-TVT-Walker fuse
4,18,3743,1261313.0,Colbourn-Martirosyan-TVT-Walker fuse
4,18,3781,1261655.0,Colbourn-Martirosyan-TVT-Walker fuse
4,18,4427,1261709.0,Colbourn-Martirosyan-TVT-Walker fuse
4,18,4660,1287230.0,Colbourn-Martirosyan-TVT-Walker
4,18,6555,1371095.0,Colbourn-Martirosyan-TVT-Walker fuse
4,18,6859,1371419.0,Colbourn-Martirosyan-TVT-Walker fuse
4,18,6900,1396616.0,Colbourn-Martirosyan-TVT-Walker
4,18,7180,1396958.0,Colbourn-Martirosyan-TVT-Walker
4,18,7200,1397313.0,Colbourn-Martirosyan-TVT-Walker
4,18,7220,1397316.0,Colbourn-Martirosyan-TVT-Walker
4,18,7239,1421496.0,Colbourn-Martirosyan-TVT-Walker
4,18,7240,1423100.0,Colbourn-Martirosyan-TVT-Walker
4,18,7320,1424538.0,Colbourn-Martirosyan-TVT-Walker
4,18,7340,1428534.0,Colbourn-Martirosyan-TVT-Walker
4,18,7360,1428889.0,Colbourn-Martirosyan-TVT-Walker
4,18,7560,1428900.0,Colbourn-Martirosyan-TVT-Walker
4,18,7600,1433334.0,Colbourn-Martirosyan-TVT-Walker
4,18,7620,1435174.0,Colbourn-Martirosyan-TVT-Walker
4,18,7640,1539826.0,Colbourn-Martirosyan-TVT-Walker
4,18,7660,1545944.0,Colbourn-Martirosyan-TVT-Walker
4,18,7680,1553983.0,Colbourn-Martirosyan-TVT-Walker
4,18,7700,1557061.0,Colbourn-Martirosyan-TVT-Walker
4,18,7800,1563141.0,Colbourn-Martirosyan-TVT-Walker
4,18,8000,1567647.0,Colbourn-Martirosyan-TVT-Walker
4,18,8040,1637974.0,Colbourn-Martirosyan-TVT-Walker
4,18,8100,1641018.0,Colbourn-Martirosyan-TVT-Walker
4,18,8246,1681235.0,Colbourn-Martirosyan-TVT-Walker fuse
4,18,8398,1684423.0,Colbourn-Martirosyan-TVT-Walker fuse
4,18,8531,1690895.0,Colbourn-Martirosyan-TVT-Walker fuse
4,18,8702,1691237.0,Colbourn-Martirosyan-TVT-Walker fuse
4,18,8778,1699849.0,Colbourn-Martirosyan-TVT-Walker fuse
4,18,9082,1699921.0,Colbourn-Martirosyan-TVT-Walker fuse
4,18,9158,1701599.0,Colbourn-Martirosyan-TVT-Walker fuse
4,18,9538,1710109.0,Colbourn-Martirosyan-TVT-Walker fuse
4,18,9614,1711835.0,Colbourn-Martirosyan-TVT-Walker fuse
4,18,9671,1717061.0,Colbourn-Martirosyan-TVT-Walker fuse
4,18,9747,1717457.0,Colbourn-Martirosyan-TVT-Walker fuse
4,18,10000,1733827.0,Colbourn-Martirosyan-TVT-Walker
5,18,6,1889568.0,Derive from strength 6
5,18,7,1955178.0,Ji-Li-Yin
5,18,8,2235668.0,Augment OA
5,18,9,2360788.0,Augment OA
5,18,20,2476097.0,orthogonal array fuse
5,18,21,4444632.0,extended OA (Colbourn) special fuse
5,18,22,4945337.0,3-Restricted SCPHF RE (CL) fuse
5,18,23,4952195.0,CPHF IPO 2 (WCS) fuse
5,18,24,6436333.0,orthogonal array fuse fuse fuse fuse fuse
5,18,37,7297955.0,4-Restricted SCPHF RE (CL) fuse
5,18,40,7421417.0,3-Restricted SCPHF RE (CL) fuse
5,18,41,7428257.0,SCPHF Random Extension (CLS) fuse
5,18,45,7428293.0,CPHF IPO 3 (WCS) fuse
5,18,60,9643733.0,"4,4-Restricted SCPHF RE (CL) fuse"
5,18,68,9774035.0,4-Restricted SCPHF RE (CL) fuse
5,18,75,9897497.0,3-Restricted SCPHF RE (CL) fuse
5,18,77,9903995.0,2-Restricted SCPHF RE (CL) fuse
5,18,78,9904337.0,SCPHF Random Extension (CLS) fuse
5,18,89,9904391.0,CPHF IPO 4 (WCS) fuse
5,18,107,12119813.0,"4,4-Restricted SCPHF RE (CL) fuse"
5,18,126,12250115.0,4-Restricted SCPHF RE (CL) fuse
5,18,136,12373577.0,3-Restricted SCPHF RE (CL) fuse
5,18,143,12380075.0,2-Restricted SCPHF RE (CL) fuse
5,18,180,14465591.0,"4,4,4-Restricted SCPHF RE (CL) fuse"
5,18,207,14595893.0,"4,4-Restricted SCPHF RE (CL) fuse"
5,18,233,14726195.0,4-Restricted SCPHF RE (CL) fuse
5,18,258,14849657.0,3-Restricted SCPHF RE (CL) fuse
5,18,262,14856155.0,2-Restricted SCPHF RE (CL) fuse
5,18,269,14856587.0,CPHF Random Extension (CLS) fuse
5,18,343,16941671.0,"4,4,4-Restricted SCPHF RE (CL) fuse"
5,18,373,17071973.0,"4,4-Restricted SCPHF RE (CL) fuse"
5,18,446,17202275.0,4-Restricted SCPHF RE (CL) fuse
5,18,461,17325737.0,3-Restricted SCPHF RE (CL) fuse
5,18,466,17332235.0,2-Restricted SCPHF RE (CL) fuse
5,18,470,17332577.0,SCPHF Random Extension (CLS) fuse
5,18,473,17332685.0,CPHF Random Extension (CLS) fuse
5,18,597,19417751.0,"4,4,4-Restricted SCPHF RE (CL) fuse"
5,18,671,19548053.0,"4,4-Restricted SCPHF RE (CL) fuse"
5,18,723,19678355.0,4-Restricted SCPHF RE (CL) fuse
5,18,838,19801817.0,3-Restricted SCPHF RE (CL) fuse
5,18,851,19808315.0,2-Restricted SCPHF RE (CL) fuse
5,18,852,26957699.0,Add 1 factors
5,18,853,32118695.0,Add 2 factors
5,18,854,35653553.0,Add 3 factors
5,18,855,36240984.0,Add 4 factors
5,18,856,36454581.0,Add 5 factors
5,18,857,38429531.0,Add 19 factors
5,18,860,38436029.0,Add 19 factors
5,18,870,38455523.0,Add 19 factors
5,18,871,45604907.0,Add 19 factors
5,18,872,50765903.0,Add 19 factors
5,18,873,54300761.0,Add 19 factors
5,18,874,54888192.0,Add 19 factors
5,18,875,55101789.0,Add 19 factors
5,18,878,56929368.0,"perfect hash family3,1254,837T376"
5,18,883,56935866.0,"perfect hash family3,1254,837T371"
5,18,887,56936208.0,"perfect hash family3,1254,837T367"
5,18,890,56936316.0,"perfect hash family3,1254,837T364"
5,18,894,56949204.0,"perfect hash family3,1275,851T381"
5,18,897,56949312.0,"perfect hash family3,1275,851T378"
5,18,931,58513854.0,"perfect hash family3,1005,671T74"
5,18,1005,58644156.0,"perfect hash family3,1005,671"
5,18,1031,58904760.0,"perfect hash family3,1083,723T52"
5,18,1083,59035062.0,"perfect hash family3,1083,723"
5,18,1088,59151684.0,"perfect hash family3,1254,837T166"
5,18,1095,59164680.0,"perfect hash family3,1275,851T180"
5,18,1140,59281986.0,"perfect hash family3,1254,837T114"
5,18,1147,59294982.0,"perfect hash family3,1275,851T128"
5,18,1255,59405448.0,"perfect hash family3,1255,838"
5,18,1262,59418444.0,"perfect hash family3,1275,851T13"
5,18,1275,59424942.0,"perfect hash family3,1275,851"
5,18,1276,66574326.0,Add 1 factors
5,18,1336,66586860.0,"Power N-CT41^2Trin1,4,4"
5,18,1369,66593700.0,Power N-CT41^2T4T4
5,18,1375,66696642.0,Power N-CT41^2Arc(4)T4
5,18,1409,66703482.0,Power N-CT41^2Arc(3)T4
5,18,1444,66710322.0,Power N-CT41^2Arc(2)T4
5,18,1480,66717162.0,Power N-CT41^2T4T1
5,18,1517,66724002.0,Power N-CT41^2T4
5,18,1591,66724290.0,Power N-CT43^2T6
5,18,1600,66840624.0,Power N-CT41^2T1T1
5,18,1640,66847464.0,Power N-CT41^2T1
5,18,1720,66847752.0,Power N-CT43^2T3
5,18,1763,66854592.0,Power N-CT43^2T2
5,18,1851,66854628.0,Power N-CT43^2+2
5,18,1865,75716128.0,"perfect hash family4,3125,625T252"
5,18,2230,75846430.0,"perfect hash family4,3125,625T179"
5,18,2305,75969892.0,"perfect hash family4,3125,625T164"
5,18,2330,75976390.0,"perfect hash family4,3125,625T159"
5,18,2350,75976732.0,"perfect hash family4,3125,625T155"
5,18,2365,75976840.0,"perfect hash family4,3125,625T152"
5,18,2985,78061906.0,"perfect hash family4,3125,625T28"
5,18,3125,78192208.0,"perfect hash family4,3125,625"
5,18,3293,86533074.0,Power N-CT89^2T52
5,18,3334,86656464.0,"Power N-CT79^2Trin1,4,34"
5,18,3375,86656518.0,Power N-CT79^2T34T4
5,18,3560,86656536.0,Power N-CT89^2T49
5,18,3649,86663376.0,Power N-CT89^2T48
5,18,4005,86663412.0,Power N-CT89^2T44
5,18,4020,87836004.0,Power N-CT67^2T7
5,18,4490,87966306.0,Power N-CT67^2+1
5,18,4624,88830540.0,Power N-CT71^2T3T3
5,18,4680,88878798.0,Power N-CT79^2T19T1
5,18,5340,88878852.0,Power N-CT89^2T29
5,18,6052,89009154.0,Power N-CT89^2T21
5,18,6675,89132616.0,Power N-CT89^2T14
5,18,6853,89139114.0,Power N-CT89^2T12
5,18,6942,89139456.0,Power N-CT89^2T11
5,18,7921,89139510.0,Power N-CT89^2
5,18,8000,96567780.0,Power CT23^3T3T3T3
5,18,8400,98536315.0,Power CT23^3T3T3T2
5,18,8800,99037020.0,Power CT23^3T3T3T1
5,18,9200,99043878.0,Power CT23^3T3T3
5,18,9240,101005555.0,Power CT23^3T3T2T1
5,18,9660,101012413.0,Power CT23^3T3T2
5,18,9680,101506260.0,Power CT23^3T3T1T1
5,18,10000,101513118.0,Power CT23^3T3T1
6,18,7,34012224.0,composition
6,18,8,38120409.0,Augment OA
6,18,9,40346898.0,Augment OA
6,18,10,42690464.0,Augment OA
6,18,11,45151808.0,Augment OA
6,18,20,47045879.0,orthogonal array fuse
6,18,21,84448008.0,extended OA (Colbourn) special fuse
6,18,22,124325622.0,Add 1 factors
6,18,25,138661523.0,5-Restricted SCPHF RE (CL) fuse
6,18,27,141007301.0,4-Restricted SCPHF RE (CL) fuse
6,18,29,141137603.0,SCPHF Random Extension (CLS) fuse
6,18,31,141137639.0,CPHF IPO 3 (WCS) fuse
6,18,37,183231305.0,"5,5-Restricted SCPHF RE (CL) fuse"
6,18,41,185707385.0,5-Restricted SCPHF RE (CL) fuse
6,18,45,188053163.0,4-Restricted SCPHF RE (CL) fuse
6,18,46,188183519.0,CPHF Random Extension (CLS) fuse
6,18,59,230277167.0,"5,5-Restricted SCPHF RE (CL) fuse"
6,18,65,232753247.0,5-Restricted SCPHF RE (CL) fuse
6,18,70,235099025.0,4-Restricted SCPHF RE (CL) fuse
6,18,74,235222487.0,3-Restricted SCPHF RE (CL) fuse
6,18,76,235229399.0,CPHF Random Extension (CLS) fuse
6,18,87,274846949.0,"5,5,5-Restricted SCPHF RE (CL) fuse"
6,18,100,277323029.0,"5,5-Restricted SCPHF RE (CL) fuse"
6,18,110,279799109.0,5-Restricted SCPHF RE (CL) fuse
6,18,118,282144887.0,4-Restricted SCPHF RE (CL) fuse
6,18,122,282268349.0,3-Restricted SCPHF RE (CL) fuse
6,18,124,282274847.0,2-Restricted SCPHF RE (CL) fuse
6,18,201,329321051.0,SCPHF Random Extension (CLS) fuse
6,18,202,488832425.0,Add 1 factors
6,18,203,564275501.0,Add 2 factors
6,18,204,662634989.0,Add 3 factors
6,18,205,712241978.0,Add 5 factors
6,18,206,712258502.0,Add 5 factors
6,18,207,730442186.0,Add 6 factors
6,18,209,750839977.0,Power CT19^2T8
6,18,361,752733809.0,"perfect hash family16,361,19,c fuse"
6,18,362,752734048.0,Power CT19^2+1
6,18,363,945717538.0,Add 1 factors
6,18,364,1021259758.0,Add 2 factors
6,18,365,1124359906.0,Add 3 factors
6,18,366,1170123126.0,Add 5 factors
6,18,367,1170123365.0,Add 5 factors
6,18,368,1188758429.0,Add 6 factors
6,18,380,1228412717.0,Add 19 factors
6,18,381,1228412956.0,Add 19 factors
6,18,382,1425124138.0,Add 1 factors
6,18,383,1465937393.0,Martirosyan-TVT variant
6,18,394,1466167559.0,Martirosyan-TVT
6,18,395,1466397725.0,Martirosyan-TVT variant
6,18,398,1466627891.0,Martirosyan-TVT
6,18,399,1466664233.0,Martirosyan-TVT variant
6,18,401,1466700575.0,Martirosyan-TVT variant
6,18,402,1467743133.0,Martirosyan-TVT
6,18,515,1505467601.0,"perfect hash family32,515,19,c fuse"
6,18,516,1505468096.0,"perfect hash family32,516,20"
6,18,517,1704857390.0,Add 1 factors
6,18,518,1833546302.0,Add 2 factors
6,18,519,1956077558.0,Add 3 factors
6,18,561,1975926300.0,"perfect hash family6,561,201"
6,18,580,2022972306.0,Power N-CT29^2T9
6,18,620,2022972810.0,Power N-CT31^2T11
6,18,651,2060374939.0,Power N-CT31^2T10
6,18,686,2087315755.0,Martirosyan-TVT
6,18,690,2089530889.0,Martirosyan-TVT
6,18,691,2089777435.0,Martirosyan-TVT variant
6,18,722,2090024305.0,Martirosyan-TVT
6,18,723,2098320486.0,Martirosyan-TVT variant
6,18,724,2106616428.0,Martirosyan-TVT
6,18,725,2114587950.0,Power N-CT29^2T4
6,18,775,2114588454.0,Power N-CT31^2T6
6,18,783,2116933728.0,Power N-CT29^2T2
6,18,837,2116934232.0,Power N-CT31^2T4
6,18,841,2117064030.0,Power N-CT29^2
6,18,899,2117064534.0,Power N-CT31^2T2
6,18,961,2117064570.0,Power N-CT31^2
6,18,962,2356094940.0,Add 1 factors
6,18,963,2484783852.0,Add 2 factors
6,18,973,2550381434.0,"Power N-CT41^2Trin4,4,12"
6,18,1039,2550381470.0,"Power N-CT41^2Trin4,4,10"
6,18,1073,2552857514.0,Power N-CT41^2T12T4
6,18,1147,2552857550.0,Power N-CT41^2T10T4
6,18,1189,2555333594.0,Power N-CT41^2T12
6,18,1271,2555333630.0,Power N-CT41^2T10
6,18,1333,2585828744.0,Power N-CT43^2T12
6,18,1369,2594951216.0,Power N-CT41^2T4T4
6,18,1517,2597427296.0,Power N-CT41^2T4
6,18,1681,2599903376.0,Power N-CT41^2
6,18,1763,2630398490.0,Power N-CT43^2T2
6,18,1851,2632744268.0,Power N-CT43^2+2
6,18,1852,2634569252.0,Power N-CT43^2+3
6,18,1861,2887131140.0,Power N-CT47^2Arc(8)
6,18,1901,2929224788.0,Power N-CT47^2Arc(7)
6,18,1946,2961214768.0,"Power N-CT73^2Trin3,8,42"
6,18,2015,2961338230.0,Power N-CT73^2T42T8
6,18,2025,2963553670.0,Power N-CT73^2T28T28
6,18,2086,2963560546.0,"Power N-CT73^2Trin3,3,42"
6,18,2170,2963684008.0,Power N-CT73^2T42T3
6,18,2263,2963807470.0,Power N-CT73^2T42
6,18,2266,3000962710.0,"Power N-CT73^2Trin14,14,27"
6,18,2407,3003308434.0,"Power N-CT73^2Trin8,14,28"
6,18,2419,3003431896.0,Power N-CT73^2T32T14
6,18,2458,3003438790.0,"Power N-CT73^2Trin8,14,27"
6,18,2562,3005654212.0,"Power N-CT73^2Trin3,14,28"
6,18,2655,3005777674.0,Power N-CT73^2T28T14
6,18,2701,3005901136.0,Power N-CT73^2T36
6,18,2714,3005908030.0,Power N-CT73^2T27T14
6,18,2814,3008130292.0,"Power N-CT73^2Trin3,8,28"
6,18,2925,3008253754.0,Power N-CT73^2T28T8
6,18,2993,3008377216.0,Power N-CT73^2T32
6,18,3024,3010476070.0,"Power N-CT73^2Trin3,3,28"
6,18,3150,3010599532.0,Power N-CT73^2T28T3
6,18,3285,3010722994.0,Power N-CT73^2T28
6,18,3358,3010853350.0,Power N-CT73^2T27
6,18,3481,3048001678.0,Power N-CT73^2T14T14
6,18,3682,3050354296.0,"Power N-CT73^2Trin3,8,14"
6,18,3835,3050477758.0,Power N-CT73^2T14T8
6,18,3962,3052700074.0,"Power N-CT73^2Trin3,3,14"
6,18,4130,3052823536.0,Power N-CT73^2T14T3
6,18,4307,3052946998.0,Power N-CT73^2T14
6,18,4364,3055176154.0,"Power N-CT73^2Trin3,3,8"
6,18,4550,3055299616.0,Power N-CT73^2T8T3
6,18,4745,3055423078.0,Power N-CT73^2T8
6,18,4900,3057645394.0,Power N-CT73^2T3T3
6,18,5110,3057768856.0,Power N-CT73^2T3
6,18,5330,3057892318.0,Power N-CT73^2+1
6,18,5332,3057982174.0,Power N-CT73^2+3
6,18,5411,3454150762.0,"Power N-CT79^2Trin3,3,5"
6,18,5557,3454157674.0,"Power N-CT79^2Trin3,3,3"
6,18,5624,3493768312.0,Power N-CT79^2T5T3
6,18,5776,3493775224.0,Power N-CT79^2T3T3
6,18,5810,3533262400.0,Power N-CT83^2T13
6,18,6142,3533385862.0,Power N-CT83^2T9
6,18,6308,3533392774.0,Power N-CT83^2T7
6,18,6464,3558153574.0,"Power N-CT89^2Trin2,2,13"
6,18,6612,3560629654.0,Power N-CT89^2T13T2
6,18,6790,3562975360.0,Power N-CT97^2T27
6,18,7178,3563098822.0,Power N-CT97^2T23
6,18,7372,3563105734.0,Power N-CT97^2T21
6,18,7378,3582914374.0,Power N-CT101^2Arc(4)T25
6,18,7451,3585390454.0,Power N-CT101^2Arc(3)T25
6,18,7525,3587866534.0,Power N-CT101^2Arc(2)T25
6,18,7600,3590342614.0,Power N-CT101^2T25T1
6,18,7630,3592688320.0,"perfect hash family13,11881,109T39"
6,18,8066,3592811782.0,"perfect hash family13,11881,109T35"
6,18,8284,3592818694.0,"perfect hash family13,11881,109T33"
6,18,8790,3602723284.0,Power N-CT101^2Arc(13)T2
6,18,9412,3605199364.0,Power N-CT97^2+3
6,18,9421,3617579764.0,Power N-CT101^2Arc(8)
6,18,9515,3620055844.0,Power N-CT101^2Arc(7)
6,18,9610,3622531924.0,Power N-CT101^2Arc(6)
6,18,9706,3625008004.0,Power N-CT101^2Arc(5)
6,18,9803,3627484084.0,Power N-CT101^2Arc(4)
6,18,9901,3629960164.0,Power N-CT101^2Arc(3)
6,18,10000,3632436244.0,Power N-CT101^2T1T1
2,19,20,361.0,orthogonal array
2,19,21,462.0,Add a symbol (binary)
2,19,22,497.0,projection (C) postop NCK
2,19,24,499.0,projection (C) postop NCK
2,19,25,502.0,projection (C) postop NCK
2,19,26,504.0,projection (C) postop NCK
2,19,27,507.0,projection (C) postop NCK
2,19,28,509.0,projection (C) postop TJ-SA
2,19,29,572.0,projection (C) postop NCK
2,19,30,574.0,projection (C) postop NCK
2,19,31,576.0,projection (C) postop NCK
2,19,32,577.0,projection (C) postop NCK
2,19,33,637.0,projection (C) postop NCK
2,19,34,638.0,projection (C) postop NCK
2,19,35,640.0,projection (C) postop NCK
2,19,36,645.0,projection (C) postop NCK
2,19,45,660.0,Fix 6 symbols (LCDST)
2,19,46,673.0,Fix 6 symbols (LCDST)
2,19,47,686.0,Fix 6 symbols (LCDST)
2,19,50,698.0,simulated annealing (Torres-Jimenez)
2,19,399,703.0,PCAx2PCA
2,19,400,720.0,Direct product
2,19,456,776.0,Direct product
2,19,457,793.0,Direct product generalized
2,19,480,794.0,Direct product
2,19,500,815.0,Direct product generalized
2,19,501,826.0,Direct product generalized
2,19,503,827.0,Direct product generalized
2,19,505,829.0,Direct product generalized
2,19,509,830.0,Direct product generalized
2,19,512,831.0,Direct product generalized
2,19,517,832.0,Direct product generalized
2,19,519,833.0,Direct product generalized
2,19,520,834.0,Direct product generalized
2,19,521,845.0,Direct product generalized
2,19,522,846.0,Direct product generalized
2,19,524,848.0,Direct product generalized
2,19,540,849.0,Direct product
2,19,560,851.0,Direct product
2,19,561,879.0,Direct product generalized
2,19,562,880.0,Direct product generalized
2,19,564,881.0,Direct product generalized
2,19,565,882.0,Direct product generalized
2,19,570,883.0,Direct product generalized
2,19,576,884.0,Direct product generalized
2,19,577,885.0,Direct product generalized
2,19,578,886.0,Direct product generalized
2,19,580,887.0,Direct product generalized
2,19,583,897.0,Direct product generalized
2,19,585,898.0,Direct product generalized
2,19,586,899.0,Direct product generalized
2,19,589,901.0,Direct product generalized
2,19,593,902.0,Direct product generalized
2,19,596,903.0,Direct product generalized
2,19,599,904.0,Direct product generalized
2,19,600,907.0,Direct product generalized
2,19,603,917.0,Direct product generalized
2,19,620,918.0,Direct product
2,19,640,919.0,Direct product
2,19,648,922.0,Direct product
2,19,672,924.0,Direct product
2,19,678,944.0,Direct product generalized
2,19,684,945.0,Direct product generalized
2,19,700,946.0,Direct product generalized
2,19,705,959.0,Direct product generalized
2,19,714,960.0,Direct product generalized
2,19,719,961.0,Direct product generalized
2,19,725,962.0,Direct product generalized
2,19,727,963.0,Direct product generalized
2,19,728,964.0,Direct product generalized
2,19,729,978.0,Direct product generalized
2,19,742,979.0,Direct product generalized
2,19,745,980.0,Direct product generalized
2,19,755,981.0,Direct product generalized
2,19,756,982.0,Direct product generalized
2,19,768,992.0,Direct product
2,19,770,998.0,Direct product generalized
2,19,784,999.0,Direct product
2,19,888,1002.0,PCAx2PCA
2,19,900,1014.0,Direct product
2,19,908,1015.0,PCAx2PCA
2,19,920,1027.0,Direct product
2,19,928,1028.0,PCAx2PCA
2,19,952,1040.0,PCAx2PCA
2,19,7961,1045.0,PCAx2PCA
2,19,7980,1062.0,Direct product
2,19,8000,1079.0,Direct product
2,19,9120,1118.0,Direct product
2,19,9139,1135.0,Direct product generalized
2,19,9582,1136.0,PCAx2PCA
2,19,9600,1153.0,Direct product
2,19,9680,1157.0,PCAx2PCA
2,19,10000,1158.0,PCAxPCA
2,19,10014,1168.0,Direct product generalized
2,19,10052,1169.0,Direct product generalized
2,19,10091,1171.0,Direct product generalized
2,19,10168,1172.0,Direct product generalized
2,19,10225,1173.0,Direct product generalized
2,19,10320,1174.0,Direct product generalized
2,19,10359,1175.0,Direct product generalized
2,19,10378,1176.0,Direct product generalized
2,19,10379,1177.0,Direct product generalized
2,19,10400,1179.0,PCAxPCA
2,19,10412,1187.0,Direct product generalized
2,19,10431,1188.0,Direct product generalized
2,19,10469,1190.0,Direct product generalized
2,19,10944,1191.0,Direct product
2,19,11172,1193.0,Direct product
2,19,11200,1210.0,PCAxPCA
2,19,11418,1213.0,Direct product generalized
2,19,11500,1214.0,Direct product generalized
2,19,11520,1227.0,Direct product
2,19,11534,1228.0,Direct product generalized
2,19,11719,1229.0,Direct product generalized
2,19,11831,1230.0,Direct product generalized
2,19,12000,1231.0,Direct product
2,19,12020,1233.0,Direct product generalized
2,19,12038,1238.0,Direct product generalized
2,19,12067,1245.0,Direct product generalized
2,19,12128,1246.0,Direct product generalized
2,19,12158,1247.0,Direct product generalized
2,19,12256,1248.0,Direct product generalized
2,19,12318,1249.0,Direct product generalized
2,19,12346,1250.0,Direct product generalized
2,19,12480,1251.0,Direct product generalized
2,19,12500,1252.0,Direct product generalized
2,19,12539,1253.0,Direct product generalized
2,19,12542,1254.0,Direct product generalized
2,19,12560,1255.0,Direct product generalized
2,19,12564,1257.0,Direct product generalized
2,19,12580,1258.0,Direct product generalized
2,19,12581,1259.0,Direct product generalized
2,19,12583,1260.0,Direct product generalized
2,19,12768,1261.0,Direct product
2,19,12935,1264.0,PCAx2PCA
2,19,12960,1265.0,PCAxPCA
2,19,13414,1266.0,PCAx2PCA
2,19,13440,1268.0,PCAxPCA
2,19,13520,1286.0,PCAx2PCA
2,19,13680,1287.0,PCAx2PCA
2,19,14000,1288.0,PCAx2PCA
2,19,14040,1305.0,PCAxPCA
2,19,14060,1306.0,PCAxPCA
2,19,14180,1307.0,PCAxPCA
2,19,14560,1308.0,PCAxPCA
2,19,14580,1323.0,PCAxPCA
2,19,14600,1324.0,PCAxPCA
2,19,14820,1325.0,PCAxPCA
2,19,15120,1326.0,PCAxPCA
2,19,15330,1334.0,PCAx2PCA
2,19,15360,1336.0,PCAxPCA
2,19,15552,1338.0,Direct product
2,19,16128,1341.0,Direct product
2,19,17727,1344.0,PCAx2PCA
2,19,17955,1356.0,Direct product
2,19,18126,1357.0,PCAx2PCA
2,19,18354,1369.0,Direct product
2,19,18525,1370.0,PCAx2PCA
2,19,19038,1382.0,PCAx2PCA
2,19,20000,1387.0,Direct product
3,19,20,6859.0,orthogonal array
3,19,21,11791.0,orthogonal array fuse fuse fuse fuse postop NCK
3,19,22,11823.0,orthogonal array fuse fuse fuse fuse postop NCK
3,19,23,11847.0,orthogonal array fuse fuse fuse fuse postop NCK
3,19,24,11869.0,orthogonal array fuse fuse fuse fuse postop NCK
3,19,40,13357.0,Chateauneuf-Kreher doubling
3,19,345,13699.0,SCPHF LFSR (TJ-IM)
3,19,381,13717.0,Raaphorst-Moura-Stevens
3,19,382,20215.0,Add a factor
3,19,395,20539.0,SCPHF Conditional Expectation (CLS)
3,19,399,20574.0,"perfect hash family2,760,381T361"
3,19,405,20575.0,CPHF Random Extension (CLS)
3,19,509,24303.0,SCPHF LFSR (TJ-IM) fuse fuse fuse fuse
3,19,553,24325.0,Raaphorst-Moura-Stevens fuse fuse fuse fuse
3,19,717,26353.0,Path-Restricted SCPHF RE (CLS)
3,19,762,26371.0,Chateauneuf-Kreher doubling
3,19,967,26695.0,"Restricted CPHF Ext  4( 2, 4) WCS"
3,19,974,26713.0,"Restricted CPHF Ext  4( 2, 3) WCS"
3,19,1192,27037.0,"Restricted CPHF Ext  4( 1, 4) WCS"
3,19,1208,27055.0,"Restricted CPHF Ext  4( 1, 3) WCS"
3,19,1651,27379.0,"Restricted CPHF Ext  4( 0, 4) WCS"
3,19,1674,27397.0,"Restricted CPHF Ext  4( 0, 3) WCS"
3,19,1705,27415.0,"Restricted CPHF Ext  4( 0, 2) WCS"
3,19,1709,27433.0,"Restricted CPHF Ext  4( 0, 0) WCS"
3,19,6555,32851.0,Colbourn-Martirosyan-TVT-Walker
3,19,6556,32868.0,Cohen-Colbourn-Ling
3,19,7239,32869.0,Colbourn-Martirosyan-TVT-Walker
3,19,7240,33210.0,Cohen-Colbourn-Ling
3,19,7341,34219.0,"Restricted CPHF Ext  5( 0, 5) WCS"
3,19,7440,34237.0,"Restricted CPHF Ext  5( 0, 4) WCS"
3,19,7529,34255.0,"Restricted CPHF Ext  5( 0, 3) WCS"
3,19,7556,34273.0,"Restricted CPHF Ext  5( 0, 2) WCS"
3,19,7595,34291.0,"Restricted CPHF Ext  5( 0, 0) WCS"
3,19,7620,37494.0,Cohen-Colbourn-Ling
3,19,8463,39349.0,"Restricted CPHF Ext  6( 5, 6) WCS"
3,19,10000,39691.0,"Restricted CPHF Ext  6( 4, 6) WCS"
4,19,20,130321.0,orthogonal array
4,19,21,253422.0,extended OA (Colbourn)
4,19,28,253783.0,3-Restricted SCPHF RE (CL)
4,19,35,260281.0,2-Restricted SCPHF RE (CL)
4,19,38,377227.0,Colbourn-Martirosyan-TVT-Walker
4,19,40,383725.0,Colbourn-Martirosyan-TVT-Walker
4,19,72,384085.0,3-Restricted SCPHF RE (CL)
4,19,79,390583.0,2-Restricted SCPHF RE (CL)
4,19,83,390925.0,SCPHF Random Extension (CLS)
4,19,89,390961.0,CPHF IPO 3 (WCS)
4,19,136,507547.0,"3,3-Restricted SCPHF RE (CL)"
4,19,157,514045.0,"3,2-Restricted SCPHF RE (CL)"
4,19,170,514387.0,3-Restricted SCPHF RE (CL)
4,19,191,520543.0,"2,2-Restricted SCPHF RE (CL)"
4,19,197,520885.0,2-Restricted SCPHF RE (CL)
4,19,199,521227.0,SCPHF Random Extension (CLS)
4,19,233,521281.0,CPHF IPO 4 (WCS)
4,19,361,630667.0,Colbourn-Martirosyan-TVT-Walker
4,19,376,644347.0,"3,2-Restricted SCPHF RE (CL)"
4,19,383,644689.0,3-Restricted SCPHF RE (CL)
4,19,449,650845.0,"2,2-Restricted SCPHF RE (CL)"
4,19,458,651187.0,2-Restricted SCPHF RE (CL)
4,19,462,651529.0,SCPHF Random Extension (CLS)
4,19,587,651601.0,CPHF IPO 5 (WCS)
4,19,643,761311.0,"3,3,3-Restricted SCPHF RE (CL)"
4,19,716,768151.0,"3,3-Restricted SCPHF RE (CL)"
4,19,855,774649.0,"3,2-Restricted SCPHF RE (CL)"
4,19,991,781147.0,"2,2-Restricted SCPHF RE (CL)"
4,19,1062,781489.0,2-Restricted SCPHF RE (CL)
4,19,1070,781831.0,SCPHF Random Extension (CLS)
4,19,1075,781921.0,CPHF Random Extension (CLS)
4,19,2079,912133.0,SCPHF Random Extension (CLS)
4,19,2137,912241.0,CPHF Random Extension (CLS)
4,19,3376,1042435.0,SCPHF Random Extension (CLS)
4,19,3525,1042561.0,CPHF Random Extension (CLS)
4,19,3629,1260973.0,Colbourn-Martirosyan-TVT-Walker
4,19,3743,1261315.0,Colbourn-Martirosyan-TVT-Walker
4,19,3781,1261657.0,Colbourn-Martirosyan-TVT-Walker
4,19,4427,1261711.0,Colbourn-Martirosyan-TVT-Walker
4,19,6555,1371097.0,Colbourn-Martirosyan-TVT-Walker
4,19,6859,1371421.0,Colbourn-Martirosyan-TVT-Walker
4,19,6878,1456938.0,Colbourn-Martirosyan-TVT-Walker
4,19,6973,1460935.0,Colbourn-Martirosyan-TVT-Walker
4,19,6992,1461294.0,Colbourn-Martirosyan-TVT-Walker
4,19,7106,1461301.0,Colbourn-Martirosyan-TVT-Walker
4,19,7144,1465735.0,Colbourn-Martirosyan-TVT-Walker
4,19,7239,1466077.0,Colbourn-Martirosyan-TVT-Walker
4,19,7258,1583041.0,Colbourn-Martirosyan-TVT-Walker
4,19,7277,1588873.0,Colbourn-Martirosyan-TVT-Walker
4,19,7334,1595029.0,Colbourn-Martirosyan-TVT-Walker
4,19,7505,1599535.0,Colbourn-Martirosyan-TVT-Walker
4,19,7562,1600165.0,Colbourn-Martirosyan-TVT-Walker
4,19,7581,1603209.0,Colbourn-Martirosyan-TVT-Walker
4,19,7695,1603227.0,Colbourn-Martirosyan-TVT-Walker
4,19,7714,1670331.0,Colbourn-Martirosyan-TVT-Walker
4,19,7942,1674957.0,Colbourn-Martirosyan-TVT-Walker
4,19,8246,1681237.0,Colbourn-Martirosyan-TVT-Walker
4,19,8398,1684425.0,Colbourn-Martirosyan-TVT-Walker
4,19,8531,1690897.0,Colbourn-Martirosyan-TVT-Walker
4,19,8702,1691239.0,Colbourn-Martirosyan-TVT-Walker
4,19,8778,1699851.0,Colbourn-Martirosyan-TVT-Walker
4,19,9082,1699923.0,Colbourn-Martirosyan-TVT-Walker
4,19,9158,1701601.0,Colbourn-Martirosyan-TVT-Walker
4,19,9538,1710111.0,Colbourn-Martirosyan-TVT-Walker
4,19,9614,1711837.0,Colbourn-Martirosyan-TVT-Walker
4,19,9671,1717063.0,Colbourn-Martirosyan-TVT-Walker
4,19,9747,1717459.0,Colbourn-Martirosyan-TVT-Walker
4,19,9842,1749949.0,Colbourn-Martirosyan-TVT-Walker
4,19,9994,1753473.0,Colbourn-Martirosyan-TVT-Walker
4,19,10000,1758819.0,Colbourn-Martirosyan-TVT-Walker
5,19,20,2476099.0,orthogonal array
5,19,21,4815018.0,extended OA (Colbourn)
5,19,22,4945339.0,3-Restricted SCPHF RE (CL)
5,19,23,4952197.0,CPHF IPO 2 (WCS)
5,19,24,6436335.0,orthogonal array fuse fuse fuse fuse
5,19,37,7297957.0,4-Restricted SCPHF RE (CL)
5,19,40,7421419.0,3-Restricted SCPHF RE (CL)
5,19,41,7428259.0,SCPHF Random Extension (CLS)
5,19,45,7428295.0,CPHF IPO 3 (WCS)
5,19,60,9643735.0,"4,4-Restricted SCPHF RE (CL)"
5,19,68,9774037.0,4-Restricted SCPHF RE (CL)
5,19,75,9897499.0,3-Restricted SCPHF RE (CL)
5,19,77,9903997.0,2-Restricted SCPHF RE (CL)
5,19,78,9904339.0,SCPHF Random Extension (CLS)
5,19,89,9904393.0,CPHF IPO 4 (WCS)
5,19,107,12119815.0,"4,4-Restricted SCPHF RE (CL)"
5,19,126,12250117.0,4-Restricted SCPHF RE (CL)
5,19,136,12373579.0,3-Restricted SCPHF RE (CL)
5,19,143,12380077.0,2-Restricted SCPHF RE (CL)
5,19,180,14465593.0,"4,4,4-Restricted SCPHF RE (CL)"
5,19,207,14595895.0,"4,4-Restricted SCPHF RE (CL)"
5,19,233,14726197.0,4-Restricted SCPHF RE (CL)
5,19,258,14849659.0,3-Restricted SCPHF RE (CL)
5,19,262,14856157.0,2-Restricted SCPHF RE (CL)
5,19,269,14856589.0,CPHF Random Extension (CLS)
5,19,343,16941673.0,"4,4,4-Restricted SCPHF RE (CL)"
5,19,373,17071975.0,"4,4-Restricted SCPHF RE (CL)"
5,19,446,17202277.0,4-Restricted SCPHF RE (CL)
5,19,461,17325739.0,3-Restricted SCPHF RE (CL)
5,19,466,17332237.0,2-Restricted SCPHF RE (CL)
5,19,470,17332579.0,SCPHF Random Extension (CLS)
5,19,473,17332687.0,CPHF Random Extension (CLS)
5,19,597,19417753.0,"4,4,4-Restricted SCPHF RE (CL)"
5,19,671,19548055.0,"4,4-Restricted SCPHF RE (CL)"
5,19,723,19678357.0,4-Restricted SCPHF RE (CL)
5,19,838,19801819.0,3-Restricted SCPHF RE (CL)
5,19,851,19808317.0,2-Restricted SCPHF RE (CL)
5,19,852,28938007.0,Add 1 factors
5,19,853,35449003.0,Add 2 factors
5,19,854,37794781.0,Add 3 factors
5,19,857,40134061.0,Add 19 factors
5,19,870,40140559.0,Add 19 factors
5,19,871,49270249.0,Add 19 factors
5,19,872,55781245.0,Add 19 factors
5,19,878,56929374.0,"perfect hash family3,1254,837T376"
5,19,883,56935872.0,"perfect hash family3,1254,837T371"
5,19,887,56936214.0,"perfect hash family3,1254,837T367"
5,19,890,56936322.0,"perfect hash family3,1254,837T364"
5,19,894,56949210.0,"perfect hash family3,1275,851T381"
5,19,897,56949318.0,"perfect hash family3,1275,851T378"
5,19,931,58513860.0,"perfect hash family3,1005,671T74"
5,19,1005,58644162.0,"perfect hash family3,1005,671"
5,19,1031,58904766.0,"perfect hash family3,1083,723T52"
5,19,1083,59035068.0,"perfect hash family3,1083,723"
5,19,1088,59151690.0,"perfect hash family3,1254,837T166"
5,19,1095,59164686.0,"perfect hash family3,1275,851T180"
5,19,1140,59281992.0,"perfect hash family3,1254,837T114"
5,19,1147,59294988.0,"perfect hash family3,1275,851T128"
5,19,1255,59405454.0,"perfect hash family3,1255,838"
5,19,1262,59418450.0,"perfect hash family3,1275,851T13"
5,19,1275,59424948.0,"perfect hash family3,1275,851"
5,19,1336,66586878.0,"Power N-CT41^2Trin1,4,4"
5,19,1369,66593718.0,Power N-CT41^2T4T4
5,19,1375,66696660.0,Power N-CT41^2Arc(4)T4
5,19,1409,66703500.0,Power N-CT41^2Arc(3)T4
5,19,1444,66710340.0,Power N-CT41^2Arc(2)T4
5,19,1480,66717180.0,Power N-CT41^2T4T1
5,19,1517,66724020.0,Power N-CT41^2T4
5,19,1591,66724308.0,Power N-CT43^2T6
5,19,1600,66840642.0,Power N-CT41^2T1T1
5,19,1640,66847482.0,Power N-CT41^2T1
5,19,1720,66847770.0,Power N-CT43^2T3
5,19,1763,66854610.0,Power N-CT43^2T2
5,19,1851,66854646.0,Power N-CT43^2+2
5,19,1865,75716136.0,"perfect hash family4,3125,625T252"
5,19,2230,75846438.0,"perfect hash family4,3125,625T179"
5,19,2305,75969900.0,"perfect hash family4,3125,625T164"
5,19,2330,75976398.0,"perfect hash family4,3125,625T159"
5,19,2350,75976740.0,"perfect hash family4,3125,625T155"
5,19,2365,75976848.0,"perfect hash family4,3125,625T152"
5,19,2985,78061914.0,"perfect hash family4,3125,625T28"
5,19,3125,78192216.0,"perfect hash family4,3125,625"
5,19,3293,86533092.0,Power N-CT89^2T52
5,19,3334,86656482.0,"Power N-CT79^2Trin1,4,34"
5,19,3375,86656536.0,Power N-CT79^2T34T4
5,19,3560,86656554.0,Power N-CT89^2T49
5,19,3649,86663394.0,Power N-CT89^2T48
5,19,4005,86663430.0,Power N-CT89^2T44
5,19,4020,87836022.0,Power N-CT67^2T7
5,19,4490,87966324.0,Power N-CT67^2+1
5,19,4624,88830558.0,Power N-CT71^2T3T3
5,19,4680,88878816.0,Power N-CT79^2T19T1
5,19,5340,88878870.0,Power N-CT89^2T29
5,19,6052,89009172.0,Power N-CT89^2T21
5,19,6675,89132634.0,Power N-CT89^2T14
5,19,6853,89139132.0,Power N-CT89^2T12
5,19,6942,89139474.0,Power N-CT89^2T11
5,19,7921,89139528.0,Power N-CT89^2
5,19,8000,96567822.0,Power CT23^3T3T3T3
5,19,8400,98906741.0,Power CT23^3T3T3T2
5,19,8800,99037062.0,Power CT23^3T3T3T1
5,19,9200,99043920.0,Power CT23^3T3T3
5,19,9240,101375981.0,Power CT23^3T3T2T1
5,19,9660,101382839.0,Power CT23^3T3T2
5,19,9680,101506302.0,Power CT23^3T3T1T1
5,19,10000,101513160.0,Power CT23^3T3T1
6,19,20,47045881.0,orthogonal array
6,19,21,91485342.0,extended OA (Colbourn)
6,19,22,136055124.0,Add 1 factors
6,19,25,138661525.0,5-Restricted SCPHF RE (CL)
6,19,27,141007303.0,4-Restricted SCPHF RE (CL)
6,19,29,141137605.0,SCPHF Random Extension (CLS)
6,19,31,141137641.0,CPHF IPO 3 (WCS)
6,19,37,183231307.0,"5,5-Restricted SCPHF RE (CL)"
6,19,41,185707387.0,5-Restricted SCPHF RE (CL)
6,19,45,188053165.0,4-Restricted SCPHF RE (CL)
6,19,46,188183521.0,CPHF Random Extension (CLS)
6,19,59,230277169.0,"5,5-Restricted SCPHF RE (CL)"
6,19,65,232753249.0,5-Restricted SCPHF RE (CL)
6,19,70,235099027.0,4-Restricted SCPHF RE (CL)
6,19,74,235222489.0,3-Restricted SCPHF RE (CL)
6,19,76,235229401.0,CPHF Random Extension (CLS)
6,19,87,274846951.0,"5,5,5-Restricted SCPHF RE (CL)"
6,19,100,277323031.0,"5,5-Restricted SCPHF RE (CL)"
6,19,110,279799111.0,5-Restricted SCPHF RE (CL)
6,19,118,282144889.0,4-Restricted SCPHF RE (CL)
6,19,122,282268351.0,3-Restricted SCPHF RE (CL)
6,19,124,282274849.0,2-Restricted SCPHF RE (CL)
6,19,201,329321053.0,SCPHF Random Extension (CLS)
6,19,202,507599155.0,Add 1 factors
6,19,203,596615257.0,Add 2 factors
6,19,204,683409043.0,Add 3 factors
6,19,205,727978825.0,Add 4 factors
6,19,361,752733811.0,"perfect hash family16,361,19,c"
6,19,362,752734080.0,Power CT19^2+1
6,19,363,968422194.0,Add 1 factors
6,19,364,1057555260.0,Add 2 factors
6,19,365,1144349046.0,Add 3 factors
6,19,366,1188918828.0,Add 4 factors
6,19,380,1233488341.0,Add 19 factors
6,19,381,1233488610.0,Add 19 factors
6,19,382,1453855284.0,Add 19 factors
6,19,515,1505467603.0,"perfect hash family32,515,19,c"
6,19,516,1505468160.0,"perfect hash family32,516,20"
6,19,517,1728315702.0,Add 1 factors
6,19,518,1886379552.0,Add 2 factors
6,19,561,1975926312.0,"perfect hash family6,561,201"
6,19,580,2022972336.0,Power N-CT29^2T9
6,19,620,2022972840.0,Power N-CT31^2T11
6,19,651,2067412301.0,Power N-CT31^2T10
6,19,682,2111982083.0,Power N-CT31^2T9
6,19,725,2114587980.0,Power N-CT29^2T4
6,19,775,2114588484.0,Power N-CT31^2T6
6,19,783,2116933758.0,Power N-CT29^2T2
6,19,837,2116934262.0,Power N-CT31^2T4
6,19,841,2117064060.0,Power N-CT29^2
6,19,899,2117064564.0,Power N-CT31^2T2
6,19,961,2117064600.0,Power N-CT31^2
6,19,962,2384216874.0,Add 1 factors
6,19,973,2550381462.0,"Power N-CT41^2Trin4,4,12"
6,19,1039,2550381498.0,"Power N-CT41^2Trin4,4,10"
6,19,1073,2552857542.0,Power N-CT41^2T12T4
6,19,1147,2552857578.0,Power N-CT41^2T10T4
6,19,1189,2555333622.0,Power N-CT41^2T12
6,19,1271,2555333658.0,Power N-CT41^2T10
6,19,1333,2585828772.0,Power N-CT43^2T12
6,19,1369,2594951244.0,Power N-CT41^2T4T4
6,19,1517,2597427324.0,Power N-CT41^2T4
6,19,1681,2599903404.0,Power N-CT41^2
6,19,1763,2630398518.0,Power N-CT43^2T2
6,19,1851,2632744296.0,Power N-CT43^2+2
6,19,1852,2634569280.0,Power N-CT43^2+3
6,19,1861,2887131168.0,Power N-CT47^2Arc(8)
6,19,1901,2929224816.0,Power N-CT47^2Arc(7)
6,19,1946,2961214794.0,"Power N-CT73^2Trin3,8,42"
6,19,2015,2961338256.0,Power N-CT73^2T42T8
6,19,2025,2963553696.0,Power N-CT73^2T28T28
6,19,2086,2963560572.0,"Power N-CT73^2Trin3,3,42"
6,19,2170,2963684034.0,Power N-CT73^2T42T3
6,19,2263,2963807496.0,Power N-CT73^2T42
6,19,2266,3000962736.0,"Power N-CT73^2Trin14,14,27"
6,19,2407,3003308460.0,"Power N-CT73^2Trin8,14,28"
6,19,2419,3003431922.0,Power N-CT73^2T32T14
6,19,2458,3003438816.0,"Power N-CT73^2Trin8,14,27"
6,19,2562,3005654238.0,"Power N-CT73^2Trin3,14,28"
6,19,2655,3005777700.0,Power N-CT73^2T28T14
6,19,2701,3005901162.0,Power N-CT73^2T36
6,19,2714,3005908056.0,Power N-CT73^2T27T14
6,19,2814,3008130318.0,"Power N-CT73^2Trin3,8,28"
6,19,2925,3008253780.0,Power N-CT73^2T28T8
6,19,2993,3008377242.0,Power N-CT73^2T32
6,19,3024,3010476096.0,"Power N-CT73^2Trin3,3,28"
6,19,3150,3010599558.0,Power N-CT73^2T28T3
6,19,3285,3010723020.0,Power N-CT73^2T28
6,19,3358,3010853376.0,Power N-CT73^2T27
6,19,3481,3048001704.0,Power N-CT73^2T14T14
6,19,3682,3050354322.0,"Power N-CT73^2Trin3,8,14"
6,19,3835,3050477784.0,Power N-CT73^2T14T8
6,19,3962,3052700100.0,"Power N-CT73^2Trin3,3,14"
6,19,4130,3052823562.0,Power N-CT73^2T14T3
6,19,4307,3052947024.0,Power N-CT73^2T14
6,19,4364,3055176180.0,"Power N-CT73^2Trin3,3,8"
6,19,4550,3055299642.0,Power N-CT73^2T8T3
6,19,4745,3055423104.0,Power N-CT73^2T8
6,19,4900,3057645420.0,Power N-CT73^2T3T3
6,19,5110,3057768882.0,Power N-CT73^2T3
6,19,5330,3057892344.0,Power N-CT73^2+1
6,19,5332,3057982200.0,Power N-CT73^2+3
6,19,5411,3454150788.0,"Power N-CT79^2Trin3,3,5"
6,19,5557,3454157700.0,"Power N-CT79^2Trin3,3,3"
6,19,5624,3493768338.0,Power N-CT79^2T5T3
6,19,5776,3493775250.0,Power N-CT79^2T3T3
6,19,5810,3533262426.0,Power N-CT83^2T13
6,19,6142,3533385888.0,Power N-CT83^2T9
6,19,6308,3533392800.0,Power N-CT83^2T7
6,19,6464,3558153600.0,"Power N-CT89^2Trin2,2,13"
6,19,6612,3560629680.0,Power N-CT89^2T13T2
6,19,6790,3562975386.0,Power N-CT97^2T27
6,19,7178,3563098848.0,Power N-CT97^2T23
6,19,7372,3563105760.0,Power N-CT97^2T21
6,19,7378,3582914400.0,Power N-CT101^2Arc(4)T25
6,19,7451,3585390480.0,Power N-CT101^2Arc(3)T25
6,19,7525,3587866560.0,Power N-CT101^2Arc(2)T25
6,19,7600,3590342640.0,Power N-CT101^2T25T1
6,19,7630,3592688346.0,"perfect hash family13,11881,109T39"
6,19,8066,3592811808.0,"perfect hash family13,11881,109T35"
6,19,8284,3592818720.0,"perfect hash family13,11881,109T33"
6,19,8790,3602723310.0,Power N-CT101^2Arc(13)T2
6,19,9412,3605199390.0,Power N-CT97^2+3
6,19,9421,3617579790.0,Power N-CT101^2Arc(8)
6,19,9515,3620055870.0,Power N-CT101^2Arc(7)
6,19,9610,3622531950.0,Power N-CT101^2Arc(6)
6,19,9706,3625008030.0,Power N-CT101^2Arc(5)
6,19,9803,3627484110.0,Power N-CT101^2Arc(4)
6,19,9901,3629960190.0,Power N-CT101^2Arc(3)
6,19,10000,3632436270.0,Power N-CT101^2T1T1
2,20,6,400.0,orthogonal array
2,20,7,423.0,Add Factor SO (AG-TJ-IM)
2,20,9,425.0,Add Factor SO (AG-TJ-IM)
2,20,10,427.0,Add Factor SO (AG-TJ-IM)
2,20,13,429.0,Add Factor SO (AG-TJ-IM)
2,20,14,434.0,Add Factor SO (AG-TJ-IM)
2,20,16,435.0,Add Factor SO (AG-TJ-IM)
2,20,17,440.0,Add Factor SO (AG-TJ-IM)
2,20,18,443.0,Add Factor SO (AG-TJ-IM)
2,20,19,447.0,Add Factor SO (AG-TJ-IM)
2,20,20,451.0,Add Factor SO (AG-TJ-IM)
2,20,22,504.0,Add Factor SO (AG-TJ-IM)
2,20,24,506.0,Add Factor SO (AG-TJ-IM)
2,20,25,512.0,projection (C) postop NCK
2,20,26,517.0,projection (C) postop NCK
2,20,27,520.0,projection (C) postop TJ-SA
2,20,28,586.0,projection (C) postop NCK
2,20,29,589.0,projection (C) postop NCK
2,20,30,590.0,projection (C) postop NCK
2,20,31,592.0,projection (C) postop NCK
2,20,32,659.0,projection (C) postop NCK
2,20,33,661.0,projection (C) postop NCK
2,20,34,663.0,projection (C) postop NCK
2,20,35,666.0,projection (C) postop NCK
2,20,36,679.0,projection (C) postop NCK
2,20,37,685.0,simulated annealing (Torres-Jimenez) postop NCK
2,20,38,707.0,simulated annealing (Torres-Jimenez) postop NCK
2,20,39,740.0,projection (C) postop NCK
2,20,43,754.0,Fix 5 symbols (LCDST) postop TJ-SA
2,20,45,755.0,Fix 5 symbols (LCDST) postop TJ-SA
2,20,47,756.0,Fix 5 symbols (LCDST)
2,20,49,761.0,Fix 6 symbols (LCDST)
2,20,50,775.0,Fix 6 symbols (LCDST)
2,20,51,789.0,Fix 6 symbols (LCDST)
2,20,54,793.0,Fix 7 symbols (LCDST)
2,20,55,806.0,Fix 7 symbols (LCDST)
2,20,60,807.0,PCAxPCA
2,20,78,809.0,PCAxPCA
2,20,84,814.0,PCAxPCA
2,20,96,815.0,PCAxPCA
2,20,102,820.0,PCAxPCA
2,20,108,823.0,PCAxPCA
2,20,114,827.0,PCAxPCA
2,20,120,831.0,PCAxPCA
2,20,130,836.0,Direct product
2,20,169,838.0,Direct product
2,20,182,843.0,Direct product
2,20,208,844.0,Direct product
2,20,224,849.0,Direct product
2,20,256,850.0,Direct product
2,20,272,855.0,Direct product
2,20,288,858.0,Direct product
2,20,289,860.0,Direct product
2,20,304,862.0,Direct product
2,20,306,863.0,Direct product
2,20,324,866.0,Direct product
2,20,342,870.0,Direct product
2,20,384,874.0,Direct product
2,20,385,878.0,Direct product generalized
2,20,408,879.0,Direct product
2,20,409,881.0,Direct product generalized
2,20,432,882.0,Direct product
2,20,433,885.0,Direct product generalized
2,20,456,886.0,Direct product
2,20,457,889.0,Direct product generalized
2,20,480,890.0,Direct product
2,20,500,911.0,Direct product generalized
2,20,502,926.0,Direct product generalized
2,20,506,927.0,Direct product generalized
2,20,512,928.0,Direct product generalized
2,20,516,929.0,Direct product generalized
2,20,518,930.0,Direct product generalized
2,20,519,931.0,Direct product generalized
2,20,520,932.0,Direct product generalized
2,20,528,943.0,Direct product
2,20,533,944.0,Direct product generalized
2,20,552,945.0,Direct product
2,20,553,948.0,Direct product generalized
2,20,576,949.0,Direct product
2,20,600,951.0,Direct product
2,20,601,954.0,Direct product generalized
2,20,624,955.0,Direct product
2,20,625,957.0,Direct product generalized
2,20,648,958.0,Direct product
2,20,653,977.0,Direct product generalized
2,20,659,979.0,Direct product generalized
2,20,675,980.0,Direct product generalized
2,20,682,994.0,Direct product generalized
2,20,687,995.0,Direct product generalized
2,20,693,996.0,Direct product generalized
2,20,698,997.0,Direct product generalized
2,20,700,998.0,Direct product generalized
2,20,701,999.0,Direct product generalized
2,20,702,1000.0,Direct product generalized
2,20,713,1013.0,Direct product generalized
2,20,715,1014.0,Direct product generalized
2,20,729,1017.0,Direct product generalized
2,20,741,1020.0,Direct product generalized
2,20,745,1026.0,Direct product generalized
2,20,749,1029.0,Direct product generalized
2,20,753,1030.0,Direct product generalized
2,20,757,1032.0,Direct product generalized
2,20,760,1046.0,Direct product generalized
2,20,764,1049.0,Direct product generalized
2,20,766,1050.0,Direct product generalized
2,20,768,1051.0,Direct product generalized
2,20,775,1052.0,Direct product generalized
2,20,777,1054.0,Direct product generalized
2,20,780,1055.0,Direct product generalized
2,20,781,1056.0,Direct product generalized
2,20,783,1057.0,Direct product generalized
2,20,787,1067.0,Direct product generalized
2,20,795,1068.0,Direct product generalized
2,20,801,1069.0,Direct product generalized
2,20,804,1070.0,Direct product generalized
2,20,805,1071.0,Direct product generalized
2,20,806,1072.0,Direct product generalized
2,20,808,1075.0,Direct product generalized
2,20,810,1076.0,Direct product generalized
2,20,823,1087.0,Direct product generalized
2,20,837,1089.0,Direct product generalized
2,20,849,1092.0,Direct product generalized
2,20,852,1099.0,Direct product generalized
2,20,856,1100.0,Direct product generalized
2,20,860,1102.0,Direct product generalized
2,20,864,1104.0,Direct product generalized
2,20,867,1105.0,Direct product generalized
2,20,871,1108.0,Direct product generalized
2,20,875,1119.0,Direct product generalized
2,20,878,1120.0,Direct product generalized
2,20,881,1122.0,Direct product generalized
2,20,888,1123.0,Direct product
2,20,891,1126.0,Direct product generalized
2,20,896,1127.0,Direct product generalized
2,20,897,1128.0,Direct product generalized
2,20,899,1129.0,Direct product generalized
2,20,903,1139.0,Direct product generalized
2,20,909,1144.0,Direct product generalized
2,20,925,1145.0,Direct product generalized
2,20,928,1147.0,Direct product generalized
2,20,930,1148.0,Direct product generalized
2,20,934,1155.0,Direct product generalized
2,20,938,1156.0,Direct product generalized
2,20,941,1157.0,Direct product generalized
2,20,942,1158.0,Direct product generalized
2,20,946,1159.0,Direct product generalized
2,20,949,1160.0,Direct product generalized
2,20,954,1161.0,Direct product generalized
2,20,958,1162.0,Direct product generalized
2,20,960,1163.0,Direct product generalized
2,20,963,1164.0,Direct product generalized
2,20,974,1165.0,Direct product generalized
2,20,975,1167.0,Direct product generalized
2,20,978,1168.0,Direct product generalized
2,20,989,1176.0,Direct product generalized
2,20,992,1179.0,Direct product generalized
2,20,993,1180.0,Direct product generalized
2,20,1015,1182.0,Direct product generalized
2,20,1016,1185.0,Direct product generalized
2,20,1028,1190.0,Direct product generalized
2,20,1040,1194.0,Direct product generalized
2,20,1046,1199.0,Direct product generalized
2,20,1066,1207.0,Direct product generalized
2,20,1082,1210.0,Direct product generalized
2,20,1128,1212.0,Direct product
2,20,1130,1216.0,Direct product generalized
2,20,1176,1217.0,Direct product
2,20,1248,1224.0,PCAxPCA
2,20,1344,1229.0,PCAxPCA
2,20,1536,1230.0,PCAxPCA
2,20,1632,1235.0,PCAxPCA
2,20,1728,1238.0,PCAxPCA
2,20,1734,1240.0,PCAxPCA
2,20,1824,1242.0,PCAxPCA
2,20,1836,1243.0,PCAxPCA
2,20,1944,1246.0,PCAxPCA
2,20,2197,1247.0,Direct product
2,20,2366,1252.0,Direct product
2,20,2704,1253.0,Direct product
2,20,2912,1258.0,Direct product
2,20,3328,1259.0,Direct product
2,20,3584,1264.0,Direct product
2,20,4096,1265.0,Direct product
2,20,4352,1270.0,Direct product
2,20,4608,1273.0,Direct product
2,20,4624,1275.0,Direct product
2,20,4864,1277.0,Direct product
2,20,4896,1278.0,Direct product
2,20,4913,1280.0,Direct product
2,20,5184,1281.0,Direct product
2,20,5202,1283.0,Direct product
2,20,5472,1285.0,Direct product
2,20,5508,1286.0,Direct product
2,20,6144,1289.0,Direct product
2,20,6160,1293.0,Direct product
2,20,6528,1294.0,Direct product
2,20,6544,1296.0,Direct product
2,20,6912,1297.0,Direct product
2,20,6936,1299.0,Direct product
2,20,7296,1301.0,Direct product
2,20,7344,1302.0,Direct product
2,20,7362,1304.0,Direct product
2,20,7776,1305.0,Direct product
2,20,7794,1308.0,Direct product
2,20,8208,1309.0,Direct product
2,20,8880,1312.0,Direct product
2,20,9200,1315.0,Direct product generalized
2,20,9432,1317.0,Direct product
2,20,9455,1319.0,Direct product generalized
2,20,9984,1320.0,Direct product
2,20,10350,1323.0,Direct product generalized
2,20,10536,1324.0,Direct product
2,20,10925,1327.0,Direct product generalized
2,20,11088,1328.0,Direct product
2,20,11500,1331.0,Direct product generalized
2,20,11520,1347.0,Direct product
2,20,11616,1349.0,Direct product
2,20,12000,1350.0,Direct product
2,20,12020,1351.0,Direct product generalized
2,20,12027,1367.0,Direct product generalized
2,20,12115,1368.0,Direct product generalized
2,20,12207,1369.0,Direct product generalized
2,20,12480,1370.0,Direct product generalized
2,20,12500,1371.0,Direct product generalized
2,20,12503,1372.0,Direct product generalized
2,20,12560,1373.0,Direct product generalized
2,20,12572,1382.0,Direct product generalized
2,20,12768,1383.0,Direct product
2,20,12912,1385.0,Direct product
2,20,13248,1386.0,Direct product
2,20,13392,1387.0,Direct product
2,20,13824,1388.0,Direct product
2,20,13848,1389.0,Direct product
2,20,14400,1391.0,Direct product
2,20,14424,1394.0,Direct product generalized
2,20,14976,1395.0,Direct product
2,20,15000,1397.0,Direct product generalized
2,20,15552,1398.0,Direct product
2,20,15555,1414.0,Direct product generalized
2,20,15624,1415.0,Direct product
2,20,15648,1416.0,Direct product
2,20,15816,1417.0,Direct product
2,20,16200,1418.0,Direct product
2,20,16281,1420.0,Direct product generalized
2,20,16374,1434.0,Direct product generalized
2,20,16496,1435.0,Direct product generalized
2,20,16654,1436.0,Direct product generalized
2,20,16809,1437.0,Direct product generalized
2,20,16858,1438.0,Direct product generalized
2,20,16892,1439.0,Direct product generalized
2,20,16936,1440.0,Direct product generalized
2,20,16956,1441.0,Direct product generalized
2,20,16967,1442.0,Direct product generalized
2,20,16983,1443.0,Direct product generalized
2,20,16986,1444.0,Direct product generalized
2,20,16987,1445.0,Direct product generalized
2,20,16994,1446.0,Direct product generalized
2,20,17010,1447.0,Direct product generalized
2,20,17013,1449.0,Direct product generalized
2,20,17014,1450.0,Direct product generalized
2,20,17030,1451.0,Direct product generalized
2,20,17160,1452.0,Direct product
2,20,17193,1453.0,Direct product generalized
2,20,17454,1454.0,Direct product generalized
2,20,17496,1455.0,Direct product
2,20,18030,1457.0,Direct product generalized
2,20,18135,1460.0,Direct product generalized
2,20,18144,1461.0,Direct product generalized
2,20,18171,1466.0,Direct product generalized
2,20,18180,1468.0,Direct product generalized
2,20,18216,1469.0,Direct product generalized
2,20,18243,1470.0,Direct product generalized
2,20,18252,1471.0,Direct product generalized
2,20,18297,1472.0,Direct product generalized
2,20,18336,1474.0,Direct product generalized
2,20,18515,1476.0,Direct product generalized
2,20,18867,1477.0,Direct product generalized
2,20,18975,1480.0,Direct product generalized
2,20,19030,1492.0,Direct product generalized
2,20,19090,1493.0,Direct product generalized
2,20,19117,1495.0,Direct product generalized
2,20,19187,1496.0,Direct product generalized
2,20,19204,1497.0,Direct product generalized
2,20,19467,1498.0,Direct product generalized
2,20,19491,1499.0,Direct product generalized
2,20,19602,1501.0,Direct product generalized
2,20,19656,1506.0,Direct product generalized
2,20,19695,1507.0,Direct product generalized
2,20,19791,1509.0,Direct product generalized
2,20,19845,1510.0,Direct product generalized
2,20,19904,1511.0,Direct product generalized
2,20,19920,1512.0,Direct product generalized
2,20,19980,1513.0,Direct product generalized
2,20,20000,1514.0,Direct product generalized
3,20,6,8000.0,orthogonal array (Ji-Yin)
3,20,11,8930.0,ordered design (CCL)
3,20,12,9500.0,ordered design (CCL)
3,20,14,9690.0,ordered design (CCL)
3,20,16,9880.0,ordered design (CCL)
3,20,20,10070.0,ordered design (CCL)
3,20,21,11990.0,orthogonal array fuse fuse fuse postop NCK
3,20,22,12000.0,orthogonal array fuse fuse fuse postop NCK
3,20,23,12012.0,orthogonal array fuse fuse fuse postop NCK
3,20,24,12026.0,orthogonal array fuse fuse fuse postop NCK
3,20,25,15209.0,orthogonal array fuse fuse fuse fuse fuse postop NCK
3,20,26,15219.0,orthogonal array fuse fuse fuse fuse fuse postop NCK
3,20,28,17936.0,Chateauneuf-Kreher doubling
3,20,32,18145.0,Chateauneuf-Kreher doubling
3,20,34,18430.0,Chateauneuf-Kreher doubling
3,20,36,18677.0,Chateauneuf-Kreher doubling
3,20,38,18753.0,Chateauneuf-Kreher doubling
3,20,40,19019.0,Chateauneuf-Kreher doubling
3,20,42,21566.0,Chateauneuf-Kreher doubling
3,20,44,21576.0,Chateauneuf-Kreher doubling
3,20,46,21626.0,Chateauneuf-Kreher doubling
3,20,48,21640.0,Chateauneuf-Kreher doubling
3,20,509,24305.0,SCPHF LFSR (TJ-IM) fuse fuse fuse
3,20,553,24327.0,Raaphorst-Moura-Stevens fuse fuse fuse
3,20,603,31215.0,SCPHF LFSR (TJ-IM) fuse fuse fuse fuse fuse
3,20,651,31239.0,Raaphorst-Moura-Stevens fuse fuse fuse fuse fuse
3,20,1802,36040.0,Cyclotomy (Colbourn)
3,20,2142,42840.0,Cyclotomy (Colbourn)
3,20,2162,43220.0,Cyclotomy (Colbourn)
3,20,2342,46820.0,Cyclotomy (Colbourn)
3,20,2492,48593.0,"Restricted CPHF Ext  4( 0, 4) WCS fuse fuse fuse"
3,20,2516,48615.0,"Restricted CPHF Ext  4( 0, 3) WCS fuse fuse fuse"
3,20,2534,48637.0,"Restricted CPHF Ext  4( 0, 2) WCS fuse fuse fuse"
3,20,2542,48659.0,"Restricted CPHF Ext  4( 0, 0) WCS fuse fuse fuse"
3,20,2546,49650.0,Cohen-Colbourn-Ling
3,20,2601,49672.0,Cohen-Colbourn-Ling
3,20,2661,49900.0,Cohen-Colbourn-Ling
3,20,2691,49938.0,Cohen-Colbourn-Ling
3,20,2761,49957.0,Cohen-Colbourn-Ling
3,20,2766,49976.0,Cohen-Colbourn-Ling
3,20,2772,51443.0,Cohen-Colbourn-Ling
3,20,2838,51531.0,Cohen-Colbourn-Ling
3,20,2844,51597.0,Cohen-Colbourn-Ling
3,20,2856,51619.0,Cohen-Colbourn-Ling
3,20,2862,51729.0,Cohen-Colbourn-Ling
3,20,2868,51795.0,Cohen-Colbourn-Ling
3,20,2880,51861.0,Cohen-Colbourn-Ling
3,20,2904,51905.0,Cohen-Colbourn-Ling
3,20,3000,51927.0,Cohen-Colbourn-Ling
3,20,3006,52367.0,Cohen-Colbourn-Ling
3,20,3054,52389.0,Cohen-Colbourn-Ling
3,20,3120,52411.0,Cohen-Colbourn-Ling
3,20,3192,52675.0,Cohen-Colbourn-Ling
3,20,3228,52719.0,Cohen-Colbourn-Ling
3,20,3312,52741.0,Cohen-Colbourn-Ling
3,20,3318,52763.0,Cohen-Colbourn-Ling
3,20,3331,53921.0,Cohen-Colbourn-Ling
3,20,3515,54017.0,Cohen-Colbourn-Ling
3,20,3699,54113.0,Cohen-Colbourn-Ling
3,20,3787,54209.0,Cohen-Colbourn-Ling
3,20,3795,54281.0,Cohen-Colbourn-Ling
3,20,3811,54305.0,Cohen-Colbourn-Ling
3,20,3819,54425.0,Cohen-Colbourn-Ling
3,20,3827,54497.0,Cohen-Colbourn-Ling
3,20,3843,54569.0,Cohen-Colbourn-Ling
3,20,3875,54617.0,Cohen-Colbourn-Ling
3,20,4003,54641.0,Cohen-Colbourn-Ling
3,20,4011,55121.0,Cohen-Colbourn-Ling
3,20,4075,55145.0,Cohen-Colbourn-Ling
3,20,4581,55157.0,Cohen-Colbourn-Ling
3,20,4977,55179.0,Cohen-Colbourn-Ling
3,20,5090,55265.0,Cohen-Colbourn-Ling
3,20,5530,55287.0,Cohen-Colbourn-Ling
3,20,5599,55373.0,Cohen-Colbourn-Ling
3,20,6083,55395.0,Cohen-Colbourn-Ling
3,20,6108,55943.0,Cohen-Colbourn-Ling
3,20,6636,55965.0,Cohen-Colbourn-Ling
3,20,7189,56155.0,Cohen-Colbourn-Ling
3,20,7728,56279.0,Cohen-Colbourn-Ling
3,20,7742,56425.0,Cohen-Colbourn-Ling
3,20,8144,56447.0,Cohen-Colbourn-Ling
3,20,8832,56469.0,Cohen-Colbourn-Ling
3,20,9384,56659.0,Cohen-Colbourn-Ling
3,20,9671,56827.0,Cohen-Colbourn-Ling
3,20,10000,56849.0,Cohen-Colbourn-Ling
4,20,5,160000.0,Derive from strength 5
4,20,6,176457.0,Augment OA
4,20,7,184894.0,Augment OA
4,20,8,193330.0,Augment OA
4,20,9,201702.0,Augment OA
4,20,10,210060.0,Augment OA
4,20,11,218257.0,Augment OA
4,20,12,226349.0,Augment OA
4,20,13,234126.0,Augment OA
4,20,14,241705.0,Augment OA
4,20,15,248844.0,Augment OA
4,20,16,255602.0,Augment OA
4,20,17,261875.0,Augment OA
4,20,18,267676.0,Augment OA
4,20,19,272911.0,Augment OA
4,20,20,277535.0,Augment OA
4,20,24,279834.0,orthogonal array fuse fuse fuse postop NCK
4,20,25,390604.0,orthogonal array fuse fuse fuse fuse fuse postop NCK
4,20,26,390610.0,orthogonal array fuse fuse fuse fuse fuse postop NCK
4,20,27,528229.0,orthogonal array fuse fuse fuse fuse fuse fuse fuse postop NCK
4,20,28,528696.0,orthogonal array fuse fuse fuse fuse fuse fuse fuse postop NCK
4,20,30,547509.0,3-Restricted SCPHF RE (CL) fuse fuse fuse
4,20,39,559147.0,2-Restricted SCPHF RE (CL) fuse fuse fuse
4,20,40,629264.0,Colbourn-Martirosyan-TVT-Walker
4,20,42,668043.0,Colbourn-Martirosyan-TVT-Walker
4,20,44,668233.0,Colbourn-Martirosyan-TVT-Walker
4,20,46,668461.0,Colbourn-Martirosyan-TVT-Walker
4,20,48,668727.0,Colbourn-Martirosyan-TVT-Walker
4,20,86,827327.0,3-Restricted SCPHF RE (CL) fuse fuse fuse
4,20,98,838965.0,2-Restricted SCPHF RE (CL) fuse fuse fuse
4,20,107,839515.0,CPHF IPO 3 (WCS) fuse fuse fuse
4,20,108,1042023.0,Colbourn-Martirosyan-TVT-Walker
4,20,110,1044187.0,Colbourn-Martirosyan-TVT-Walker
4,20,115,1044415.0,Colbourn-Martirosyan-TVT-Walker
4,20,120,1044681.0,Colbourn-Martirosyan-TVT-Walker
4,20,170,1095001.0,"3,3-Restricted SCPHF RE (CL) fuse fuse fuse"
4,20,203,1106639.0,"3,2-Restricted SCPHF RE (CL) fuse fuse fuse"
4,20,204,1107145.0,3-Restricted SCPHF RE (CL) fuse fuse fuse
4,20,238,1118277.0,"2,2-Restricted SCPHF RE (CL) fuse fuse fuse"
4,20,242,1118783.0,2-Restricted SCPHF RE (CL) fuse fuse fuse
4,20,247,1119289.0,SCPHF Random Extension (CLS) fuse fuse fuse
4,20,302,1119355.0,CPHF IPO 4 (WCS) fuse fuse fuse
4,20,312,1228543.0,Colbourn-Martirosyan-TVT-Walker
4,20,336,1243071.0,Colbourn-Martirosyan-TVT-Walker
4,20,360,1255341.0,Colbourn-Martirosyan-TVT-Walker
4,20,384,1262099.0,Colbourn-Martirosyan-TVT-Walker
4,20,391,1272816.0,Colbourn-Martirosyan-TVT-Walker
4,20,408,1277027.0,Colbourn-Martirosyan-TVT-Walker
4,20,414,1278620.0,Colbourn-Martirosyan-TVT-Walker
4,20,432,1282831.0,Colbourn-Martirosyan-TVT-Walker
4,20,437,1289199.0,Colbourn-Martirosyan-TVT-Walker
4,20,456,1293410.0,Colbourn-Martirosyan-TVT-Walker
4,20,460,1301059.0,Colbourn-Martirosyan-TVT-Walker
4,20,480,1305270.0,Colbourn-Martirosyan-TVT-Walker
4,20,506,1353539.0,Colbourn-Martirosyan-TVT-Walker
4,20,529,1353541.0,Colbourn-Martirosyan-TVT-Walker
4,20,552,1386406.0,Colbourn-Martirosyan-TVT-Walker fuse fuse
4,20,593,1398095.0,"2,2-Restricted SCPHF RE (CL) fuse fuse fuse"
4,20,610,1398601.0,2-Restricted SCPHF RE (CL) fuse fuse fuse
4,20,619,1399107.0,SCPHF Random Extension (CLS) fuse fuse fuse
4,20,658,1399195.0,CPHF IPO 5 (WCS) fuse fuse fuse
4,20,895,1642493.0,"3,3,3-Restricted SCPHF RE (CL) fuse fuse fuse"
4,20,1039,1654637.0,"3,3-Restricted SCPHF RE (CL) fuse fuse fuse"
4,20,1231,1666275.0,"3,2-Restricted SCPHF RE (CL) fuse fuse fuse"
4,20,1247,1666781.0,3-Restricted SCPHF RE (CL) fuse fuse fuse
4,20,1305,1677913.0,"2,2-Restricted SCPHF RE (CL) fuse fuse fuse"
4,20,1380,1678419.0,2-Restricted SCPHF RE (CL) fuse fuse fuse
4,20,1421,1678925.0,SCPHF Random Extension (CLS) fuse fuse fuse
4,20,1461,1679035.0,CPHF Random Extension (CLS) fuse fuse fuse
4,20,2723,1958743.0,SCPHF Random Extension (CLS) fuse fuse fuse
4,20,2806,1958875.0,CPHF Random Extension (CLS) fuse fuse fuse
4,20,2807,2436915.0,Add a factor
4,20,3020,2531727.0,Colbourn-Martirosyan-TVT-Walker
4,20,3322,2539926.0,Colbourn-Martirosyan-TVT-Walker
4,20,3624,2578798.0,Colbourn-Martirosyan-TVT-Walker
4,20,3926,2596835.0,Colbourn-Martirosyan-TVT-Walker
4,20,4228,2611363.0,Colbourn-Martirosyan-TVT-Walker
4,20,4530,2628763.0,Colbourn-Martirosyan-TVT-Walker
4,20,4832,2635521.0,Colbourn-Martirosyan-TVT-Walker
4,20,5134,2647157.0,Colbourn-Martirosyan-TVT-Walker
4,20,5436,2652961.0,Colbourn-Martirosyan-TVT-Walker
4,20,5738,2663540.0,Colbourn-Martirosyan-TVT-Walker
4,20,6040,2675400.0,Colbourn-Martirosyan-TVT-Walker
4,20,6946,2724893.0,Colbourn-Martirosyan-TVT-Walker fuse fuse fuse
4,20,7248,2772890.0,Colbourn-Martirosyan-TVT-Walker fuse fuse
4,20,7296,2806284.0,Colbourn-Martirosyan-TVT-Walker
4,20,7344,2810633.0,Colbourn-Martirosyan-TVT-Walker
4,20,7452,2812226.0,Colbourn-Martirosyan-TVT-Walker
4,20,7776,2816437.0,Colbourn-Martirosyan-TVT-Walker
4,20,7866,2822805.0,Colbourn-Martirosyan-TVT-Walker
4,20,8208,2827016.0,Colbourn-Martirosyan-TVT-Walker
4,20,8303,2833384.0,Colbourn-Martirosyan-TVT-Walker
4,20,8531,2837595.0,Colbourn-Martirosyan-TVT-Walker
4,20,8550,2838040.0,Colbourn-Martirosyan-TVT-Walker
4,20,8588,2838043.0,Colbourn-Martirosyan-TVT-Walker
4,20,8640,2838876.0,Colbourn-Martirosyan-TVT-Walker
4,20,8664,2844827.0,Colbourn-Martirosyan-TVT-Walker
4,20,8740,2845244.0,Colbourn-Martirosyan-TVT-Walker
4,20,9120,2849455.0,Colbourn-Martirosyan-TVT-Walker
4,20,9140,2857104.0,Colbourn-Martirosyan-TVT-Walker
4,20,9160,2857553.0,Colbourn-Martirosyan-TVT-Walker
4,20,9200,2857560.0,Colbourn-Martirosyan-TVT-Walker
4,20,9280,2861771.0,Colbourn-Martirosyan-TVT-Walker
4,20,9440,2865439.0,Colbourn-Martirosyan-TVT-Walker
4,20,9520,2867285.0,Colbourn-Martirosyan-TVT-Walker
4,20,9600,2871001.0,Colbourn-Martirosyan-TVT-Walker
4,20,9936,2891358.0,Colbourn-Martirosyan-TVT-Walker
4,20,10000,2897726.0,Colbourn-Martirosyan-TVT-Walker
5,20,6,3200000.0,Derive from strength 6
5,20,7,3542088.0,Augment OA
5,20,8,3724074.0,Augment OA
5,20,9,3912858.0,Augment OA
5,20,10,4107924.0,Augment OA
5,20,11,4308646.0,Augment OA
5,20,12,4514148.0,Augment OA
5,20,13,4723668.0,Augment OA
5,20,14,4935798.0,Augment OA
5,20,15,5150374.0,Augment OA
5,20,16,5365126.0,Augment OA
5,20,17,5578956.0,Augment OA
5,20,18,5789958.0,Augment OA
5,20,19,5996736.0,Augment OA
5,20,20,6197616.0,Augment OA
5,20,24,6436337.0,orthogonal array fuse fuse fuse
5,20,26,9765615.0,orthogonal array fuse fuse fuse fuse fuse
5,20,28,14348893.0,orthogonal array fuse fuse fuse fuse fuse fuse fuse
5,20,29,18371790.0,Martirosyan-TVT variant
5,20,30,18474010.0,Martirosyan-TVT
5,20,32,18817164.0,Martirosyan-TVT
5,20,43,19029159.0,4-Restricted SCPHF RE (CL) fuse fuse fuse
5,20,46,19296833.0,3-Restricted SCPHF RE (CL) fuse fuse fuse
5,20,47,19308471.0,2-Restricted SCPHF RE (CL) fuse fuse fuse
5,20,48,19308977.0,SCPHF Random Extension (CLS) fuse fuse fuse
5,20,51,19309021.0,CPHF IPO 3 (WCS) fuse fuse fuse
5,20,72,25185661.0,"4,4-Restricted SCPHF RE (CL) fuse fuse fuse"
5,20,81,25465479.0,4-Restricted SCPHF RE (CL) fuse fuse fuse
5,20,87,25733153.0,3-Restricted SCPHF RE (CL) fuse fuse fuse
5,20,88,25744791.0,2-Restricted SCPHF RE (CL) fuse fuse fuse
5,20,90,25745297.0,SCPHF Random Extension (CLS) fuse fuse fuse
5,20,107,25745363.0,CPHF IPO 4 (WCS) fuse fuse fuse
5,20,136,31621981.0,"4,4-Restricted SCPHF RE (CL) fuse fuse fuse"
5,20,155,31901799.0,4-Restricted SCPHF RE (CL) fuse fuse fuse
5,20,171,32169473.0,3-Restricted SCPHF RE (CL) fuse fuse fuse
5,20,175,32181111.0,2-Restricted SCPHF RE (CL) fuse fuse fuse
5,20,178,32181617.0,SCPHF Random Extension (CLS) fuse fuse fuse
5,20,181,32181705.0,CPHF Random Extension (CLS) fuse fuse fuse
5,20,228,37778483.0,"4,4,4-Restricted SCPHF RE (CL) fuse fuse fuse"
5,20,259,38058301.0,"4,4-Restricted SCPHF RE (CL) fuse fuse fuse"
5,20,299,38338119.0,4-Restricted SCPHF RE (CL) fuse fuse fuse
5,20,332,38605793.0,3-Restricted SCPHF RE (CL) fuse fuse fuse
5,20,342,38617431.0,2-Restricted SCPHF RE (CL) fuse fuse fuse
5,20,344,38617937.0,SCPHF Random Extension (CLS) fuse fuse fuse
5,20,345,38618047.0,CPHF Random Extension (CLS) fuse fuse fuse
5,20,430,44214803.0,"4,4,4-Restricted SCPHF RE (CL) fuse fuse fuse"
5,20,493,44494621.0,"4,4-Restricted SCPHF RE (CL) fuse fuse fuse"
5,20,564,44774439.0,4-Restricted SCPHF RE (CL) fuse fuse fuse
5,20,648,45042113.0,3-Restricted SCPHF RE (CL) fuse fuse fuse
5,20,654,45053751.0,2-Restricted SCPHF RE (CL) fuse fuse fuse
5,20,656,45054257.0,SCPHF Random Extension (CLS) fuse fuse fuse
5,20,785,50651123.0,"4,4,4-Restricted SCPHF RE (CL) fuse fuse fuse"
5,20,786,64346323.0,Add 1 factors
5,20,787,72455523.0,Add 2 factors
5,20,788,75495523.0,Add 3 factors
5,20,789,79112858.0,Add 4 factors
5,20,790,79425541.0,Add 5 factors
5,20,792,92628883.0,Add 23 factors
5,20,799,92640521.0,Add 23 factors
5,20,801,92663797.0,Add 23 factors
5,20,804,92675435.0,Add 23 factors
5,20,805,92687073.0,Add 23 factors
5,20,807,92698711.0,Add 23 factors
5,20,808,92815091.0,Add 23 factors
5,20,809,106510291.0,Add 23 factors
5,20,816,111206506.0,Martirosyan-TVT
5,20,817,111236773.0,Martirosyan-TVT variant
5,20,819,111333993.0,Martirosyan-TVT variant
5,20,828,111382603.0,Martirosyan-TVT
5,20,860,111462612.0,Martirosyan-TVT
5,20,864,111742430.0,Martirosyan-TVT
5,20,865,111863422.0,Martirosyan-TVT variant
5,20,867,112009252.0,Martirosyan-TVT variant
5,20,874,112057862.0,Martirosyan-TVT
5,20,912,112137871.0,Martirosyan-TVT
5,20,913,112283202.0,Martirosyan-TVT variant
5,20,915,112429032.0,Martirosyan-TVT variant
5,20,920,112477642.0,Martirosyan-TVT
5,20,960,112557651.0,Martirosyan-TVT
5,20,961,113474762.0,Martirosyan-TVT variant
5,20,986,114495572.0,Martirosyan-TVT
5,20,1001,114775390.0,Martirosyan-TVT variant
5,20,1005,115504540.0,Martirosyan-TVT variant
5,20,1012,115553150.0,Martirosyan-TVT
5,20,1013,115553188.0,Martirosyan-TVT variant
5,20,1018,115601798.0,Martirosyan-TVT
5,20,1019,115622214.0,Martirosyan-TVT variant
5,20,1025,115642630.0,Martirosyan-TVT variant
5,20,1033,115691284.0,Martirosyan-TVT variant
5,20,1037,115739938.0,Martirosyan-TVT variant
5,20,1039,115788592.0,Martirosyan-TVT variant
5,20,1041,115837246.0,Martirosyan-TVT variant
5,20,1057,116372440.0,Martirosyan-TVT variant
5,20,1058,116421094.0,Martirosyan-TVT
5,20,1067,117045529.0,Martirosyan-TVT variant
5,20,1104,117094183.0,Martirosyan-TVT
5,20,1105,117316274.0,Martirosyan-TVT variant
5,20,1106,117462236.0,Martirosyan-TVT
5,20,1107,123992060.0,Martirosyan-TVT variant
5,20,1196,127014051.0,"perfect hash family20,2116,23T10"
5,20,1288,127226181.0,"perfect hash family20,2116,23T9"
5,20,1380,127440757.0,"perfect hash family20,2116,23T8"
5,20,1472,127655509.0,"perfect hash family20,2116,23T7"
5,20,1564,127869339.0,"perfect hash family20,2116,23T6"
5,20,1656,128080341.0,"perfect hash family20,2116,23T5"
5,20,1748,128287119.0,"perfect hash family20,2116,23T4"
5,20,1840,128487999.0,"perfect hash family20,2116,23T3"
5,20,2116,128726417.0,"perfect hash family20,2116,23,c fuse fuse fuse"
5,20,2117,128726720.0,"perfect hash family20,2117,24"
5,20,2197,130025049.0,Power CT23^3T10T10T10
5,20,2366,130237179.0,Power CT23^3T10T10T9
5,20,2548,130449309.0,Power CT23^3T10T9T9
5,20,2744,130661439.0,Power CT23^3T9T9T9
5,20,2940,130876015.0,Power CT23^3T9T9T8
5,20,2964,131088597.0,Power CT23^3T11T10T4
5,20,3150,131090591.0,Power CT23^3T9T8T8
5,20,3211,131298117.0,Power CT23^3T10T10T4
5,20,3276,131303469.0,Power CT23^3T10T9T5
5,20,3332,131304597.0,Power CT23^3T9T9T6
5,20,3375,131305167.0,Power CT23^3T8T8T8
5,20,3380,131498997.0,Power CT23^3T10T10T3
5,20,3458,131510247.0,Power CT23^3T10T9T4
5,20,3528,131515599.0,Power CT23^3T9T9T5
5,20,3570,131519173.0,Power CT23^3T9T8T6
5,20,3600,131519919.0,Power CT23^3T8T8T7
5,20,3640,131711127.0,Power CT23^3T10T9T3
5,20,3724,131722377.0,Power CT23^3T9T9T4
5,20,3780,131730175.0,Power CT23^3T9T8T5
5,20,3825,131733749.0,Power CT23^3T8T8T6
5,20,3840,131734671.0,Power CT23^3T8T7T7
5,20,3887,131737718.0,Power CT23^3T10T10
5,20,3920,131923257.0,Power CT23^3T9T9T3
5,20,3990,131936953.0,Power CT23^3T9T8T4
5,20,4050,131944751.0,Power CT23^3T8T8T5
5,20,4080,131948501.0,Power CT23^3T8T7T6
5,20,4096,131949423.0,Power CT23^3T7T7T7
5,20,4186,131949848.0,Power CT23^3T10T9
5,20,4200,132137833.0,Power CT23^3T9T8T3
5,20,4275,132151529.0,Power CT23^3T8T8T4
5,20,4284,132158757.0,Power CT23^3T9T6T5
5,20,4320,132159503.0,Power CT23^3T8T7T5
5,20,4508,132161978.0,Power CT23^3T9T9
5,20,4522,132365535.0,Power CT23^3T9T6T4
5,20,4560,132366281.0,Power CT23^3T8T7T4
5,20,4590,132373333.0,Power CT23^3T8T6T5
5,20,4608,132374255.0,Power CT23^3T7T7T5
5,20,4830,132376554.0,Power CT23^3T9T8
5,20,4845,132580111.0,Power CT23^3T8T6T4
5,20,4864,132581033.0,Power CT23^3T7T7T4
5,20,4896,132588085.0,Power CT23^3T7T6T5
5,20,4913,132590913.0,Power CT23^3T6T6T6
5,20,5175,132591130.0,Power CT23^3T8T8
5,20,5184,132799087.0,Power CT23^3T7T5T5
5,20,5244,132801266.0,Power CT23^3T11T4
5,20,5382,132804008.0,Power CT23^3T10T5
5,20,5474,132805136.0,Power CT23^3T9T6
5,20,5520,132805882.0,Power CT23^3T8T7
5,20,5681,133010786.0,Power CT23^3T10T4
5,20,5796,133016138.0,Power CT23^3T9T5
5,20,5865,133019712.0,Power CT23^3T8T6
5,20,5888,133020634.0,Power CT23^3T7T7
5,20,5980,133211666.0,Power CT23^3T10T3
5,20,6118,133222916.0,Power CT23^3T9T4
5,20,6210,133230714.0,Power CT23^3T8T5
5,20,6256,133234464.0,Power CT23^3T7T6
5,20,6348,133240867.0,Power CT23^3T11
5,20,6440,133423796.0,Power CT23^3T9T3
5,20,6555,133437492.0,Power CT23^3T8T4
5,20,6624,133445466.0,Power CT23^3T7T5
5,20,6647,133448294.0,Power CT23^3T6T6
5,20,6877,133450387.0,Power CT23^3T10
5,20,6900,133638372.0,Power CT23^3T8T3
5,20,6992,133652244.0,Power CT23^3T7T4
5,20,7038,133659296.0,Power CT23^3T6T5
5,20,7406,133662517.0,Power CT23^3T9
5,20,7429,133866074.0,Power CT23^3T6T4
5,20,7452,133870298.0,Power CT23^3T5T5
5,20,7935,133877093.0,Power CT23^3T8
5,20,8464,134091845.0,Power CT23^3T7
5,20,8993,134305675.0,Power CT23^3T6
5,20,9522,134516677.0,Power CT23^3T5
5,20,10000,134723455.0,Power CT23^3T4
6,20,7,64000000.0,composition
6,20,8,70901841.0,Augment OA
6,20,9,74615592.0,Augment OA
6,20,10,78509088.0,Augment OA
6,20,11,82584720.0,Augment OA
6,20,12,86844605.0,Augment OA
6,20,13,91286154.0,Augment OA
6,20,14,95902380.0,Augment OA
6,20,15,100688940.0,Augment OA
6,20,16,105640344.0,Augment OA
6,20,17,110740896.0,Augment OA
6,20,18,115969812.0,Augment OA
6,20,19,121310952.0,Augment OA
6,20,20,126740694.0,Augment OA
6,20,24,148035883.0,orthogonal array fuse fuse fuse
6,20,26,244140615.0,orthogonal array fuse fuse fuse fuse fuse
6,20,28,387420475.0,orthogonal array fuse fuse fuse fuse fuse fuse fuse
6,20,29,443827797.0,4-Restricted SCPHF RE (CL) fuse fuse fuse
6,20,30,444107109.0,2-Restricted SCPHF RE (CL) fuse fuse fuse
6,20,31,444107615.0,SCPHF Random Extension (CLS) fuse fuse fuse
6,20,34,444107659.0,CPHF IPO 3 (WCS) fuse fuse fuse
6,20,35,560386354.0,Martirosyan-TVT variant
6,20,36,564544850.0,Martirosyan-TVT
6,20,37,576133877.0,Martirosyan-TVT variant
6,20,41,579270841.0,"5,5-Restricted SCPHF RE (CL) fuse fuse fuse"
6,20,45,585707161.0,5-Restricted SCPHF RE (CL) fuse fuse fuse
6,20,51,591863663.0,4-Restricted SCPHF RE (CL) fuse fuse fuse
6,20,52,592142975.0,2-Restricted SCPHF RE (CL) fuse fuse fuse
6,20,70,727306707.0,"5,5-Restricted SCPHF RE (CL) fuse fuse fuse"
6,20,78,733743027.0,5-Restricted SCPHF RE (CL) fuse fuse fuse
6,20,85,739899529.0,4-Restricted SCPHF RE (CL) fuse fuse fuse
6,20,87,740167203.0,3-Restricted SCPHF RE (CL) fuse fuse fuse
6,20,106,868906253.0,"5,5,5-Restricted SCPHF RE (CL) fuse fuse fuse"
6,20,119,875342573.0,"5,5-Restricted SCPHF RE (CL) fuse fuse fuse"
6,20,133,881778893.0,5-Restricted SCPHF RE (CL) fuse fuse fuse
6,20,145,887935395.0,4-Restricted SCPHF RE (CL) fuse fuse fuse
6,20,146,888214707.0,2-Restricted SCPHF RE (CL) fuse fuse fuse
6,20,148,888215213.0,SCPHF Random Extension (CLS) fuse fuse fuse
6,20,249,1036251079.0,SCPHF Random Extension (CLS) fuse fuse fuse
6,20,250,1461605979.0,Add 1 factors
6,20,251,1646323979.0,Add 2 factors
6,20,256,1690245488.0,Power CT16^2
6,20,265,1708984215.0,SCPHF Random Extension (CLS) fuse fuse fuse fuse fuse
6,20,272,1766753768.0,Power CT17^2T1
6,20,289,1771854320.0,Power CT17^2
6,20,290,1855516976.0,Power CT17^2+1
6,20,291,1919610656.0,Power CT19^2Arc(4)
6,20,307,1924951796.0,Power CT19^2Arc(3)
6,20,324,1930292936.0,Power CT19^2T1T1
6,20,342,1935634076.0,Power CT19^2T1
6,20,361,1940975216.0,Power CT19^2
6,20,362,2027851088.0,Power CT19^2+1
6,20,380,2320553992.0,Power CT23^2T4T3
6,20,400,2325983734.0,Power CT23^2T3T3
6,20,414,2336508041.0,Power CT23^2T5
6,20,437,2341849181.0,Power CT23^2T4
6,20,460,2347278923.0,Power CT23^2T3
6,20,529,2368573873.0,"perfect hash family16,529,23,c fuse fuse fuse"
6,20,530,2368574112.0,Power CT23^2+1
6,20,531,2882919692.0,Add 1 factors
6,20,532,3067804892.0,Add 2 factors
6,20,533,3211292892.0,Add 3 factors
6,20,534,3368524280.0,Add 5 factors
6,20,535,3368700975.0,Add 5 factors
6,20,536,3438264878.0,Add 6 factors
6,20,553,3617935628.0,Power CT25^2Arc(3)
6,20,576,3714040360.0,Power CT25^2T1T1
6,20,600,3810145092.0,Power CT25^2T1
6,20,625,3906249615.0,"perfect hash family16,625,25,c fuse fuse fuse fuse fuse"
6,20,626,3906249824.0,Power CT25^2+1
6,20,627,4437943924.0,Add 1 factors
6,20,628,4675360324.0,Add 2 factors
6,20,629,4820824324.0,Add 3 factors
6,20,630,4980955102.0,Add 5 factors
6,20,631,4981308223.0,Add 5 factors
6,20,632,5058505663.0,Add 6 factors
6,20,648,5407535000.0,Martirosyan-TVT
6,20,649,5412876140.0,Martirosyan-TVT variant
6,20,664,5422820708.0,Martirosyan-TVT
6,20,672,5423041830.0,Martirosyan-TVT
6,20,673,5433716730.0,Martirosyan-TVT variant
6,20,684,5444391630.0,Martirosyan-TVT
6,20,685,5449742384.0,Martirosyan-TVT variant
6,20,688,5459785112.0,Martirosyan-TVT
6,20,690,5459787202.0,Martirosyan-TVT
6,20,720,5566125566.0,Martirosyan-TVT
6,20,721,5572032058.0,Martirosyan-TVT variant
6,20,722,5577938550.0,Martirosyan-TVT
6,20,724,5664814422.0,Martirosyan-TVT
6,20,760,5957517326.0,Martirosyan-TVT
6,20,768,5962947068.0,Martirosyan-TVT
6,20,769,5972313726.0,Martirosyan-TVT variant
6,20,771,5991862912.0,Martirosyan-TVT variant
6,20,782,5994408544.0,Martirosyan-TVT
6,20,783,5998110013.0,Martirosyan-TVT variant
6,20,800,6001811482.0,Martirosyan-TVT
6,20,816,6012335789.0,Martirosyan-TVT
6,20,817,6013736036.0,Martirosyan-TVT variant
6,20,819,6020250763.0,Martirosyan-TVT variant
6,20,828,6022808003.0,Martirosyan-TVT
6,20,829,6031863245.0,Martirosyan-TVT variant
6,20,860,6035577347.0,Martirosyan-TVT
6,20,864,6040893889.0,Martirosyan-TVT
6,20,865,6046510465.0,Martirosyan-TVT variant
6,20,867,6059862235.0,Martirosyan-TVT variant
6,20,874,6062440633.0,Martirosyan-TVT
6,20,875,6071601321.0,Martirosyan-TVT variant
6,20,912,6075332267.0,Martirosyan-TVT
6,20,913,6082109281.0,Martirosyan-TVT variant
6,20,915,6096692649.0,Martirosyan-TVT variant
6,20,920,6099294767.0,Martirosyan-TVT
6,20,921,6124337507.0,Martirosyan-TVT variant
6,20,960,6128085297.0,Martirosyan-TVT
6,20,961,6171044707.0,Martirosyan-TVT variant
6,20,986,6270852755.0,Martirosyan-TVT
6,20,1001,6276169297.0,Martirosyan-TVT variant
6,20,1005,6316775467.0,Martirosyan-TVT variant
6,20,1012,6319482545.0,Martirosyan-TVT
6,20,1013,6319484399.0,Martirosyan-TVT variant
6,20,1018,6322193335.0,Martirosyan-TVT
6,20,1019,6322728045.0,Martirosyan-TVT variant
6,20,1025,6323263239.0,Martirosyan-TVT variant
6,20,1033,6325970321.0,Martirosyan-TVT variant
6,20,1037,6328677403.0,Martirosyan-TVT variant
6,20,1039,6331384485.0,Martirosyan-TVT variant
6,20,1041,6334091567.0,Martirosyan-TVT variant
6,20,1057,6363869469.0,Martirosyan-TVT variant
6,20,1058,6366576551.0,Martirosyan-TVT
6,20,1059,6397601350.0,Martirosyan-TVT variant
6,20,1060,6428625910.0,Martirosyan-TVT
6,20,1062,6942971490.0,Martirosyan-TVT
6,20,1064,7127856690.0,Martirosyan-TVT
6,20,1066,7271344690.0,Martirosyan-TVT
6,20,1067,7428576078.0,Martirosyan-TVT variant
6,20,1068,7431348890.0,Martirosyan-TVT
6,20,1070,7431525585.0,Martirosyan-TVT
6,20,1072,7501089488.0,Martirosyan-TVT
6,20,1104,7680760238.0,Martirosyan-TVT
6,20,1105,7691806343.0,Martirosyan-TVT variant
6,20,1106,7711241018.0,Martirosyan-TVT
6,20,1250,7731203353.0,"perfect hash familyD16,1250,50^11 25^5"
6,20,1258,7971491614.0,Power N-CT41^2T7T4
6,20,1271,7974628534.0,Power N-CT41^2T10
6,20,1394,7974628578.0,Power N-CT41^2T7
6,20,1462,8058300738.0,Power N-CT43^2T9
6,20,1476,8095065769.0,Power N-CT41^2T5
6,20,1517,8106654796.0,Power N-CT41^2T4
6,20,1681,8109791760.0,Power N-CT41^2
6,20,1763,8193463920.0,Power N-CT43^2T2
6,20,1851,8199900240.0,Power N-CT43^2+2
6,20,1939,8267621762.0,"Power N-CT47^2Trin2,2,2"
6,20,2025,8273778264.0,Power N-CT47^2T2T2
6,20,2115,8279934766.0,Power N-CT47^2T2
6,20,2213,8286091268.0,"perfect hash family14,2213,51"
6,20,2214,8290001636.0,"perfect hash family14,2214,52"
6,20,2239,8560329100.0,Power N-CT53^2Arc(12)
6,20,2281,8695492832.0,Power N-CT53^2Arc(11)
6,20,2324,8830656564.0,Power N-CT53^2Arc(10)
6,20,2368,8965820296.0,Power N-CT53^2Arc(9)
6,20,2413,9100984028.0,Power N-CT53^2Arc(8)
6,20,2459,9236147760.0,Power N-CT53^2Arc(7)
6,20,2514,9248464290.0,"Power N-CT73^2Trin3,22,22"
6,20,2562,9248743602.0,"Power N-CT73^2Trin3,21,22"
6,20,2611,9249022914.0,"Power N-CT73^2Trin3,21,21"
6,20,2652,9255179922.0,Power N-CT73^2T22T21
6,20,2704,9255459234.0,Power N-CT73^2T21T21
6,20,2822,9322901994.0,Power N-CT83^2T49
6,20,3024,9377750832.0,"Power N-CT73^2Trin3,3,28"
6,20,3426,9383907334.0,"Power N-CT73^2Trin3,3,22"
6,20,3493,9384186646.0,"Power N-CT73^2Trin3,3,21"
6,20,3570,9390343654.0,Power N-CT73^2T22T3
6,20,3640,9390622966.0,Power N-CT73^2T21T3
6,20,3723,9396779974.0,Power N-CT73^2T22
6,20,3796,9397059286.0,Power N-CT73^2T21
6,20,3811,9433998298.0,Power N-CT79^2Arc(6)T27
6,20,3858,9440154800.0,Power N-CT79^2Arc(5)T27
6,20,3906,9446311302.0,Power N-CT79^2Arc(4)T27
6,20,3955,9452467804.0,Power N-CT79^2Arc(3)T27
6,20,4005,9458624306.0,Power N-CT79^2Arc(2)T27
6,20,4056,9464780808.0,Power N-CT79^2T27T1
6,20,4233,9470657998.0,Power N-CT83^2T32
6,20,4316,9470937310.0,Power N-CT83^2T31
6,20,4699,9519350378.0,"Power N-CT73^2Trin3,3,3"
6,20,4900,9525786698.0,Power N-CT73^2T3T3
6,20,5110,9532223018.0,Power N-CT73^2T3
6,20,5334,9538659338.0,"perfect hash family13,5334,78"
6,20,5359,9544815840.0,Power N-CT79^2Arc(12)
6,20,5427,9550972342.0,Power N-CT79^2Arc(11)
6,20,5496,9557128844.0,Power N-CT79^2Arc(10)
6,20,5566,9563285346.0,Power N-CT79^2Arc(9)
6,20,5637,9569441848.0,Power N-CT79^2Arc(8)
6,20,5709,9575598350.0,Power N-CT79^2Arc(7)
6,20,5782,9581754852.0,Power N-CT79^2Arc(6)
6,20,5856,9587911354.0,Power N-CT79^2Arc(5)
6,20,5931,9594067856.0,Power N-CT79^2Arc(4)
6,20,6007,9600224358.0,Power N-CT79^2Arc(3)
6,20,6084,9606380860.0,Power N-CT79^2T1T1
6,20,6474,9612537362.0,Power N-CT83^2T5
6,20,6891,9618693864.0,Power N-CT83^2+2
6,20,6893,9622173626.0,"perfect hash family13,6893,87"
6,20,6894,10657632966.0,Add 1 factors
6,20,6901,10908761104.0,"Power N-CT89^2Trin4,4,4"
6,20,7063,10909028778.0,"Power N-CT89^2Trin2,4,4"
6,20,7229,10909296452.0,"Power N-CT89^2Trin2,2,4"
6,20,7399,10909564126.0,"Power N-CT89^2Trin2,2,2"
6,20,7569,11038303176.0,Power N-CT89^2T2T2
6,20,8034,11160618050.0,"perfect hash family13,10609,103T25"
6,20,8755,11166774552.0,"perfect hash family13,10609,103T18"
6,20,8961,11167042226.0,"perfect hash family13,10609,103T16"
6,20,9605,11244010392.0,"perfect hash family13,12769,113T28"
6,20,9831,11244278066.0,"perfect hash family13,12769,113T26"
6,20,10000,11295781276.0,Power N-CT101^2
2,21,7,441.0,orthogonal array
2,21,8,480.0,Add Factor SO (AG-TJ-IM)
2,21,9,487.0,Add Factor SO (AG-TJ-IM)
2,21,10,493.0,Add Factor SO (AG-TJ-IM)
2,21,11,502.0,Add Factor SO (AG-TJ-IM)
2,21,12,507.0,Add Factor SO (AG-TJ-IM)
2,21,13,508.0,Add Factor SO (AG-TJ-IM)
2,21,14,510.0,Add Factor SO (AG-TJ-IM)
2,21,15,511.0,Add Factor SO (AG-TJ-IM)
2,21,16,512.0,Add Factor SO (AG-TJ-IM)
2,21,17,513.0,Add Factor SO (AG-TJ-IM)
2,21,18,514.0,Add Factor SO (AG-TJ-IM)
2,21,20,515.0,Add Factor SO (AG-TJ-IM)
2,21,21,516.0,Add Factor SO (AG-TJ-IM)
2,21,23,517.0,Add Factor SO (AG-TJ-IM)
2,21,24,518.0,Add Factor SO (AG-TJ-IM)
2,21,25,523.0,projection (C) postop NCK
2,21,26,526.0,projection (C) postop TJ-SA
2,21,27,598.0,projection (C) postop NCK
2,21,28,601.0,projection (C) postop NCK
2,21,29,605.0,projection (C) postop NCK
2,21,30,609.0,projection (C) postop NCK
2,21,31,677.0,projection (C) postop NCK
2,21,33,680.0,projection (C) postop NCK
2,21,34,683.0,projection (C) postop NCK
2,21,35,752.0,projection (C) postop NCK
2,21,36,754.0,projection (C) postop NCK
2,21,37,757.0,projection (C) postop NCK
2,21,38,761.0,projection (C) postop NCK
2,21,40,810.0,simulated annealing (Torres-Jimenez)
2,21,42,833.0,projection (C) postop NCK
2,21,54,847.0,Fix 7 symbols (LCDST)
2,21,55,861.0,Fix 7 symbols (LCDST)
2,21,56,875.0,Fix 7 symbols (LCDST)
2,21,57,889.0,Fix 7 symbols (LCDST)
2,21,144,902.0,Direct product
2,21,145,906.0,Direct product generalized
2,21,168,907.0,Direct product
2,21,175,928.0,Direct product generalized
2,21,192,943.0,Direct product
2,21,193,949.0,Direct product generalized
2,21,216,950.0,Direct product
2,21,217,955.0,Direct product generalized
2,21,240,956.0,Direct product
2,21,241,964.0,Direct product generalized
2,21,264,965.0,Direct product
2,21,265,971.0,Direct product generalized
2,21,288,972.0,Direct product
2,21,312,973.0,Direct product
2,21,336,974.0,Direct product
2,21,360,975.0,Direct product
2,21,384,976.0,Direct product
2,21,432,977.0,Direct product
2,21,480,978.0,Direct product
2,21,528,979.0,Direct product
2,21,552,980.0,Direct product
2,21,553,981.0,Direct product generalized
2,21,576,982.0,Direct product
2,21,577,983.0,Direct product generalized
2,21,600,984.0,Direct product
2,21,601,986.0,Direct product generalized
2,21,624,987.0,Direct product
2,21,628,1006.0,Direct product generalized
2,21,633,1008.0,Direct product generalized
2,21,650,1009.0,Direct product generalized
2,21,657,1025.0,Direct product generalized
2,21,676,1027.0,Direct product
2,21,678,1039.0,Direct product generalized
2,21,680,1042.0,Direct product generalized
2,21,682,1046.0,Direct product generalized
2,21,684,1050.0,Direct product generalized
2,21,702,1051.0,Direct product generalized
2,21,708,1067.0,Direct product generalized
2,21,718,1068.0,Direct product generalized
2,21,722,1069.0,Direct product generalized
2,21,727,1070.0,Direct product generalized
2,21,728,1071.0,Direct product generalized
2,21,729,1087.0,Direct product generalized
2,21,734,1088.0,Direct product generalized
2,21,740,1089.0,Direct product generalized
2,21,749,1090.0,Direct product generalized
2,21,752,1091.0,Direct product generalized
2,21,754,1092.0,Direct product generalized
2,21,761,1107.0,Direct product generalized
2,21,767,1108.0,Direct product generalized
2,21,775,1109.0,Direct product generalized
2,21,780,1110.0,Direct product
2,21,782,1118.0,Direct product generalized
2,21,784,1121.0,Direct product generalized
2,21,786,1122.0,Direct product generalized
2,21,788,1124.0,Direct product generalized
2,21,796,1126.0,Direct product generalized
2,21,800,1127.0,Direct product generalized
2,21,803,1128.0,Direct product generalized
2,21,806,1129.0,Direct product generalized
2,21,810,1134.0,Direct product generalized
2,21,816,1144.0,Direct product
2,21,820,1148.0,Direct product generalized
2,21,822,1149.0,Direct product generalized
2,21,826,1150.0,Direct product generalized
2,21,830,1151.0,Direct product generalized
2,21,834,1152.0,Direct product generalized
2,21,839,1153.0,Direct product generalized
2,21,840,1154.0,Direct product generalized
2,21,841,1164.0,Direct product generalized
2,21,848,1165.0,Direct product generalized
2,21,853,1166.0,Direct product generalized
2,21,858,1167.0,Direct product generalized
2,21,865,1173.0,Direct product generalized
2,21,868,1174.0,Direct product generalized
2,21,870,1175.0,Direct product generalized
2,21,884,1184.0,Direct product
2,21,887,1191.0,Direct product generalized
2,21,895,1192.0,Direct product generalized
2,21,900,1193.0,Direct product generalized
2,21,905,1206.0,Direct product generalized
2,21,910,1207.0,Direct product generalized
2,21,918,1208.0,Direct product generalized
2,21,920,1209.0,Direct product generalized
2,21,924,1210.0,Direct product generalized
2,21,927,1211.0,Direct product generalized
2,21,930,1212.0,Direct product generalized
2,21,931,1224.0,Direct product generalized
2,21,941,1225.0,Direct product generalized
2,21,946,1226.0,Direct product generalized
2,21,951,1227.0,Direct product generalized
2,21,952,1228.0,Direct product generalized
2,21,954,1233.0,Direct product generalized
2,21,957,1234.0,Direct product generalized
2,21,958,1235.0,Direct product generalized
2,21,960,1236.0,Direct product generalized
2,21,969,1246.0,Direct product generalized
2,21,981,1247.0,Direct product generalized
2,21,984,1248.0,Direct product generalized
2,21,986,1249.0,Direct product generalized
2,21,990,1250.0,Direct product generalized
2,21,996,1264.0,Direct product generalized
2,21,1007,1265.0,Direct product generalized
2,21,1015,1266.0,Direct product generalized
2,21,1020,1267.0,Direct product generalized
2,21,1021,1281.0,Direct product generalized
2,21,1029,1282.0,Direct product generalized
2,21,1041,1283.0,Direct product generalized
2,21,1048,1284.0,Direct product generalized
2,21,1051,1285.0,Direct product generalized
2,21,1054,1286.0,Direct product generalized
2,21,1055,1303.0,Direct product generalized
2,21,1063,1304.0,Direct product generalized
2,21,1070,1305.0,Direct product generalized
2,21,1075,1306.0,Direct product generalized
2,21,1080,1307.0,Direct product generalized
2,21,1085,1308.0,Direct product generalized
2,21,1086,1309.0,Direct product generalized
2,21,1088,1310.0,Direct product generalized
2,21,1100,1321.0,Direct product generalized
2,21,1296,1322.0,Direct product
2,21,1297,1335.0,Direct product generalized
2,21,1320,1336.0,Direct product
2,21,1335,1343.0,Direct product generalized
2,21,1357,1344.0,Direct product generalized
2,21,1395,1348.0,Direct product generalized
2,21,1404,1352.0,Direct product
2,21,1406,1353.0,Direct product generalized
2,21,1410,1358.0,Direct product generalized
2,21,1432,1362.0,Direct product generalized
2,21,3456,1363.0,Direct product
2,21,3475,1367.0,Direct product generalized
2,21,3912,1368.0,Direct product
2,21,4025,1369.0,Direct product generalized
2,21,4032,1373.0,Direct product
2,21,4039,1389.0,Direct product generalized
2,21,4207,1390.0,Direct product generalized
2,21,4221,1395.0,Direct product generalized
2,21,4464,1404.0,Direct product
2,21,4600,1405.0,Direct product generalized
2,21,4602,1410.0,Direct product generalized
2,21,5016,1411.0,Direct product
2,21,5175,1412.0,Direct product generalized
2,21,5568,1417.0,Direct product
2,21,5750,1418.0,Direct product generalized
2,21,6120,1426.0,Direct product
2,21,6325,1427.0,Direct product generalized
2,21,6672,1433.0,Direct product
2,21,7224,1434.0,Direct product
2,21,7776,1435.0,Direct product
2,21,8640,1436.0,Direct product
2,21,8880,1437.0,Direct product
2,21,9984,1438.0,Direct product
2,21,11088,1439.0,Direct product
2,21,12192,1440.0,Direct product
2,21,13248,1441.0,Direct product
2,21,13272,1442.0,Direct product generalized
2,21,13824,1443.0,Direct product
2,21,13848,1444.0,Direct product generalized
2,21,14400,1445.0,Direct product
2,21,14424,1448.0,Direct product generalized
2,21,14976,1449.0,Direct product
2,21,14978,1466.0,Direct product generalized
2,21,15072,1467.0,Direct product generalized
2,21,15078,1468.0,Direct product generalized
2,21,15192,1469.0,Direct product
2,21,15600,1470.0,Direct product
2,21,15678,1471.0,Direct product generalized
2,21,15824,1486.0,Direct product generalized
2,21,15852,1487.0,Direct product generalized
2,21,15923,1488.0,Direct product generalized
2,21,16224,1489.0,Direct product
2,21,16434,1490.0,Direct product generalized
2,21,16441,1491.0,Direct product generalized
2,21,16534,1492.0,Direct product generalized
2,21,16536,1493.0,Direct product generalized
2,21,16564,1508.0,Direct product generalized
2,21,16900,1510.0,Direct product
2,21,17084,1511.0,Direct product generalized
2,21,17098,1512.0,Direct product generalized
2,21,17194,1513.0,Direct product generalized
2,21,17211,1514.0,Direct product generalized
2,21,17212,1515.0,Direct product generalized
2,21,17281,1527.0,Direct product generalized
2,21,17576,1529.0,Direct product
2,21,17680,1530.0,Direct product generalized
2,21,17681,1531.0,Direct product generalized
2,21,17768,1532.0,Direct product generalized
2,21,17838,1533.0,Direct product generalized
2,21,17880,1534.0,Direct product generalized
2,21,17888,1535.0,Direct product generalized
2,21,17902,1548.0,Direct product generalized
2,21,18040,1551.0,Direct product generalized
2,21,18226,1552.0,Direct product
2,21,18367,1553.0,Direct product generalized
2,21,18470,1554.0,Direct product generalized
2,21,18541,1555.0,Direct product generalized
2,21,18564,1556.0,Direct product generalized
2,21,18578,1569.0,Direct product generalized
2,21,18739,1570.0,Direct product generalized
2,21,18823,1571.0,Direct product generalized
2,21,18935,1572.0,Direct product generalized
2,21,18968,1573.0,Direct product generalized
2,21,19141,1574.0,Direct product generalized
2,21,19158,1575.0,Direct product generalized
2,21,19248,1576.0,Direct product generalized
2,21,19260,1587.0,Direct product generalized
2,21,19304,1589.0,Direct product generalized
2,21,19376,1590.0,Direct product generalized
2,21,19461,1591.0,Direct product generalized
2,21,19509,1592.0,Direct product generalized
2,21,19573,1593.0,Direct product generalized
2,21,19762,1594.0,Direct product generalized
2,21,19838,1595.0,Direct product generalized
2,21,19856,1596.0,Direct product generalized
2,21,19943,1597.0,Direct product generalized
2,21,19944,1598.0,Direct product generalized
2,21,19964,1607.0,Direct product generalized
2,21,19976,1608.0,Direct product generalized
2,21,20000,1609.0,Direct product generalized
3,21,6,9261.0,orthogonal array (Ji-Yin)
3,21,7,11253.0,orthogonal array fuse fuse postop NCK
3,21,8,11471.0,orthogonal array fuse fuse postop NCK
3,21,9,11720.0,orthogonal array fuse fuse postop NCK
3,21,10,11766.0,orthogonal array fuse fuse postop NCK
3,21,11,11841.0,orthogonal array fuse fuse postop NCK
3,21,12,11889.0,orthogonal array fuse fuse postop NCK
3,21,13,11929.0,orthogonal array fuse fuse postop NCK
3,21,14,11975.0,orthogonal array fuse fuse postop NCK
3,21,15,11990.0,orthogonal array fuse fuse postop NCK
3,21,16,12030.0,orthogonal array fuse fuse postop NCK
3,21,17,12047.0,orthogonal array fuse fuse postop NCK
3,21,18,12057.0,orthogonal array fuse fuse postop NCK
3,21,19,12069.0,orthogonal array fuse fuse postop NCK
3,21,20,12081.0,orthogonal array fuse fuse postop NCK
3,21,21,12091.0,orthogonal array fuse fuse postop NCK
3,21,22,12098.0,orthogonal array fuse fuse postop NCK
3,21,23,12117.0,orthogonal array fuse fuse postop NCK
3,21,24,12140.0,orthogonal array fuse fuse postop NCK
3,21,25,15392.0,orthogonal array fuse fuse fuse fuse postop NCK
3,21,26,15436.0,orthogonal array fuse fuse fuse fuse postop NCK
3,21,27,19052.0,orthogonal array fuse fuse fuse fuse fuse fuse postop NCK
3,21,28,19112.0,orthogonal array fuse fuse fuse fuse fuse fuse postop NCK
3,21,30,22210.0,Chateauneuf-Kreher doubling
3,21,32,22270.0,Chateauneuf-Kreher doubling
3,21,34,22307.0,Chateauneuf-Kreher doubling
3,21,36,22337.0,Chateauneuf-Kreher doubling
3,21,38,22369.0,Chateauneuf-Kreher doubling
3,21,40,22381.0,Chateauneuf-Kreher doubling
3,21,42,22411.0,Chateauneuf-Kreher doubling
3,21,44,22438.0,Chateauneuf-Kreher doubling
3,21,46,22457.0,Chateauneuf-Kreher doubling
3,21,48,22500.0,Chateauneuf-Kreher doubling
3,21,509,24307.0,SCPHF LFSR (TJ-IM) fuse fuse
3,21,553,24329.0,Raaphorst-Moura-Stevens fuse fuse
3,21,603,31217.0,SCPHF LFSR (TJ-IM) fuse fuse fuse fuse
3,21,651,31241.0,Raaphorst-Moura-Stevens fuse fuse fuse fuse
3,21,705,39327.0,SCPHF LFSR (TJ-IM) fuse fuse fuse fuse fuse fuse
3,21,757,39353.0,Raaphorst-Moura-Stevens fuse fuse fuse fuse fuse fuse
3,21,768,43827.0,Chateauneuf-Kreher doubling
3,21,864,43847.0,Chateauneuf-Kreher doubling
3,21,960,43867.0,Chateauneuf-Kreher doubling
3,21,1018,43887.0,Chateauneuf-Kreher doubling
3,21,1056,43909.0,Chateauneuf-Kreher doubling
3,21,1104,43929.0,Chateauneuf-Kreher doubling
3,21,1106,43949.0,Chateauneuf-Kreher doubling
3,21,1402,47583.0,"Restricted CPHF Ext  4( 2, 4) WCS fuse fuse"
3,21,1404,47605.0,"Restricted CPHF Ext  4( 2, 3) WCS fuse fuse"
3,21,2270,47670.0,Cyclotomy (Colbourn)
3,21,2312,48531.0,Cyclotomy (Colbourn)
3,21,2492,48595.0,"Restricted CPHF Ext  4( 0, 4) WCS fuse fuse"
3,21,2516,48617.0,"Restricted CPHF Ext  4( 0, 3) WCS fuse fuse"
3,21,2534,48639.0,"Restricted CPHF Ext  4( 0, 2) WCS fuse fuse"
3,21,2542,48661.0,"Restricted CPHF Ext  4( 0, 0) WCS fuse fuse"
3,21,2772,52706.0,Cohen-Colbourn-Ling
3,21,3048,52726.0,Cohen-Colbourn-Ling
3,21,3054,52746.0,Cohen-Colbourn-Ling
3,21,3312,52768.0,Cohen-Colbourn-Ling
3,21,3318,52808.0,Cohen-Colbourn-Ling
3,21,3563,56808.0,Cohen-Colbourn-Ling
3,21,3871,56830.0,Cohen-Colbourn-Ling
3,21,4072,58040.0,Cohen-Colbourn-Ling
3,21,4416,58062.0,Cohen-Colbourn-Ling
3,21,4581,58289.0,Cohen-Colbourn-Ling
3,21,4968,58311.0,Cohen-Colbourn-Ling
3,21,5090,58335.0,Cohen-Colbourn-Ling
3,21,5520,58357.0,Cohen-Colbourn-Ling
3,21,5599,58410.0,Cohen-Colbourn-Ling
3,21,6072,58432.0,Cohen-Colbourn-Ling
3,21,6108,58458.0,Cohen-Colbourn-Ling
3,21,6624,58480.0,Cohen-Colbourn-Ling
3,21,7176,58520.0,Cohen-Colbourn-Ling
3,21,7635,58559.0,Cohen-Colbourn-Ling
3,21,7728,58566.0,Cohen-Colbourn-Ling
3,21,8280,58581.0,Cohen-Colbourn-Ling
3,21,8653,58616.0,Cohen-Colbourn-Ling
3,21,8832,58621.0,Cohen-Colbourn-Ling
3,21,9162,58626.0,Cohen-Colbourn-Ling
3,21,9671,58638.0,Cohen-Colbourn-Ling
3,21,9936,58648.0,Cohen-Colbourn-Ling
3,21,10000,58650.0,Cohen-Colbourn-Ling
4,21,5,194481.0,Derive from strength 5
4,21,6,213003.0,Derive from strength 5
4,21,7,246006.0,orthogonal array fuse fuse postop NCK
4,21,8,260078.0,orthogonal array fuse fuse postop NCK
4,21,9,270146.0,orthogonal array fuse fuse postop NCK
4,21,10,277359.0,orthogonal array fuse fuse postop NCK
4,21,11,279116.0,orthogonal array fuse fuse postop NCK
4,21,12,279395.0,orthogonal array fuse fuse postop NCK
4,21,13,279704.0,orthogonal array fuse fuse postop NCK
4,21,14,279711.0,orthogonal array fuse fuse postop NCK
4,21,15,279792.0,orthogonal array fuse fuse postop NCK
4,21,16,279832.0,orthogonal array fuse fuse postop NCK
4,21,24,279837.0,orthogonal array fuse fuse
4,21,25,390612.0,orthogonal array fuse fuse fuse fuse postop NCK
4,21,26,390617.0,orthogonal array fuse fuse fuse fuse
4,21,28,531429.0,orthogonal array fuse fuse fuse fuse fuse fuse
4,21,30,547511.0,3-Restricted SCPHF RE (CL) fuse fuse
4,21,39,559149.0,2-Restricted SCPHF RE (CL) fuse fuse
4,21,40,717261.0,Colbourn-Martirosyan-TVT-Walker
4,21,42,717461.0,Colbourn-Martirosyan-TVT-Walker
4,21,44,717601.0,Colbourn-Martirosyan-TVT-Walker
4,21,46,717981.0,Colbourn-Martirosyan-TVT-Walker
4,21,48,718441.0,Colbourn-Martirosyan-TVT-Walker
4,21,86,827329.0,3-Restricted SCPHF RE (CL) fuse fuse
4,21,98,838967.0,2-Restricted SCPHF RE (CL) fuse fuse
4,21,107,839517.0,CPHF IPO 3 (WCS) fuse fuse
4,21,170,1095003.0,"3,3-Restricted SCPHF RE (CL) fuse fuse"
4,21,203,1106641.0,"3,2-Restricted SCPHF RE (CL) fuse fuse"
4,21,204,1107147.0,3-Restricted SCPHF RE (CL) fuse fuse
4,21,238,1118279.0,"2,2-Restricted SCPHF RE (CL) fuse fuse"
4,21,242,1118785.0,2-Restricted SCPHF RE (CL) fuse fuse
4,21,247,1119291.0,SCPHF Random Extension (CLS) fuse fuse
4,21,302,1119357.0,CPHF IPO 4 (WCS) fuse fuse
4,21,322,1356482.0,Colbourn-Martirosyan-TVT-Walker
4,21,345,1356564.0,Colbourn-Martirosyan-TVT-Walker
4,21,368,1356605.0,Colbourn-Martirosyan-TVT-Walker
4,21,529,1362171.0,Colbourn-Martirosyan-TVT-Walker fuse fuse
4,21,552,1386408.0,Colbourn-Martirosyan-TVT-Walker fuse
4,21,593,1398097.0,"2,2-Restricted SCPHF RE (CL) fuse fuse"
4,21,610,1398603.0,2-Restricted SCPHF RE (CL) fuse fuse
4,21,619,1399109.0,SCPHF Random Extension (CLS) fuse fuse
4,21,658,1399197.0,CPHF IPO 5 (WCS) fuse fuse
4,21,895,1642495.0,"3,3,3-Restricted SCPHF RE (CL) fuse fuse"
4,21,1039,1654639.0,"3,3-Restricted SCPHF RE (CL) fuse fuse"
4,21,1231,1666277.0,"3,2-Restricted SCPHF RE (CL) fuse fuse"
4,21,1247,1666783.0,3-Restricted SCPHF RE (CL) fuse fuse
4,21,1305,1677915.0,"2,2-Restricted SCPHF RE (CL) fuse fuse"
4,21,1380,1678421.0,2-Restricted SCPHF RE (CL) fuse fuse
4,21,1421,1678927.0,SCPHF Random Extension (CLS) fuse fuse
4,21,1461,1679037.0,CPHF Random Extension (CLS) fuse fuse
4,21,2723,1958745.0,SCPHF Random Extension (CLS) fuse fuse
4,21,2806,1958877.0,CPHF Random Extension (CLS) fuse fuse
4,21,2807,2531337.0,Add a factor
4,21,3910,2700541.0,Colbourn-Martirosyan-TVT-Walker fuse fuse
4,21,4669,2712179.0,Colbourn-Martirosyan-TVT-Walker fuse fuse
4,21,4692,2712685.0,Colbourn-Martirosyan-TVT-Walker fuse fuse
4,21,5474,2723817.0,Colbourn-Martirosyan-TVT-Walker fuse fuse
4,21,5566,2724323.0,Colbourn-Martirosyan-TVT-Walker fuse fuse
4,21,5681,2724829.0,Colbourn-Martirosyan-TVT-Walker fuse fuse
4,21,6946,2724895.0,Colbourn-Martirosyan-TVT-Walker fuse fuse
4,21,7248,2772892.0,Colbourn-Martirosyan-TVT-Walker fuse
4,21,10000,2967709.0,Colbourn-Martirosyan-TVT-Walker fuse fuse
5,21,6,4084101.0,Derive from strength 6
5,21,7,4473063.0,Ji-Li-Yin
5,21,8,5459643.0,Augment OA
5,21,9,5986292.0,Augment OA
5,21,24,6436339.0,orthogonal array fuse fuse
5,21,26,9765617.0,orthogonal array fuse fuse fuse fuse
5,21,28,14348895.0,orthogonal array fuse fuse fuse fuse fuse fuse
5,21,43,19029161.0,4-Restricted SCPHF RE (CL) fuse fuse
5,21,46,19296835.0,3-Restricted SCPHF RE (CL) fuse fuse
5,21,47,19308473.0,2-Restricted SCPHF RE (CL) fuse fuse
5,21,48,19308979.0,SCPHF Random Extension (CLS) fuse fuse
5,21,51,19309023.0,CPHF IPO 3 (WCS) fuse fuse
5,21,72,25185663.0,"4,4-Restricted SCPHF RE (CL) fuse fuse"
5,21,81,25465481.0,4-Restricted SCPHF RE (CL) fuse fuse
5,21,87,25733155.0,3-Restricted SCPHF RE (CL) fuse fuse
5,21,88,25744793.0,2-Restricted SCPHF RE (CL) fuse fuse
5,21,90,25745299.0,SCPHF Random Extension (CLS) fuse fuse
5,21,107,25745365.0,CPHF IPO 4 (WCS) fuse fuse
5,21,136,31621983.0,"4,4-Restricted SCPHF RE (CL) fuse fuse"
5,21,155,31901801.0,4-Restricted SCPHF RE (CL) fuse fuse
5,21,171,32169475.0,3-Restricted SCPHF RE (CL) fuse fuse
5,21,175,32181113.0,2-Restricted SCPHF RE (CL) fuse fuse
5,21,178,32181619.0,SCPHF Random Extension (CLS) fuse fuse
5,21,181,32181707.0,CPHF Random Extension (CLS) fuse fuse
5,21,228,37778485.0,"4,4,4-Restricted SCPHF RE (CL) fuse fuse"
5,21,259,38058303.0,"4,4-Restricted SCPHF RE (CL) fuse fuse"
5,21,299,38338121.0,4-Restricted SCPHF RE (CL) fuse fuse
5,21,332,38605795.0,3-Restricted SCPHF RE (CL) fuse fuse
5,21,342,38617433.0,2-Restricted SCPHF RE (CL) fuse fuse
5,21,344,38617939.0,SCPHF Random Extension (CLS) fuse fuse
5,21,345,38618049.0,CPHF Random Extension (CLS) fuse fuse
5,21,430,44214805.0,"4,4,4-Restricted SCPHF RE (CL) fuse fuse"
5,21,493,44494623.0,"4,4-Restricted SCPHF RE (CL) fuse fuse"
5,21,564,44774441.0,4-Restricted SCPHF RE (CL) fuse fuse
5,21,648,45042115.0,3-Restricted SCPHF RE (CL) fuse fuse
5,21,654,45053753.0,2-Restricted SCPHF RE (CL) fuse fuse
5,21,656,45054259.0,SCPHF Random Extension (CLS) fuse fuse
5,21,785,50651125.0,"4,4,4-Restricted SCPHF RE (CL) fuse fuse"
5,21,786,69066865.0,Add 1 factors
5,21,787,78954085.0,Add 2 factors
5,21,788,82843705.0,Add 3 factors
5,21,789,87411346.0,Add 4 factors
5,21,790,87781786.0,Add 5 factors
5,21,791,97500147.0,Add 23 factors
5,21,792,97511785.0,Add 23 factors
5,21,799,97521905.0,Add 23 factors
5,21,804,97533543.0,Add 23 factors
5,21,806,97626647.0,Add 23 factors
5,21,808,97661561.0,Add 23 factors
5,21,809,113079925.0,Add 25 factors fuse
5,21,810,113334925.0,Add 25 factors fuse
5,21,860,118954103.0,Martirosyan-TVT
5,21,865,119233921.0,Martirosyan-TVT variant
5,21,961,119282535.0,Martirosyan-TVT variant
5,21,986,119331149.0,Martirosyan-TVT
5,21,1018,119610967.0,Martirosyan-TVT
5,21,1019,119632505.0,Martirosyan-TVT variant
5,21,1057,119654043.0,Martirosyan-TVT variant
5,21,1058,119702701.0,Martirosyan-TVT
5,21,1104,120187441.0,Martirosyan-TVT
5,21,1105,120421221.0,Martirosyan-TVT variant
5,21,1106,120469879.0,Martirosyan-TVT
5,21,1107,127227007.0,Martirosyan-TVT variant
5,21,2116,128726419.0,"perfect hash family20,2116,23,c fuse fuse"
5,21,2117,128726760.0,"perfect hash family20,2117,24"
5,21,3174,132810860.0,Power CT23^3T17
5,21,3703,133199822.0,Power CT23^3T16
5,21,4232,134186402.0,Power CT23^3T15
5,21,4761,134713051.0,Power CT23^3T14
5,21,10000,135162739.0,"perfect hash family21,12167,23,c fuse fuse"
6,21,7,85766121.0,composition
6,21,8,104648405.0,Augment OA
6,21,9,115485066.0,Augment OA
6,21,10,127301940.0,Augment OA
6,21,11,140142906.0,Augment OA
6,21,24,148035885.0,orthogonal array fuse fuse
6,21,26,244140617.0,orthogonal array fuse fuse fuse fuse
6,21,28,387420477.0,orthogonal array fuse fuse fuse fuse fuse fuse
6,21,29,443827799.0,4-Restricted SCPHF RE (CL) fuse fuse
6,21,30,444107111.0,2-Restricted SCPHF RE (CL) fuse fuse
6,21,31,444107617.0,SCPHF Random Extension (CLS) fuse fuse
6,21,34,444107661.0,CPHF IPO 3 (WCS) fuse fuse
6,21,41,579270843.0,"5,5-Restricted SCPHF RE (CL) fuse fuse"
6,21,45,585707163.0,5-Restricted SCPHF RE (CL) fuse fuse
6,21,51,591863665.0,4-Restricted SCPHF RE (CL) fuse fuse
6,21,52,592142977.0,2-Restricted SCPHF RE (CL) fuse fuse
6,21,70,727306709.0,"5,5-Restricted SCPHF RE (CL) fuse fuse"
6,21,78,733743029.0,5-Restricted SCPHF RE (CL) fuse fuse
6,21,85,739899531.0,4-Restricted SCPHF RE (CL) fuse fuse
6,21,87,740167205.0,3-Restricted SCPHF RE (CL) fuse fuse
6,21,106,868906255.0,"5,5,5-Restricted SCPHF RE (CL) fuse fuse"
6,21,119,875342575.0,"5,5-Restricted SCPHF RE (CL) fuse fuse"
6,21,133,881778895.0,5-Restricted SCPHF RE (CL) fuse fuse
6,21,145,887935397.0,4-Restricted SCPHF RE (CL) fuse fuse
6,21,146,888214709.0,2-Restricted SCPHF RE (CL) fuse fuse
6,21,148,888215215.0,SCPHF Random Extension (CLS) fuse fuse
6,21,249,1036251081.0,SCPHF Random Extension (CLS) fuse fuse
6,21,250,1506381021.0,Add 1 factors
6,21,265,1708984217.0,SCPHF Random Extension (CLS) fuse fuse fuse fuse
6,21,266,2179114157.0,Add 1 factors
6,21,529,2368573875.0,"perfect hash family16,529,23,c fuse fuse"
6,21,530,2368574144.0,Power CT23^2+1
6,21,531,2940685964.0,Add 1 factors
6,21,532,3155267744.0,Add 2 factors
6,21,533,3336783344.0,Add 3 factors
6,21,534,3541726632.0,Add 5 factors
6,21,535,3541939903.0,Add 5 factors
6,21,553,3617935660.0,Power CT25^2Arc(3)
6,21,576,3714040392.0,Power CT25^2T1T1
6,21,600,3810145124.0,Power CT25^2T1
6,21,625,3906249617.0,"perfect hash family16,625,25,c fuse fuse fuse fuse"
6,21,626,3906249856.0,Power CT25^2+1
6,21,627,4493912596.0,Add 1 factors
6,21,628,4769458216.0,Add 2 factors
6,21,629,4955789536.0,Add 3 factors
6,21,630,5160662430.0,Add 5 factors
6,21,631,5164709707.0,Add 5 factors
6,21,632,5274883022.0,Add 6 factors
6,21,634,5512605819.0,Add 23 factors
6,21,643,5512861855.0,Add 23 factors
6,21,648,5512906383.0,Add 23 factors
6,21,649,5517992428.0,Add 23 factors
6,21,651,5768888036.0,Power CT27^2Arc(3)
6,21,676,5912167896.0,Power CT27^2T1T1
6,21,702,6055447756.0,Power CT27^2T1
6,21,730,6198727616.0,Power CT27^2+1
6,21,735,6217506480.0,"perfect hash family6,735,249"
6,21,744,6365542508.0,Power N-CT31^2T7
6,21,754,6457729788.0,Power N-CT29^2T3
6,21,755,6461646228.0,Power N-CT31^2Arc(2)T5
6,21,780,6461646734.0,Power N-CT31^2T5T1
6,21,806,6461647240.0,Power N-CT31^2T5
6,21,860,6505382358.0,Martirosyan-TVT
6,21,865,6510978718.0,Martirosyan-TVT variant
6,21,961,6513703060.0,Martirosyan-TVT variant
6,21,986,6516427402.0,Martirosyan-TVT
6,21,1018,6522023762.0,Martirosyan-TVT
6,21,1019,6522558516.0,Martirosyan-TVT variant
6,21,1057,6523093754.0,Martirosyan-TVT variant
6,21,1058,6525818096.0,Martirosyan-TVT
6,21,1059,6549570625.0,Martirosyan-TVT variant
6,21,1060,6573322885.0,Martirosyan-TVT
6,21,1062,7145434705.0,Martirosyan-TVT
6,21,1064,7360016485.0,Martirosyan-TVT
6,21,1066,7541532085.0,Martirosyan-TVT
6,21,1250,7731203385.0,"perfect hash familyD16,1250,50^11 25^5"
6,21,1271,7974628562.0,Power N-CT41^2T10
6,21,1394,7974628606.0,Power N-CT41^2T7
6,21,1462,8058300766.0,Power N-CT43^2T9
6,21,1681,8109791788.0,Power N-CT41^2
6,21,1763,8193463948.0,Power N-CT43^2T2
6,21,1851,8199900268.0,Power N-CT43^2+2
6,21,1939,8267621790.0,"Power N-CT47^2Trin2,2,2"
6,21,2025,8273778292.0,Power N-CT47^2T2T2
6,21,2115,8279934794.0,Power N-CT47^2T2
6,21,2213,8286091296.0,"perfect hash family14,2213,51"
6,21,2214,8290001664.0,"perfect hash family14,2214,52"
6,21,2239,8560329128.0,Power N-CT53^2Arc(12)
6,21,2281,8695492860.0,Power N-CT53^2Arc(11)
6,21,2324,8830656592.0,Power N-CT53^2Arc(10)
6,21,2368,8965820324.0,Power N-CT53^2Arc(9)
6,21,2413,9100984056.0,Power N-CT53^2Arc(8)
6,21,2459,9236147788.0,Power N-CT53^2Arc(7)
6,21,2514,9248464316.0,"Power N-CT73^2Trin3,22,22"
6,21,2562,9248743628.0,"Power N-CT73^2Trin3,21,22"
6,21,2611,9249022940.0,"Power N-CT73^2Trin3,21,21"
6,21,2652,9255179948.0,Power N-CT73^2T22T21
6,21,2704,9255459260.0,Power N-CT73^2T21T21
6,21,2822,9322902020.0,Power N-CT83^2T49
6,21,3024,9377750858.0,"Power N-CT73^2Trin3,3,28"
6,21,3426,9383907360.0,"Power N-CT73^2Trin3,3,22"
6,21,3493,9384186672.0,"Power N-CT73^2Trin3,3,21"
6,21,3570,9390343680.0,Power N-CT73^2T22T3
6,21,3640,9390622992.0,Power N-CT73^2T21T3
6,21,3723,9396780000.0,Power N-CT73^2T22
6,21,3796,9397059312.0,Power N-CT73^2T21
6,21,3811,9433998324.0,Power N-CT79^2Arc(6)T27
6,21,3858,9440154826.0,Power N-CT79^2Arc(5)T27
6,21,3906,9446311328.0,Power N-CT79^2Arc(4)T27
6,21,3955,9452467830.0,Power N-CT79^2Arc(3)T27
6,21,4005,9458624332.0,Power N-CT79^2Arc(2)T27
6,21,4056,9464780834.0,Power N-CT79^2T27T1
6,21,4233,9470658024.0,Power N-CT83^2T32
6,21,4316,9470937336.0,Power N-CT83^2T31
6,21,4699,9519350404.0,"Power N-CT73^2Trin3,3,3"
6,21,4900,9525786724.0,Power N-CT73^2T3T3
6,21,5110,9532223044.0,Power N-CT73^2T3
6,21,5334,9538659364.0,"perfect hash family13,5334,78"
6,21,5359,9544815866.0,Power N-CT79^2Arc(12)
6,21,5427,9550972368.0,Power N-CT79^2Arc(11)
6,21,5496,9557128870.0,Power N-CT79^2Arc(10)
6,21,5566,9563285372.0,Power N-CT79^2Arc(9)
6,21,5637,9569441874.0,Power N-CT79^2Arc(8)
6,21,5709,9575598376.0,Power N-CT79^2Arc(7)
6,21,5782,9581754878.0,Power N-CT79^2Arc(6)
6,21,5856,9587911380.0,Power N-CT79^2Arc(5)
6,21,5931,9594067882.0,Power N-CT79^2Arc(4)
6,21,6007,9600224384.0,Power N-CT79^2Arc(3)
6,21,6084,9606380886.0,Power N-CT79^2T1T1
6,21,6474,9612537388.0,Power N-CT83^2T5
6,21,6891,9618693890.0,Power N-CT83^2+2
6,21,6893,9622173652.0,"perfect hash family13,6893,87"
6,21,6894,10766629552.0,Add 1 factors
6,21,6901,10908761130.0,"Power N-CT89^2Trin4,4,4"
6,21,7063,10909028804.0,"Power N-CT89^2Trin2,4,4"
6,21,7229,10909296478.0,"Power N-CT89^2Trin2,2,4"
6,21,7399,10909564152.0,"Power N-CT89^2Trin2,2,2"
6,21,7569,11038303202.0,Power N-CT89^2T2T2
6,21,8034,11160618076.0,"perfect hash family13,10609,103T25"
6,21,8755,11166774578.0,"perfect hash family13,10609,103T18"
6,21,8961,11167042252.0,"perfect hash family13,10609,103T16"
6,21,9605,11244010418.0,"perfect hash family13,12769,113T28"
6,21,9831,11244278092.0,"perfect hash family13,12769,113T26"
6,21,10000,11295781302.0,Power N-CT101^2
2,22,5,484.0,orthogonal array
2,22,6,487.0,Incomplete Transversal Design
2,22,7,506.0,Holey Transversal Design
2,22,8,518.0,Add Factor SO (AG-TJ-IM)
2,22,9,519.0,Add Factor SO (AG-TJ-IM)
2,22,10,520.0,Add Factor SO (AG-TJ-IM)
2,22,11,521.0,Add Factor SO (AG-TJ-IM)
2,22,13,522.0,Add Factor SO (AG-TJ-IM)
2,22,14,523.0,Add Factor SO (AG-TJ-IM)
2,22,19,524.0,Add Factor SO (AG-TJ-IM)
2,22,24,525.0,Add Factor SO (AG-TJ-IM)
2,22,25,528.0,projection (C)
2,22,26,609.0,projection (C) postop NCK
2,22,27,611.0,projection (C) postop NCK
2,22,28,613.0,projection (C) postop NCK
2,22,29,617.0,projection (C) postop TJ-SA
2,22,30,691.0,projection (C) postop NCK
2,22,31,696.0,projection (C) postop NCK
2,22,32,698.0,projection (C) postop NCK
2,22,33,699.0,projection (C) postop NCK
2,22,34,777.0,projection (C) postop NCK
2,22,35,779.0,projection (C) postop NCK
2,22,36,783.0,projection (C) postop NCK
2,22,37,785.0,projection (C) postop NCK
2,22,38,857.0,projection (C) postop NCK
2,22,39,860.0,projection (C) postop NCK
2,22,40,862.0,projection (C) postop NCK
2,22,41,868.0,projection (C) postop NCK
2,22,42,905.0,projection (C) postop NCK
2,22,43,912.0,projection (C) postop NCK
2,22,44,925.0,Fix 1 symbols (LCDST)
2,22,54,940.0,Fix 6 symbols (LCDST)
2,22,57,946.0,Fix 7 symbols (LCDST)
2,22,58,961.0,Fix 7 symbols (LCDST)
2,22,60,967.0,simulated annealing (Torres-Jimenez)
2,22,120,968.0,Direct product
2,22,121,969.0,Direct product generalized
2,22,144,972.0,Direct product
2,22,145,973.0,Direct product generalized
2,22,169,990.0,Direct product generalized
2,22,171,994.0,Direct product generalized
2,22,193,1004.0,Direct product generalized
2,22,217,1005.0,Direct product generalized
2,22,241,1006.0,Direct product generalized
2,22,336,1007.0,Direct product generalized
2,22,347,1008.0,simulated annealing (Torres-Jimenez)
2,22,504,1009.0,Direct product generalized
2,22,557,1010.0,simulated annealing (Torres-Jimenez)
2,22,577,1011.0,Direct product generalized
2,22,601,1012.0,Direct product generalized
2,22,624,1033.0,Direct product generalized
2,22,625,1034.0,Direct product
2,22,650,1054.0,Direct product
2,22,653,1077.0,Direct product generalized
2,22,675,1078.0,Direct product generalized
2,22,678,1097.0,Direct product generalized
2,22,693,1098.0,Direct product generalized
2,22,700,1099.0,Direct product generalized
2,22,709,1118.0,Direct product generalized
2,22,725,1119.0,Direct product generalized
2,22,734,1122.0,Direct product generalized
2,22,737,1123.0,Direct product generalized
2,22,741,1137.0,Direct product generalized
2,22,745,1139.0,Direct product generalized
2,22,750,1140.0,Direct product generalized
2,22,754,1143.0,Direct product
2,22,756,1159.0,Direct product generalized
2,22,767,1160.0,Direct product generalized
2,22,772,1161.0,Direct product generalized
2,22,775,1162.0,Direct product generalized
2,22,783,1167.0,Direct product generalized
2,22,792,1184.0,Direct product
2,22,798,1186.0,Direct product generalized
2,22,805,1187.0,Direct product generalized
2,22,812,1188.0,Direct product generalized
2,22,825,1205.0,Direct product
2,22,841,1208.0,Direct product generalized
2,22,853,1211.0,Direct product generalized
2,22,857,1220.0,Direct product generalized
2,22,861,1225.0,Direct product generalized
2,22,865,1226.0,Direct product generalized
2,22,869,1228.0,Direct product generalized
2,22,870,1229.0,Direct product generalized
2,22,872,1242.0,Direct product generalized
2,22,877,1246.0,Direct product generalized
2,22,879,1247.0,Direct product generalized
2,22,886,1248.0,Direct product generalized
2,22,894,1249.0,Direct product generalized
2,22,896,1250.0,Direct product generalized
2,22,899,1251.0,Direct product generalized
2,22,900,1265.0,Direct product generalized
2,22,909,1269.0,Direct product generalized
2,22,917,1270.0,Direct product generalized
2,22,924,1271.0,Direct product generalized
2,22,926,1275.0,Direct product generalized
2,22,928,1276.0,Direct product generalized
2,22,941,1289.0,Direct product generalized
2,22,957,1291.0,Direct product generalized
2,22,969,1294.0,Direct product generalized
2,22,973,1305.0,Direct product generalized
2,22,977,1307.0,Direct product generalized
2,22,985,1311.0,Direct product generalized
2,22,990,1312.0,Direct product generalized
2,22,991,1329.0,Direct product generalized
2,22,998,1330.0,Direct product generalized
2,22,1007,1331.0,Direct product generalized
2,22,1018,1332.0,Direct product generalized
2,22,1020,1333.0,Direct product generalized
2,22,1023,1334.0,Direct product generalized
2,22,1027,1351.0,Direct product generalized
2,22,1034,1352.0,Direct product generalized
2,22,1040,1353.0,Direct product generalized
2,22,1044,1354.0,Direct product generalized
2,22,1045,1356.0,Direct product generalized
2,22,1050,1357.0,Direct product generalized
2,22,1054,1358.0,Direct product generalized
2,22,1056,1359.0,Direct product generalized
2,22,1057,1374.0,Direct product generalized
2,22,1058,1375.0,Direct product generalized
2,22,1073,1376.0,Direct product generalized
2,22,1089,1377.0,PCAxPCA
2,22,1093,1388.0,Direct product generalized
2,22,1097,1390.0,Direct product generalized
2,22,1099,1395.0,Direct product generalized
2,22,1108,1396.0,Direct product generalized
2,22,1113,1397.0,Direct product generalized
2,22,1119,1398.0,Direct product generalized
2,22,1120,1399.0,Direct product generalized
2,22,1122,1400.0,Direct product generalized
2,22,1128,1414.0,Direct product generalized
2,22,1138,1415.0,Direct product generalized
2,22,1145,1416.0,Direct product generalized
2,22,1151,1417.0,Direct product generalized
2,22,1154,1418.0,Direct product generalized
2,22,1155,1419.0,Direct product generalized
2,22,1157,1432.0,Direct product generalized
2,22,1158,1433.0,Direct product generalized
2,22,1174,1434.0,Direct product generalized
2,22,1179,1435.0,Direct product generalized
2,22,1184,1436.0,Direct product generalized
2,22,1188,1437.0,Direct product generalized
2,22,1296,1440.0,Direct product
2,22,1350,1446.0,Direct product
2,22,1368,1450.0,Direct product
2,22,1428,1451.0,Direct product generalized
2,22,2875,1452.0,Direct product generalized
2,22,2904,1453.0,Direct product
2,22,2923,1455.0,Direct product generalized
2,22,3450,1456.0,Direct product generalized
2,22,3480,1457.0,Direct product
2,22,3504,1473.0,Direct product generalized
2,22,4056,1474.0,Direct product
2,22,4129,1479.0,Direct product generalized
2,22,4600,1488.0,Direct product generalized
2,22,5184,1489.0,Direct product generalized
2,22,5760,1490.0,Direct product generalized
2,22,8050,1491.0,Direct product generalized
2,22,8366,1492.0,Direct product generalized
2,22,12075,1493.0,Direct product generalized
2,22,13225,1494.0,Direct product generalized
2,22,13826,1495.0,Direct product generalized
2,22,14424,1496.0,Direct product
2,22,14447,1516.0,Direct product generalized
2,22,15045,1517.0,Direct product generalized
2,22,15122,1518.0,Direct product generalized
2,22,15629,1538.0,Direct product generalized
2,22,15679,1539.0,Direct product generalized
2,22,15725,1540.0,Direct product generalized
2,22,16225,1559.0,Direct product generalized
2,22,16275,1560.0,Direct product generalized
2,22,16300,1561.0,Direct product generalized
2,22,16350,1562.0,Direct product generalized
2,22,16900,1580.0,Direct product
2,22,16928,1583.0,Direct product generalized
2,22,16975,1584.0,Direct product generalized
2,22,16984,1596.0,Direct product generalized
2,22,16987,1599.0,Direct product generalized
2,22,17184,1602.0,Direct product generalized
2,22,17819,1603.0,Direct product generalized
2,22,17845,1604.0,Direct product generalized
2,22,18025,1606.0,Direct product generalized
2,22,18509,1624.0,Direct product generalized
2,22,18525,1625.0,Direct product generalized
2,22,18709,1627.0,Direct product generalized
2,22,18725,1628.0,Direct product generalized
2,22,18752,1640.0,Direct product generalized
2,22,18761,1643.0,Direct product generalized
2,22,19250,1645.0,Direct product generalized
2,22,19304,1646.0,Direct product generalized
2,22,19400,1647.0,Direct product generalized
2,22,19525,1648.0,Direct product generalized
2,22,19600,1649.0,Direct product generalized
2,22,19652,1668.0,Direct product generalized
2,22,20000,1669.0,Direct product generalized
3,22,4,10648.0,Derive from strength 4
3,22,5,10890.0,Li-Ji-Yin
3,22,6,11132.0,Ji-Yin
3,22,7,11857.0,orthogonal array fuse postop NCK
3,22,8,12020.0,orthogonal array fuse postop NCK
3,22,9,12072.0,orthogonal array fuse postop NCK
3,22,10,12076.0,orthogonal array fuse postop NCK
3,22,11,12080.0,orthogonal array fuse postop NCK
3,22,12,12099.0,orthogonal array fuse postop NCK
3,22,13,12129.0,orthogonal array fuse postop NCK
3,22,16,12132.0,orthogonal array fuse postop NCK
3,22,17,12140.0,orthogonal array fuse postop NCK
3,22,18,12142.0,orthogonal array fuse postop NCK
3,22,24,12165.0,orthogonal array fuse
3,22,25,15517.0,orthogonal array fuse fuse fuse postop NCK
3,22,26,15533.0,orthogonal array fuse fuse fuse postop NCK
3,22,27,19327.0,orthogonal array fuse fuse fuse fuse fuse postop NCK
3,22,28,19376.0,orthogonal array fuse fuse fuse fuse fuse postop NCK
3,22,32,23136.0,Chateauneuf-Kreher doubling
3,22,34,23144.0,Chateauneuf-Kreher doubling
3,22,36,23146.0,Chateauneuf-Kreher doubling
3,22,38,23169.0,Chateauneuf-Kreher doubling
3,22,48,23190.0,Chateauneuf-Kreher doubling
3,22,509,24309.0,SCPHF LFSR (TJ-IM) fuse
3,22,553,24331.0,Raaphorst-Moura-Stevens fuse
3,22,603,31219.0,SCPHF LFSR (TJ-IM) fuse fuse fuse
3,22,651,31243.0,Raaphorst-Moura-Stevens fuse fuse fuse
3,22,705,39329.0,SCPHF LFSR (TJ-IM) fuse fuse fuse fuse fuse
3,22,757,39355.0,Raaphorst-Moura-Stevens fuse fuse fuse fuse fuse
3,22,1008,45498.0,Chateauneuf-Kreher doubling
3,22,1018,45519.0,Chateauneuf-Kreher doubling
3,22,1106,45541.0,Chateauneuf-Kreher doubling
3,22,1402,47585.0,"Restricted CPHF Ext  4( 2, 4) WCS fuse"
3,22,1404,47607.0,"Restricted CPHF Ext  4( 2, 3) WCS fuse"
3,22,1772,48091.0,"Restricted CPHF Ext  4( 1, 4) WCS fuse"
3,22,1783,48113.0,"Restricted CPHF Ext  4( 1, 3) WCS fuse"
3,22,2492,48597.0,"Restricted CPHF Ext  4( 0, 4) WCS fuse"
3,22,2516,48619.0,"Restricted CPHF Ext  4( 0, 3) WCS fuse"
3,22,2534,48641.0,"Restricted CPHF Ext  4( 0, 2) WCS fuse"
3,22,2542,48663.0,"Restricted CPHF Ext  4( 0, 0) WCS fuse"
3,22,2545,56449.0,Cohen-Colbourn-Ling
3,22,2765,56471.0,Cohen-Colbourn-Ling
3,22,3054,56875.0,Cohen-Colbourn-Ling
3,22,3318,56897.0,Cohen-Colbourn-Ling
3,22,3360,58322.0,Cohen-Colbourn-Ling
3,22,3480,58345.0,Cohen-Colbourn-Ling
3,22,3563,58428.0,Cohen-Colbourn-Ling
3,22,3871,58450.0,Cohen-Colbourn-Ling
3,22,4072,58591.0,Cohen-Colbourn-Ling
3,22,4416,58613.0,Cohen-Colbourn-Ling
3,22,4581,58643.0,Cohen-Colbourn-Ling
3,22,5090,58647.0,Cohen-Colbourn-Ling
3,22,5599,58651.0,Cohen-Colbourn-Ling
3,22,6108,58670.0,Cohen-Colbourn-Ling
3,22,6624,58692.0,Cohen-Colbourn-Ling
3,22,8144,58703.0,Cohen-Colbourn-Ling
3,22,8653,58711.0,Cohen-Colbourn-Ling
3,22,9162,58713.0,Cohen-Colbourn-Ling
3,22,10000,58717.0,Colbourn-Martirosyan-TVT-Walker
4,22,5,234256.0,Derive from strength 5
4,22,6,260923.0,orthogonal array fuse postop NCK
4,22,7,269662.0,orthogonal array fuse postop NCK
4,22,8,278435.0,orthogonal array fuse postop NCK
4,22,9,279732.0,orthogonal array fuse postop NCK
4,22,10,279756.0,orthogonal array fuse postop NCK
4,22,11,279796.0,orthogonal array fuse postop NCK
4,22,12,279808.0,orthogonal array fuse postop NCK
4,22,24,279839.0,orthogonal array fuse
4,22,26,390619.0,orthogonal array fuse fuse fuse
4,22,28,531431.0,orthogonal array fuse fuse fuse fuse fuse
4,22,30,547513.0,3-Restricted SCPHF RE (CL) fuse
4,22,39,559151.0,2-Restricted SCPHF RE (CL) fuse
4,22,48,771983.0,Colbourn-Martirosyan-TVT-Walker
4,22,86,827331.0,3-Restricted SCPHF RE (CL) fuse
4,22,98,838969.0,2-Restricted SCPHF RE (CL) fuse
4,22,107,839519.0,CPHF IPO 3 (WCS) fuse
4,22,170,1095005.0,"3,3-Restricted SCPHF RE (CL) fuse"
4,22,203,1106643.0,"3,2-Restricted SCPHF RE (CL) fuse"
4,22,204,1107149.0,3-Restricted SCPHF RE (CL) fuse
4,22,238,1118281.0,"2,2-Restricted SCPHF RE (CL) fuse"
4,22,242,1118787.0,2-Restricted SCPHF RE (CL) fuse
4,22,247,1119293.0,SCPHF Random Extension (CLS) fuse
4,22,302,1119359.0,CPHF IPO 4 (WCS) fuse
4,22,529,1362173.0,Colbourn-Martirosyan-TVT-Walker fuse
4,22,552,1386410.0,Colbourn-Martirosyan-TVT-Walker
4,22,593,1398099.0,"2,2-Restricted SCPHF RE (CL) fuse"
4,22,610,1398605.0,2-Restricted SCPHF RE (CL) fuse
4,22,619,1399111.0,SCPHF Random Extension (CLS) fuse
4,22,658,1399199.0,CPHF IPO 5 (WCS) fuse
4,22,895,1642497.0,"3,3,3-Restricted SCPHF RE (CL) fuse"
4,22,1039,1654641.0,"3,3-Restricted SCPHF RE (CL) fuse"
4,22,1231,1666279.0,"3,2-Restricted SCPHF RE (CL) fuse"
4,22,1247,1666785.0,3-Restricted SCPHF RE (CL) fuse
4,22,1305,1677917.0,"2,2-Restricted SCPHF RE (CL) fuse"
4,22,1380,1678423.0,2-Restricted SCPHF RE (CL) fuse
4,22,1421,1678929.0,SCPHF Random Extension (CLS) fuse
4,22,1461,1679039.0,CPHF Random Extension (CLS) fuse
4,22,2723,1958747.0,SCPHF Random Extension (CLS) fuse
4,22,2806,1958879.0,CPHF Random Extension (CLS) fuse
4,22,2807,2629703.0,Add a factor
4,22,3910,2700543.0,Colbourn-Martirosyan-TVT-Walker fuse
4,22,4669,2712181.0,Colbourn-Martirosyan-TVT-Walker fuse
4,22,4692,2712687.0,Colbourn-Martirosyan-TVT-Walker fuse
4,22,5474,2723819.0,Colbourn-Martirosyan-TVT-Walker fuse
4,22,5566,2724325.0,Colbourn-Martirosyan-TVT-Walker fuse
4,22,5681,2724831.0,Colbourn-Martirosyan-TVT-Walker fuse
4,22,6946,2724897.0,Colbourn-Martirosyan-TVT-Walker fuse
4,22,7248,2772894.0,Colbourn-Martirosyan-TVT-Walker
4,22,10000,2967711.0,Colbourn-Martirosyan-TVT-Walker fuse
5,22,6,5153632.0,Derive from strength 6
5,22,7,6194819.0,Add a symbol
5,22,24,6436341.0,orthogonal array fuse
5,22,26,9765619.0,orthogonal array fuse fuse fuse
5,22,28,14348897.0,orthogonal array fuse fuse fuse fuse fuse
5,22,43,19029163.0,4-Restricted SCPHF RE (CL) fuse
5,22,46,19296837.0,3-Restricted SCPHF RE (CL) fuse
5,22,47,19308475.0,2-Restricted SCPHF RE (CL) fuse
5,22,48,19308981.0,SCPHF Random Extension (CLS) fuse
5,22,51,19309025.0,CPHF IPO 3 (WCS) fuse
5,22,72,25185665.0,"4,4-Restricted SCPHF RE (CL) fuse"
5,22,81,25465483.0,4-Restricted SCPHF RE (CL) fuse
5,22,87,25733157.0,3-Restricted SCPHF RE (CL) fuse
5,22,88,25744795.0,2-Restricted SCPHF RE (CL) fuse
5,22,90,25745301.0,SCPHF Random Extension (CLS) fuse
5,22,107,25745367.0,CPHF IPO 4 (WCS) fuse
5,22,136,31621985.0,"4,4-Restricted SCPHF RE (CL) fuse"
5,22,155,31901803.0,4-Restricted SCPHF RE (CL) fuse
5,22,171,32169477.0,3-Restricted SCPHF RE (CL) fuse
5,22,175,32181115.0,2-Restricted SCPHF RE (CL) fuse
5,22,178,32181621.0,SCPHF Random Extension (CLS) fuse
5,22,181,32181709.0,CPHF Random Extension (CLS) fuse
5,22,228,37778487.0,"4,4,4-Restricted SCPHF RE (CL) fuse"
5,22,259,38058305.0,"4,4-Restricted SCPHF RE (CL) fuse"
5,22,299,38338123.0,4-Restricted SCPHF RE (CL) fuse
5,22,332,38605797.0,3-Restricted SCPHF RE (CL) fuse
5,22,342,38617435.0,2-Restricted SCPHF RE (CL) fuse
5,22,344,38617941.0,SCPHF Random Extension (CLS) fuse
5,22,345,38618051.0,CPHF Random Extension (CLS) fuse
5,22,430,44214807.0,"4,4,4-Restricted SCPHF RE (CL) fuse"
5,22,493,44494625.0,"4,4-Restricted SCPHF RE (CL) fuse"
5,22,564,44774443.0,4-Restricted SCPHF RE (CL) fuse
5,22,648,45042117.0,3-Restricted SCPHF RE (CL) fuse
5,22,654,45053755.0,2-Restricted SCPHF RE (CL) fuse
5,22,656,45054261.0,SCPHF Random Extension (CLS) fuse
5,22,785,50651127.0,"4,4,4-Restricted SCPHF RE (CL) fuse"
5,22,786,71671203.0,Add 1 factors
5,22,787,83705379.0,Add 2 factors
5,22,788,92338487.0,Add 3 factors
5,22,789,94625415.0,Add 4 factors
5,22,790,95653696.0,Add 5 factors
5,22,791,99218525.0,Add 23 factors
5,22,796,99230163.0,Add 23 factors
5,22,799,99241801.0,Add 23 factors
5,22,807,99299991.0,Add 23 factors
5,22,808,99497837.0,Add 23 factors
5,22,809,113079927.0,Add 25 factors
5,22,810,113334927.0,Add 25 factors
5,22,860,121876002.0,Martirosyan-TVT
5,22,986,122155820.0,Martirosyan-TVT
5,22,1009,122435638.0,Martirosyan-TVT variant
5,22,1018,122484256.0,Martirosyan-TVT
5,22,1019,122506476.0,Martirosyan-TVT variant
5,22,1058,122528696.0,Martirosyan-TVT
5,22,1104,123037673.0,Martirosyan-TVT
5,22,1106,123283142.0,Martirosyan-TVT
5,22,2116,128726421.0,"perfect hash family20,2116,23,c fuse"
5,22,2117,128726800.0,"perfect hash family20,2117,24"
5,22,3174,133880431.0,Power CT23^3T17
5,22,3703,134921618.0,Power CT23^3T16
5,22,10000,135162741.0,"perfect hash family21,12167,23,c fuse"
6,22,7,113379904.0,composition
6,22,24,148035887.0,orthogonal array fuse
6,22,26,244140619.0,orthogonal array fuse fuse fuse
6,22,28,387420479.0,orthogonal array fuse fuse fuse fuse fuse
6,22,29,443827801.0,4-Restricted SCPHF RE (CL) fuse
6,22,30,444107113.0,2-Restricted SCPHF RE (CL) fuse
6,22,31,444107619.0,SCPHF Random Extension (CLS) fuse
6,22,34,444107663.0,CPHF IPO 3 (WCS) fuse
6,22,41,579270845.0,"5,5-Restricted SCPHF RE (CL) fuse"
6,22,45,585707165.0,5-Restricted SCPHF RE (CL) fuse
6,22,51,591863667.0,4-Restricted SCPHF RE (CL) fuse
6,22,52,592142979.0,2-Restricted SCPHF RE (CL) fuse
6,22,70,727306711.0,"5,5-Restricted SCPHF RE (CL) fuse"
6,22,78,733743031.0,5-Restricted SCPHF RE (CL) fuse
6,22,85,739899533.0,4-Restricted SCPHF RE (CL) fuse
6,22,87,740167207.0,3-Restricted SCPHF RE (CL) fuse
6,22,106,868906257.0,"5,5,5-Restricted SCPHF RE (CL) fuse"
6,22,119,875342577.0,"5,5-Restricted SCPHF RE (CL) fuse"
6,22,133,881778897.0,5-Restricted SCPHF RE (CL) fuse
6,22,145,887935399.0,4-Restricted SCPHF RE (CL) fuse
6,22,146,888214711.0,2-Restricted SCPHF RE (CL) fuse
6,22,148,888215217.0,SCPHF Random Extension (CLS) fuse
6,22,249,1036251083.0,SCPHF Random Extension (CLS) fuse
6,22,250,1553394941.0,Add 1 factors
6,22,265,1708984219.0,SCPHF Random Extension (CLS) fuse fuse fuse
6,22,266,2226128077.0,Add 1 factors
6,22,529,2368573877.0,"perfect hash family16,529,23,c fuse"
6,22,530,2368574176.0,Power CT23^2+1
6,22,531,2997898102.0,Add 1 factors
6,22,532,3245198386.0,Add 2 factors
6,22,533,3565308792.0,Add 3 factors
6,22,553,3617935692.0,Power CT25^2Arc(3)
6,22,576,3714040424.0,Power CT25^2T1T1
6,22,600,3810145156.0,Power CT25^2T1
6,22,625,3906249619.0,"perfect hash family16,625,25,c fuse fuse fuse"
6,22,626,3906249888.0,Power CT25^2+1
6,22,627,4552679826.0,Add 1 factors
6,22,628,4870233678.0,Add 2 factors
6,22,629,5207491676.0,Add 3 factors
6,22,630,5390068576.0,Add 4 factors
6,22,631,5397169439.0,Add 5 factors
6,22,632,5475897767.0,Add 6 factors
6,22,634,5531099615.0,Add 23 factors
6,22,643,5531355651.0,Add 23 factors
6,22,648,5531400179.0,Add 23 factors
6,22,649,5531668122.0,Add 23 factors
6,22,651,5768888068.0,Power CT27^2Arc(3)
6,22,676,5912167928.0,Power CT27^2T1T1
6,22,702,6055447788.0,Power CT27^2T1
6,22,730,6198727648.0,Power CT27^2+1
6,22,735,6217506492.0,"perfect hash family6,735,249"
6,22,744,6365542538.0,Power N-CT31^2T7
6,22,754,6457729818.0,Power N-CT29^2T3
6,22,755,6461646258.0,Power N-CT31^2Arc(2)T5
6,22,780,6461646764.0,Power N-CT31^2T5T1
6,22,806,6461647270.0,Power N-CT31^2T5
6,22,812,6601009678.0,Power N-CT29^2T1
6,22,813,6604926118.0,Power N-CT31^2Arc(2)T3
6,22,840,6604926624.0,Power N-CT31^2T3T1
6,22,868,6604927130.0,Power N-CT31^2T3
6,22,986,6642753597.0,Martirosyan-TVT
6,22,1009,6648629775.0,Martirosyan-TVT variant
6,22,1018,6651354121.0,Martirosyan-TVT
6,22,1019,6651888919.0,Martirosyan-TVT variant
6,22,1058,6652424201.0,Martirosyan-TVT
6,22,1059,6676903870.0,Martirosyan-TVT variant
6,22,1060,6701383240.0,Martirosyan-TVT
6,22,1062,7330707166.0,Martirosyan-TVT
6,22,1064,7578007450.0,Martirosyan-TVT
6,22,1250,7731203417.0,"perfect hash familyD16,1250,50^11 25^5"
6,22,1271,7974628590.0,Power N-CT41^2T10
6,22,1394,7974628634.0,Power N-CT41^2T7
6,22,1462,8058300794.0,Power N-CT43^2T9
6,22,1681,8109791816.0,Power N-CT41^2
6,22,1763,8193463976.0,Power N-CT43^2T2
6,22,1851,8199900296.0,Power N-CT43^2+2
6,22,1939,8267621818.0,"Power N-CT47^2Trin2,2,2"
6,22,2025,8273778320.0,Power N-CT47^2T2T2
6,22,2115,8279934822.0,Power N-CT47^2T2
6,22,2213,8286091324.0,"perfect hash family14,2213,51"
6,22,2214,8290001692.0,"perfect hash family14,2214,52"
6,22,2239,8560329156.0,Power N-CT53^2Arc(12)
6,22,2281,8695492888.0,Power N-CT53^2Arc(11)
6,22,2324,8830656620.0,Power N-CT53^2Arc(10)
6,22,2368,8965820352.0,Power N-CT53^2Arc(9)
6,22,2413,9100984084.0,Power N-CT53^2Arc(8)
6,22,2459,9236147816.0,Power N-CT53^2Arc(7)
6,22,2514,9248464342.0,"Power N-CT73^2Trin3,22,22"
6,22,2562,9248743654.0,"Power N-CT73^2Trin3,21,22"
6,22,2611,9249022966.0,"Power N-CT73^2Trin3,21,21"
6,22,2652,9255179974.0,Power N-CT73^2T22T21
6,22,2704,9255459286.0,Power N-CT73^2T21T21
6,22,2822,9322902046.0,Power N-CT83^2T49
6,22,3024,9377750884.0,"Power N-CT73^2Trin3,3,28"
6,22,3426,9383907386.0,"Power N-CT73^2Trin3,3,22"
6,22,3493,9384186698.0,"Power N-CT73^2Trin3,3,21"
6,22,3570,9390343706.0,Power N-CT73^2T22T3
6,22,3640,9390623018.0,Power N-CT73^2T21T3
6,22,3723,9396780026.0,Power N-CT73^2T22
6,22,3796,9397059338.0,Power N-CT73^2T21
6,22,3811,9433998350.0,Power N-CT79^2Arc(6)T27
6,22,3858,9440154852.0,Power N-CT79^2Arc(5)T27
6,22,3906,9446311354.0,Power N-CT79^2Arc(4)T27
6,22,3955,9452467856.0,Power N-CT79^2Arc(3)T27
6,22,4005,9458624358.0,Power N-CT79^2Arc(2)T27
6,22,4056,9464780860.0,Power N-CT79^2T27T1
6,22,4233,9470658050.0,Power N-CT83^2T32
6,22,4316,9470937362.0,Power N-CT83^2T31
6,22,4699,9519350430.0,"Power N-CT73^2Trin3,3,3"
6,22,4900,9525786750.0,Power N-CT73^2T3T3
6,22,5110,9532223070.0,Power N-CT73^2T3
6,22,5334,9538659390.0,"perfect hash family13,5334,78"
6,22,5359,9544815892.0,Power N-CT79^2Arc(12)
6,22,5427,9550972394.0,Power N-CT79^2Arc(11)
6,22,5496,9557128896.0,Power N-CT79^2Arc(10)
6,22,5566,9563285398.0,Power N-CT79^2Arc(9)
6,22,5637,9569441900.0,Power N-CT79^2Arc(8)
6,22,5709,9575598402.0,Power N-CT79^2Arc(7)
6,22,5782,9581754904.0,Power N-CT79^2Arc(6)
6,22,5856,9587911406.0,Power N-CT79^2Arc(5)
6,22,5931,9594067908.0,Power N-CT79^2Arc(4)
6,22,6007,9600224410.0,Power N-CT79^2Arc(3)
6,22,6084,9606380912.0,Power N-CT79^2T1T1
6,22,6474,9612537414.0,Power N-CT83^2T5
6,22,6891,9618693916.0,Power N-CT83^2+2
6,22,6893,9622173678.0,"perfect hash family13,6893,87"
6,22,6894,10881076092.0,Add 1 factors
6,22,6901,10908761156.0,"Power N-CT89^2Trin4,4,4"
6,22,7063,10909028830.0,"Power N-CT89^2Trin2,4,4"
6,22,7229,10909296504.0,"Power N-CT89^2Trin2,2,4"
6,22,7399,10909564178.0,"Power N-CT89^2Trin2,2,2"
6,22,7569,11038303228.0,Power N-CT89^2T2T2
6,22,8034,11160618102.0,"perfect hash family13,10609,103T25"
6,22,8755,11166774604.0,"perfect hash family13,10609,103T18"
6,22,8961,11167042278.0,"perfect hash family13,10609,103T16"
6,22,9605,11244010444.0,"perfect hash family13,12769,113T28"
6,22,9831,11244278118.0,"perfect hash family13,12769,113T26"
6,22,10000,11295781328.0,Power N-CT101^2
2,23,24,529.0,orthogonal array
2,23,26,616.0,projection (C) postop NCK
2,23,27,619.0,projection (C) postop NCK
2,23,28,622.0,projection (C) postop TJ-SA
2,23,29,706.0,projection (C) postop NCK
2,23,30,708.0,projection (C) postop NCK
2,23,31,712.0,projection (C) postop NCK
2,23,32,714.0,projection (C) postop TJ-SA
2,23,34,793.0,projection (C) postop NCK
2,23,35,796.0,projection (C) postop NCK
2,23,36,798.0,projection (C) postop NCK
2,23,37,877.0,projection (C) postop NCK
2,23,38,878.0,projection (C) postop NCK
2,23,39,879.0,projection (C) postop NCK
2,23,40,881.0,projection (C) postop NCK
2,23,41,921.0,projection (C) postop NCK
2,23,42,923.0,projection (C) postop NCK
2,23,58,1019.0,Fix 7 symbols (LCDST)
2,23,60,1022.0,simulated annealing (Torres-Jimenez)
2,23,575,1035.0,PCAx2PCA
2,23,576,1056.0,Direct product
2,23,598,1080.0,Direct product
2,23,599,1101.0,Direct product generalized
2,23,624,1102.0,Direct product
2,23,644,1124.0,Direct product
2,23,650,1125.0,Direct product generalized
2,23,651,1126.0,Direct product generalized
2,23,672,1128.0,Direct product
2,23,678,1149.0,Direct product generalized
2,23,680,1151.0,Direct product generalized
2,23,684,1168.0,Direct product generalized
2,23,686,1169.0,Direct product generalized
2,23,702,1170.0,Direct product
2,23,703,1172.0,Direct product generalized
2,23,728,1173.0,Direct product
2,23,732,1194.0,Direct product generalized
2,23,734,1196.0,Direct product generalized
2,23,756,1197.0,Direct product generalized
2,23,763,1215.0,Direct product generalized
2,23,784,1217.0,Direct product
2,23,786,1235.0,Direct product generalized
2,23,788,1237.0,Direct product generalized
2,23,790,1241.0,Direct product generalized
2,23,792,1243.0,Direct product generalized
2,23,794,1251.0,Direct product generalized
2,23,797,1252.0,Direct product generalized
2,23,801,1253.0,Direct product generalized
2,23,808,1254.0,Direct product generalized
2,23,810,1255.0,Direct product generalized
2,23,811,1258.0,Direct product generalized
2,23,819,1259.0,Direct product generalized
2,23,825,1260.0,Direct product generalized
2,23,832,1261.0,Direct product generalized
2,23,839,1262.0,Direct product generalized
2,23,840,1263.0,Direct product generalized
2,23,845,1284.0,Direct product generalized
2,23,850,1285.0,Direct product generalized
2,23,856,1286.0,Direct product generalized
2,23,865,1287.0,Direct product generalized
2,23,868,1288.0,Direct product generalized
2,23,875,1308.0,Direct product generalized
2,23,896,1309.0,Direct product
2,23,898,1322.0,Direct product generalized
2,23,900,1324.0,Direct product generalized
2,23,902,1325.0,Direct product generalized
2,23,904,1327.0,Direct product generalized
2,23,914,1344.0,Direct product generalized
2,23,918,1345.0,Direct product generalized
2,23,925,1346.0,Direct product generalized
2,23,926,1347.0,Direct product generalized
2,23,936,1349.0,Direct product
2,23,944,1352.0,Direct product generalized
2,23,952,1353.0,Direct product generalized
2,23,959,1354.0,Direct product generalized
2,23,960,1355.0,Direct product generalized
2,23,972,1373.0,Direct product generalized
2,23,977,1375.0,Direct product generalized
2,23,980,1376.0,Direct product generalized
2,23,989,1379.0,Direct product generalized
2,23,992,1380.0,Direct product generalized
2,23,1008,1393.0,Direct product
2,23,1024,1405.0,Direct product
2,23,1029,1428.0,Direct product generalized
2,23,1033,1429.0,Direct product generalized
2,23,1040,1430.0,Direct product generalized
2,23,1041,1432.0,Direct product generalized
2,23,1042,1434.0,Direct product generalized
2,23,1051,1435.0,Direct product generalized
2,23,1064,1436.0,Direct product generalized
2,23,1072,1437.0,Direct product generalized
2,23,1079,1438.0,Direct product generalized
2,23,1080,1439.0,Direct product generalized
2,23,1082,1446.0,Direct product generalized
2,23,1086,1447.0,Direct product generalized
2,23,1088,1448.0,Direct product generalized
2,23,1095,1461.0,Direct product generalized
2,23,1104,1462.0,Direct product generalized
2,23,1113,1463.0,Direct product generalized
2,23,1116,1464.0,Direct product generalized
2,23,1117,1467.0,Direct product generalized
2,23,1120,1468.0,Direct product generalized
2,23,1128,1477.0,Direct product generalized
2,23,1130,1479.0,Direct product generalized
2,23,1152,1489.0,Direct product
2,23,1156,1513.0,Direct product generalized
2,23,1157,1516.0,Direct product generalized
2,23,1176,1518.0,Direct product
2,23,1183,1519.0,Direct product generalized
2,23,1192,1520.0,Direct product generalized
2,23,1199,1521.0,Direct product generalized
2,23,1200,1522.0,Direct product generalized
2,23,1334,1525.0,Direct product
2,23,1382,1528.0,PCAx2PCA
2,23,13777,1541.0,PCAx2PCA
2,23,13800,1562.0,Direct product
2,23,13824,1582.0,Direct product
2,23,14352,1586.0,Direct product
2,23,14375,1607.0,Direct product generalized
2,23,14954,1608.0,PCAx2PCA
2,23,14973,1610.0,Direct product generalized
2,23,14976,1628.0,Direct product
2,23,15456,1630.0,Direct product
2,23,15600,1631.0,PCAx2PCA
2,23,15663,1632.0,Direct product generalized
2,23,15732,1633.0,Direct product generalized
2,23,16100,1634.0,Direct product
2,23,16128,1635.0,PCAxPCA
2,23,16193,1653.0,Direct product generalized
2,23,16247,1654.0,Direct product generalized
2,23,16371,1655.0,Direct product generalized
2,23,16394,1657.0,Direct product generalized
2,23,16438,1658.0,Direct product generalized
2,23,16744,1675.0,Direct product
2,23,16928,1676.0,Direct product generalized
2,23,16956,1677.0,Direct product generalized
2,23,17050,1678.0,Direct product generalized
2,23,17446,1679.0,PCAx2PCA
2,23,17472,1680.0,Direct product
2,23,17478,1699.0,Direct product generalized
2,23,17639,1700.0,Direct product generalized
2,23,17682,1701.0,Direct product generalized
2,23,17721,1702.0,Direct product generalized
2,23,18144,1703.0,PCAx2PCA
2,23,18244,1720.0,Direct product generalized
2,23,18370,1721.0,Direct product generalized
2,23,18453,1722.0,Direct product generalized
2,23,18790,1723.0,PCAx2PCA
2,23,18816,1724.0,Direct product
2,23,18936,1725.0,Direct product generalized
2,23,19040,1726.0,Direct product generalized
2,23,19152,1727.0,Direct product generalized
2,23,19166,1744.0,Direct product generalized
2,23,19174,1745.0,Direct product generalized
2,23,19218,1747.0,Direct product generalized
2,23,19656,1748.0,Direct product
2,23,19740,1749.0,Direct product generalized
2,23,19898,1766.0,Direct product generalized
2,23,19926,1767.0,Direct product generalized
2,23,20000,1768.0,Direct product generalized
3,23,24,12167.0,orthogonal array
3,23,25,15612.0,orthogonal array fuse fuse postop NCK
3,23,26,15613.0,orthogonal array fuse fuse postop NCK
3,23,27,19524.0,orthogonal array fuse fuse fuse fuse postop NCK
3,23,28,19549.0,orthogonal array fuse fuse fuse fuse postop NCK
3,23,48,23805.0,Chateauneuf-Kreher doubling
3,23,509,24311.0,SCPHF LFSR (TJ-IM)
3,23,553,24333.0,Raaphorst-Moura-Stevens
3,23,603,31221.0,SCPHF LFSR (TJ-IM) fuse fuse
3,23,651,31245.0,Raaphorst-Moura-Stevens fuse fuse
3,23,705,39331.0,SCPHF LFSR (TJ-IM) fuse fuse fuse fuse
3,23,757,39357.0,Raaphorst-Moura-Stevens fuse fuse fuse fuse
3,23,1033,47081.0,Path-Restricted SCPHF RE (CLS)
3,23,1106,47103.0,Chateauneuf-Kreher doubling
3,23,1402,47587.0,"Restricted CPHF Ext  4( 2, 4) WCS"
3,23,1404,47609.0,"Restricted CPHF Ext  4( 2, 3) WCS"
3,23,1772,48093.0,"Restricted CPHF Ext  4( 1, 4) WCS"
3,23,1783,48115.0,"Restricted CPHF Ext  4( 1, 3) WCS"
3,23,2492,48599.0,"Restricted CPHF Ext  4( 0, 4) WCS"
3,23,2516,48621.0,"Restricted CPHF Ext  4( 0, 3) WCS"
3,23,2534,48643.0,"Restricted CPHF Ext  4( 0, 2) WCS"
3,23,2542,48665.0,"Restricted CPHF Ext  4( 0, 0) WCS"
3,23,10000,58719.0,Colbourn-Martirosyan-TVT-Walker
4,23,24,279841.0,orthogonal array
4,23,26,390621.0,orthogonal array fuse fuse
4,23,28,531433.0,orthogonal array fuse fuse fuse fuse
4,23,30,547515.0,3-Restricted SCPHF RE (CL)
4,23,39,559153.0,2-Restricted SCPHF RE (CL)
4,23,41,780621.0,2-Restricted SCPHF RE (CL) fuse fuse
4,23,42,781221.0,SCPHF Random Extension (CLS) fuse fuse
4,23,46,815167.0,Colbourn-Martirosyan-TVT-Walker
4,23,48,826805.0,Colbourn-Martirosyan-TVT-Walker
4,23,86,827333.0,3-Restricted SCPHF RE (CL)
4,23,98,838971.0,2-Restricted SCPHF RE (CL)
4,23,107,839521.0,CPHF IPO 3 (WCS)
4,23,170,1095007.0,"3,3-Restricted SCPHF RE (CL)"
4,23,203,1106645.0,"3,2-Restricted SCPHF RE (CL)"
4,23,204,1107151.0,3-Restricted SCPHF RE (CL)
4,23,238,1118283.0,"2,2-Restricted SCPHF RE (CL)"
4,23,242,1118789.0,2-Restricted SCPHF RE (CL)
4,23,247,1119295.0,SCPHF Random Extension (CLS)
4,23,302,1119361.0,CPHF IPO 4 (WCS)
4,23,529,1362175.0,Colbourn-Martirosyan-TVT-Walker
4,23,593,1398101.0,"2,2-Restricted SCPHF RE (CL)"
4,23,610,1398607.0,2-Restricted SCPHF RE (CL)
4,23,619,1399113.0,SCPHF Random Extension (CLS)
4,23,658,1399201.0,CPHF IPO 5 (WCS)
4,23,895,1642499.0,"3,3,3-Restricted SCPHF RE (CL)"
4,23,1039,1654643.0,"3,3-Restricted SCPHF RE (CL)"
4,23,1231,1666281.0,"3,2-Restricted SCPHF RE (CL)"
4,23,1247,1666787.0,3-Restricted SCPHF RE (CL)
4,23,1305,1677919.0,"2,2-Restricted SCPHF RE (CL)"
4,23,1380,1678425.0,2-Restricted SCPHF RE (CL)
4,23,1421,1678931.0,SCPHF Random Extension (CLS)
4,23,1461,1679041.0,CPHF Random Extension (CLS)
4,23,2723,1958749.0,SCPHF Random Extension (CLS)
4,23,2806,1958881.0,CPHF Random Extension (CLS)
4,23,3910,2700545.0,Colbourn-Martirosyan-TVT-Walker
4,23,4669,2712183.0,Colbourn-Martirosyan-TVT-Walker
4,23,4692,2712689.0,Colbourn-Martirosyan-TVT-Walker
4,23,5474,2723821.0,Colbourn-Martirosyan-TVT-Walker
4,23,5566,2724327.0,Colbourn-Martirosyan-TVT-Walker
4,23,5681,2724833.0,Colbourn-Martirosyan-TVT-Walker
4,23,6946,2724899.0,Colbourn-Martirosyan-TVT-Walker
4,23,7248,2870188.0,Colbourn-Martirosyan-TVT-Walker
4,23,10000,2967713.0,Colbourn-Martirosyan-TVT-Walker
5,23,24,6436343.0,orthogonal array
5,23,26,9765621.0,orthogonal array fuse fuse
5,23,28,14348899.0,orthogonal array fuse fuse fuse fuse
5,23,43,19029165.0,4-Restricted SCPHF RE (CL)
5,23,46,19296839.0,3-Restricted SCPHF RE (CL)
5,23,47,19308477.0,2-Restricted SCPHF RE (CL)
5,23,48,19308983.0,SCPHF Random Extension (CLS)
5,23,51,19309027.0,CPHF IPO 3 (WCS)
5,23,72,25185667.0,"4,4-Restricted SCPHF RE (CL)"
5,23,81,25465485.0,4-Restricted SCPHF RE (CL)
5,23,87,25733159.0,3-Restricted SCPHF RE (CL)
5,23,88,25744797.0,2-Restricted SCPHF RE (CL)
5,23,90,25745303.0,SCPHF Random Extension (CLS)
5,23,107,25745369.0,CPHF IPO 4 (WCS)
5,23,136,31621987.0,"4,4-Restricted SCPHF RE (CL)"
5,23,155,31901805.0,4-Restricted SCPHF RE (CL)
5,23,171,32169479.0,3-Restricted SCPHF RE (CL)
5,23,175,32181117.0,2-Restricted SCPHF RE (CL)
5,23,178,32181623.0,SCPHF Random Extension (CLS)
5,23,181,32181711.0,CPHF Random Extension (CLS)
5,23,228,37778489.0,"4,4,4-Restricted SCPHF RE (CL)"
5,23,259,38058307.0,"4,4-Restricted SCPHF RE (CL)"
5,23,299,38338125.0,4-Restricted SCPHF RE (CL)
5,23,332,38605799.0,3-Restricted SCPHF RE (CL)
5,23,342,38617437.0,2-Restricted SCPHF RE (CL)
5,23,344,38617943.0,SCPHF Random Extension (CLS)
5,23,345,38618053.0,CPHF Random Extension (CLS)
5,23,430,44214809.0,"4,4,4-Restricted SCPHF RE (CL)"
5,23,493,44494627.0,"4,4-Restricted SCPHF RE (CL)"
5,23,564,44774445.0,4-Restricted SCPHF RE (CL)
5,23,648,45042119.0,3-Restricted SCPHF RE (CL)
5,23,654,45053757.0,2-Restricted SCPHF RE (CL)
5,23,656,45054263.0,SCPHF Random Extension (CLS)
5,23,785,50651129.0,"4,4,4-Restricted SCPHF RE (CL)"
5,23,786,74474115.0,Add 1 factors
5,23,787,88637561.0,Add 2 factors
5,23,788,94794063.0,Add 3 factors
5,23,808,100950565.0,Add 23 factors
5,23,810,115154729.0,Add 25 factors
5,23,860,124506429.0,Martirosyan-TVT
5,23,986,124786247.0,Martirosyan-TVT
5,23,1018,125066065.0,Martirosyan-TVT
5,23,1019,125088835.0,Martirosyan-TVT variant
5,23,1058,125111605.0,Martirosyan-TVT
5,23,1106,125901977.0,Martirosyan-TVT
5,23,2116,128726423.0,"perfect hash family20,2116,23,c"
5,23,2117,128726840.0,"perfect hash family20,2117,24"
5,23,10000,135162743.0,"perfect hash family21,12167,23,c"
6,23,24,148035889.0,orthogonal array
6,23,26,244140621.0,orthogonal array fuse fuse
6,23,28,387420481.0,orthogonal array fuse fuse fuse fuse
6,23,29,443827803.0,4-Restricted SCPHF RE (CL)
6,23,30,444107115.0,2-Restricted SCPHF RE (CL)
6,23,31,444107621.0,SCPHF Random Extension (CLS)
6,23,34,444107665.0,CPHF IPO 3 (WCS)
6,23,41,579270847.0,"5,5-Restricted SCPHF RE (CL)"
6,23,45,585707167.0,5-Restricted SCPHF RE (CL)
6,23,51,591863669.0,4-Restricted SCPHF RE (CL)
6,23,52,592142981.0,2-Restricted SCPHF RE (CL)
6,23,70,727306713.0,"5,5-Restricted SCPHF RE (CL)"
6,23,78,733743033.0,5-Restricted SCPHF RE (CL)
6,23,85,739899535.0,4-Restricted SCPHF RE (CL)
6,23,87,740167209.0,3-Restricted SCPHF RE (CL)
6,23,106,868906259.0,"5,5,5-Restricted SCPHF RE (CL)"
6,23,119,875342579.0,"5,5-Restricted SCPHF RE (CL)"
6,23,133,881778899.0,5-Restricted SCPHF RE (CL)
6,23,145,887935401.0,4-Restricted SCPHF RE (CL)
6,23,146,888214713.0,2-Restricted SCPHF RE (CL)
6,23,148,888215219.0,SCPHF Random Extension (CLS)
6,23,249,1036251085.0,SCPHF Random Extension (CLS)
6,23,250,1602647751.0,Add 1 factors
6,23,265,1708984221.0,SCPHF Random Extension (CLS) fuse fuse
6,23,266,2275380887.0,Add 1 factors
6,23,529,2368573879.0,"perfect hash family16,529,23,c"
6,23,530,2368574208.0,Power CT23^2+1
6,23,531,3057834758.0,Add 1 factors
6,23,532,3341022212.0,Add 2 factors
6,23,553,3617935724.0,Power CT25^2Arc(3)
6,23,576,3714040456.0,Power CT25^2T1T1
6,23,600,3810145188.0,Power CT25^2T1
6,23,625,3906249621.0,"perfect hash family16,625,25,c fuse fuse"
6,23,626,3906249920.0,Power CT25^2+1
6,23,627,4614245626.0,Add 1 factors
6,23,628,4977874936.0,Add 2 factors
6,23,629,5278740512.0,Add 3 factors
6,23,630,5420340058.0,Add 4 factors
6,23,634,5555749913.0,Add 23 factors
6,23,643,5556005949.0,Add 23 factors
6,23,648,5556050477.0,Add 23 factors
6,23,649,5561939604.0,Add 23 factors
6,23,651,5768888100.0,Power CT27^2Arc(3)
6,23,676,5912167960.0,Power CT27^2T1T1
6,23,702,6055447820.0,Power CT27^2T1
6,23,730,6198727680.0,Power CT27^2+1
6,23,735,6217506504.0,"perfect hash family6,735,249"
6,23,744,6365542568.0,Power N-CT31^2T7
6,23,754,6457729848.0,Power N-CT29^2T3
6,23,755,6461646288.0,Power N-CT31^2Arc(2)T5
6,23,780,6461646794.0,Power N-CT31^2T5T1
6,23,806,6461647300.0,Power N-CT31^2T5
6,23,812,6601009708.0,Power N-CT29^2T1
6,23,813,6604926148.0,Power N-CT31^2Arc(2)T3
6,23,840,6604926654.0,Power N-CT31^2T3T1
6,23,868,6604927160.0,Power N-CT31^2T3
6,23,870,6661333976.0,Power N-CT31^2T2T1
6,23,899,6661334482.0,Power N-CT31^2T2
6,23,900,6661613288.0,Power N-CT31^2T1T1
6,23,930,6661613794.0,Power N-CT31^2T1
6,23,961,6661614300.0,Power N-CT31^2
6,23,964,6661614960.0,Power N-CT31^2+3
6,23,986,6758182644.0,Martirosyan-TVT
6,23,1018,6764338640.0,Martirosyan-TVT
6,23,1019,6764873482.0,Martirosyan-TVT variant
6,23,1058,6765408808.0,Martirosyan-TVT
6,23,1059,6802592547.0,Martirosyan-TVT variant
6,23,1060,6839775957.0,Martirosyan-TVT
6,23,1062,7529036507.0,Martirosyan-TVT
6,23,1250,7731203449.0,"perfect hash familyD16,1250,50^11 25^5"
6,23,1271,7974628618.0,Power N-CT41^2T10
6,23,1394,7974628662.0,Power N-CT41^2T7
6,23,1462,8058300822.0,Power N-CT43^2T9
6,23,1681,8109791844.0,Power N-CT41^2
6,23,1763,8193464004.0,Power N-CT43^2T2
6,23,1851,8199900324.0,Power N-CT43^2+2
6,23,1939,8267621846.0,"Power N-CT47^2Trin2,2,2"
6,23,2025,8273778348.0,Power N-CT47^2T2T2
6,23,2115,8279934850.0,Power N-CT47^2T2
6,23,2213,8286091352.0,"perfect hash family14,2213,51"
6,23,2214,8290001720.0,"perfect hash family14,2214,52"
6,23,2239,8560329184.0,Power N-CT53^2Arc(12)
6,23,2281,8695492916.0,Power N-CT53^2Arc(11)
6,23,2324,8830656648.0,Power N-CT53^2Arc(10)
6,23,2368,8965820380.0,Power N-CT53^2Arc(9)
6,23,2413,9100984112.0,Power N-CT53^2Arc(8)
6,23,2459,9236147844.0,Power N-CT53^2Arc(7)
6,23,2514,9248464368.0,"Power N-CT73^2Trin3,22,22"
6,23,2562,9248743680.0,"Power N-CT73^2Trin3,21,22"
6,23,2611,9249022992.0,"Power N-CT73^2Trin3,21,21"
6,23,2652,9255180000.0,Power N-CT73^2T22T21
6,23,2704,9255459312.0,Power N-CT73^2T21T21
6,23,2822,9322902072.0,Power N-CT83^2T49
6,23,3024,9377750910.0,"Power N-CT73^2Trin3,3,28"
6,23,3426,9383907412.0,"Power N-CT73^2Trin3,3,22"
6,23,3493,9384186724.0,"Power N-CT73^2Trin3,3,21"
6,23,3570,9390343732.0,Power N-CT73^2T22T3
6,23,3640,9390623044.0,Power N-CT73^2T21T3
6,23,3723,9396780052.0,Power N-CT73^2T22
6,23,3796,9397059364.0,Power N-CT73^2T21
6,23,3811,9433998376.0,Power N-CT79^2Arc(6)T27
6,23,3858,9440154878.0,Power N-CT79^2Arc(5)T27
6,23,3906,9446311380.0,Power N-CT79^2Arc(4)T27
6,23,3955,9452467882.0,Power N-CT79^2Arc(3)T27
6,23,4005,9458624384.0,Power N-CT79^2Arc(2)T27
6,23,4056,9464780886.0,Power N-CT79^2T27T1
6,23,4233,9470658076.0,Power N-CT83^2T32
6,23,4316,9470937388.0,Power N-CT83^2T31
6,23,4699,9519350456.0,"Power N-CT73^2Trin3,3,3"
6,23,4900,9525786776.0,Power N-CT73^2T3T3
6,23,5110,9532223096.0,Power N-CT73^2T3
6,23,5334,9538659416.0,"perfect hash family13,5334,78"
6,23,5359,9544815918.0,Power N-CT79^2Arc(12)
6,23,5427,9550972420.0,Power N-CT79^2Arc(11)
6,23,5496,9557128922.0,Power N-CT79^2Arc(10)
6,23,5566,9563285424.0,Power N-CT79^2Arc(9)
6,23,5637,9569441926.0,Power N-CT79^2Arc(8)
6,23,5709,9575598428.0,Power N-CT79^2Arc(7)
6,23,5782,9581754930.0,Power N-CT79^2Arc(6)
6,23,5856,9587911432.0,Power N-CT79^2Arc(5)
6,23,5931,9594067934.0,Power N-CT79^2Arc(4)
6,23,6007,9600224436.0,Power N-CT79^2Arc(3)
6,23,6084,9606380938.0,Power N-CT79^2T1T1
6,23,6474,9612537440.0,Power N-CT83^2T5
6,23,6891,9618693942.0,Power N-CT83^2+2
6,23,6893,9622173704.0,"perfect hash family13,6893,87"
6,23,6901,10908761182.0,"Power N-CT89^2Trin4,4,4"
6,23,7063,10909028856.0,"Power N-CT89^2Trin2,4,4"
6,23,7229,10909296530.0,"Power N-CT89^2Trin2,2,4"
6,23,7399,10909564204.0,"Power N-CT89^2Trin2,2,2"
6,23,7569,11038303254.0,Power N-CT89^2T2T2
6,23,8034,11160618128.0,"perfect hash family13,10609,103T25"
6,23,8755,11166774630.0,"perfect hash family13,10609,103T18"
6,23,8961,11167042304.0,"perfect hash family13,10609,103T16"
6,23,9605,11244010470.0,"perfect hash family13,12769,113T28"
6,23,9831,11244278144.0,"perfect hash family13,12769,113T26"
6,23,10000,11295781354.0,Power N-CT101^2
2,24,9,576.0,orthogonal array
2,24,10,608.0,Add Factor SO (AG-TJ-IM)
2,24,11,611.0,Add Factor SO (AG-TJ-IM)
2,24,12,612.0,Add Factor SO (AG-TJ-IM)
2,24,13,614.0,Add Factor SO (AG-TJ-IM)
2,24,16,619.0,Add Factor SO (AG-TJ-IM)
2,24,20,620.0,Add Factor SO (AG-TJ-IM)
2,24,22,621.0,orthogonal array fuse postop TJ-SA
2,24,26,622.0,orthogonal array fuse
2,24,27,624.0,projection (C)
2,24,28,713.0,projection (C) postop NCK
2,24,29,716.0,projection (C) postop NCK
2,24,30,718.0,projection (C) postop NCK
2,24,31,722.0,projection (C) postop TJ-SA
2,24,32,806.0,projection (C) postop NCK
2,24,33,810.0,projection (C) postop NCK
2,24,34,812.0,projection (C) postop TJ-SA
2,24,35,814.0,projection (C) postop TJ-SA
2,24,37,896.0,projection (C) postop NCK
2,24,38,904.0,projection (C) postop NCK
2,24,39,907.0,projection (C) postop NCK
2,24,40,951.0,projection (C) postop NCK
2,24,41,955.0,projection (C) postop NCK
2,24,42,1075.0,Add a symbol (binary)
2,24,81,1128.0,Direct product
2,24,209,1152.0,Direct product generalized
2,24,234,1160.0,Direct product generalized
2,24,235,1170.0,Direct product generalized
2,24,243,1176.0,Direct product
2,24,260,1184.0,Direct product generalized
2,24,263,1185.0,Direct product generalized
2,24,286,1187.0,Direct product generalized
2,24,312,1188.0,Direct product generalized
2,24,338,1190.0,Direct product generalized
2,24,342,1195.0,Direct product generalized
2,24,447,1196.0,Direct product generalized
2,24,575,1197.0,Direct product generalized
2,24,651,1198.0,Direct product generalized
2,24,677,1199.0,Direct product generalized
2,24,703,1200.0,Direct product generalized
2,24,728,1223.0,Direct product generalized
2,24,729,1224.0,Direct product
2,24,756,1246.0,Direct product
2,24,758,1287.0,Direct product generalized
2,24,765,1288.0,Direct product generalized
2,24,773,1289.0,Direct product generalized
2,24,778,1290.0,Direct product generalized
2,24,781,1291.0,Direct product generalized
2,24,798,1292.0,Direct product generalized
2,24,806,1293.0,Direct product generalized
2,24,809,1294.0,Direct product generalized
2,24,810,1295.0,Direct product generalized
2,24,811,1317.0,Direct product generalized
2,24,813,1318.0,Direct product generalized
2,24,836,1321.0,Direct product generalized
2,24,837,1322.0,Direct product
2,24,840,1340.0,Direct product
2,24,841,1343.0,Direct product generalized
2,24,868,1344.0,Direct product
2,24,870,1382.0,Direct product generalized
2,24,877,1383.0,Direct product generalized
2,24,884,1384.0,Direct product generalized
2,24,890,1385.0,Direct product generalized
2,24,899,1386.0,Direct product generalized
2,24,907,1387.0,Direct product generalized
2,24,911,1388.0,Direct product generalized
2,24,917,1389.0,Direct product generalized
2,24,924,1390.0,Direct product generalized
2,24,927,1391.0,Direct product generalized
2,24,929,1392.0,Direct product generalized
2,24,930,1393.0,Direct product generalized
2,24,944,1413.0,Direct product generalized
2,24,945,1414.0,Direct product
2,24,961,1420.0,Direct product
2,24,980,1436.0,Direct product
2,24,989,1475.0,Direct product generalized
2,24,996,1476.0,Direct product generalized
2,24,1005,1477.0,Direct product generalized
2,24,1008,1478.0,Direct product generalized
2,24,1014,1479.0,Direct product generalized
2,24,1025,1480.0,Direct product generalized
2,24,1034,1481.0,Direct product generalized
2,24,1043,1482.0,Direct product generalized
2,24,1047,1483.0,Direct product generalized
2,24,1049,1484.0,Direct product generalized
2,24,1050,1485.0,Direct product generalized
2,24,1054,1490.0,Direct product generalized
2,24,1055,1507.0,Direct product generalized
2,24,1057,1511.0,Direct product generalized
2,24,1085,1512.0,Direct product
2,24,1092,1529.0,Direct product
2,24,1106,1554.0,Direct product generalized
2,24,1107,1555.0,Direct product
2,24,1110,1565.0,Direct product generalized
2,24,1116,1566.0,Direct product generalized
2,24,1118,1567.0,Direct product generalized
2,24,1121,1568.0,Direct product generalized
2,24,1125,1569.0,Direct product generalized
2,24,1127,1570.0,Direct product generalized
2,24,1133,1571.0,Direct product generalized
2,24,1144,1572.0,Direct product generalized
2,24,1149,1573.0,Direct product generalized
2,24,1156,1574.0,Direct product generalized
2,24,1164,1575.0,Direct product generalized
2,24,1167,1576.0,Direct product generalized
2,24,1169,1577.0,Direct product generalized
2,24,1170,1578.0,Direct product generalized
2,24,1180,1580.0,Direct product generalized
2,24,1184,1581.0,Direct product generalized
2,24,1190,1582.0,Direct product generalized
2,24,1195,1602.0,Direct product generalized
2,24,1196,1603.0,Direct product generalized
2,24,1225,1604.0,Direct product
2,24,1226,1621.0,Direct product generalized
2,24,1234,1622.0,Direct product generalized
2,24,1238,1623.0,Direct product generalized
2,24,1240,1624.0,Direct product generalized
2,24,1241,1650.0,Direct product generalized
2,24,1243,1651.0,Direct product generalized
2,24,1271,1653.0,Direct product
2,24,1279,1664.0,Direct product generalized
2,24,1289,1665.0,Direct product generalized
2,24,1291,1666.0,Direct product generalized
2,24,1295,1667.0,Direct product generalized
2,24,1303,1669.0,Direct product generalized
2,24,1313,1670.0,Direct product generalized
2,24,1320,1671.0,Direct product generalized
2,24,1324,1672.0,Direct product generalized
2,24,1329,1673.0,Direct product generalized
2,24,1330,1674.0,Direct product generalized
2,24,1334,1694.0,Direct product generalized
2,24,1335,1695.0,Direct product generalized
2,24,1341,1696.0,Direct product generalized
2,24,1365,1697.0,Direct product
2,24,1881,1704.0,Direct product
2,24,2066,1707.0,Direct product generalized postop TJ-SA
2,24,2106,1713.0,Direct product
2,24,2115,1722.0,Direct product
2,24,2234,1727.0,Direct product generalized
2,24,5434,1728.0,Direct product
2,24,6075,1736.0,Direct product generalized
2,24,6085,1745.0,Direct product generalized
2,24,6110,1746.0,Direct product
2,24,6118,1751.0,Direct product generalized
2,24,6327,1752.0,PCAx2PCA
2,24,6750,1760.0,Direct product generalized
2,24,7425,1763.0,Direct product generalized
2,24,8100,1764.0,Direct product generalized
2,24,8775,1766.0,Direct product generalized
2,24,8975,1771.0,Direct product generalized
2,24,11725,1772.0,Direct product generalized
2,24,15000,1773.0,Direct product generalized
2,24,16925,1774.0,Direct product generalized
2,24,17600,1775.0,Direct product generalized
2,24,18278,1776.0,Direct product
2,24,18303,1798.0,Direct product generalized
2,24,19003,1799.0,Direct product generalized
2,24,19086,1800.0,Direct product generalized
2,24,19687,1822.0,Direct product generalized
2,24,19740,1823.0,Direct product generalized
2,24,19764,1824.0,Direct product generalized
2,24,20000,1845.0,Direct product generalized
3,24,6,13824.0,orthogonal array (Ji-Yin)
3,24,11,15180.0,ordered design (CCL)
3,24,13,15598.0,orthogonal array fuse postop NCK
3,24,14,15599.0,orthogonal array fuse postop NCK
3,24,15,15600.0,orthogonal array fuse postop NCK
3,24,26,15623.0,orthogonal array fuse
3,24,27,19631.0,orthogonal array fuse fuse fuse postop NCK
3,24,28,19633.0,orthogonal array fuse fuse fuse postop NCK
3,24,29,24122.0,orthogonal array fuse fuse fuse fuse fuse postop NCK
3,24,30,24127.0,orthogonal array fuse fuse fuse fuse fuse postop NCK
3,24,31,29131.0,orthogonal array fuse fuse fuse fuse fuse fuse fuse postop NCK
3,24,32,29209.0,orthogonal array fuse fuse fuse fuse fuse fuse fuse postop NCK
3,24,40,29883.0,Chateauneuf-Kreher doubling
3,24,44,29906.0,Chateauneuf-Kreher doubling
3,24,52,29929.0,Chateauneuf-Kreher doubling
3,24,603,31223.0,SCPHF LFSR (TJ-IM) fuse
3,24,651,31247.0,Raaphorst-Moura-Stevens fuse
3,24,705,39333.0,SCPHF LFSR (TJ-IM) fuse fuse fuse
3,24,757,39359.0,Raaphorst-Moura-Stevens fuse fuse fuse
3,24,815,48739.0,SCPHF LFSR (TJ-IM) fuse fuse fuse fuse fuse
3,24,871,48767.0,Raaphorst-Moura-Stevens fuse fuse fuse fuse fuse
3,24,894,58731.0,Chateauneuf-Kreher doubling
3,24,1150,58754.0,Chateauneuf-Kreher doubling
3,24,1206,58777.0,Chateauneuf-Kreher doubling
3,24,1302,58801.0,Chateauneuf-Kreher doubling
3,24,1631,61223.0,"Restricted CPHF Ext  4( 2, 4) WCS fuse"
3,24,1642,61247.0,"Restricted CPHF Ext  4( 2, 3) WCS fuse"
3,24,2103,61823.0,"Restricted CPHF Ext  4( 1, 4) WCS fuse"
3,24,2105,61847.0,"Restricted CPHF Ext  4( 1, 3) WCS fuse"
3,24,2107,61871.0,"Restricted CPHF Ext  4( 1, 2) WCS fuse"
3,24,2976,62423.0,"Restricted CPHF Ext  4( 0, 4) WCS fuse"
3,24,3000,62447.0,"Restricted CPHF Ext  4( 0, 3) WCS fuse"
3,24,3002,62471.0,"Restricted CPHF Ext  4( 0, 2) WCS fuse"
3,24,3024,62495.0,"Restricted CPHF Ext  4( 0, 0) WCS fuse"
3,24,3384,72024.0,Cohen-Colbourn-Ling
3,24,3618,72047.0,Cohen-Colbourn-Ling
3,24,3858,72071.0,Cohen-Colbourn-Ling
3,24,3906,72094.0,Cohen-Colbourn-Ling
3,24,4515,73380.0,Cohen-Colbourn-Ling
3,24,4827,73403.0,Cohen-Colbourn-Ling
3,24,5147,73427.0,Cohen-Colbourn-Ling
3,24,5211,73450.0,Cohen-Colbourn-Ling
3,24,5427,74451.0,Cohen-Colbourn-Ling
3,24,5859,74475.0,Cohen-Colbourn-Ling
3,24,6633,75201.0,Cohen-Colbourn-Ling
3,24,7150,75225.0,Cohen-Colbourn-Ling
3,24,7839,75619.0,Cohen-Colbourn-Ling
3,24,8442,75620.0,Cohen-Colbourn-Ling
3,24,9045,75621.0,Cohen-Colbourn-Ling
3,24,10000,75623.0,Colbourn-Martirosyan-TVT-Walker
4,24,5,331776.0,Derive from strength 5
4,24,6,360249.0,Augment OA
4,24,7,374874.0,Augment OA
4,24,8,389586.0,Augment OA
4,24,9,390207.0,orthogonal array fuse postop NCK
4,24,10,390386.0,orthogonal array fuse postop NCK
4,24,11,390594.0,orthogonal array fuse postop NCK
4,24,12,390620.0,orthogonal array fuse postop NCK
4,24,26,390623.0,orthogonal array fuse
4,24,28,531435.0,orthogonal array fuse fuse fuse
4,24,30,707271.0,orthogonal array fuse fuse fuse fuse fuse
4,24,33,765623.0,3-Restricted SCPHF RE (CL) fuse
4,24,41,780623.0,2-Restricted SCPHF RE (CL) fuse
4,24,42,781223.0,SCPHF Random Extension (CLS) fuse
4,24,52,1082303.0,Colbourn-Martirosyan-TVT-Walker
4,24,91,1156223.0,3-Restricted SCPHF RE (CL) fuse
4,24,104,1171223.0,2-Restricted SCPHF RE (CL) fuse
4,24,107,1171823.0,SCPHF Random Extension (CLS) fuse
4,24,121,1171871.0,CPHF IPO 3 (WCS) fuse
4,24,188,1531223.0,"3,3-Restricted SCPHF RE (CL) fuse"
4,24,221,1546223.0,"3,2-Restricted SCPHF RE (CL) fuse"
4,24,222,1546823.0,3-Restricted SCPHF RE (CL) fuse
4,24,267,1561223.0,"2,2-Restricted SCPHF RE (CL) fuse"
4,24,279,1562423.0,SCPHF Random Extension (CLS) fuse
4,24,344,1562495.0,CPHF IPO 4 (WCS) fuse
4,24,625,1905623.0,Colbourn-Martirosyan-TVT-Walker fuse
4,24,650,1936769.0,Colbourn-Martirosyan-TVT-Walker
4,24,677,1951823.0,"2,2-Restricted SCPHF RE (CL) fuse"
4,24,697,1952423.0,2-Restricted SCPHF RE (CL) fuse
4,24,708,1953023.0,SCPHF Random Extension (CLS) fuse
4,24,712,1953119.0,CPHF Random Extension (CLS) fuse
4,24,728,2255951.0,Colbourn-Martirosyan-TVT-Walker
4,24,1052,2296823.0,"3,3,3-Restricted SCPHF RE (CL) fuse"
4,24,1184,2312423.0,"3,3-Restricted SCPHF RE (CL) fuse"
4,24,1396,2327423.0,"3,2-Restricted SCPHF RE (CL) fuse"
4,24,1433,2328023.0,3-Restricted SCPHF RE (CL) fuse
4,24,1471,2342423.0,"2,2-Restricted SCPHF RE (CL) fuse"
4,24,1630,2343023.0,2-Restricted SCPHF RE (CL) fuse
4,24,1675,2343623.0,SCPHF Random Extension (CLS) fuse
4,24,1706,2343743.0,CPHF Random Extension (CLS) fuse
4,24,3003,2734223.0,SCPHF Random Extension (CLS) fuse
4,24,3063,2734367.0,CPHF Random Extension (CLS) fuse
4,24,3146,3482897.0,Colbourn-Martirosyan-TVT-Walker
4,24,4700,3780623.0,Colbourn-Martirosyan-TVT-Walker fuse
4,24,5525,3795623.0,Colbourn-Martirosyan-TVT-Walker fuse
4,24,5550,3796223.0,Colbourn-Martirosyan-TVT-Walker fuse
4,24,6675,3810623.0,Colbourn-Martirosyan-TVT-Walker fuse
4,24,6975,3811823.0,Colbourn-Martirosyan-TVT-Walker fuse
4,24,8600,3811895.0,Colbourn-Martirosyan-TVT-Walker fuse
4,24,8944,3873617.0,Colbourn-Martirosyan-TVT-Walker
4,24,10000,4155023.0,Colbourn-Martirosyan-TVT-Walker fuse
5,24,6,7962624.0,Derive from strength 6
5,24,7,8665676.0,Augment OA
5,24,8,9036998.0,Augment OA
5,24,9,9421030.0,Augment OA
5,24,26,9765623.0,orthogonal array fuse
5,24,28,14348901.0,orthogonal array fuse fuse fuse
5,24,30,20511139.0,orthogonal array fuse fuse fuse fuse fuse
5,24,32,28629137.0,orthogonal array fuse fuse fuse fuse fuse fuse fuse
5,24,42,28906223.0,4-Restricted SCPHF RE (CL) fuse
5,24,49,29281223.0,3-Restricted SCPHF RE (CL) fuse
5,24,54,29296871.0,CPHF IPO 3 (WCS) fuse
5,24,76,38281223.0,"4,4-Restricted SCPHF RE (CL) fuse"
5,24,88,38671823.0,4-Restricted SCPHF RE (CL) fuse
5,24,94,39046823.0,3-Restricted SCPHF RE (CL) fuse
5,24,96,39061823.0,2-Restricted SCPHF RE (CL) fuse
5,24,97,39062423.0,SCPHF Random Extension (CLS) fuse
5,24,113,39062495.0,CPHF IPO 4 (WCS) fuse
5,24,147,48046823.0,"4,4-Restricted SCPHF RE (CL) fuse"
5,24,166,48437423.0,4-Restricted SCPHF RE (CL) fuse
5,24,184,48812423.0,3-Restricted SCPHF RE (CL) fuse
5,24,194,48827423.0,2-Restricted SCPHF RE (CL) fuse
5,24,197,48828023.0,SCPHF Random Extension (CLS) fuse
5,24,249,57421823.0,"4,4,4-Restricted SCPHF RE (CL) fuse"
5,24,288,57812423.0,"4,4-Restricted SCPHF RE (CL) fuse"
5,24,332,58203023.0,4-Restricted SCPHF RE (CL) fuse
5,24,386,58578023.0,3-Restricted SCPHF RE (CL) fuse
5,24,391,58593023.0,2-Restricted SCPHF RE (CL) fuse
5,24,406,58593623.0,SCPHF Random Extension (CLS) fuse
5,24,483,67187423.0,"4,4,4-Restricted SCPHF RE (CL) fuse"
5,24,568,67578023.0,"4,4-Restricted SCPHF RE (CL) fuse"
5,24,636,67968623.0,4-Restricted SCPHF RE (CL) fuse
5,24,701,68343623.0,3-Restricted SCPHF RE (CL) fuse
5,24,709,68358623.0,2-Restricted SCPHF RE (CL) fuse
5,24,712,68359223.0,SCPHF Random Extension (CLS) fuse
5,24,713,90085391.0,Add 1 factors
5,24,714,106287695.0,Add 2 factors
5,24,715,113918543.0,Add 3 factors
5,24,716,122569994.0,Add 4 factors
5,24,717,123224873.0,Add 5 factors
5,24,726,128318423.0,Add 25 factors
5,24,729,128333423.0,Add 25 factors
5,24,731,128678423.0,Add 25 factors
5,24,734,128694023.0,Add 25 factors
5,24,737,128694623.0,Add 25 factors
5,24,738,150420791.0,Add 25 factors
5,24,739,166623095.0,Add 25 factors
5,24,740,174253943.0,Add 25 factors
5,24,772,177092768.0,Martirosyan-TVT
5,24,782,177107768.0,Martirosyan-TVT
5,24,812,177108368.0,Martirosyan-TVT
5,24,895,185702168.0,Martirosyan-TVT variant
5,24,966,185764614.0,Martirosyan-TVT
5,24,1136,186155214.0,Martirosyan-TVT
5,24,1151,186545814.0,Martirosyan-TVT variant
5,24,1206,186608260.0,Martirosyan-TVT
5,24,1207,186637012.0,Martirosyan-TVT variant
5,24,1250,186665764.0,Martirosyan-TVT
5,24,1272,187382122.0,Martirosyan-TVT
5,24,1300,187757122.0,Martirosyan-TVT
5,24,1302,188103364.0,Martirosyan-TVT
5,24,2500,195312023.0,"perfect hash family20,2500,25,c fuse"
5,24,2501,195312440.0,"perfect hash family20,2501,26"
5,24,3750,203275063.0,Power CT25^3T19
5,24,4375,203978115.0,Power CT25^3T18
5,24,5000,204349437.0,Power CT25^3T17
5,24,5625,204733469.0,Power CT25^3T16
5,24,10000,205078062.0,Power CT23^3
6,24,7,191102976.0,composition
6,24,8,208066905.0,Augment OA
6,24,9,217091292.0,Augment OA
6,24,10,226488680.0,Augment OA
6,24,11,236266448.0,Augment OA
6,24,26,244140623.0,orthogonal array fuse
6,24,28,387420483.0,orthogonal array fuse fuse fuse
6,24,30,594823311.0,orthogonal array fuse fuse fuse fuse fuse
6,24,31,732406223.0,3-Restricted SCPHF RE (CL) fuse
6,24,36,732421871.0,CPHF IPO 3 (WCS) fuse
6,24,43,957031223.0,"5,5-Restricted SCPHF RE (CL) fuse"
6,24,49,966796823.0,5-Restricted SCPHF RE (CL) fuse
6,24,54,976171823.0,4-Restricted SCPHF RE (CL) fuse
6,24,55,976561823.0,2-Restricted SCPHF RE (CL) fuse
6,24,56,976562423.0,SCPHF Random Extension (CLS) fuse
6,24,76,1201171823.0,"5,5-Restricted SCPHF RE (CL) fuse"
6,24,82,1210937423.0,5-Restricted SCPHF RE (CL) fuse
6,24,91,1220312423.0,4-Restricted SCPHF RE (CL) fuse
6,24,93,1220687423.0,3-Restricted SCPHF RE (CL) fuse
6,24,95,1220702423.0,2-Restricted SCPHF RE (CL) fuse
6,24,96,1220703119.0,CPHF Random Extension (CLS) fuse
6,24,116,1435546823.0,"5,5,5-Restricted SCPHF RE (CL) fuse"
6,24,132,1445312423.0,"5,5-Restricted SCPHF RE (CL) fuse"
6,24,147,1455078023.0,5-Restricted SCPHF RE (CL) fuse
6,24,161,1464453023.0,4-Restricted SCPHF RE (CL) fuse
6,24,163,1464828023.0,3-Restricted SCPHF RE (CL) fuse
6,24,166,1464843023.0,2-Restricted SCPHF RE (CL) fuse
6,24,169,1464843623.0,SCPHF Random Extension (CLS) fuse
6,24,265,1708984223.0,SCPHF Random Extension (CLS) fuse
6,24,266,2570779319.0,Add 1 factors
6,24,267,2984421623.0,Add 2 factors
6,24,268,3361830647.0,Add 3 factors
6,24,269,3784188023.0,Add 4 factors
6,24,270,3803857906.0,Add 5 factors
6,24,271,3879710384.0,Add 6 factors
6,24,275,3898375777.0,Power CT25^2T14
6,24,625,3906249623.0,"perfect hash family16,625,25,c fuse"
6,24,626,3906249952.0,Power CT25^2+1
6,24,627,4958153848.0,Add 1 factors
6,24,628,5372114104.0,Add 2 factors
6,24,629,5753020600.0,Add 3 factors
6,24,651,5768888132.0,Power CT27^2Arc(3)
6,24,676,5912167992.0,Power CT27^2T1T1
6,24,702,6055447852.0,Power CT27^2T1
6,24,730,6198727712.0,Power CT27^2+1
6,24,731,7466574008.0,Add 1 factors
6,24,732,7988002040.0,Add 2 factors
6,24,757,8300141166.0,Power N-CT29^2Arc(3)
6,24,784,8507543994.0,Power N-CT29^2T1T1
6,24,812,8714946822.0,Power N-CT29^2T1
6,24,842,8922349650.0,Power N-CT29^2+1
6,24,843,10190195946.0,Add 1 factors
6,24,871,10573344594.0,Power N-CT31^2Arc(3)
6,24,900,10710927506.0,Power N-CT31^2T1T1
6,24,930,10848510418.0,Power N-CT31^2T1
6,24,961,10986093330.0,Power N-CT31^2
6,24,966,10986328050.0,"perfect hash family15,966,36"
6,24,1136,10997481343.0,Martirosyan-TVT
6,24,1151,11006465143.0,Martirosyan-TVT variant
6,24,1206,11010276389.0,Martirosyan-TVT
6,24,1207,11011025741.0,Martirosyan-TVT variant
6,24,1250,11011775669.0,Martirosyan-TVT
6,24,1251,11049088906.0,Martirosyan-TVT variant
6,24,1252,11086401814.0,Martirosyan-TVT
6,24,1254,12138305710.0,Martirosyan-TVT
6,24,1256,12552265966.0,Martirosyan-TVT
6,24,1458,12674992453.0,"perfect hash familyD16,1458,54^11 27^5"
6,24,1484,13077654168.0,Power N-CT53^2T25
6,24,1548,13173827756.0,Power N-CT43^2T7
6,24,1590,13285056996.0,Power N-CT53^2T23
6,24,1692,13300780556.0,Power N-CT47^2T11
6,24,1849,13398437108.0,Power N-CT43^2
6,24,1908,13422655556.0,Power N-CT53^2T17
6,24,2021,13525389908.0,Power N-CT47^2T4
6,24,2211,13535155508.0,Power N-CT47^2+2
6,24,2221,13638280508.0,"Power N-CT53^2Trin4,4,4"
6,24,2279,13647264908.0,Power N-CT53^2T10
6,24,2401,13647655508.0,Power N-CT53^2T4T4
6,24,2597,13657030508.0,Power N-CT53^2T4
6,24,2810,13666405508.0,Power N-CT53^2+1
6,24,2811,13671865508.0,Power N-CT53^2+2
6,24,2812,13671873908.0,Power N-CT53^2+3
6,24,2916,15165233686.0,Power N-CT73^2T19T19
6,24,2970,15165623686.0,Power N-CT73^2T19T18
6,24,3024,15165624286.0,Power N-CT73^2T19T17
6,24,3025,15166013686.0,Power N-CT73^2T18T18
6,24,3080,15166014286.0,Power N-CT73^2T18T17
6,24,3136,15166014886.0,Power N-CT73^2T17T17
6,24,3139,15371093086.0,Power N-CT73^2T30
6,24,3204,15376170934.0,Power N-CT89^2T53
6,24,3577,15380858686.0,Power N-CT73^2T24
6,24,3942,15390233686.0,Power N-CT73^2T19
6,24,4015,15390623686.0,Power N-CT73^2T18
6,24,4088,15390624286.0,Power N-CT73^2T17
6,24,4097,15488280286.0,"Power N-CT79^2Trin3,3,23"
6,24,4104,15497655286.0,Power N-CT79^2T25T3
6,24,4180,15498045286.0,Power N-CT79^2T24T3
6,24,4256,15498045886.0,Power N-CT79^2T23T3
6,24,4266,15507420886.0,Power N-CT79^2T25
6,24,4345,15507810886.0,Power N-CT79^2T24
6,24,4424,15507811486.0,Power N-CT79^2T23
6,24,4430,15582811486.0,Power N-CT83^2Arc(4)T27
6,24,4483,15592186486.0,Power N-CT83^2Arc(3)T27
6,24,4537,15601561486.0,Power N-CT83^2Arc(2)T27
6,24,4592,15610936486.0,Power N-CT83^2T27T1
6,24,5332,15615233686.0,Power N-CT73^2+3
6,24,6966,15644531134.0,Power N-CT97^2Arc(13)T15
6,24,7722,15653906134.0,Power N-CT97^2Arc(13)T6
6,24,7890,15654281134.0,Power N-CT97^2Arc(13)T4
6,24,8058,15654296134.0,Power N-CT97^2Arc(13)T2
6,24,8141,15869139838.0,Power N-CT97^2Arc(12)T2
6,24,8226,15869140534.0,Power N-CT97^2Arc(13)
6,24,8311,16083984238.0,Power N-CT97^2Arc(12)
6,24,8397,16298827942.0,Power N-CT97^2Arc(11)
6,24,8484,16513671646.0,Power N-CT97^2Arc(10)
6,24,8572,16728515350.0,Power N-CT97^2Arc(9)
6,24,8661,16943359054.0,Power N-CT97^2Arc(8)
6,24,8751,17158202758.0,Power N-CT97^2Arc(7)
6,24,8842,17373046462.0,Power N-CT97^2Arc(6)
6,24,8934,17587890166.0,Power N-CT97^2Arc(5)
6,24,9027,17802733870.0,Power N-CT97^2Arc(4)
6,24,9121,18017577574.0,Power N-CT97^2Arc(3)
6,24,9351,18088839922.0,Power CT31^3T5S30
6,24,9662,18226422834.0,Power CT31^3T5S29
6,24,10000,18232119782.0,Power CT31^3T3S30
2,25,26,625.0,orthogonal array
2,25,28,719.0,projection (C) postop TJ-SA
2,25,29,725.0,projection (C) postop NCK
2,25,30,726.0,projection (C) postop TJ-SA
2,25,31,820.0,projection (C) postop NCK
2,25,32,823.0,projection (C) postop NCK
2,25,33,826.0,projection (C) postop NCK
2,25,34,828.0,projection (C) postop TJ-SA
2,25,35,914.0,projection (C) postop NCK
2,25,36,917.0,projection (C) postop NCK
2,25,37,919.0,projection (C) postop NCK
2,25,38,923.0,projection (C) postop TJ-SA
2,25,39,967.0,projection (C) postop NCK
2,25,40,970.0,projection (C) postop NCK
2,25,41,1111.0,Add a symbol (binary)
2,25,50,1181.0,projection (C) postop TJ-SA
2,25,70,1219.0,simulated annealing (Torres-Jimenez)
2,25,675,1225.0,PCAx2PCA
2,25,676,1248.0,Direct product
2,25,700,1274.0,Direct product
2,25,701,1297.0,Direct product generalized
2,25,728,1298.0,Direct product
2,25,754,1325.0,Direct product
2,25,780,1326.0,Direct product
2,25,784,1371.0,Direct product
2,25,785,1373.0,Direct product generalized
2,25,812,1374.0,Direct product
2,25,840,1375.0,Direct product
2,25,843,1423.0,Direct product generalized
2,25,844,1424.0,Direct product generalized
2,25,853,1425.0,Direct product generalized
2,25,876,1426.0,Direct product generalized
2,25,900,1427.0,Direct product
2,25,924,1475.0,Direct product
2,25,925,1476.0,Direct product generalized
2,25,952,1477.0,Direct product
2,25,962,1519.0,Direct product
2,25,963,1524.0,Direct product generalized
2,25,988,1525.0,Direct product
2,25,992,1527.0,Direct product generalized
2,25,996,1528.0,Direct product generalized
2,25,1020,1529.0,Direct product
2,25,1036,1568.0,Direct product
2,25,1040,1570.0,Direct product
2,25,1064,1574.0,Direct product
2,25,1065,1615.0,Direct product generalized
2,25,1092,1616.0,Direct product
2,25,1093,1618.0,Direct product generalized
2,25,1120,1619.0,Direct product
2,25,1140,1624.0,PCAxPCA
2,25,1156,1631.0,Direct product
2,25,1172,1668.0,Direct product generalized
2,25,1176,1670.0,Direct product generalized
2,25,1200,1671.0,Direct product
2,25,1202,1719.0,Direct product generalized
2,25,1227,1720.0,Direct product generalized
2,25,1230,1721.0,Direct product generalized
2,25,1259,1722.0,Direct product generalized
2,25,1260,1725.0,Direct product generalized
2,25,1292,1726.0,PCAxPCA
2,25,1293,1747.0,Direct product generalized
2,25,1294,1750.0,Direct product generalized
2,25,1295,1767.0,Direct product generalized
2,25,1296,1768.0,Direct product generalized
2,25,1297,1769.0,Direct product generalized
2,25,1327,1770.0,Direct product generalized
2,25,1329,1771.0,Direct product generalized
2,25,1330,1772.0,Direct product generalized
2,25,1360,1773.0,Direct product
2,25,1370,1813.0,Direct product generalized
2,25,1406,1817.0,PCAxPCA
2,25,1752,1819.0,PCAx2PCA
2,25,17525,1825.0,PCAx2PCA
2,25,17550,1848.0,Direct product
2,25,17576,1871.0,Direct product
2,25,18200,1874.0,Direct product
2,25,18225,1897.0,Direct product generalized
2,25,18904,1898.0,PCAx2PCA
2,25,18928,1921.0,Direct product
2,25,18952,1922.0,Direct product generalized
2,25,19600,1923.0,Direct product
2,25,20000,1926.0,Direct product
3,25,26,15625.0,orthogonal array
3,25,28,19679.0,orthogonal array fuse fuse
3,25,30,24300.0,orthogonal array fuse fuse fuse fuse postop NCK
3,25,32,29511.0,orthogonal array fuse fuse fuse fuse fuse fuse postop NCK
3,25,52,30625.0,Chateauneuf-Kreher doubling
3,25,603,31225.0,SCPHF LFSR (TJ-IM)
3,25,651,31249.0,Raaphorst-Moura-Stevens
3,25,705,39335.0,SCPHF LFSR (TJ-IM) fuse fuse
3,25,757,39361.0,Raaphorst-Moura-Stevens fuse fuse
3,25,815,48741.0,SCPHF LFSR (TJ-IM) fuse fuse fuse fuse
3,25,871,48769.0,Raaphorst-Moura-Stevens fuse fuse fuse fuse
3,25,933,59539.0,SCPHF LFSR (TJ-IM) fuse fuse fuse fuse fuse fuse
3,25,993,59569.0,Raaphorst-Moura-Stevens fuse fuse fuse fuse fuse fuse
3,25,1206,60625.0,Chateauneuf-Kreher doubling
3,25,1302,60649.0,Chateauneuf-Kreher doubling
3,25,1631,61225.0,"Restricted CPHF Ext  4( 2, 4) WCS"
3,25,1642,61249.0,"Restricted CPHF Ext  4( 2, 3) WCS"
3,25,2103,61825.0,"Restricted CPHF Ext  4( 1, 4) WCS"
3,25,2105,61849.0,"Restricted CPHF Ext  4( 1, 3) WCS"
3,25,2107,61873.0,"Restricted CPHF Ext  4( 1, 2) WCS"
3,25,2976,62425.0,"Restricted CPHF Ext  4( 0, 4) WCS"
3,25,3000,62449.0,"Restricted CPHF Ext  4( 0, 3) WCS"
3,25,3002,62473.0,"Restricted CPHF Ext  4( 0, 2) WCS"
3,25,3024,62497.0,"Restricted CPHF Ext  4( 0, 0) WCS"
3,25,10000,75625.0,Colbourn-Martirosyan-TVT-Walker
4,25,26,390625.0,orthogonal array
4,25,28,531437.0,orthogonal array fuse fuse
4,25,30,707273.0,orthogonal array fuse fuse fuse fuse
4,25,33,765625.0,3-Restricted SCPHF RE (CL)
4,25,41,780625.0,2-Restricted SCPHF RE (CL)
4,25,42,781225.0,SCPHF Random Extension (CLS)
4,25,50,1140601.0,Colbourn-Martirosyan-TVT-Walker
4,25,52,1155601.0,Colbourn-Martirosyan-TVT-Walker
4,25,91,1156225.0,3-Restricted SCPHF RE (CL)
4,25,104,1171225.0,2-Restricted SCPHF RE (CL)
4,25,107,1171825.0,SCPHF Random Extension (CLS)
4,25,121,1171873.0,CPHF IPO 3 (WCS)
4,25,188,1531225.0,"3,3-Restricted SCPHF RE (CL)"
4,25,221,1546225.0,"3,2-Restricted SCPHF RE (CL)"
4,25,222,1546825.0,3-Restricted SCPHF RE (CL)
4,25,267,1561225.0,"2,2-Restricted SCPHF RE (CL)"
4,25,279,1562425.0,SCPHF Random Extension (CLS)
4,25,344,1562497.0,CPHF IPO 4 (WCS)
4,25,625,1905625.0,Colbourn-Martirosyan-TVT-Walker
4,25,677,1951825.0,"2,2-Restricted SCPHF RE (CL)"
4,25,697,1952425.0,2-Restricted SCPHF RE (CL)
4,25,708,1953025.0,SCPHF Random Extension (CLS)
4,25,712,1953121.0,CPHF Random Extension (CLS)
4,25,1052,2296825.0,"3,3,3-Restricted SCPHF RE (CL)"
4,25,1184,2312425.0,"3,3-Restricted SCPHF RE (CL)"
4,25,1396,2327425.0,"3,2-Restricted SCPHF RE (CL)"
4,25,1433,2328025.0,3-Restricted SCPHF RE (CL)
4,25,1471,2342425.0,"2,2-Restricted SCPHF RE (CL)"
4,25,1630,2343025.0,2-Restricted SCPHF RE (CL)
4,25,1675,2343625.0,SCPHF Random Extension (CLS)
4,25,1706,2343745.0,CPHF Random Extension (CLS)
4,25,3003,2734225.0,SCPHF Random Extension (CLS)
4,25,3063,2734369.0,CPHF Random Extension (CLS)
4,25,3146,3607946.0,Colbourn-Martirosyan-TVT-Walker
4,25,4700,3780625.0,Colbourn-Martirosyan-TVT-Walker
4,25,5525,3795625.0,Colbourn-Martirosyan-TVT-Walker
4,25,5550,3796225.0,Colbourn-Martirosyan-TVT-Walker
4,25,6675,3810625.0,Colbourn-Martirosyan-TVT-Walker
4,25,6975,3811825.0,Colbourn-Martirosyan-TVT-Walker
4,25,8600,3811897.0,Colbourn-Martirosyan-TVT-Walker
4,25,8944,3998570.0,Colbourn-Martirosyan-TVT-Walker
4,25,10000,4155025.0,Colbourn-Martirosyan-TVT-Walker
5,25,26,9765625.0,orthogonal array
5,25,28,14348903.0,orthogonal array fuse fuse
5,25,30,20511141.0,orthogonal array fuse fuse fuse fuse
5,25,32,28629139.0,orthogonal array fuse fuse fuse fuse fuse fuse
5,25,42,28906225.0,4-Restricted SCPHF RE (CL)
5,25,49,29281225.0,3-Restricted SCPHF RE (CL)
5,25,54,29296873.0,CPHF IPO 3 (WCS)
5,25,76,38281225.0,"4,4-Restricted SCPHF RE (CL)"
5,25,88,38671825.0,4-Restricted SCPHF RE (CL)
5,25,94,39046825.0,3-Restricted SCPHF RE (CL)
5,25,96,39061825.0,2-Restricted SCPHF RE (CL)
5,25,97,39062425.0,SCPHF Random Extension (CLS)
5,25,113,39062497.0,CPHF IPO 4 (WCS)
5,25,147,48046825.0,"4,4-Restricted SCPHF RE (CL)"
5,25,166,48437425.0,4-Restricted SCPHF RE (CL)
5,25,184,48812425.0,3-Restricted SCPHF RE (CL)
5,25,194,48827425.0,2-Restricted SCPHF RE (CL)
5,25,197,48828025.0,SCPHF Random Extension (CLS)
5,25,249,57421825.0,"4,4,4-Restricted SCPHF RE (CL)"
5,25,288,57812425.0,"4,4-Restricted SCPHF RE (CL)"
5,25,332,58203025.0,4-Restricted SCPHF RE (CL)
5,25,386,58578025.0,3-Restricted SCPHF RE (CL)
5,25,391,58593025.0,2-Restricted SCPHF RE (CL)
5,25,406,58593625.0,SCPHF Random Extension (CLS)
5,25,483,67187425.0,"4,4,4-Restricted SCPHF RE (CL)"
5,25,568,67578025.0,"4,4-Restricted SCPHF RE (CL)"
5,25,636,67968625.0,4-Restricted SCPHF RE (CL)
5,25,701,68343625.0,3-Restricted SCPHF RE (CL)
5,25,709,68358625.0,2-Restricted SCPHF RE (CL)
5,25,712,68359225.0,SCPHF Random Extension (CLS)
5,25,713,91975825.0,Add 1 factors
5,25,714,111445825.0,Add 2 factors
5,25,715,120820825.0,Add 3 factors
5,25,726,129804625.0,Add 25 factors
5,25,727,130164625.0,Add 25 factors
5,25,731,130179625.0,Add 25 factors
5,25,734,130195225.0,Add 25 factors
5,25,737,130195825.0,Add 25 factors
5,25,738,153812425.0,Add 25 factors
5,25,739,173282425.0,Add 25 factors
5,25,772,180814275.0,Martirosyan-TVT
5,25,782,180829275.0,Martirosyan-TVT
5,25,812,180829875.0,Martirosyan-TVT
5,25,966,189423675.0,Martirosyan-TVT
5,25,1136,189814275.0,Martirosyan-TVT
5,25,1206,190204875.0,Martirosyan-TVT
5,25,1207,190234275.0,Martirosyan-TVT variant
5,25,1250,190263675.0,Martirosyan-TVT
5,25,1272,191372475.0,Martirosyan-TVT
5,25,1302,191747475.0,Martirosyan-TVT
5,25,2500,195312025.0,"perfect hash family20,2500,25,c"
5,25,2501,195312480.0,"perfect hash family20,2501,26"
5,25,10000,205078104.0,Power CT23^3
6,25,26,244140625.0,orthogonal array
6,25,28,387420485.0,orthogonal array fuse fuse
6,25,30,594823313.0,orthogonal array fuse fuse fuse fuse
6,25,31,732406225.0,3-Restricted SCPHF RE (CL)
6,25,36,732421873.0,CPHF IPO 3 (WCS)
6,25,43,957031225.0,"5,5-Restricted SCPHF RE (CL)"
6,25,49,966796825.0,5-Restricted SCPHF RE (CL)
6,25,54,976171825.0,4-Restricted SCPHF RE (CL)
6,25,55,976561825.0,2-Restricted SCPHF RE (CL)
6,25,56,976562425.0,SCPHF Random Extension (CLS)
6,25,76,1201171825.0,"5,5-Restricted SCPHF RE (CL)"
6,25,82,1210937425.0,5-Restricted SCPHF RE (CL)
6,25,91,1220312425.0,4-Restricted SCPHF RE (CL)
6,25,93,1220687425.0,3-Restricted SCPHF RE (CL)
6,25,95,1220702425.0,2-Restricted SCPHF RE (CL)
6,25,96,1220703121.0,CPHF Random Extension (CLS)
6,25,116,1435546825.0,"5,5,5-Restricted SCPHF RE (CL)"
6,25,132,1445312425.0,"5,5-Restricted SCPHF RE (CL)"
6,25,147,1455078025.0,5-Restricted SCPHF RE (CL)
6,25,161,1464453025.0,4-Restricted SCPHF RE (CL)
6,25,163,1464828025.0,3-Restricted SCPHF RE (CL)
6,25,166,1464843025.0,2-Restricted SCPHF RE (CL)
6,25,169,1464843625.0,SCPHF Random Extension (CLS)
6,25,265,1708984225.0,SCPHF Random Extension (CLS)
6,25,266,2645719225.0,Add 1 factors
6,25,267,3114094225.0,Add 2 factors
6,25,268,3573469225.0,Add 3 factors
6,25,269,3807844225.0,Add 4 factors
6,25,625,3906249625.0,"perfect hash family16,625,25,c"
6,25,626,3906249984.0,Power CT25^2+1
6,25,627,5049624984.0,Add 1 factors
6,25,628,5518359984.0,Add 2 factors
6,25,651,5768888164.0,Power CT27^2Arc(3)
6,25,676,5912168024.0,Power CT27^2T1T1
6,25,702,6055447884.0,Power CT27^2T1
6,25,730,6198727744.0,Power CT27^2+1
6,25,731,7576822744.0,Add 1 factors
6,25,732,8167237744.0,Add 2 factors
6,25,757,8300141196.0,Power N-CT29^2Arc(3)
6,25,784,8507544024.0,Power N-CT29^2T1T1
6,25,812,8714946852.0,Power N-CT29^2T1
6,25,842,8922349680.0,Power N-CT29^2+1
6,25,843,10300444680.0,Add 1 factors
6,25,871,10573344624.0,Power N-CT31^2Arc(3)
6,25,900,10710927536.0,Power N-CT31^2T1T1
6,25,930,10848510448.0,Power N-CT31^2T1
6,25,961,10986093360.0,Power N-CT31^2
6,25,966,10986328080.0,"perfect hash family15,966,36"
6,25,1136,11171904100.0,Martirosyan-TVT
6,25,1206,11181278500.0,Martirosyan-TVT
6,25,1207,11182027900.0,Martirosyan-TVT variant
6,25,1250,11182777876.0,Martirosyan-TVT
6,25,1251,11239373235.0,Martirosyan-TVT variant
6,25,1252,11295968235.0,Martirosyan-TVT
6,25,1254,12439343235.0,Martirosyan-TVT
6,25,1458,12674992485.0,"perfect hash familyD16,1458,54^11 27^5"
6,25,1484,13077654196.0,Power N-CT53^2T25
6,25,1548,13173827784.0,Power N-CT43^2T7
6,25,1590,13285057024.0,Power N-CT53^2T23
6,25,1692,13300780584.0,Power N-CT47^2T11
6,25,1849,13398437136.0,Power N-CT43^2
6,25,1908,13422655584.0,Power N-CT53^2T17
6,25,2021,13525389936.0,Power N-CT47^2T4
6,25,2211,13535155536.0,Power N-CT47^2+2
6,25,2221,13638280536.0,"Power N-CT53^2Trin4,4,4"
6,25,2279,13647264936.0,Power N-CT53^2T10
6,25,2401,13647655536.0,Power N-CT53^2T4T4
6,25,2597,13657030536.0,Power N-CT53^2T4
6,25,2810,13666405536.0,Power N-CT53^2+1
6,25,2811,13671865536.0,Power N-CT53^2+2
6,25,2812,13671873936.0,Power N-CT53^2+3
6,25,2916,15165233712.0,Power N-CT73^2T19T19
6,25,2970,15165623712.0,Power N-CT73^2T19T18
6,25,3024,15165624312.0,Power N-CT73^2T19T17
6,25,3025,15166013712.0,Power N-CT73^2T18T18
6,25,3080,15166014312.0,Power N-CT73^2T18T17
6,25,3136,15166014912.0,Power N-CT73^2T17T17
6,25,3139,15371093112.0,Power N-CT73^2T30
6,25,3204,15376170960.0,Power N-CT89^2T53
6,25,3577,15380858712.0,Power N-CT73^2T24
6,25,3942,15390233712.0,Power N-CT73^2T19
6,25,4015,15390623712.0,Power N-CT73^2T18
6,25,4088,15390624312.0,Power N-CT73^2T17
6,25,4097,15488280312.0,"Power N-CT79^2Trin3,3,23"
6,25,4104,15497655312.0,Power N-CT79^2T25T3
6,25,4180,15498045312.0,Power N-CT79^2T24T3
6,25,4256,15498045912.0,Power N-CT79^2T23T3
6,25,4266,15507420912.0,Power N-CT79^2T25
6,25,4345,15507810912.0,Power N-CT79^2T24
6,25,4424,15507811512.0,Power N-CT79^2T23
6,25,4430,15582811512.0,Power N-CT83^2Arc(4)T27
6,25,4483,15592186512.0,Power N-CT83^2Arc(3)T27
6,25,4537,15601561512.0,Power N-CT83^2Arc(2)T27
6,25,4592,15610936512.0,Power N-CT83^2T27T1
6,25,5332,15615233712.0,Power N-CT73^2+3
6,25,6966,15644531160.0,Power N-CT97^2Arc(13)T15
6,25,7722,15653906160.0,Power N-CT97^2Arc(13)T6
6,25,7890,15654281160.0,Power N-CT97^2Arc(13)T4
6,25,8058,15654296160.0,Power N-CT97^2Arc(13)T2
6,25,8141,15869139864.0,Power N-CT97^2Arc(12)T2
6,25,8226,15869140560.0,Power N-CT97^2Arc(13)
6,25,8311,16083984264.0,Power N-CT97^2Arc(12)
6,25,8397,16298827968.0,Power N-CT97^2Arc(11)
6,25,8484,16513671672.0,Power N-CT97^2Arc(10)
6,25,8572,16728515376.0,Power N-CT97^2Arc(9)
6,25,8661,16943359080.0,Power N-CT97^2Arc(8)
6,25,8751,17158202784.0,Power N-CT97^2Arc(7)
6,25,8842,17373046488.0,Power N-CT97^2Arc(6)
6,25,8934,17587890192.0,Power N-CT97^2Arc(5)
6,25,9027,17802733896.0,Power N-CT97^2Arc(4)
6,25,9121,18017577600.0,Power N-CT97^2Arc(3)
6,25,9351,18088839984.0,Power CT31^3T5S30
6,25,9662,18226422896.0,Power CT31^3T5S29
6,25,10000,18232119844.0,Power CT31^3T3S30
