"fam","t","v","k","N","Source","q","e","plus","nred","M","M_status","N_pred","dN","k_pred","dk","arith_tier"
"CT",3,2,88,32,"Power CT11^2,T3c",11,2,0,1,3,"FORMULA",32,0,88,0,"ARITHMETIC"
"CT",3,2,121,33,"Power CT11^2",11,2,0,0,3,"FORMULA",33,0,121,0,"ARITHMETIC"
"CT",3,2,352,49,"Power CT11^3T7T3c",11,3,0,2,5,"FORMULA",49,0,352,0,"ARITHMETIC"
"CT",3,2,484,50,"Power CT11^3,T7c",11,3,0,1,5,"FORMULA",50,0,484,0,"ARITHMETIC"
"CT",3,2,605,52,"Power CT11^3,T6c",11,3,0,1,5,"FORMULA",52,0,605,0,"ARITHMETIC"
"CT",3,2,704,53,"Power CT11^3T3T3c",11,3,0,2,5,"FORMULA",53,0,704,0,"ARITHMETIC"
"CT",3,2,968,54,"Power CT11^3,T3c",11,3,0,1,5,"FORMULA",54,0,968,0,"ARITHMETIC"
"CT",3,2,1331,55,"Power CT11^3",11,3,0,0,5,"FORMULA",55,0,1331,0,"ARITHMETIC"
"CT",3,2,1452,61,"Power CT12^3,cT1T1",12,3,0,2,5,"FORMULA",61,0,1452,0,"ARITHMETIC"
"CT",3,2,1584,64,"Power CT12^3,cT1",12,3,0,1,5,"FORMULA",64,0,1584,0,"ARITHMETIC"
"CT",3,2,1936,67,"Power CT11^4T7T7c",11,4,0,2,7,"FORMULA",67,0,1936,0,"ARITHMETIC"
"CT",3,2,2662,68,"Power CT11^4,cT9c",11,4,0,1,7,"FORMULA",68,0,2662,0,"ARITHMETIC"
"CT",3,2,2816,70,"Power CT11^4T3cT3cT7c",11,4,0,3,7,"FORMULA",70,0,2816,0,"ARITHMETIC"
"CT",3,2,3872,71,"Power CT11^4T7T3c",11,4,0,2,7,"FORMULA",71,0,3872,0,"ARITHMETIC"
"CT",3,2,5324,72,"Power CT11^4,T7c",11,4,0,1,7,"FORMULA",72,0,5324,0,"ARITHMETIC"
"CT",3,2,6655,74,"Power CT11^4,T6c",11,4,0,1,7,"FORMULA",74,0,6655,0,"ARITHMETIC"
"CT",3,2,7744,75,"Power CT11^4T3T3c",11,4,0,2,7,"FORMULA",75,0,7744,0,"ARITHMETIC"
"CT",3,2,10000,76,"Power CT11^4,T3c",11,4,0,1,7,"FORMULA",76,0,10648,-648,"ARITHMETIC"
"CT",4,2,144,112,"Power CT12^2,c",12,2,0,0,5,"FORMULA",112,0,144,0,"ARITHMETIC"
"CT",4,2,1332,200,"Power CT11^3,+1c",11,3,1,0,9,"FORMULA",200,0,1332,0,"ARITHMETIC"
"CT",4,2,10000,288,"Power CT13^4S13c",13,4,0,13,13,"FORMULA",288,0,NA,NA,"ARITHMETIC"
"CT",5,2,2198,819,"Power CT13^3+1",13,3,1,0,13,"FORMULA",819,0,2198,0,"ARITHMETIC"
"CT",5,2,2380,938,"Power CT68^2,cT33c",68,2,0,1,7,"FORMULA",938,0,2380,0,"ARITHMETIC"
"CT",5,2,4624,940,"Power CT68^2,c",68,2,0,0,7,"FORMULA",940,0,4624,0,"ARITHMETIC"
"CT",5,2,4707,986,"Power CT73^2Arc(7)T2",73,2,0,8,7,"FORMULA",NA,NA,4707,0,"ARITH_OPEN"
"CT",5,2,4896,988,"Power CT72^2,cT4c",72,2,0,1,7,"FORMULA",988,0,4896,0,"ARITHMETIC"
"CT",5,2,5184,996,"Power CT72^2,c",72,2,0,0,7,"FORMULA",996,0,5184,0,"ARITHMETIC"
"CT",5,2,5440,1078,"Power CT80^2,cT12c",80,2,0,1,7,"FORMULA",1078,0,5440,0,"ARITHMETIC"
"CT",5,2,5760,1086,"Power CT80^2,cT8c",80,2,0,1,7,"FORMULA",1086,0,5760,0,"ARITHMETIC"
"CT",5,2,5867,1097,"Power CT81^2Arc(7)T2",81,2,0,8,7,"FORMULA",NA,NA,5867,0,"ARITH_OPEN"
"CT",5,2,6400,1101,"Power CT80^2,c",80,2,0,0,7,"FORMULA",1101,0,6400,0,"ARITHMETIC"
"CT",5,2,6720,1155,"Power CT84^2,cT4c",84,2,0,1,7,"FORMULA",1155,0,6720,0,"ARITHMETIC"
"CT",5,2,7056,1164,"Power CT84^2,c",84,2,0,0,7,"FORMULA",1164,0,7056,0,"ARITHMETIC"
"CT",5,2,7200,1215,"Power CT90^2,cT10c",90,2,0,1,7,"FORMULA",1215,0,7200,0,"ARITHMETIC"
"CT",5,2,7560,1224,"Power CT90^2,cT6c",90,2,0,1,7,"FORMULA",1224,0,7560,0,"ARITHMETIC"
"CT",5,2,8100,1234,"Power CT90^2,c",90,2,0,0,7,"FORMULA",1234,0,8100,0,"ARITHMETIC"
"CT",5,2,8232,1320,"Power CT98^2,cT14c",98,2,0,1,7,"FORMULA",1320,0,8232,0,"ARITHMETIC"
"CT",5,2,8820,1330,"Power CT98^2,cT8c",98,2,0,1,7,"FORMULA",1330,0,8820,0,"ARITHMETIC"
"CT",5,2,9604,1346,"Power CT98^2,c",98,2,0,0,7,"FORMULA",1346,0,9604,0,"ARITHMETIC"
"CT",5,2,9898,1394,"Power CT101^2,cT3c",101,2,0,1,7,"FORMULA",1394,0,9898,0,"ARITHMETIC"
"CT",5,2,10000,1402,"Power CT100^2,c",100,2,0,0,7,"FORMULA",1402,0,10000,0,"ARITHMETIC"
"CT",6,2,2752,4839,"Power CT19^3T3cS18",19,3,0,19,19,"FORMULA",4839,0,2752,0,"ARITHMETIC"
"CT",6,2,2784,4864,"Power CT19^3T3cS17",19,3,0,18,19,"FORMULA",4864,0,2784,0,"ARITHMETIC"
"CT",6,2,5832,5321,"Power CT19^3T1T1T1",19,3,0,3,19,"FORMULA",5321,0,5832,0,"ARITHMETIC"
"CT",6,2,6156,5346,"Power CT19^3T1T1",19,3,0,2,19,"FORMULA",5346,0,6156,0,"ARITHMETIC"
"CT",6,2,6498,5371,"Power CT19^3T1",19,3,0,1,19,"FORMULA",5371,0,6498,0,"ARITHMETIC"
"CT",6,2,6859,5396,"Power CT19^3",19,3,0,0,19,"FORMULA",5396,0,6859,0,"ARITHMETIC"
"CT",6,2,6860,5681,"Power CT19^3+1",19,3,1,0,19,"FORMULA",5681,0,6860,0,"ARITHMETIC"
"CT",6,3,362,52065,"Power CT19^2+1",19,2,1,0,13,"FORMULA",52065,0,362,0,"ARITHMETIC"
"CT",6,3,363,54587,"Power CT19^2+2",19,2,2,0,13,"FORMULA",54587,0,363,0,"ARITHMETIC"
"CT",6,3,364,57187,"Power CT19^2+3",19,2,3,0,13,"FORMULA",57187,0,364,0,"ARITHMETIC"
"CT",6,3,730,69654,"Power CT27^2+1",27,2,1,0,13,"FORMULA",69654,0,730,0,"ARITHMETIC"
"CT",6,3,754,69927,"Power CT29^2T3",29,2,0,1,13,"FORMULA",69927,0,754,0,"ARITHMETIC"
"CT",6,3,756,70056,"Power CT29^2T2T1",29,2,0,2,13,"FORMULA",70056,0,756,0,"ARITHMETIC"
"CT",6,3,783,70107,"Power CT29^2T2",29,2,0,1,13,"FORMULA",70107,0,783,0,"ARITHMETIC"
"CT",6,3,784,70215,"Power CT29^2T1T1",29,2,0,2,13,"FORMULA",70215,0,784,0,"ARITHMETIC"
"CT",6,3,812,70266,"Power CT29^2T1",29,2,0,1,13,"FORMULA",70266,0,812,0,"ARITHMETIC"
"CT",6,3,841,70317,"Power CT29^2",29,2,0,0,13,"FORMULA",70317,0,841,0,"ARITHMETIC"
"CT",6,3,870,73570,"Power CT31^2T2T1",31,2,0,2,13,"FORMULA",73570,0,870,0,"ARITHMETIC"
"CT",6,3,871,73613,"Power CT31^2Arc(3)",31,2,0,3,13,"FORMULA",73613,0,871,0,"ARITHMETIC"
"CT",6,3,899,73689,"Power CT31^2T2",31,2,0,1,13,"FORMULA",73689,0,899,0,"ARITHMETIC"
"CT",6,3,900,73732,"Power CT31^2T1T1",31,2,0,2,13,"FORMULA",73732,0,900,0,"ARITHMETIC"
"CT",6,3,930,73851,"Power CT31^2T1",31,2,0,1,13,"FORMULA",73851,0,930,0,"ARITHMETIC"
"CT",6,3,961,73970,"Power CT31^2",31,2,0,0,13,"FORMULA",73970,0,961,0,"ARITHMETIC"
"CT",6,3,992,75110,"Power CT32^2T1",32,2,0,1,13,"FORMULA",75110,0,992,0,"ARITHMETIC"
"CT",6,3,1024,75205,"Power CT32^2",32,2,0,0,13,"FORMULA",75205,0,1024,0,"ARITHMETIC"
"CT",6,3,1027,75712,"Power CT32^2+3",32,2,3,0,13,"FORMULA",75712,0,1027,0,"ARITHMETIC"
"CT",6,3,1039,79640,"Power CT37^2Arc(10):5 twos,0 ones",37,2,0,5,13,"FORMULA",79640,0,1039,0,"ARITHMETIC"
"CT",6,3,1040,79995,"Power CT37^2Arc(12):4 twos,2 ones",37,2,0,6,13,"FORMULA",79995,0,1040,0,"ARITHMETIC"
"CT",6,3,1068,80063,"Power CT37^2Arc(10):4 twos,1 ones",37,2,0,5,13,"FORMULA",80063,0,1068,0,"ARITHMETIC"
"CT",6,3,1097,80131,"Power CT37^2Arc(8):4 twos,0 ones",37,2,0,4,13,"FORMULA",80131,0,1097,0,"ARITHMETIC"
"CT",6,3,1098,80486,"Power CT37^2Arc(10):3 twos,2 ones",37,2,0,5,13,"FORMULA",80486,0,1098,0,"ARITHMETIC"
"CT",6,3,1128,80554,"Power CT37^2Arc(8):3 twos,1 ones",37,2,0,4,13,"FORMULA",80554,0,1128,0,"ARITHMETIC"
"CT",6,3,1159,80622,"Power CT37^2Arc(6):3 twos,0 ones",37,2,0,3,13,"FORMULA",80622,0,1159,0,"ARITHMETIC"
"CT",6,3,1160,80977,"Power CT37^2Arc(8):2 twos,2 ones",37,2,0,4,13,"FORMULA",80977,0,1160,0,"ARITHMETIC"
"CT",6,3,1192,81045,"Power CT37^2Arc(6):2 twos,1 ones",37,2,0,3,13,"FORMULA",81045,0,1192,0,"ARITHMETIC"
"CT",6,3,1225,81113,"Power CT37^2T2T2",37,2,0,2,13,"FORMULA",81113,0,1225,0,"ARITHMETIC"
"CT",6,3,1226,81468,"Power CT37^2Arc(2)T2",37,2,0,3,13,"FORMULA",81468,0,1226,0,"ARITHMETIC"
"CT",6,3,1260,81536,"Power CT37^2T2T1",37,2,0,2,13,"FORMULA",81536,0,1260,0,"ARITHMETIC"
"CT",6,3,1295,81604,"Power CT37^2T2",37,2,0,1,13,"FORMULA",81604,0,1295,0,"ARITHMETIC"
"CT",6,3,1296,81959,"Power CT37^2T1T1",37,2,0,2,13,"FORMULA",81959,0,1296,0,"ARITHMETIC"
"CT",6,3,1332,82027,"Power CT37^2T1",37,2,0,1,13,"FORMULA",82027,0,1332,0,"ARITHMETIC"
"CT",6,3,1369,82095,"Power CT37^2",37,2,0,0,13,"FORMULA",82095,0,1369,0,"ARITHMETIC"
"CT",6,3,1370,83889,"Power CT37^2+1",37,2,1,0,13,"FORMULA",83889,0,1370,0,"ARITHMETIC"
"CT",6,3,1371,85566,"Power CT37^2+2",37,2,2,0,13,"FORMULA",85566,0,1371,0,"ARITHMETIC"
"CT",6,3,1372,86606,"Power CT37^2+3",37,2,3,0,13,"FORMULA",86606,0,1372,0,"ARITHMETIC"
"CT",6,3,1400,86780,"Power CT41^2T6T1",41,2,0,2,13,"FORMULA",86780,0,1400,0,"ARITHMETIC"
"CT",6,3,1435,86872,"Power CT41^2T6",41,2,0,1,13,"FORMULA",86872,0,1435,0,"ARITHMETIC"
"CT",6,3,1444,87179,"Power CT41^2Arc(2)T4",41,2,0,3,13,"FORMULA",87179,0,1444,0,"ARITHMETIC"
"CT",6,3,1447,87225,"Power CT41^2Arc(3)T3",41,2,0,4,13,"FORMULA",87225,0,1447,0,"ARITHMETIC"
"CT",6,3,1450,87250,"Power CT41^2Arc(6)",41,2,0,6,13,"FORMULA",87250,0,1450,0,"ARITHMETIC"
"CT",6,3,1480,87271,"Power CT41^2T4T1",41,2,0,2,13,"FORMULA",87271,0,1480,0,"ARITHMETIC"
"CT",6,3,1483,87317,"Power CT41^2Arc(2)T3",41,2,0,3,13,"FORMULA",87317,0,1483,0,"ARITHMETIC"
"CT",6,3,1486,87342,"Power CT41^2Arc(5)",41,2,0,5,13,"FORMULA",87342,0,1486,0,"ARITHMETIC"
"CT",6,3,1517,87363,"Power CT41^2T4",41,2,0,1,13,"FORMULA",87363,0,1517,0,"ARITHMETIC"
"CT",6,3,1520,87409,"Power CT41^2T3T1",41,2,0,2,13,"FORMULA",87409,0,1520,0,"ARITHMETIC"
"CT",6,3,1523,87434,"Power CT41^2Arc(4)",41,2,0,4,13,"FORMULA",87434,0,1523,0,"ARITHMETIC"
"CT",6,3,1558,87501,"Power CT41^2T3",41,2,0,1,13,"FORMULA",87501,0,1558,0,"ARITHMETIC"
"CT",6,3,1561,87526,"Power CT41^2Arc(3)",41,2,0,3,13,"FORMULA",87526,0,1561,0,"ARITHMETIC"
"CT",6,3,1600,87618,"Power CT41^2T1T1",41,2,0,2,13,"FORMULA",87618,0,1600,0,"ARITHMETIC"
"CT",6,3,1640,87710,"Power CT41^2T1",41,2,0,1,13,"FORMULA",87710,0,1640,0,"ARITHMETIC"
"CT",6,3,1681,87802,"Power CT41^2",41,2,0,0,13,"FORMULA",87802,0,1681,0,"ARITHMETIC"
"CT",6,3,1682,89297,"Power CT41^2+1",41,2,1,0,13,"FORMULA",89297,0,1682,0,"ARITHMETIC"
"CT",6,3,1683,91844,"Power CT43^2Arc(4)",43,2,0,4,13,"FORMULA",91844,0,1683,0,"ARITHMETIC"
"CT",6,3,1723,92127,"Power CT43^2Arc(3)",43,2,0,3,13,"FORMULA",92127,0,1723,0,"ARITHMETIC"
"CT",6,3,1764,92410,"Power CT43^2T1T1",43,2,0,2,13,"FORMULA",92410,0,1764,0,"ARITHMETIC"
"CT",6,3,1806,92693,"Power CT43^2T1",43,2,0,1,13,"FORMULA",92693,0,1806,0,"ARITHMETIC"
"CT",6,3,1849,92976,"Power CT43^2",43,2,0,0,13,"FORMULA",92976,0,1849,0,"ARITHMETIC"
"CT",6,3,1850,94419,"Power CT43^2+1",43,2,1,0,13,"FORMULA",94419,0,1850,0,"ARITHMETIC"
"CT",6,3,1851,95511,"Power CT43^2+2",43,2,2,0,13,"FORMULA",95511,0,1851,0,"ARITHMETIC"
"CT",6,3,1852,97253,"Power CT43^2+3",43,2,3,0,13,"FORMULA",97253,0,1852,0,"ARITHMETIC"
"CT",6,3,1862,97353,"Power CT49^2T11",49,2,0,1,13,"FORMULA",97353,0,1862,0,"ARITHMETIC"
"CT",6,3,1890,97442,"Power CT47^2T5T2",47,2,0,2,13,"FORMULA",97442,0,1890,0,"ARITHMETIC"
"CT",6,3,1911,97482,"Power CT49^2T10",49,2,0,1,13,"FORMULA",97482,0,1911,0,"ARITHMETIC"
"CT",6,3,1927,97546,"Power CT47^2T6",47,2,0,1,13,"FORMULA",97546,0,1927,0,"ARITHMETIC"
"CT",6,3,1960,97562,"Power CT49^2T9",49,2,0,1,13,"FORMULA",97562,0,1960,0,"ARITHMETIC"
"CT",6,3,2009,97654,"Power CT49^2T8",49,2,0,1,13,"FORMULA",97654,0,2009,0,"ARITHMETIC"
"CT",6,3,2058,97769,"Power CT49^2T7",49,2,0,1,13,"FORMULA",97769,0,2058,0,"ARITHMETIC"
"CT",6,3,2107,98052,"Power CT49^2T6",49,2,0,1,13,"FORMULA",98052,0,2107,0,"ARITHMETIC"
"CT",6,3,2115,98139,"Power CT47^2T2",47,2,0,1,13,"FORMULA",98139,0,2115,0,"ARITHMETIC"
"CT",6,3,2156,98163,"Power CT49^2T5",49,2,0,1,13,"FORMULA",98163,0,2156,0,"ARITHMETIC"
"CT",6,3,2205,98247,"Power CT49^2T4",49,2,0,1,13,"FORMULA",98247,0,2205,0,"ARITHMETIC"
"CT",6,3,2209,98358,"Power CT47^2",47,2,0,0,13,"FORMULA",98358,0,2209,0,"ARITHMETIC"
"CT",6,3,2254,98381,"Power CT49^2T3",49,2,0,1,13,"FORMULA",98381,0,2254,0,"ARITHMETIC"
"CT",6,3,2303,98466,"Power CT49^2T2",49,2,0,1,13,"FORMULA",98466,0,2303,0,"ARITHMETIC"
"CT",6,3,2402,98475,"Power CT49^2+1",49,2,1,0,13,"FORMULA",98475,0,2402,0,"ARITHMETIC"
"CT",6,3,2403,99242,"Power CT49^2+2",49,2,2,0,13,"FORMULA",99242,0,2403,0,"ARITHMETIC"
"CT",6,3,2404,99515,"Power CT49^2+3",49,2,3,0,13,"FORMULA",99515,0,2404,0,"ARITHMETIC"
"CT",6,3,2413,99965,"Power CT53^2Arc(8)",53,2,0,8,13,"FORMULA",99965,0,2413,0,"ARITHMETIC"
"CT",6,3,2459,100055,"Power CT53^2Arc(7)",53,2,0,7,13,"FORMULA",100055,0,2459,0,"ARITHMETIC"
"CT",6,3,2506,100145,"Power CT53^2Arc(6)",53,2,0,6,13,"FORMULA",100145,0,2506,0,"ARITHMETIC"
"CT",6,3,2554,100235,"Power CT53^2Arc(5)",53,2,0,5,13,"FORMULA",100235,0,2554,0,"ARITHMETIC"
"CT",6,3,2603,100325,"Power CT53^2Arc(4)",53,2,0,4,13,"FORMULA",100325,0,2603,0,"ARITHMETIC"
"CT",6,3,2653,100415,"Power CT53^2Arc(3)",53,2,0,3,13,"FORMULA",100415,0,2653,0,"ARITHMETIC"
"CT",6,3,2704,100505,"Power CT53^2T1T1",53,2,0,2,13,"FORMULA",100505,0,2704,0,"ARITHMETIC"
"CT",6,3,2756,100595,"Power CT53^2T1",53,2,0,1,13,"FORMULA",100595,0,2756,0,"ARITHMETIC"
"CT",6,3,2810,100685,"Power CT53^2+1",53,2,1,0,13,"FORMULA",100685,0,2810,0,"ARITHMETIC"
"CT",6,3,2811,101348,"Power CT53^2+2",53,2,2,0,13,"FORMULA",101348,0,2811,0,"ARITHMETIC"
"CT",6,3,2814,103974,"Power CT53^2 +5",53,2,5,0,13,"FORMULA",103974,0,2814,0,"ARITHMETIC"
"CT",6,3,2839,104662,"Power CT59^2Arc(12)",59,2,0,12,13,"FORMULA",104662,0,2839,0,"ARITHMETIC"
"CT",6,3,2887,105350,"Power CT59^2Arc(11)",59,2,0,11,13,"FORMULA",105350,0,2887,0,"ARITHMETIC"
"CT",6,3,2936,106038,"Power CT59^2Arc(10)",59,2,0,10,13,"FORMULA",106038,0,2936,0,"ARITHMETIC"
"CT",6,3,2986,106726,"Power CT59^2Arc(9)",59,2,0,9,13,"FORMULA",106726,0,2986,0,"ARITHMETIC"
"CT",6,3,3037,107414,"Power CT59^2Arc(8)",59,2,0,8,13,"FORMULA",107414,0,3037,0,"ARITHMETIC"
"CT",6,3,3089,108102,"Power CT59^2Arc(7)",59,2,0,7,13,"FORMULA",108102,0,3089,0,"ARITHMETIC"
"CT",6,3,3142,108790,"Power CT59^2Arc(6)",59,2,0,6,13,"FORMULA",108790,0,3142,0,"ARITHMETIC"
"CT",6,3,3196,109478,"Power CT59^2Arc(5)",59,2,0,5,13,"FORMULA",109478,0,3196,0,"ARITHMETIC"
"CT",6,3,3251,110166,"Power CT59^2Arc(4)",59,2,0,4,13,"FORMULA",110166,0,3251,0,"ARITHMETIC"
"CT",6,3,3307,110854,"Power CT59^2Arc(3)",59,2,0,3,13,"FORMULA",110854,0,3307,0,"ARITHMETIC"
"CT",6,3,3364,111542,"Power CT59^2T1T1",59,2,0,2,13,"FORMULA",111542,0,3364,0,"ARITHMETIC"
"CT",6,3,3538,112230,"Power CT61^2T3",61,2,0,1,13,"FORMULA",112230,0,3538,0,"ARITHMETIC"
"CT",6,3,3721,112918,"Power CT61^2",61,2,0,0,13,"FORMULA",112918,0,3721,0,"ARITHMETIC"
"CT",6,3,3722,113841,"Power CT61^2+1",61,2,1,0,13,"FORMULA",113841,0,3722,0,"ARITHMETIC"
"CT",6,3,3913,114020,"Power CT25^3T12S24",25,3,0,25,25,"FORMULA",114020,0,3913,0,"ARITHMETIC"
"CT",6,3,3939,114239,"Power CT25^3T12S23",25,3,0,24,25,"FORMULA",114239,0,3939,0,"ARITHMETIC"
"CT",6,3,3978,114458,"Power CT25^3T12S22",25,3,0,23,25,"FORMULA",114458,0,3978,0,"ARITHMETIC"
"CT",6,3,4214,114540,"Power CT25^3T11S24",25,3,0,25,25,"FORMULA",114540,0,4214,0,"ARITHMETIC"
"CT",6,3,4515,114740,"Power CT25^3T10S24",25,3,0,25,25,"FORMULA",114740,0,4515,0,"ARITHMETIC"
"CT",6,3,4545,114959,"Power CT25^3T10S23",25,3,0,24,25,"FORMULA",114959,0,4545,0,"ARITHMETIC"
"CT",6,3,4816,114965,"Power CT25^3T9S24",25,3,0,25,25,"FORMULA",114965,0,4816,0,"ARITHMETIC"
"CT",6,3,4848,115184,"Power CT25^3T9S23",25,3,0,24,25,"FORMULA",115184,0,4848,0,"ARITHMETIC"
"CT",6,3,4896,115403,"Power CT25^3T9S22",25,3,0,23,25,"FORMULA",115403,0,4896,0,"ARITHMETIC"
"CT",6,3,5117,115472,"Power CT25^3T8S24",25,3,0,25,25,"FORMULA",115472,0,5117,0,"ARITHMETIC"
"CT",6,3,5418,115678,"Power CT25^3T7S24",25,3,0,25,25,"FORMULA",115678,0,5418,0,"ARITHMETIC"
"CT",6,3,5719,115800,"Power CT25^3T6S24",25,3,0,25,25,"FORMULA",115800,0,5719,0,"ARITHMETIC"
"CT",6,3,6020,115845,"Power CT25^3T5S24",25,3,0,25,25,"FORMULA",115845,0,6020,0,"ARITHMETIC"
"CT",6,3,6321,116039,"Power CT25^3T4S24",25,3,0,25,25,"FORMULA",116039,0,6321,0,"ARITHMETIC"
"CT",6,3,6622,116239,"Power CT25^3T3S24",25,3,0,25,25,"FORMULA",116239,0,6622,0,"ARITHMETIC"
"CT",6,3,6923,116439,"Power CT25^3T2S24",25,3,0,25,25,"FORMULA",116439,0,6923,0,"ARITHMETIC"
"CT",6,3,7224,116500,"Power CT25^3S25",25,3,0,25,25,"FORMULA",116500,0,7224,0,"ARITHMETIC"
"CT",6,3,7272,116719,"Power CT25^3S24",25,3,0,24,25,"FORMULA",116719,0,7272,0,"ARITHMETIC"
"CT",6,3,7344,116938,"Power CT25^3S23",25,3,0,23,25,"FORMULA",116938,0,7344,0,"ARITHMETIC"
"CT",6,3,7440,117157,"Power CT25^3S22",25,3,0,22,25,"FORMULA",117157,0,7440,0,"ARITHMETIC"
"CT",6,3,7560,117376,"Power CT25^3S21",25,3,0,21,25,"FORMULA",117376,0,7560,0,"ARITHMETIC"
"CT",6,3,7704,117595,"Power CT25^3S20",25,3,0,20,25,"FORMULA",117595,0,7704,0,"ARITHMETIC"
"CT",6,3,7872,117814,"Power CT25^3S19",25,3,0,19,25,"FORMULA",117814,0,7872,0,"ARITHMETIC"
"CT",6,3,8064,118033,"Power CT25^3S18",25,3,0,18,25,"FORMULA",118033,0,8064,0,"ARITHMETIC"
"CT",6,3,8280,118252,"Power CT25^3S17",25,3,0,17,25,"FORMULA",118252,0,8280,0,"ARITHMETIC"
"CT",6,3,8520,118471,"Power CT25^3S16",25,3,0,16,25,"FORMULA",118471,0,8520,0,"ARITHMETIC"
"CT",6,3,8784,118690,"Power CT25^3S15",25,3,0,15,25,"FORMULA",118690,0,8784,0,"ARITHMETIC"
"CT",6,3,9072,118909,"Power CT25^3S14",25,3,0,14,25,"FORMULA",118909,0,9072,0,"ARITHMETIC"
"CT",6,3,9384,119128,"Power CT25^3S13",25,3,0,13,25,"FORMULA",119128,0,9384,0,"ARITHMETIC"
"CT",6,3,9720,119347,"Power CT25^3S12",25,3,0,12,25,"FORMULA",119347,0,9720,0,"ARITHMETIC"
"CT",6,3,10000,119566,"Power CT25^3S11",25,3,0,11,25,"FORMULA",119566,0,10080,-80,"ARITHMETIC"
"CT",5,4,4522,73761,"Power CT19^3T5T2",19,3,0,2,19,"FORMULA",73761,0,4522,0,"ARITHMETIC"
"CT",5,4,4560,73802,"Power CT19^3T4T3",19,3,0,2,19,"FORMULA",73802,0,4560,0,"ARITHMETIC"
"CT",5,4,4590,73809,"Power CT19^3T4T2T1",19,3,0,3,19,"FORMULA",73809,0,4590,0,"ARITHMETIC"
"CT",5,4,4605,73905,"Power CT19^3T4S3",19,3,0,4,19,"FORMULA",73905,0,4605,0,"ARITHMETIC"
"CT",5,4,4845,73953,"Power CT19^3T4T2",19,3,0,2,19,"FORMULA",73953,0,4845,0,"ARITHMETIC"
"CT",5,4,4860,74049,"Power CT19^3T4T1T1",19,3,0,3,19,"FORMULA",74049,0,4860,0,"ARITHMETIC"
"CT",5,4,5054,74145,"Power CT19^3T5",19,3,0,1,19,"FORMULA",74145,0,5054,0,"ARITHMETIC"
"CT",5,4,5130,74193,"Power CT19^3T4T1",19,3,0,2,19,"FORMULA",74193,0,5130,0,"ARITHMETIC"
"CT",5,4,6137,74913,"Power CT19^3T2",19,3,0,1,19,"FORMULA",74913,0,6137,0,"ARITHMETIC"
"CT",5,4,6156,75009,"Power CT19^3T1T1",19,3,0,2,19,"FORMULA",75009,0,6156,0,"ARITHMETIC"
"CT",5,4,6498,75153,"Power CT19^3T1",19,3,0,1,19,"FORMULA",75153,0,6498,0,"ARITHMETIC"
"CT",5,4,6859,75297,"Power CT19^3",19,3,0,0,19,"FORMULA",75297,0,6859,0,"ARITHMETIC"
"CT",5,4,8820,85827,"Power CT23^3T3T2T2",23,3,0,3,19,"FORMULA",85827,0,8820,0,"ARITHMETIC"
"CT",5,4,9261,85860,"Power CT23^3T2T2T2",23,3,0,3,19,"FORMULA",85860,0,9261,0,"ARITHMETIC"
"CT",5,4,9660,86334,"Power CT23^3T3T2",23,3,0,2,19,"FORMULA",86334,0,9660,0,"ARITHMETIC"
"CT",5,4,9702,86364,"Power CT23^3T2T2T1",23,3,0,3,19,"FORMULA",86364,0,9702,0,"ARITHMETIC"
"CT",5,4,10000,86367,"Power CT23^3T2T2",23,3,0,2,19,"FORMULA",86367,0,10143,-143,"ARITHMETIC"
"CT",6,4,725,378424,"Power CT29^2T4",29,2,0,1,14,"FORMULA",378424,0,725,0,"ARITHMETIC"
"CT",6,4,754,378690,"Power CT29^2T3",29,2,0,1,14,"FORMULA",378690,0,754,0,"ARITHMETIC"
"CT",6,4,842,381360,"Power CT29^2+1",29,2,1,0,14,"FORMULA",381360,0,842,0,"ARITHMETIC"
"CT",6,4,843,395610,"Power CT31^2Arc(4)",31,2,0,4,14,"FORMULA",395610,0,843,0,"ARITHMETIC"
"CT",6,4,871,397035,"Power CT31^2Arc(3)",31,2,0,3,14,"FORMULA",397035,0,871,0,"ARITHMETIC"
"CT",6,4,900,398460,"Power CT31^2T1T1",31,2,0,2,14,"FORMULA",398460,0,900,0,"ARITHMETIC"
"CT",6,4,960,399885,"Power CT32^2T2",32,2,0,1,14,"FORMULA",399885,0,960,0,"ARITHMETIC"
"CT",6,4,1025,401310,"Power CT32^2+1",32,2,1,0,14,"FORMULA",401310,0,1025,0,"ARITHMETIC"
"CT",6,4,1027,420742,"Power CT32^2+3",32,2,3,0,14,"FORMULA",420742,0,1027,0,"ARITHMETIC"
"CT",6,4,1039,441919,"Power CT37^2Arc(10):5 twos,0 ones",37,2,0,5,14,"FORMULA",441919,0,1039,0,"ARITHMETIC"
"CT",6,4,1097,444272,"Power CT37^2Arc(8):4 twos,0 ones",37,2,0,4,14,"FORMULA",444272,0,1097,0,"ARITHMETIC"
"CT",6,4,1159,446625,"Power CT37^2Arc(6):3 twos,0 ones",37,2,0,3,14,"FORMULA",446625,0,1159,0,"ARITHMETIC"
"CT",6,4,1225,448978,"Power CT37^2T2T2",37,2,0,2,14,"FORMULA",448978,0,1225,0,"ARITHMETIC"
"CT",6,4,1295,451331,"Power CT37^2T2",37,2,0,1,14,"FORMULA",451331,0,1295,0,"ARITHMETIC"
"CT",6,4,1372,453684,"Power CT37^2+3",37,2,3,0,14,"FORMULA",453684,0,1372,0,"ARITHMETIC"
"CT",6,4,1381,470712,"Power CT41^2Arc(8)",41,2,0,8,14,"FORMULA",470712,0,1381,0,"ARITHMETIC"
"CT",6,4,1415,473550,"Power CT41^2Arc(7)",41,2,0,7,14,"FORMULA",473550,0,1415,0,"ARITHMETIC"
"CT",6,4,1450,476388,"Power CT41^2Arc(6)",41,2,0,6,14,"FORMULA",476388,0,1450,0,"ARITHMETIC"
"CT",6,4,1486,479226,"Power CT41^2Arc(5)",41,2,0,5,14,"FORMULA",479226,0,1486,0,"ARITHMETIC"
"CT",6,4,1523,482064,"Power CT41^2Arc(4)",41,2,0,4,14,"FORMULA",482064,0,1523,0,"ARITHMETIC"
"CT",6,4,1561,484902,"Power CT41^2Arc(3)",41,2,0,3,14,"FORMULA",484902,0,1561,0,"ARITHMETIC"
"CT",6,4,1600,487740,"Power CT41^2T1T1",41,2,0,2,14,"FORMULA",487740,0,1600,0,"ARITHMETIC"
"CT",6,4,1720,490578,"Power CT43^2T3",43,2,0,1,14,"FORMULA",490578,0,1720,0,"ARITHMETIC"
"CT",6,4,1851,493416,"Power CT43^2+2",43,2,2,0,14,"FORMULA",493416,0,1851,0,"ARITHMETIC"
"CT",6,4,1857,509526,"Power CT47^2Arc(8):4 twos,0 ones",47,2,0,4,14,"FORMULA",509526,0,1857,0,"ARITHMETIC"
"CT",6,4,1939,511137,"Power CT47^2Arc(6):3 twos,0 ones",47,2,0,3,14,"FORMULA",511137,0,1939,0,"ARITHMETIC"
"CT",6,4,1960,511521,"Power CT49^2T9",49,2,0,1,14,"FORMULA",511521,0,1960,0,"ARITHMETIC"
"CT",6,4,2025,512748,"Power CT47^2T2T2",47,2,0,2,14,"FORMULA",512748,0,2025,0,"ARITHMETIC"
"CT",6,4,2205,514359,"Power CT49^2T4",49,2,0,1,14,"FORMULA",514359,0,2205,0,"ARITHMETIC"
"CT",6,4,2402,515970,"Power CT49^2+1",49,2,1,0,14,"FORMULA",515970,0,2402,0,"ARITHMETIC"
"CT",6,4,2500,538710,"Power CT53^2T3T3",53,2,0,2,14,"FORMULA",538710,0,2500,0,"ARITHMETIC"
"CT",6,4,2650,540605,"Power CT53^2T3",53,2,0,1,14,"FORMULA",540605,0,2650,0,"ARITHMETIC"
"CT",6,4,2811,542500,"Power CT53^2+2",53,2,2,0,14,"FORMULA",542500,0,2811,0,"ARITHMETIC"
"N-CT",6,4,2964,549432,"Power N-CT67^2Trin7,7,12",67,2,0,3,13,"CALIBRATED",549432,0,NA,NA,"ARITHMETIC"
"N-CT",6,4,3229,550463,"Power N-CT67^2Trin7,7,7",67,2,0,3,13,"CALIBRATED",550463,0,NA,NA,"ARITHMETIC"
"N-CT",6,4,3282,551632,"Power N-CT67^2Trin6,7,7",67,2,0,3,13,"CALIBRATED",551632,0,NA,NA,"ARITHMETIC"
"N-CT",6,4,3494,552669,"Power N-CT67^2Trin2,7,7",67,2,0,3,13,"CALIBRATED",552669,0,NA,NA,"ARITHMETIC"
"N-CT",6,4,3600,553794,"Power N-CT67^2T7T7",67,2,0,2,13,"CALIBRATED",553794,0,3600,0,"ARITHMETIC"
"N-CT",6,4,3784,554875,"Power N-CT67^2Trin2,2,7",67,2,0,3,13,"CALIBRATED",554875,0,NA,NA,"ARITHMETIC"
"N-CT",6,4,3900,556000,"Power N-CT67^2T7T2",67,2,0,2,13,"CALIBRATED",556000,0,3900,0,"ARITHMETIC"
"N-CT",6,4,4099,557081,"Power N-CT67^2Trin2,2,2",67,2,0,3,13,"CALIBRATED",557081,0,NA,NA,"ARITHMETIC"
"N-CT",6,4,4225,558206,"Power N-CT67^2T2T2",67,2,0,2,13,"CALIBRATED",558206,0,4225,0,"ARITHMETIC"
"N-CT",6,4,4355,559331,"Power N-CT67^2T2",67,2,0,1,13,"CALIBRATED",559331,0,4355,0,"ARITHMETIC"
"N-CT",6,4,4492,560456,"Power N-CT67^2+3",67,2,3,0,13,"CALIBRATED",560456,0,4492,0,"ARITHMETIC"
"N-CT",6,4,4501,564796,"Power N-CT71^2Arc(8)",71,2,0,8,13,"CALIBRATED",564796,0,4501,0,"ARITHMETIC"
"N-CT",6,4,4565,565664,"Power N-CT71^2Arc(7)",71,2,0,7,13,"CALIBRATED",565664,0,4565,0,"ARITHMETIC"
"N-CT",6,4,4630,566532,"Power N-CT71^2Arc(6)",71,2,0,6,13,"CALIBRATED",566532,0,4630,0,"ARITHMETIC"
"N-CT",6,4,4696,567400,"Power N-CT71^2Arc(5)",71,2,0,5,13,"CALIBRATED",567400,0,4696,0,"ARITHMETIC"
"N-CT",6,4,4763,568268,"Power N-CT71^2Arc(4)",71,2,0,4,13,"CALIBRATED",568268,0,4763,0,"ARITHMETIC"
"N-CT",6,4,4831,569136,"Power N-CT71^2Arc(3)",71,2,0,3,13,"CALIBRATED",569136,0,4831,0,"ARITHMETIC"
"N-CT",6,4,4900,570004,"Power N-CT71^2T1T1",71,2,0,2,13,"CALIBRATED",570004,0,4900,0,"ARITHMETIC"
"N-CT",6,4,5110,570872,"Power N-CT73^2T3",73,2,0,1,13,"CALIBRATED",570872,0,5110,0,"ARITHMETIC"
"N-CT",6,4,5331,571740,"Power N-CT73^2+2",73,2,2,0,13,"CALIBRATED",571740,0,5331,0,"ARITHMETIC"
"N-CT",6,4,5341,585380,"Power N-CT79^2Trin4,4,4",79,2,0,3,13,"CALIBRATED",585380,0,NA,NA,"ARITHMETIC"
"N-CT",6,4,5483,586445,"Power N-CT79^2Trin2,4,4",79,2,0,3,13,"CALIBRATED",586445,0,NA,NA,"ARITHMETIC"
"N-CT",6,4,5625,586744,"Power N-CT79^2T4T4",79,2,0,2,13,"CALIBRATED",586744,0,5625,0,"ARITHMETIC"
"N-CT",6,4,5629,587510,"Power N-CT79^2Trin2,2,4",79,2,0,3,13,"CALIBRATED",587510,0,NA,NA,"ARITHMETIC"
"N-CT",6,4,5775,587809,"Power N-CT79^2T4T2",79,2,0,2,13,"CALIBRATED",587809,0,5775,0,"ARITHMETIC"
"N-CT",6,4,5925,588108,"Power N-CT79^2T4",79,2,0,1,13,"CALIBRATED",588108,0,5925,0,"ARITHMETIC"
"N-CT",6,4,5929,588874,"Power N-CT79^2T2T2",79,2,0,2,13,"CALIBRATED",588874,0,5929,0,"ARITHMETIC"
"N-CT",6,4,6083,589173,"Power N-CT79^2T2",79,2,0,1,13,"CALIBRATED",589173,0,6083,0,"ARITHMETIC"
"N-CT",6,4,6242,589472,"Power N-CT79^2+1",79,2,1,0,13,"CALIBRATED",589472,0,6242,0,"ARITHMETIC"
"N-CT",6,4,6400,599537,"Power N-CT83^2T3T3",83,2,0,2,13,"CALIBRATED",599537,0,6400,0,"ARITHMETIC"
"N-CT",6,4,6640,600452,"Power N-CT83^2T3",83,2,0,1,13,"CALIBRATED",600452,0,6640,0,"ARITHMETIC"
"N-CT",6,4,6891,601367,"Power N-CT83^2+2",83,2,2,0,13,"CALIBRATED",601367,0,6891,0,"ARITHMETIC"
"N-CT",6,4,6901,606907,"Power N-CT89^2Trin4,4,4",89,2,0,3,13,"CALIBRATED",606907,0,NA,NA,"ARITHMETIC"
"N-CT",6,4,7120,607100,"Power N-CT89^2T9",89,2,0,1,13,"CALIBRATED",607100,0,7120,0,"ARITHMETIC"
"N-CT",6,4,7225,607461,"Power N-CT89^2T4T4",89,2,0,2,13,"CALIBRATED",607461,0,7225,0,"ARITHMETIC"
"N-CT",6,4,7565,608015,"Power N-CT89^2T4",89,2,0,1,13,"CALIBRATED",608015,0,7565,0,"ARITHMETIC"
"N-CT",6,4,7922,608569,"Power N-CT89^2+1",89,2,1,0,13,"CALIBRATED",608569,0,7922,0,"ARITHMETIC"
"N-CT",6,4,7998,637338,"Power N-CT101^2Arc(13)T11",101,2,0,14,13,"CALIBRATED",NA,NA,7998,0,"ARITH_OPEN"
"N-CT",6,4,8100,638346,"Power N-CT97^2T7T7",97,2,0,2,13,"CALIBRATED",638346,0,8100,0,"ARITHMETIC"
"N-CT",6,4,8790,640045,"Power N-CT101^2Arc(13)T2",101,2,0,14,13,"CALIBRATED",NA,NA,8790,0,"ARITH_OPEN"
"N-CT",6,4,9412,643760,"Power N-CT97^2+3",97,2,3,0,13,"CALIBRATED",643760,0,9412,0,"ARITHMETIC"
"N-CT",6,4,9421,662335,"Power N-CT101^2Arc(8)",101,2,0,8,13,"CALIBRATED",662335,0,9421,0,"ARITHMETIC"
"N-CT",6,4,9515,666050,"Power N-CT101^2Arc(7)",101,2,0,7,13,"CALIBRATED",666050,0,9515,0,"ARITHMETIC"
"N-CT",6,4,9610,669765,"Power N-CT101^2Arc(6)",101,2,0,6,13,"CALIBRATED",669765,0,9610,0,"ARITHMETIC"
"N-CT",6,4,9706,673480,"Power N-CT101^2Arc(5)",101,2,0,5,13,"CALIBRATED",673480,0,9706,0,"ARITHMETIC"
"N-CT",6,4,9803,677195,"Power N-CT101^2Arc(4)",101,2,0,4,13,"CALIBRATED",677195,0,9803,0,"ARITHMETIC"
"CT",6,4,9854,679410,"Power CT27^3S21",27,3,0,21,27,"FORMULA",679410,0,9854,0,"ARITHMETIC"
"N-CT",6,4,9901,680910,"Power N-CT101^2Arc(3)",101,2,0,3,13,"CALIBRATED",680910,0,9901,0,"ARITHMETIC"
"CT",6,4,10000,682080,"Power CT27^3S20",27,3,0,20,27,"FORMULA",682080,0,10062,-62,"ARITHMETIC"
"N-CT",5,5,7777,221556,"Power N-CT101^2T24",101,2,0,1,9,"CALIBRATED",221556,0,7777,0,"ARITHMETIC"
"N-CT",5,5,8383,223436,"Power N-CT101^2T18",101,2,0,1,9,"CALIBRATED",223436,0,8383,0,"ARITHMETIC"
"N-CT",5,5,8585,224596,"Power N-CT101^2T16",101,2,0,1,9,"CALIBRATED",224596,0,8585,0,"ARITHMETIC"
"N-CT",5,5,10000,224676,"Power N-CT101^2",101,2,0,0,9,"CALIBRATED",224676,0,10201,-201,"ARITHMETIC"
"CT",3,6,10000,2492,"Power CT100^2",100,2,0,0,4,"FORMULA",2492,0,10000,0,"ARITHMETIC"
"CT",6,6,575,7529422,"Power CT25^2T2",25,2,0,1,16,"FORMULA",7529422,0,575,0,"ARITHMETIC"
"CT",6,6,625,7529440,"Power CT25^2",25,2,0,0,16,"FORMULA",7529440,0,625,0,"ARITHMETIC"
"N-CT",6,6,775,8700882,"Power N-CT31^2T6",31,2,0,1,15,"CALIBRATED",8700882,0,775,0,"ARITHMETIC"
"N-CT",6,6,783,8750260,"Power N-CT29^2T2",29,2,0,1,15,"CALIBRATED",8750260,0,783,0,"ARITHMETIC"
"N-CT",6,6,806,8767687,"Power N-CT31^2T5",31,2,0,1,15,"CALIBRATED",8767687,0,806,0,"ARITHMETIC"
"N-CT",6,6,837,8779072,"Power N-CT31^2T4",31,2,0,1,15,"CALIBRATED",8779072,0,837,0,"ARITHMETIC"
"N-CT",6,6,841,8787300,"Power N-CT29^2",29,2,0,0,15,"CALIBRATED",8787300,0,841,0,"ARITHMETIC"
"N-CT",6,6,899,8816112,"Power N-CT31^2T2",31,2,0,1,15,"CALIBRATED",8816112,0,899,0,"ARITHMETIC"
"N-CT",6,6,961,8818170,"Power N-CT31^2",31,2,0,0,15,"CALIBRATED",8818170,0,961,0,"ARITHMETIC"
"N-CT",6,6,964,8823570,"Power N-CT31^2+3",31,2,3,0,15,"CALIBRATED",8823570,0,964,0,"ARITHMETIC"
"CT",6,6,992,9411448,"Power CT32^2T1",32,2,0,1,16,"FORMULA",9411448,0,992,0,"ARITHMETIC"
"CT",6,6,1026,9411808,"Power CT32^2+2",32,2,2,0,16,"FORMULA",9411808,0,1026,0,"ARITHMETIC"
"N-CT",6,6,1075,9629948,"Power N-CT41^2Trin3,7,7",41,2,0,3,14,"CALIBRATED",9629948,0,NA,NA,"ARITHMETIC"
"N-CT",6,6,1102,9646412,"Power N-CT41^2Trin2,7,7",41,2,0,3,14,"CALIBRATED",9646412,0,NA,NA,"ARITHMETIC"
"N-CT",6,6,1129,9646706,"Power N-CT41^2Trin1,7,7",41,2,0,3,14,"CALIBRATED",9646706,0,NA,NA,"ARITHMETIC"
"N-CT",6,6,1156,9646748,"Power N-CT41^2T7T7",41,2,0,2,14,"CALIBRATED",9646748,0,1156,0,"ARITHMETIC"
"N-CT",6,6,1175,9647108,"Power N-CT47^2T22",47,2,0,1,14,"CALIBRATED",9647108,0,1175,0,"ARITHMETIC"
"N-CT",6,6,1222,9713913,"Power N-CT47^2T21",47,2,0,1,14,"CALIBRATED",9713913,0,1222,0,"ARITHMETIC"
"N-CT",6,6,1269,9725298,"Power N-CT47^2T20",47,2,0,1,14,"CALIBRATED",9725298,0,1269,0,"ARITHMETIC"
"N-CT",6,6,1292,9747566,"Power N-CT41^2T7T3",41,2,0,2,14,"CALIBRATED",9747566,0,1292,0,"ARITHMETIC"
"N-CT",6,6,1363,9762338,"Power N-CT47^2T18",47,2,0,1,14,"CALIBRATED",9762338,0,1363,0,"ARITHMETIC"
"N-CT",6,6,1394,9764366,"Power N-CT41^2T7",41,2,0,1,14,"CALIBRATED",9764366,0,1394,0,"ARITHMETIC"
"N-CT",6,6,1457,9764396,"Power N-CT47^2T16",47,2,0,1,14,"CALIBRATED",9764396,0,1457,0,"ARITHMETIC"
"N-CT",6,6,1598,9764756,"Power N-CT47^2T13",47,2,0,1,14,"CALIBRATED",9764756,0,1598,0,"ARITHMETIC"
"N-CT",6,6,1692,9848774,"Power N-CT47^2T11",47,2,0,1,14,"CALIBRATED",9848774,0,1692,0,"ARITHMETIC"
"N-CT",6,6,1786,9865574,"Power N-CT47^2T9",47,2,0,1,14,"CALIBRATED",9865574,0,1786,0,"ARITHMETIC"
"N-CT",6,6,1833,9882038,"Power N-CT47^2T8",47,2,0,1,14,"CALIBRATED",9882038,0,1833,0,"ARITHMETIC"
"N-CT",6,6,1880,9882332,"Power N-CT47^2T7",47,2,0,1,14,"CALIBRATED",9882332,0,1880,0,"ARITHMETIC"
"N-CT",6,6,1927,9882374,"Power N-CT47^2T6",47,2,0,1,14,"CALIBRATED",9882374,0,1927,0,"ARITHMETIC"
"N-CT",6,6,2211,9882404,"Power N-CT47^2+2",47,2,2,0,14,"CALIBRATED",9882404,0,2211,0,"ARITHMETIC"
"N-CT",6,6,2221,11175674,"Power N-CT53^2Trin4,4,4",53,2,0,3,14,"CALIBRATED",11175674,0,NA,NA,"ARITHMETIC"
"N-CT",6,6,2311,11290892,"Power N-CT53^2Trin2,4,4",53,2,0,3,14,"CALIBRATED",11290892,0,NA,NA,"ARITHMETIC"
"N-CT",6,6,2356,11292950,"Power N-CT53^2Trin1,4,4",53,2,0,3,14,"CALIBRATED",11292950,0,NA,NA,"ARITHMETIC"
"N-CT",6,6,2401,11293244,"Power N-CT53^2T4T4",53,2,0,2,14,"CALIBRATED",11293244,0,2401,0,"ARITHMETIC"
"N-CT",6,6,2412,11378198,"Power N-CT67^2T31",67,2,0,1,14,"CALIBRATED",11378198,0,2412,0,"ARITHMETIC"
"N-CT",6,6,2546,11394998,"Power N-CT67^2T29",67,2,0,1,14,"CALIBRATED",11394998,0,2546,0,"ARITHMETIC"
"N-CT",6,6,2548,11410520,"Power N-CT53^2T4T1",53,2,0,2,14,"CALIBRATED",11410520,0,2548,0,"ARITHMETIC"
"N-CT",6,6,2597,11410814,"Power N-CT53^2T4",53,2,0,1,14,"CALIBRATED",11410814,0,2597,0,"ARITHMETIC"
"N-CT",6,6,2613,11411462,"Power N-CT67^2T28",67,2,0,1,14,"CALIBRATED",11411462,0,2613,0,"ARITHMETIC"
"N-CT",6,6,2695,11411750,"Power N-CT59^2T10T4",59,2,0,2,14,"CALIBRATED",11411750,0,2695,0,"ARITHMETIC"
"N-CT",6,6,2747,11411798,"Power N-CT67^2T26",67,2,0,1,14,"CALIBRATED",11411798,0,2747,0,"ARITHMETIC"
"N-CT",6,6,3283,11411828,"Power N-CT67^2T18",67,2,0,1,14,"CALIBRATED",11411828,0,3283,0,"ARITHMETIC"
"N-CT",6,6,3417,11527046,"Power N-CT67^2T16",67,2,0,1,14,"CALIBRATED",11527046,0,3417,0,"ARITHMETIC"
"N-CT",6,6,3484,11529104,"Power N-CT67^2T15",67,2,0,1,14,"CALIBRATED",11529104,0,3484,0,"ARITHMETIC"
"N-CT",6,6,3685,11529398,"Power N-CT67^2T12",67,2,0,1,14,"CALIBRATED",11529398,0,3685,0,"ARITHMETIC"
"N-CT",6,6,4489,11529476,"Power N-CT67^2",67,2,0,0,14,"CALIBRATED",11529476,0,4489,0,"ARITHMETIC"
"N-CT",6,6,4556,12096718,"Power N-CT73^2T6T5",73,2,0,2,13,"CALIBRATED",12096718,0,4556,0,"ARITHMETIC"
"N-CT",6,6,4690,12111124,"Power N-CT73^2T6T3",73,2,0,2,13,"CALIBRATED",12111124,0,4690,0,"ARITHMETIC"
"N-CT",6,6,4891,12113182,"Power N-CT73^2T6",73,2,0,1,13,"CALIBRATED",12113182,0,4891,0,"ARITHMETIC"
"N-CT",6,6,5025,12117340,"Power N-CT79^2T12T4",79,2,0,2,13,"CALIBRATED",12117340,0,5025,0,"ARITHMETIC"
"N-CT",6,6,5092,12117634,"Power N-CT79^2T12T3",79,2,0,2,13,"CALIBRATED",12117634,0,5092,0,"ARITHMETIC"
"N-CT",6,6,5963,12117718,"Power N-CT89^2T22",89,2,0,1,13,"CALIBRATED",12117718,0,5963,0,"ARITHMETIC"
"N-CT",6,6,6052,12218524,"Power N-CT89^2T21",89,2,0,1,13,"CALIBRATED",12218524,0,6052,0,"ARITHMETIC"
"N-CT",6,6,6230,12232930,"Power N-CT89^2T19",89,2,0,1,13,"CALIBRATED",12232930,0,6230,0,"ARITHMETIC"
"N-CT",6,6,6675,12234988,"Power N-CT89^2T14",89,2,0,1,13,"CALIBRATED",12234988,0,6675,0,"ARITHMETIC"
"N-CT",6,6,6764,12235282,"Power N-CT89^2T13",89,2,0,1,13,"CALIBRATED",12235282,0,6764,0,"ARITHMETIC"
"N-CT",6,6,8293,13408006,"Power N-CT97^2Trin4,4,4",97,2,0,3,13,"CALIBRATED",13408006,0,NA,NA,"ARITHMETIC"
"N-CT",6,6,8471,13523212,"Power N-CT97^2Trin2,4,4",97,2,0,3,13,"CALIBRATED",13523212,0,NA,NA,"ARITHMETIC"
"N-CT",6,6,8649,13525270,"Power N-CT97^2T4T4",97,2,0,2,13,"CALIBRATED",13525270,0,8649,0,"ARITHMETIC"
"N-CT",6,6,8653,13638418,"Power N-CT97^2Trin2,2,4",97,2,0,3,13,"CALIBRATED",13638418,0,NA,NA,"ARITHMETIC"
"N-CT",6,6,8835,13640476,"Power N-CT97^2T4T2",97,2,0,2,13,"CALIBRATED",13640476,0,8835,0,"ARITHMETIC"
"N-CT",6,6,9393,13642534,"Power N-CT101^2T8",101,2,0,1,13,"CALIBRATED",13642534,0,9393,0,"ARITHMETIC"
"N-CT",6,6,9595,13757740,"Power N-CT101^2T6",101,2,0,1,13,"CALIBRATED",13757740,0,9595,0,"ARITHMETIC"
"N-CT",6,6,10000,13759798,"Power N-CT101^2",101,2,0,0,13,"CALIBRATED",13759798,0,10201,-201,"ARITHMETIC"
"N-CT",5,7,1428,719784,"Power N-CT43^2T9T1",43,2,0,2,9,"CALIBRATED",719784,0,1428,0,"ARITHMETIC"
"N-CT",5,7,1462,720120,"Power N-CT43^2T9",43,2,0,1,9,"CALIBRATED",720120,0,1462,0,"ARITHMETIC"
"N-CT",5,7,1521,727368,"Power N-CT41^2T2T2",41,2,0,2,9,"CALIBRATED",727368,0,1521,0,"ARITHMETIC"
"N-CT",5,7,1599,729426,"Power N-CT41^2T2",41,2,0,1,9,"CALIBRATED",729426,0,1599,0,"ARITHMETIC"
"N-CT",5,7,1600,731442,"Power N-CT43^2Arc(2)T4",43,2,0,3,9,"CALIBRATED",731442,0,1600,0,"ARITHMETIC"
"N-CT",5,7,1682,731484,"Power N-CT41^2+1",41,2,1,0,9,"CALIBRATED",731484,0,1682,0,"ARITHMETIC"
"N-CT",5,7,1683,733164,"Power N-CT43^2Arc(4)",43,2,0,4,9,"CALIBRATED",733164,0,1683,0,"ARITHMETIC"
"N-CT",5,7,1723,733500,"Power N-CT43^2Arc(3)",43,2,0,3,9,"CALIBRATED",733500,0,1723,0,"ARITHMETIC"
"N-CT",5,7,1764,733836,"Power N-CT43^2T1T1",43,2,0,2,9,"CALIBRATED",733836,0,1764,0,"ARITHMETIC"
"N-CT",5,7,1806,734172,"Power N-CT43^2T1",43,2,0,1,9,"CALIBRATED",734172,0,1806,0,"ARITHMETIC"
"N-CT",5,7,1849,734508,"Power N-CT43^2",43,2,0,0,9,"CALIBRATED",734508,0,1849,0,"ARITHMETIC"
"N-CT",5,7,1884,741864,"Power N-CT53^2Arc(9)T11",53,2,0,10,9,"CALIBRATED",NA,NA,1884,0,"ARITH_OPEN"
"N-CT",5,7,1928,742200,"Power N-CT53^2Arc(9)T10",53,2,0,10,9,"CALIBRATED",NA,NA,1928,0,"ARITH_OPEN"
"N-CT",5,7,2016,743922,"Power N-CT53^2Arc(9)T8",53,2,0,10,9,"CALIBRATED",NA,NA,2016,0,"ARITH_OPEN"
"N-CT",5,7,2104,744216,"Power N-CT53^2Arc(9)T6",53,2,0,10,9,"CALIBRATED",NA,NA,2104,0,"ARITH_OPEN"
"N-CT",5,7,2280,744618,"Power N-CT53^2Arc(9)T2",53,2,0,10,9,"CALIBRATED",NA,NA,2280,0,"ARITH_OPEN"
"N-CT",5,7,2368,756270,"Power N-CT53^2Arc(9)",53,2,0,9,9,"CALIBRATED",756270,0,2368,0,"ARITHMETIC"
"N-CT",5,7,2413,767922,"Power N-CT53^2Arc(8)",53,2,0,8,9,"CALIBRATED",767922,0,2413,0,"ARITHMETIC"
"N-CT",5,7,2459,779574,"Power N-CT53^2Arc(7)",53,2,0,7,9,"CALIBRATED",779574,0,2459,0,"ARITHMETIC"
"N-CT",5,7,2506,791226,"Power N-CT53^2Arc(6)",53,2,0,6,9,"CALIBRATED",791226,0,2506,0,"ARITHMETIC"
"N-CT",5,7,3186,863826,"Power N-CT59^2T5",59,2,0,1,9,"CALIBRATED",863826,0,3186,0,"ARITHMETIC"
"N-CT",5,7,3481,864162,"Power N-CT59^2",59,2,0,0,9,"CALIBRATED",864162,0,3481,0,"ARITHMETIC"
"N-CT",5,7,3676,878736,"Power N-CT79^2Arc(9)T27",79,2,0,10,9,"CALIBRATED",NA,NA,3676,0,"ARITH_OPEN"
"N-CT",5,7,3721,885708,"Power N-CT61^2",61,2,0,0,9,"CALIBRATED",885708,0,3721,0,"ARITHMETIC"
"N-CT",5,7,3816,890388,"Power N-CT79^2Arc(9)T25",79,2,0,10,9,"CALIBRATED",NA,NA,3816,0,"ARITH_OPEN"
"N-CT",5,7,4166,890724,"Power N-CT79^2Arc(9)T20",79,2,0,10,9,"CALIBRATED",NA,NA,4166,0,"ARITH_OPEN"
"N-CT",5,7,4306,893118,"Power N-CT79^2Arc(9)T18",79,2,0,10,9,"CALIBRATED",NA,NA,4306,0,"ARITH_OPEN"
"N-CT",5,7,4726,895176,"Power N-CT79^2Arc(9)T12",79,2,0,10,9,"CALIBRATED",NA,NA,4726,0,"ARITH_OPEN"
"N-CT",5,7,4796,895470,"Power N-CT79^2Arc(9)T11",79,2,0,10,9,"CALIBRATED",NA,NA,4796,0,"ARITH_OPEN"
"N-CT",5,7,4866,895512,"Power N-CT79^2Arc(9)T10",79,2,0,10,9,"CALIBRATED",NA,NA,4866,0,"ARITH_OPEN"
"N-CT",5,7,5426,895542,"Power N-CT79^2Arc(9)T2",79,2,0,10,9,"CALIBRATED",NA,NA,5426,0,"ARITH_OPEN"
"N-CT",5,7,5566,907524,"Power N-CT79^2Arc(9)",79,2,0,9,9,"CALIBRATED",907524,0,5566,0,"ARITHMETIC"
"N-CT",5,7,5637,919506,"Power N-CT79^2Arc(8)",79,2,0,8,9,"CALIBRATED",919506,0,5637,0,"ARITHMETIC"
"N-CT",5,7,5709,931488,"Power N-CT79^2Arc(7)",79,2,0,7,9,"CALIBRATED",931488,0,5709,0,"ARITHMETIC"
"N-CT",5,7,5782,943470,"Power N-CT79^2Arc(6)",79,2,0,6,9,"CALIBRATED",943470,0,5782,0,"ARITHMETIC"
"N-CT",5,7,5856,955452,"Power N-CT79^2Arc(5)",79,2,0,5,9,"CALIBRATED",955452,0,5856,0,"ARITHMETIC"
"N-CT",5,7,5931,967434,"Power N-CT79^2Arc(4)",79,2,0,4,9,"CALIBRATED",967434,0,5931,0,"ARITHMETIC"
"N-CT",5,7,6007,979416,"Power N-CT79^2Arc(3)",79,2,0,3,9,"CALIBRATED",979416,0,6007,0,"ARITHMETIC"
"N-CT",5,7,6084,991398,"Power N-CT79^2T1T1",79,2,0,2,9,"CALIBRATED",991398,0,6084,0,"ARITHMETIC"
"N-CT",5,7,6162,1003380,"Power N-CT79^2T1",79,2,0,1,9,"CALIBRATED",1003380,0,6162,0,"ARITHMETIC"
"N-CT",5,7,6168,1012956,"Power N-CT83^2Arc(4)T5",83,2,0,5,9,"CALIBRATED",1012956,0,6168,0,"ARITHMETIC"
"N-CT",5,7,6243,1015350,"Power N-CT83^2Arc(3)T5",83,2,0,4,9,"CALIBRATED",1015350,0,6243,0,"ARITHMETIC"
"N-CT",5,7,6244,1015362,"Power N-CT79^2+3",79,2,3,0,9,"CALIBRATED",1015362,0,6244,0,"ARITHMETIC"
"N-CT",5,7,6319,1017744,"Power N-CT83^2Arc(2)T5",83,2,0,3,9,"CALIBRATED",1017744,0,6319,0,"ARITHMETIC"
"N-CT",5,7,6396,1020138,"Power N-CT83^2T5T1",83,2,0,2,9,"CALIBRATED",1020138,0,6396,0,"ARITHMETIC"
"N-CT",5,7,6942,1022532,"Power N-CT89^2T11",89,2,0,1,9,"CALIBRATED",1022532,0,6942,0,"ARITHMETIC"
"N-CT",5,7,7298,1034514,"Power N-CT89^2T7",89,2,0,1,9,"CALIBRATED",1034514,0,7298,0,"ARITHMETIC"
"N-CT",5,7,9393,1056060,"Power N-CT101^2T8",101,2,0,1,9,"CALIBRATED",1056060,0,9393,0,"ARITHMETIC"
"CT",6,7,575,7529454,"Power CT25^2T2",25,2,0,1,16,"FORMULA",7529454,0,575,0,"ARITHMETIC"
"CT",6,7,625,7529472,"Power CT25^2",25,2,0,0,16,"FORMULA",7529472,0,625,0,"ARITHMETIC"
"N-CT",6,7,775,8700912,"Power N-CT31^2T6",31,2,0,1,15,"CALIBRATED",8700912,0,775,0,"ARITHMETIC"
"N-CT",6,7,783,8756124,"Power N-CT29^2T2",29,2,0,1,15,"CALIBRATED",8756124,0,783,0,"ARITHMETIC"
"N-CT",6,7,837,8784936,"Power N-CT31^2T4",31,2,0,1,15,"CALIBRATED",8784936,0,837,0,"ARITHMETIC"
"N-CT",6,7,841,8787330,"Power N-CT29^2",29,2,0,0,15,"CALIBRATED",8787330,0,841,0,"ARITHMETIC"
"N-CT",6,7,899,8816142,"Power N-CT31^2T2",31,2,0,1,15,"CALIBRATED",8816142,0,899,0,"ARITHMETIC"
"N-CT",6,7,961,8818200,"Power N-CT31^2",31,2,0,0,15,"CALIBRATED",8818200,0,961,0,"ARITHMETIC"
"N-CT",6,7,964,8823600,"Power N-CT31^2+3",31,2,3,0,15,"CALIBRATED",8823600,0,964,0,"ARITHMETIC"
"CT",6,7,992,9411480,"Power CT32^2T1",32,2,0,1,16,"FORMULA",9411480,0,992,0,"ARITHMETIC"
"CT",6,7,1026,9411840,"Power CT32^2+2",32,2,2,0,16,"FORMULA",9411840,0,1026,0,"ARITHMETIC"
"N-CT",6,7,1075,9629976,"Power N-CT41^2Trin3,7,7",41,2,0,3,14,"CALIBRATED",9629976,0,NA,NA,"ARITHMETIC"
"N-CT",6,7,1102,9646440,"Power N-CT41^2Trin2,7,7",41,2,0,3,14,"CALIBRATED",9646440,0,NA,NA,"ARITHMETIC"
"N-CT",6,7,1129,9646734,"Power N-CT41^2Trin1,7,7",41,2,0,3,14,"CALIBRATED",9646734,0,NA,NA,"ARITHMETIC"
"N-CT",6,7,1156,9646776,"Power N-CT41^2T7T7",41,2,0,2,14,"CALIBRATED",9646776,0,1156,0,"ARITHMETIC"
"N-CT",6,7,1175,9647136,"Power N-CT47^2T22",47,2,0,1,14,"CALIBRATED",9647136,0,1175,0,"ARITHMETIC"
"N-CT",6,7,1195,9730752,"Power N-CT41^2Trin1,5,7",41,2,0,3,14,"CALIBRATED",9730752,0,NA,NA,"ARITHMETIC"
"N-CT",6,7,1224,9730794,"Power N-CT41^2T7T5",41,2,0,2,14,"CALIBRATED",9730794,0,1224,0,"ARITHMETIC"
"N-CT",6,7,1269,9731160,"Power N-CT47^2T20",47,2,0,1,14,"CALIBRATED",9731160,0,1269,0,"ARITHMETIC"
"N-CT",6,7,1292,9747594,"Power N-CT41^2T7T3",41,2,0,2,14,"CALIBRATED",9747594,0,1292,0,"ARITHMETIC"
"N-CT",6,7,1363,9762366,"Power N-CT47^2T18",47,2,0,1,14,"CALIBRATED",9762366,0,1363,0,"ARITHMETIC"
"N-CT",6,7,1394,9764394,"Power N-CT41^2T7",41,2,0,1,14,"CALIBRATED",9764394,0,1394,0,"ARITHMETIC"
"N-CT",6,7,1457,9764424,"Power N-CT47^2T16",47,2,0,1,14,"CALIBRATED",9764424,0,1457,0,"ARITHMETIC"
"N-CT",6,7,1598,9764784,"Power N-CT47^2T13",47,2,0,1,14,"CALIBRATED",9764784,0,1598,0,"ARITHMETIC"
"N-CT",6,7,1692,9848802,"Power N-CT47^2T11",47,2,0,1,14,"CALIBRATED",9848802,0,1692,0,"ARITHMETIC"
"N-CT",6,7,1786,9865602,"Power N-CT47^2T9",47,2,0,1,14,"CALIBRATED",9865602,0,1786,0,"ARITHMETIC"
"N-CT",6,7,1833,9882066,"Power N-CT47^2T8",47,2,0,1,14,"CALIBRATED",9882066,0,1833,0,"ARITHMETIC"
"N-CT",6,7,1880,9882360,"Power N-CT47^2T7",47,2,0,1,14,"CALIBRATED",9882360,0,1880,0,"ARITHMETIC"
"N-CT",6,7,1927,9882402,"Power N-CT47^2T6",47,2,0,1,14,"CALIBRATED",9882402,0,1927,0,"ARITHMETIC"
"N-CT",6,7,2211,9882432,"Power N-CT47^2+2",47,2,2,0,14,"CALIBRATED",9882432,0,2211,0,"ARITHMETIC"
"N-CT",6,7,2221,11175702,"Power N-CT53^2Trin4,4,4",53,2,0,3,14,"CALIBRATED",11175702,0,NA,NA,"ARITHMETIC"
"N-CT",6,7,2311,11290920,"Power N-CT53^2Trin2,4,4",53,2,0,3,14,"CALIBRATED",11290920,0,NA,NA,"ARITHMETIC"
"N-CT",6,7,2356,11292978,"Power N-CT53^2Trin1,4,4",53,2,0,3,14,"CALIBRATED",11292978,0,NA,NA,"ARITHMETIC"
"N-CT",6,7,2401,11293272,"Power N-CT53^2T4T4",53,2,0,2,14,"CALIBRATED",11293272,0,2401,0,"ARITHMETIC"
"N-CT",6,7,2412,11378226,"Power N-CT67^2T31",67,2,0,1,14,"CALIBRATED",11378226,0,2412,0,"ARITHMETIC"
"N-CT",6,7,2546,11395026,"Power N-CT67^2T29",67,2,0,1,14,"CALIBRATED",11395026,0,2546,0,"ARITHMETIC"
"N-CT",6,7,2548,11410548,"Power N-CT53^2T4T1",53,2,0,2,14,"CALIBRATED",11410548,0,2548,0,"ARITHMETIC"
"N-CT",6,7,2597,11410842,"Power N-CT53^2T4",53,2,0,1,14,"CALIBRATED",11410842,0,2597,0,"ARITHMETIC"
"N-CT",6,7,2613,11411490,"Power N-CT67^2T28",67,2,0,1,14,"CALIBRATED",11411490,0,2613,0,"ARITHMETIC"
"N-CT",6,7,2695,11411778,"Power N-CT59^2T10T4",59,2,0,2,14,"CALIBRATED",11411778,0,2695,0,"ARITHMETIC"
"N-CT",6,7,2747,11411826,"Power N-CT67^2T26",67,2,0,1,14,"CALIBRATED",11411826,0,2747,0,"ARITHMETIC"
"N-CT",6,7,3283,11411856,"Power N-CT67^2T18",67,2,0,1,14,"CALIBRATED",11411856,0,3283,0,"ARITHMETIC"
"N-CT",6,7,3417,11527074,"Power N-CT67^2T16",67,2,0,1,14,"CALIBRATED",11527074,0,3417,0,"ARITHMETIC"
"N-CT",6,7,3484,11529132,"Power N-CT67^2T15",67,2,0,1,14,"CALIBRATED",11529132,0,3484,0,"ARITHMETIC"
"N-CT",6,7,3685,11529426,"Power N-CT67^2T12",67,2,0,1,14,"CALIBRATED",11529426,0,3685,0,"ARITHMETIC"
"N-CT",6,7,4489,11529504,"Power N-CT67^2",67,2,0,0,14,"CALIBRATED",11529504,0,4489,0,"ARITHMETIC"
"N-CT",6,7,4556,12096744,"Power N-CT73^2T6T5",73,2,0,2,13,"CALIBRATED",12096744,0,4556,0,"ARITHMETIC"
"N-CT",6,7,4690,12111150,"Power N-CT73^2T6T3",73,2,0,2,13,"CALIBRATED",12111150,0,4690,0,"ARITHMETIC"
"N-CT",6,7,4891,12113208,"Power N-CT73^2T6",73,2,0,1,13,"CALIBRATED",12113208,0,4891,0,"ARITHMETIC"
"N-CT",6,7,5025,12117366,"Power N-CT79^2T12T4",79,2,0,2,13,"CALIBRATED",12117366,0,5025,0,"ARITHMETIC"
"N-CT",6,7,5092,12117660,"Power N-CT79^2T12T3",79,2,0,2,13,"CALIBRATED",12117660,0,5092,0,"ARITHMETIC"
"N-CT",6,7,5963,12117744,"Power N-CT89^2T22",89,2,0,1,13,"CALIBRATED",12117744,0,5963,0,"ARITHMETIC"
"N-CT",6,7,6052,12218550,"Power N-CT89^2T21",89,2,0,1,13,"CALIBRATED",12218550,0,6052,0,"ARITHMETIC"
"N-CT",6,7,6230,12232956,"Power N-CT89^2T19",89,2,0,1,13,"CALIBRATED",12232956,0,6230,0,"ARITHMETIC"
"N-CT",6,7,6675,12235014,"Power N-CT89^2T14",89,2,0,1,13,"CALIBRATED",12235014,0,6675,0,"ARITHMETIC"
"N-CT",6,7,6764,12235308,"Power N-CT89^2T13",89,2,0,1,13,"CALIBRATED",12235308,0,6764,0,"ARITHMETIC"
"N-CT",6,7,8293,13408032,"Power N-CT97^2Trin4,4,4",97,2,0,3,13,"CALIBRATED",13408032,0,NA,NA,"ARITHMETIC"
"N-CT",6,7,8471,13523238,"Power N-CT97^2Trin2,4,4",97,2,0,3,13,"CALIBRATED",13523238,0,NA,NA,"ARITHMETIC"
"N-CT",6,7,8649,13525296,"Power N-CT97^2T4T4",97,2,0,2,13,"CALIBRATED",13525296,0,8649,0,"ARITHMETIC"
"N-CT",6,7,8653,13638444,"Power N-CT97^2Trin2,2,4",97,2,0,3,13,"CALIBRATED",13638444,0,NA,NA,"ARITHMETIC"
"N-CT",6,7,8835,13640502,"Power N-CT97^2T4T2",97,2,0,2,13,"CALIBRATED",13640502,0,8835,0,"ARITHMETIC"
"N-CT",6,7,9393,13642560,"Power N-CT101^2T8",101,2,0,1,13,"CALIBRATED",13642560,0,9393,0,"ARITHMETIC"
"N-CT",6,7,9595,13757766,"Power N-CT101^2T6",101,2,0,1,13,"CALIBRATED",13757766,0,9595,0,"ARITHMETIC"
"N-CT",6,7,10000,13759824,"Power N-CT101^2",101,2,0,0,13,"CALIBRATED",13759824,0,10201,-201,"ARITHMETIC"
"N-CT",5,8,1851,1400679,"Power N-CT43^2+2",43,2,2,0,9,"CALIBRATED",1400679,0,1851,0,"ARITHMETIC"
"N-CT",5,8,1908,1417619,"Power N-CT61^2Arc(9)T25",61,2,0,10,9,"CALIBRATED",NA,NA,1908,0,"ARITH_OPEN"
"N-CT",5,8,1960,1417696,"Power N-CT61^2Arc(9)T24",61,2,0,10,9,"CALIBRATED",NA,NA,1960,0,"ARITH_OPEN"
"N-CT",5,8,2025,1425767,"Power N-CT47^2T2T2",47,2,0,2,9,"CALIBRATED",1425767,0,2025,0,"ARITHMETIC"
"N-CT",5,8,2115,1429351,"Power N-CT47^2T2",47,2,0,1,9,"CALIBRATED",1429351,0,2115,0,"ARITHMETIC"
"N-CT",5,8,2210,1432935,"Power N-CT47^2+1",47,2,1,0,9,"CALIBRATED",1432935,0,2210,0,"ARITHMETIC"
"N-CT",5,8,2212,1436967,"Power N-CT47^2+3",47,2,3,0,9,"CALIBRATED",1436967,0,2212,0,"ARITHMETIC"
"N-CT",5,8,2376,1442259,"Power N-CT61^2Arc(9)T16",61,2,0,10,9,"CALIBRATED",NA,NA,2376,0,"ARITH_OPEN"
"N-CT",5,8,2532,1445843,"Power N-CT61^2Arc(9)T13",61,2,0,10,9,"CALIBRATED",NA,NA,2532,0,"ARITH_OPEN"
"N-CT",5,8,2636,1446291,"Power N-CT61^2Arc(9)T11",61,2,0,10,9,"CALIBRATED",NA,NA,2636,0,"ARITH_OPEN"
"N-CT",5,8,2792,1449427,"Power N-CT61^2Arc(9)T8",61,2,0,10,9,"CALIBRATED",NA,NA,2792,0,"ARITH_OPEN"
"N-CT",5,8,2844,1449875,"Power N-CT61^2Arc(9)T7",61,2,0,10,9,"CALIBRATED",NA,NA,2844,0,"ARITH_OPEN"
"N-CT",5,8,2896,1449931,"Power N-CT61^2Arc(9)T6",61,2,0,10,9,"CALIBRATED",NA,NA,2896,0,"ARITH_OPEN"
"N-CT",5,8,3104,1450463,"Power N-CT61^2Arc(9)T2",61,2,0,10,9,"CALIBRATED",NA,NA,3104,0,"ARITH_OPEN"
"N-CT",5,8,3127,1473479,"Power N-CT59^2T6",59,2,0,1,9,"CALIBRATED",1473479,0,3127,0,"ARITHMETIC"
"N-CT",5,8,3186,1473927,"Power N-CT59^2T5",59,2,0,1,9,"CALIBRATED",1473927,0,3186,0,"ARITHMETIC"
"N-CT",5,8,3245,1473983,"Power N-CT59^2T4",59,2,0,1,9,"CALIBRATED",1473983,0,3245,0,"ARITHMETIC"
"N-CT",5,8,3482,1474515,"Power N-CT59^2+1",59,2,1,0,9,"CALIBRATED",1474515,0,3482,0,"ARITHMETIC"
"N-CT",5,8,3483,1594775,"Power N-CT61^2Arc(4)",61,2,0,4,9,"CALIBRATED",1594775,0,3483,0,"ARITHMETIC"
"N-CT",5,8,3541,1618827,"Power N-CT61^2Arc(3)",61,2,0,3,9,"CALIBRATED",1618827,0,3541,0,"ARITHMETIC"
"N-CT",5,8,3600,1642879,"Power N-CT61^2T1T1",61,2,0,2,9,"CALIBRATED",1642879,0,3600,0,"ARITHMETIC"
"N-CT",5,8,3660,1666931,"Power N-CT61^2T1",61,2,0,1,9,"CALIBRATED",1666931,0,3660,0,"ARITHMETIC"
"N-CT",5,8,3675,1667939,"Power N-CT67^2Arc(6)T7",67,2,0,7,9,"CALIBRATED",1667939,0,3675,0,"ARITHMETIC"
"N-CT",5,8,3730,1668443,"Power N-CT67^2Arc(5)T7",67,2,0,6,9,"CALIBRATED",1668443,0,3730,0,"ARITHMETIC"
"N-CT",5,8,3786,1668947,"Power N-CT67^2Arc(4)T7",67,2,0,5,9,"CALIBRATED",1668947,0,3786,0,"ARITHMETIC"
"N-CT",5,8,3843,1669451,"Power N-CT67^2Arc(3)T7",67,2,0,4,9,"CALIBRATED",1669451,0,3843,0,"ARITHMETIC"
"N-CT",5,8,3901,1669955,"Power N-CT67^2Arc(2)T7",67,2,0,3,9,"CALIBRATED",1669955,0,3901,0,"ARITHMETIC"
"N-CT",5,8,3960,1670459,"Power N-CT67^2T7T1",67,2,0,2,9,"CALIBRATED",1670459,0,3960,0,"ARITHMETIC"
"N-CT",5,8,4020,1670963,"Power N-CT67^2T7",67,2,0,1,9,"CALIBRATED",1670963,0,4020,0,"ARITHMETIC"
"N-CT",5,8,4041,1691991,"Power N-CT67^2Arc(7)",67,2,0,7,9,"CALIBRATED",1691991,0,4041,0,"ARITHMETIC"
"N-CT",5,8,4102,1692495,"Power N-CT67^2Arc(6)",67,2,0,6,9,"CALIBRATED",1692495,0,4102,0,"ARITHMETIC"
"N-CT",5,8,4164,1692999,"Power N-CT67^2Arc(5)",67,2,0,5,9,"CALIBRATED",1692999,0,4164,0,"ARITHMETIC"
"N-CT",5,8,4227,1693503,"Power N-CT67^2Arc(4)",67,2,0,4,9,"CALIBRATED",1693503,0,4227,0,"ARITHMETIC"
"N-CT",5,8,4291,1694007,"Power N-CT67^2Arc(3)",67,2,0,3,9,"CALIBRATED",1694007,0,4291,0,"ARITHMETIC"
"N-CT",5,8,4356,1694511,"Power N-CT67^2T1T1",67,2,0,2,9,"CALIBRATED",1694511,0,4356,0,"ARITHMETIC"
"N-CT",5,8,4422,1695015,"Power N-CT67^2T1",67,2,0,1,9,"CALIBRATED",1695015,0,4422,0,"ARITHMETIC"
"N-CT",5,8,4489,1695519,"Power N-CT67^2",67,2,0,0,9,"CALIBRATED",1695519,0,4489,0,"ARITHMETIC"
"N-CT",5,8,4818,1727719,"Power N-CT73^2T7",73,2,0,1,9,"CALIBRATED",1727719,0,4818,0,"ARITHMETIC"
"N-CT",5,8,4891,1728223,"Power N-CT73^2T6",73,2,0,1,9,"CALIBRATED",1728223,0,4891,0,"ARITHMETIC"
"N-CT",5,8,5330,1732311,"Power N-CT73^2+1",73,2,1,0,9,"CALIBRATED",1732311,0,5330,0,"ARITHMETIC"
"N-CT",5,8,5340,1736651,"Power N-CT89^2T29",89,2,0,1,9,"CALIBRATED",1736651,0,5340,0,"ARITHMETIC"
"N-CT",5,8,5476,1757399,"Power N-CT79^2T5T5",79,2,0,2,9,"CALIBRATED",1757399,0,5476,0,"ARITHMETIC"
"N-CT",5,8,5494,1760423,"Power N-CT83^2T16T1",83,2,0,2,9,"CALIBRATED",1760423,0,5494,0,"ARITHMETIC"
"N-CT",5,8,5512,1760479,"Power N-CT83^2Arc(9)T9",83,2,0,10,9,"CALIBRATED",NA,NA,5512,0,"ARITH_OPEN"
"N-CT",5,8,5874,1760703,"Power N-CT89^2T23",89,2,0,1,9,"CALIBRATED",1760703,0,5874,0,"ARITHMETIC"
"N-CT",5,8,5963,1761207,"Power N-CT89^2T22",89,2,0,1,9,"CALIBRATED",1761207,0,5963,0,"ARITHMETIC"
"N-CT",5,8,5995,1764007,"Power N-CT83^2Arc(2)T9",83,2,0,3,9,"CALIBRATED",1764007,0,5995,0,"ARITHMETIC"
"N-CT",5,8,6030,1764063,"Power N-CT83^2Arc(9)T2",83,2,0,10,9,"CALIBRATED",NA,NA,6030,0,"ARITH_OPEN"
"N-CT",5,8,6068,1764511,"Power N-CT83^2T9T1",83,2,0,2,9,"CALIBRATED",1764511,0,6068,0,"ARITHMETIC"
"N-CT",5,8,6244,1764567,"Power N-CT79^2+3",79,2,3,0,9,"CALIBRATED",1764567,0,6244,0,"ARITHMETIC"
"N-CT",5,8,6253,1765071,"Power N-CT83^2Arc(8)",83,2,0,8,9,"CALIBRATED",1765071,0,6253,0,"ARITHMETIC"
"N-CT",5,8,6586,1765295,"Power N-CT89^2T15",89,2,0,1,9,"CALIBRATED",1765295,0,6586,0,"ARITHMETIC"
"N-CT",5,8,6643,1767591,"Power N-CT83^2Arc(3)",83,2,0,3,9,"CALIBRATED",1767591,0,6643,0,"ARITHMETIC"
"N-CT",5,8,6724,1768095,"Power N-CT83^2T1T1",83,2,0,2,9,"CALIBRATED",1768095,0,6724,0,"ARITHMETIC"
"N-CT",5,8,6806,1768599,"Power N-CT83^2T1",83,2,0,1,9,"CALIBRATED",1768599,0,6806,0,"ARITHMETIC"
"N-CT",5,8,7298,1768879,"Power N-CT89^2T7",89,2,0,1,9,"CALIBRATED",1768879,0,7298,0,"ARITHMETIC"
"N-CT",5,8,7387,1769383,"Power N-CT89^2T6",89,2,0,1,9,"CALIBRATED",1769383,0,7387,0,"ARITHMETIC"
"N-CT",5,8,8839,1916712,"Power N-CT97^2Trin2,2,2",97,2,0,3,9,"CALIBRATED",1916712,0,NA,NA,"ARITHMETIC"
"N-CT",5,8,9025,1941261,"Power N-CT97^2T2T2",97,2,0,2,9,"CALIBRATED",1941261,0,9025,0,"ARITHMETIC"
"N-CT",5,8,9215,1965810,"Power N-CT97^2T2",97,2,0,1,9,"CALIBRATED",1965810,0,9215,0,"ARITHMETIC"
"N-CT",5,8,9219,1990338,"Power N-CT101^2Trin2,2,6",101,2,0,3,9,"CALIBRATED",1990338,0,NA,NA,"ARITHMETIC"
"N-CT",5,8,9411,1990359,"Power N-CT97^2+2",97,2,2,0,9,"CALIBRATED",1990359,0,9411,0,"ARITHMETIC"
"CT",6,8,550,16649976,"Power CT25^2T3",25,2,0,1,16,"FORMULA",16649976,0,550,0,"ARITHMETIC"
"CT",6,8,575,16682736,"Power CT25^2T2",25,2,0,1,16,"FORMULA",16682736,0,575,0,"ARITHMETIC"
"CT",6,8,625,16711408,"Power CT25^2",25,2,0,0,16,"FORMULA",16711408,0,625,0,"ARITHMETIC"
"CT",6,8,626,16772889,"Power CT27^2Arc(2)T2",27,2,0,3,16,"FORMULA",16772889,0,626,0,"ARITHMETIC"
"CT",6,8,650,16772966,"Power CT27^2T2T1",27,2,0,2,16,"FORMULA",16772966,0,650,0,"ARITHMETIC"
"CT",6,8,675,16773043,"Power CT27^2T2",27,2,0,1,16,"FORMULA",16773043,0,675,0,"ARITHMETIC"
"CT",6,8,676,16776998,"Power CT27^2T1T1",27,2,0,2,16,"FORMULA",16776998,0,676,0,"ARITHMETIC"
"CT",6,8,702,16777075,"Power CT27^2T1",27,2,0,1,16,"FORMULA",16777075,0,702,0,"ARITHMETIC"
"CT",6,8,729,16777152,"Power CT27^2",27,2,0,0,16,"FORMULA",16777152,0,729,0,"ARITHMETIC"
"N-CT",6,8,783,18480910,"Power N-CT29^2T2",29,2,0,1,15,"CALIBRATED",18480910,0,783,0,"ARITHMETIC"
"N-CT",6,8,841,18677505,"Power N-CT29^2",29,2,0,0,15,"CALIBRATED",18677505,0,841,0,"ARITHMETIC"
"N-CT",6,8,899,19136145,"Power N-CT31^2T2",31,2,0,1,15,"CALIBRATED",19136145,0,899,0,"ARITHMETIC"
"N-CT",6,8,961,19168905,"Power N-CT31^2",31,2,0,0,15,"CALIBRATED",19168905,0,961,0,"ARITHMETIC"
"N-CT",6,8,962,19398505,"Power N-CT37^2T11",37,2,0,1,15,"CALIBRATED",19398505,0,962,0,"ARITHMETIC"
"N-CT",6,8,999,19398582,"Power N-CT37^2T10",37,2,0,1,15,"CALIBRATED",19398582,0,999,0,"ARITHMETIC"
"N-CT",6,8,1073,19595177,"Power N-CT37^2T8",37,2,0,1,15,"CALIBRATED",19595177,0,1073,0,"ARITHMETIC"
"N-CT",6,8,1147,19627937,"Power N-CT37^2T6",37,2,0,1,15,"CALIBRATED",19627937,0,1147,0,"ARITHMETIC"
"N-CT",6,8,1184,19656609,"Power N-CT37^2T5",37,2,0,1,15,"CALIBRATED",19656609,0,1184,0,"ARITHMETIC"
"N-CT",6,8,1221,19660641,"Power N-CT37^2T4",37,2,0,1,15,"CALIBRATED",19660641,0,1221,0,"ARITHMETIC"
"N-CT",6,8,1371,19660725,"Power N-CT37^2+2",37,2,2,0,15,"CALIBRATED",19660725,0,1371,0,"ARITHMETIC"
"N-CT",6,8,1447,20872838,"Power N-CT41^2Trin2,2,2",41,2,0,3,14,"CALIBRATED",20872838,0,NA,NA,"ARITHMETIC"
"N-CT",6,8,1521,21102186,"Power N-CT41^2T2T2",41,2,0,2,14,"CALIBRATED",21102186,0,1521,0,"ARITHMETIC"
"N-CT",6,8,1599,21331534,"Power N-CT41^2T2",41,2,0,1,14,"CALIBRATED",21331534,0,1599,0,"ARITHMETIC"
"N-CT",6,8,1682,21560882,"Power N-CT41^2+1",41,2,1,0,14,"CALIBRATED",21560882,0,1682,0,"ARITHMETIC"
"N-CT",6,8,1718,21752206,"Power N-CT47^2Trin1,2,8",47,2,0,3,14,"CALIBRATED",21752206,0,NA,NA,"ARITHMETIC"
"N-CT",6,8,1755,21752654,"Power N-CT47^2T8T2",47,2,0,2,14,"CALIBRATED",21752654,0,1755,0,"ARITHMETIC"
"N-CT",6,8,1756,21755790,"Power N-CT47^2Arc(2)T8",47,2,0,3,14,"CALIBRATED",21755790,0,1756,0,"ARITHMETIC"
"N-CT",6,8,1794,21756238,"Power N-CT47^2T8T1",47,2,0,2,14,"CALIBRATED",21756238,0,1794,0,"ARITHMETIC"
"N-CT",6,8,1833,21756686,"Power N-CT47^2T8",47,2,0,1,14,"CALIBRATED",21756686,0,1833,0,"ARITHMETIC"
"N-CT",6,8,2067,21757869,"Power N-CT53^2T14",53,2,0,1,14,"CALIBRATED",21757869,0,2067,0,"ARITHMETIC"
"N-CT",6,8,2226,21987217,"Power N-CT53^2T11",53,2,0,1,14,"CALIBRATED",21987217,0,2226,0,"ARITHMETIC"
"N-CT",6,8,2385,22015889,"Power N-CT53^2T8",53,2,0,1,14,"CALIBRATED",22015889,0,2385,0,"ARITHMETIC"
"N-CT",6,8,2438,22019473,"Power N-CT53^2T7",53,2,0,1,14,"CALIBRATED",22019473,0,2438,0,"ARITHMETIC"
"N-CT",6,8,2491,22019921,"Power N-CT53^2T6",53,2,0,1,14,"CALIBRATED",22019921,0,2491,0,"ARITHMETIC"
"N-CT",6,8,2810,22020012,"Power N-CT53^2+1",53,2,1,0,14,"CALIBRATED",22020012,0,2810,0,"ARITHMETIC"
"N-CT",6,8,2851,23592331,"Power N-CT73^2T27S12",73,2,0,13,13,"CALIBRATED",23592331,0,NA,NA,"ARITHMETIC"
"N-CT",6,8,2912,23592779,"Power N-CT73^2T26S12",73,2,0,13,13,"CALIBRATED",23592779,0,NA,NA,"ARITHMETIC"
"N-CT",6,8,3345,23592870,"Power N-CT73^2T19S12",73,2,0,13,13,"CALIBRATED",23592870,0,NA,NA,"ARITHMETIC"
"N-CT",6,8,3391,23789444,"Power N-CT73^2T19S11",73,2,0,12,13,"CALIBRATED",23789444,0,NA,NA,"ARITHMETIC"
"N-CT",6,8,3594,23822211,"Power N-CT73^2T15S12",73,2,0,13,13,"CALIBRATED",23822211,0,NA,NA,"ARITHMETIC"
"N-CT",6,8,3779,23850883,"Power N-CT73^2T12S12",73,2,0,13,13,"CALIBRATED",23850883,0,NA,NA,"ARITHMETIC"
"N-CT",6,8,4026,23854467,"Power N-CT73^2T8S12",73,2,0,13,13,"CALIBRATED",23854467,0,NA,NA,"ARITHMETIC"
"N-CT",6,8,4458,23855013,"Power N-CT73^2Arc(13)",73,2,0,13,13,"CALIBRATED",23855013,0,4458,0,"ARITHMETIC"
"N-CT",6,8,4519,24051587,"Power N-CT73^2Arc(12)",73,2,0,12,13,"CALIBRATED",24051587,0,4519,0,"ARITHMETIC"
"N-CT",6,8,4581,24248161,"Power N-CT73^2Arc(11)",73,2,0,11,13,"CALIBRATED",24248161,0,4581,0,"ARITHMETIC"
"N-CT",6,8,4644,24444735,"Power N-CT73^2Arc(10)",73,2,0,10,13,"CALIBRATED",24444735,0,4644,0,"ARITHMETIC"
"N-CT",6,8,4708,24641309,"Power N-CT73^2Arc(9)",73,2,0,9,13,"CALIBRATED",24641309,0,4708,0,"ARITHMETIC"
"N-CT",6,8,4773,24837883,"Power N-CT73^2Arc(8)",73,2,0,8,13,"CALIBRATED",24837883,0,4773,0,"ARITHMETIC"
"N-CT",6,8,4839,25034457,"Power N-CT73^2Arc(7)",73,2,0,7,13,"CALIBRATED",25034457,0,4839,0,"ARITHMETIC"
"N-CT",6,8,4906,25231031,"Power N-CT73^2Arc(6)",73,2,0,6,13,"CALIBRATED",25231031,0,4906,0,"ARITHMETIC"
"N-CT",6,8,4974,25427605,"Power N-CT73^2Arc(5)",73,2,0,5,13,"CALIBRATED",25427605,0,4974,0,"ARITHMETIC"
"N-CT",6,8,5043,25624179,"Power N-CT73^2Arc(4)",73,2,0,4,13,"CALIBRATED",25624179,0,5043,0,"ARITHMETIC"
"N-CT",6,8,5113,25820753,"Power N-CT73^2Arc(3)",73,2,0,3,13,"CALIBRATED",25820753,0,5113,0,"ARITHMETIC"
"N-CT",6,8,5184,26017327,"Power N-CT73^2T1T1",73,2,0,2,13,"CALIBRATED",26017327,0,5184,0,"ARITHMETIC"
"N-CT",6,8,5256,26213901,"Power N-CT73^2T1",73,2,0,1,13,"CALIBRATED",26213901,0,5256,0,"ARITHMETIC"
"N-CT",6,8,5404,26541501,"Power N-CT79^2Trin2,2,7",79,2,0,3,13,"CALIBRATED",26541501,0,NA,NA,"ARITHMETIC"
"N-CT",6,8,5544,26574261,"Power N-CT79^2T7T2",79,2,0,2,13,"CALIBRATED",26574261,0,5544,0,"ARITHMETIC"
"N-CT",6,8,5976,26607021,"Power N-CT83^2T11",83,2,0,1,13,"CALIBRATED",26607021,0,5976,0,"ARITHMETIC"
"N-CT",6,8,6391,26803595,"Power N-CT83^2T6",83,2,0,1,13,"CALIBRATED",26803595,0,6391,0,"ARITHMETIC"
"N-CT",6,8,6889,26836355,"Power N-CT83^2",83,2,0,0,13,"CALIBRATED",26836355,0,6889,0,"ARITHMETIC"
"N-CT",6,8,6904,27201923,"Power N-CT89^2Arc(6)T6",89,2,0,7,13,"CALIBRATED",27201923,0,6904,0,"ARITHMETIC"
"N-CT",6,8,6982,27205507,"Power N-CT89^2Arc(5)T6",89,2,0,6,13,"CALIBRATED",27205507,0,6982,0,"ARITHMETIC"
"N-CT",6,8,7061,27209091,"Power N-CT89^2Arc(4)T6",89,2,0,5,13,"CALIBRATED",27209091,0,7061,0,"ARITHMETIC"
"N-CT",6,8,7141,27212675,"Power N-CT89^2Arc(3)T6",89,2,0,4,13,"CALIBRATED",27212675,0,7141,0,"ARITHMETIC"
"N-CT",6,8,7222,27216259,"Power N-CT89^2Arc(2)T6",89,2,0,3,13,"CALIBRATED",27216259,0,7222,0,"ARITHMETIC"
"N-CT",6,8,7304,27219843,"Power N-CT89^2T6T1",89,2,0,2,13,"CALIBRATED",27219843,0,7304,0,"ARITHMETIC"
"N-CT",6,8,7387,27223427,"Power N-CT89^2T6",89,2,0,1,13,"CALIBRATED",27223427,0,7387,0,"ARITHMETIC"
"N-CT",6,8,7402,27234179,"Power N-CT89^2Arc(6)",89,2,0,6,13,"CALIBRATED",27234179,0,7402,0,"ARITHMETIC"
"N-CT",6,8,7486,27237763,"Power N-CT89^2Arc(5)",89,2,0,5,13,"CALIBRATED",27237763,0,7486,0,"ARITHMETIC"
"N-CT",6,8,7571,27241347,"Power N-CT89^2Arc(4)",89,2,0,4,13,"CALIBRATED",27241347,0,7571,0,"ARITHMETIC"
"N-CT",6,8,7657,27244931,"Power N-CT89^2Arc(3)",89,2,0,3,13,"CALIBRATED",27244931,0,7657,0,"ARITHMETIC"
"N-CT",6,8,7744,27248515,"Power N-CT89^2T1T1",89,2,0,2,13,"CALIBRATED",27248515,0,7744,0,"ARITHMETIC"
"N-CT",6,8,7832,27252099,"Power N-CT89^2T1",89,2,0,1,13,"CALIBRATED",27252099,0,7832,0,"ARITHMETIC"
"N-CT",6,8,7923,27255683,"Power N-CT89^2+2",89,2,2,0,13,"CALIBRATED",27255683,0,7923,0,"ARITHMETIC"
"N-CT",6,8,8017,28896595,"Power N-CT97^2Trin3,3,9",97,2,0,3,13,"CALIBRATED",28896595,0,NA,NA,"ARITHMETIC"
"N-CT",6,8,8026,28899731,"Power N-CT97^2Trin3,6,6",97,2,0,3,13,"CALIBRATED",28899731,0,NA,NA,"ARITHMETIC"
"N-CT",6,8,8290,28900179,"Power N-CT97^2Trin3,3,6",97,2,0,3,13,"CALIBRATED",28900179,0,NA,NA,"ARITHMETIC"
"N-CT",6,8,8563,28900627,"Power N-CT97^2Trin3,3,3",97,2,0,3,13,"CALIBRATED",28900627,0,NA,NA,"ARITHMETIC"
"N-CT",6,8,8836,29064539,"Power N-CT97^2T3T3",97,2,0,2,13,"CALIBRATED",29064539,0,8836,0,"ARITHMETIC"
"N-CT",6,8,8888,29224419,"Power N-CT101^2T13",101,2,0,1,13,"CALIBRATED",29224419,0,8888,0,"ARITHMETIC"
"N-CT",6,8,9191,29228003,"Power N-CT101^2T10",101,2,0,1,13,"CALIBRATED",29228003,0,9191,0,"ARITHMETIC"
"N-CT",6,8,9494,29228451,"Power N-CT101^2T7",101,2,0,1,13,"CALIBRATED",29228451,0,9494,0,"ARITHMETIC"
"N-CT",6,8,10000,29392363,"Power N-CT101^2",101,2,0,0,13,"CALIBRATED",29392363,0,10201,-201,"ARITHMETIC"
"N-CT",5,9,1419,2112600,"Power N-CT43^2T10",43,2,0,1,9,"CALIBRATED",2112600,0,1419,0,"ARITHMETIC"
"N-CT",5,9,1548,2118432,"Power N-CT43^2T7",43,2,0,1,9,"CALIBRATED",2118432,0,1548,0,"ARITHMETIC"
"N-CT",5,9,1634,2124264,"Power N-CT43^2T5",43,2,0,1,9,"CALIBRATED",2124264,0,1634,0,"ARITHMETIC"
"N-CT",5,9,1677,2124912,"Power N-CT43^2T4",43,2,0,1,9,"CALIBRATED",2124912,0,1677,0,"ARITHMETIC"
"N-CT",5,9,1849,2125728,"Power N-CT43^2",43,2,0,0,9,"CALIBRATED",2125728,0,1849,0,"ARITHMETIC"
"N-CT",5,9,3198,2604672,"Power N-CT71^2Arc(9)T20",71,2,0,10,9,"CALIBRATED",NA,NA,3198,0,"ARITH_OPEN"
"N-CT",5,9,3446,2611224,"Power N-CT71^2Arc(9)T16",71,2,0,10,9,"CALIBRATED",NA,NA,3446,0,"ARITH_OPEN"
"N-CT",5,9,3756,2617056,"Power N-CT71^2Arc(9)T11",71,2,0,10,9,"CALIBRATED",NA,NA,3756,0,"ARITH_OPEN"
"N-CT",5,9,3818,2617704,"Power N-CT71^2Arc(9)T10",71,2,0,10,9,"CALIBRATED",NA,NA,3818,0,"ARITH_OPEN"
"N-CT",5,9,3880,2617776,"Power N-CT71^2Arc(9)T9",71,2,0,10,9,"CALIBRATED",NA,NA,3880,0,"ARITH_OPEN"
"N-CT",5,9,4314,2617808,"Power N-CT71^2Arc(9)T2",71,2,0,10,9,"CALIBRATED",NA,NA,4314,0,"ARITH_OPEN"
"N-CT",5,9,4492,2657160,"Power N-CT67^2+3",67,2,3,0,9,"CALIBRATED",2657160,0,4492,0,"ARITHMETIC"
"N-CT",5,9,4501,2696512,"Power N-CT71^2Arc(8)",71,2,0,8,9,"CALIBRATED",2696512,0,4501,0,"ARITHMETIC"
"N-CT",5,9,4565,2735864,"Power N-CT71^2Arc(7)",71,2,0,7,9,"CALIBRATED",2735864,0,4565,0,"ARITHMETIC"
"N-CT",5,9,4630,2775216,"Power N-CT71^2Arc(6)",71,2,0,6,9,"CALIBRATED",2775216,0,4630,0,"ARITHMETIC"
"N-CT",5,9,4696,2814568,"Power N-CT71^2Arc(5)",71,2,0,5,9,"CALIBRATED",2814568,0,4696,0,"ARITHMETIC"
"N-CT",5,9,4763,2853920,"Power N-CT71^2Arc(4)",71,2,0,4,9,"CALIBRATED",2853920,0,4763,0,"ARITHMETIC"
"N-CT",5,9,4831,2893272,"Power N-CT71^2Arc(3)",71,2,0,3,9,"CALIBRATED",2893272,0,4831,0,"ARITHMETIC"
"N-CT",5,9,4900,2932624,"Power N-CT71^2T1T1",71,2,0,2,9,"CALIBRATED",2932624,0,4900,0,"ARITHMETIC"
"N-CT",5,9,5110,2971976,"Power N-CT73^2T3",73,2,0,1,9,"CALIBRATED",2971976,0,5110,0,"ARITHMETIC"
"N-CT",5,9,5329,3011328,"Power N-CT73^2",73,2,0,0,9,"CALIBRATED",3011328,0,5329,0,"ARITHMETIC"
"N-CT",5,9,5390,3070256,"Power N-CT79^2T9T2",79,2,0,2,9,"CALIBRATED",3070256,0,5390,0,"ARITHMETIC"
"N-CT",5,9,5636,3070976,"Power N-CT89^2Arc(9)T19",89,2,0,10,9,"CALIBRATED",NA,NA,5636,0,"ARITH_OPEN"
"N-CT",5,9,5810,3076808,"Power N-CT83^2T13",83,2,0,1,9,"CALIBRATED",3076808,0,5810,0,"ARITHMETIC"
"N-CT",5,9,5825,3088472,"Power N-CT89^2Arc(6)T19",89,2,0,7,9,"CALIBRATED",3088472,0,5825,0,"ARITHMETIC"
"N-CT",5,9,5890,3094304,"Power N-CT89^2Arc(5)T19",89,2,0,6,9,"CALIBRATED",3094304,0,5890,0,"ARITHMETIC"
"N-CT",5,9,5956,3100136,"Power N-CT89^2Arc(4)T19",89,2,0,5,9,"CALIBRATED",3100136,0,5956,0,"ARITHMETIC"
"N-CT",5,9,6023,3105968,"Power N-CT89^2Arc(3)T19",89,2,0,4,9,"CALIBRATED",3105968,0,6023,0,"ARITHMETIC"
"N-CT",5,9,6091,3111800,"Power N-CT89^2Arc(2)T19",89,2,0,3,9,"CALIBRATED",3111800,0,6091,0,"ARITHMETIC"
"N-CT",5,9,6196,3116880,"Power N-CT89^2Arc(9)T12",89,2,0,10,9,"CALIBRATED",NA,NA,6196,0,"ARITH_OPEN"
"N-CT",5,9,6391,3122712,"Power N-CT83^2T6",83,2,0,1,9,"CALIBRATED",3122712,0,6391,0,"ARITHMETIC"
"N-CT",5,9,6996,3123432,"Power N-CT89^2Arc(9)T2",89,2,0,10,9,"CALIBRATED",NA,NA,6996,0,"ARITH_OPEN"
"N-CT",5,9,7156,3129264,"Power N-CT89^2Arc(9)",89,2,0,9,9,"CALIBRATED",3129264,0,7156,0,"ARITHMETIC"
"CT",6,9,342,25351544,"Power CT19^2T1",19,2,0,1,16,"FORMULA",25351544,0,342,0,"ARITHMETIC"
"CT",6,9,361,25404032,"Power CT19^2",19,2,0,0,16,"FORMULA",25404032,0,361,0,"ARITHMETIC"
"CT",6,9,362,25508864,"Power CT19^2+1",19,2,1,0,16,"FORMULA",25508864,0,362,0,"ARITHMETIC"
"CT",6,9,363,25509120,"Power CT19^2+2",19,2,2,0,16,"FORMULA",25509120,0,363,0,"ARITHMETIC"
"N-CT",6,9,483,31236856,"Power N-CT29^2T8T6",29,2,0,2,15,"CALIBRATED",31236856,0,483,0,"ARITHMETIC"
"N-CT",6,9,504,31295896,"Power N-CT29^2T8T5",29,2,0,2,15,"CALIBRATED",31295896,0,504,0,"ARITHMETIC"
"N-CT",6,9,558,31295904,"Power N-CT31^2T13",31,2,0,1,15,"CALIBRATED",31295904,0,558,0,"ARITHMETIC"
"N-CT",6,9,589,31348392,"Power N-CT31^2T12",31,2,0,1,15,"CALIBRATED",31348392,0,589,0,"ARITHMETIC"
"N-CT",6,9,620,31354944,"Power N-CT31^2T11",31,2,0,1,15,"CALIBRATED",31354944,0,620,0,"ARITHMETIC"
"N-CT",6,9,651,31354960,"Power N-CT31^2T10",31,2,0,1,15,"CALIBRATED",31354960,0,651,0,"ARITHMETIC"
"N-CT",6,9,713,31768296,"Power N-CT31^2T8",31,2,0,1,15,"CALIBRATED",31768296,0,713,0,"ARITHMETIC"
"N-CT",6,9,744,31827336,"Power N-CT31^2T7",31,2,0,1,15,"CALIBRATED",31827336,0,744,0,"ARITHMETIC"
"N-CT",6,9,775,31879824,"Power N-CT31^2T6",31,2,0,1,15,"CALIBRATED",31879824,0,775,0,"ARITHMETIC"
"N-CT",6,9,806,31885656,"Power N-CT31^2T5",31,2,0,1,15,"CALIBRATED",31885656,0,806,0,"ARITHMETIC"
"N-CT",6,9,961,31886400,"Power N-CT31^2",31,2,0,0,15,"CALIBRATED",31886400,0,961,0,"ARITHMETIC"
"N-CT",6,9,1023,36551248,"Power N-CT41^2T10T8",41,2,0,2,14,"CALIBRATED",36551248,0,1023,0,"ARITHMETIC"
"N-CT",6,9,1085,36610288,"Power N-CT41^2T10T6",41,2,0,2,14,"CALIBRATED",36610288,0,1085,0,"ARITHMETIC"
"N-CT",6,9,1116,36662776,"Power N-CT41^2T10T5",41,2,0,2,14,"CALIBRATED",36662776,0,1116,0,"ARITHMETIC"
"N-CT",6,9,1147,36668608,"Power N-CT41^2T10T4",41,2,0,2,14,"CALIBRATED",36668608,0,1147,0,"ARITHMETIC"
"N-CT",6,9,1178,36669328,"Power N-CT41^2T10T3",41,2,0,2,14,"CALIBRATED",36669328,0,1178,0,"ARITHMETIC"
"N-CT",6,9,1333,36669360,"Power N-CT43^2T12",43,2,0,1,14,"CALIBRATED",36669360,0,1333,0,"ARITHMETIC"
"N-CT",6,9,1419,37082688,"Power N-CT43^2T10",43,2,0,1,14,"CALIBRATED",37082688,0,1419,0,"ARITHMETIC"
"N-CT",6,9,1505,37141728,"Power N-CT43^2T8",43,2,0,1,14,"CALIBRATED",37141728,0,1505,0,"ARITHMETIC"
"N-CT",6,9,1548,37194216,"Power N-CT43^2T7",43,2,0,1,14,"CALIBRATED",37194216,0,1548,0,"ARITHMETIC"
"N-CT",6,9,1591,37200048,"Power N-CT43^2T6",43,2,0,1,14,"CALIBRATED",37200048,0,1591,0,"ARITHMETIC"
"N-CT",6,9,1634,37200768,"Power N-CT43^2T5",43,2,0,1,14,"CALIBRATED",37200768,0,1634,0,"ARITHMETIC"
"N-CT",6,9,1850,37200800,"Power N-CT43^2+1",43,2,1,0,14,"CALIBRATED",37200800,0,1850,0,"ARITHMETIC"
"N-CT",6,9,1936,42869120,"Power N-CT47^2T3T3",47,2,0,2,14,"CALIBRATED",42869120,0,1936,0,"ARITHMETIC"
"N-CT",6,9,2068,43341480,"Power N-CT47^2T3",47,2,0,1,14,"CALIBRATED",43341480,0,2068,0,"ARITHMETIC"
"N-CT",6,9,2211,43813840,"Power N-CT47^2+2",47,2,2,0,14,"CALIBRATED",43813840,0,2211,0,"ARITHMETIC"
"N-CT",6,9,2244,44093808,"Power N-CT53^2T9T2",53,2,0,2,14,"CALIBRATED",44093808,0,2244,0,"ARITHMETIC"
"N-CT",6,9,2332,44099640,"Power N-CT53^2T9",53,2,0,1,14,"CALIBRATED",44099640,0,2332,0,"ARITHMETIC"
"N-CT",6,9,2376,44109408,"Power N-CT59^2T15T5",59,2,0,2,14,"CALIBRATED",44109408,0,2376,0,"ARITHMETIC"
"N-CT",6,9,2420,44109480,"Power N-CT59^2T15T4",59,2,0,2,14,"CALIBRATED",44109480,0,2420,0,"ARITHMETIC"
"N-CT",6,9,2684,44109520,"Power N-CT61^2T17",61,2,0,1,14,"CALIBRATED",44109520,0,2684,0,"ARITHMETIC"
"N-CT",6,9,2695,44581840,"Power N-CT59^2T10T4",59,2,0,2,14,"CALIBRATED",44581840,0,2695,0,"ARITHMETIC"
"N-CT",6,9,2989,44581880,"Power N-CT61^2T12",61,2,0,1,14,"CALIBRATED",44581880,0,2989,0,"ARITHMETIC"
"N-CT",6,9,3111,44634368,"Power N-CT61^2T10",61,2,0,1,14,"CALIBRATED",44634368,0,3111,0,"ARITHMETIC"
"N-CT",6,9,3233,44640200,"Power N-CT61^2T8",61,2,0,1,14,"CALIBRATED",44640200,0,3233,0,"ARITHMETIC"
"N-CT",6,9,3294,44640848,"Power N-CT61^2T7",61,2,0,1,14,"CALIBRATED",44640848,0,3294,0,"ARITHMETIC"
"N-CT",6,9,3355,44640920,"Power N-CT61^2T6",61,2,0,1,14,"CALIBRATED",44640920,0,3355,0,"ARITHMETIC"
"N-CT",6,9,3721,44640960,"Power N-CT61^2",61,2,0,0,14,"CALIBRATED",44640960,0,3721,0,"ARITHMETIC"
"N-CT",6,9,3852,47697192,"Power N-CT73^2Trin1,9,12",73,2,0,3,13,"CALIBRATED",47697192,0,NA,NA,"ARITHMETIC"
"N-CT",6,9,3904,47703024,"Power N-CT73^2T12T9",73,2,0,2,13,"CALIBRATED",47703024,0,3904,0,"ARITHMETIC"
"N-CT",6,9,3981,47703744,"Power N-CT73^2Trin4,4,12",73,2,0,3,13,"CALIBRATED",47703744,0,NA,NA,"ARITHMETIC"
"N-CT",6,9,4152,47756232,"Power N-CT73^2Trin1,4,12",73,2,0,3,13,"CALIBRATED",47756232,0,NA,NA,"ARITHMETIC"
"N-CT",6,9,4209,47762064,"Power N-CT73^2T12T4",73,2,0,2,13,"CALIBRATED",47762064,0,4209,0,"ARITHMETIC"
"N-CT",6,9,4215,47797056,"Power N-CT73^2Arc(4)T12",73,2,0,5,13,"CALIBRATED",47797056,0,4215,0,"ARITHMETIC"
"N-CT",6,9,4273,47802888,"Power N-CT73^2Arc(3)T12",73,2,0,4,13,"CALIBRATED",47802888,0,4273,0,"ARITHMETIC"
"N-CT",6,9,4332,47808720,"Power N-CT73^2Arc(2)T12",73,2,0,3,13,"CALIBRATED",47808720,0,4332,0,"ARITHMETIC"
"N-CT",6,9,4392,47814552,"Power N-CT73^2T12T1",73,2,0,2,13,"CALIBRATED",47814552,0,4392,0,"ARITHMETIC"
"N-CT",6,9,4453,47820384,"Power N-CT73^2T12",73,2,0,1,13,"CALIBRATED",47820384,0,4453,0,"ARITHMETIC"
"N-CT",6,9,4501,48176096,"Power N-CT73^2Trin4,4,4",73,2,0,3,13,"CALIBRATED",48176096,0,NA,NA,"ARITHMETIC"
"N-CT",6,9,4545,48222032,"Power N-CT73^2Arc(2)T9",73,2,0,3,13,"CALIBRATED",48222032,0,4545,0,"ARITHMETIC"
"N-CT",6,9,4608,48227864,"Power N-CT73^2T9T1",73,2,0,2,13,"CALIBRATED",48227864,0,4608,0,"ARITHMETIC"
"N-CT",6,9,4696,48228584,"Power N-CT73^2Trin1,4,4",73,2,0,3,13,"CALIBRATED",48228584,0,NA,NA,"ARITHMETIC"
"N-CT",6,9,4761,48234416,"Power N-CT73^2T4T4",73,2,0,2,13,"CALIBRATED",48234416,0,4761,0,"ARITHMETIC"
"N-CT",6,9,4767,48269408,"Power N-CT73^2Arc(4)T4",73,2,0,5,13,"CALIBRATED",48269408,0,4767,0,"ARITHMETIC"
"N-CT",6,9,4833,48275240,"Power N-CT73^2Arc(3)T4",73,2,0,4,13,"CALIBRATED",48275240,0,4833,0,"ARITHMETIC"
"N-CT",6,9,4900,48281072,"Power N-CT73^2Arc(2)T4",73,2,0,3,13,"CALIBRATED",48281072,0,4900,0,"ARITHMETIC"
"N-CT",6,9,4968,48286904,"Power N-CT73^2T4T1",73,2,0,2,13,"CALIBRATED",48286904,0,4968,0,"ARITHMETIC"
"N-CT",6,9,5037,48292736,"Power N-CT73^2T4",73,2,0,1,13,"CALIBRATED",48292736,0,5037,0,"ARITHMETIC"
"N-CT",6,9,5043,48327728,"Power N-CT73^2Arc(4)",73,2,0,4,13,"CALIBRATED",48327728,0,5043,0,"ARITHMETIC"
"N-CT",6,9,5113,48333560,"Power N-CT73^2Arc(3)",73,2,0,3,13,"CALIBRATED",48333560,0,5113,0,"ARITHMETIC"
"N-CT",6,9,5184,48339392,"Power N-CT73^2T1T1",73,2,0,2,13,"CALIBRATED",48339392,0,5184,0,"ARITHMETIC"
"N-CT",6,9,5256,48345224,"Power N-CT73^2T1",73,2,0,1,13,"CALIBRATED",48345224,0,5256,0,"ARITHMETIC"
"N-CT",6,9,5331,48351056,"Power N-CT73^2+2",73,2,2,0,13,"CALIBRATED",48351056,0,5331,0,"ARITHMETIC"
"N-CT",6,9,5332,48360416,"Power N-CT73^2+3",73,2,3,0,13,"CALIBRATED",48360416,0,5332,0,"ARITHMETIC"
"N-CT",6,9,5359,48656264,"Power N-CT79^2Arc(12)",79,2,0,12,13,"CALIBRATED",48656264,0,5359,0,"ARITHMETIC"
"N-CT",6,9,5427,48951488,"Power N-CT79^2Arc(11)",79,2,0,11,13,"CALIBRATED",48951488,0,5427,0,"ARITHMETIC"
"N-CT",6,9,5496,49246712,"Power N-CT79^2Arc(10)",79,2,0,10,13,"CALIBRATED",49246712,0,5496,0,"ARITHMETIC"
"N-CT",6,9,5566,49541936,"Power N-CT79^2Arc(9)",79,2,0,9,13,"CALIBRATED",49541936,0,5566,0,"ARITHMETIC"
"N-CT",6,9,5637,49837160,"Power N-CT79^2Arc(8)",79,2,0,8,13,"CALIBRATED",49837160,0,5637,0,"ARITHMETIC"
"N-CT",6,9,5709,50132384,"Power N-CT79^2Arc(7)",79,2,0,7,13,"CALIBRATED",50132384,0,5709,0,"ARITHMETIC"
"N-CT",6,9,5782,50427608,"Power N-CT79^2Arc(6)",79,2,0,6,13,"CALIBRATED",50427608,0,5782,0,"ARITHMETIC"
"N-CT",6,9,5856,50722832,"Power N-CT79^2Arc(5)",79,2,0,5,13,"CALIBRATED",50722832,0,5856,0,"ARITHMETIC"
"N-CT",6,9,5931,51018056,"Power N-CT79^2Arc(4)",79,2,0,4,13,"CALIBRATED",51018056,0,5931,0,"ARITHMETIC"
"N-CT",6,9,6007,51313280,"Power N-CT79^2Arc(3)",79,2,0,3,13,"CALIBRATED",51313280,0,6007,0,"ARITHMETIC"
"N-CT",6,9,6084,51608504,"Power N-CT79^2T1T1",79,2,0,2,13,"CALIBRATED",51608504,0,6084,0,"ARITHMETIC"
"N-CT",6,9,6162,51903728,"Power N-CT79^2T1",79,2,0,1,13,"CALIBRATED",51903728,0,6162,0,"ARITHMETIC"
"N-CT",6,9,6241,52198952,"Power N-CT79^2",79,2,0,0,13,"CALIBRATED",52198952,0,6241,0,"ARITHMETIC"
"N-CT",6,9,6308,52612160,"Power N-CT83^2T7",83,2,0,1,13,"CALIBRATED",52612160,0,6308,0,"ARITHMETIC"
"N-CT",6,9,6474,52612208,"Power N-CT83^2T5",83,2,0,1,13,"CALIBRATED",52612208,0,6474,0,"ARITHMETIC"
"N-CT",6,9,6557,52907432,"Power N-CT83^2T4",83,2,0,1,13,"CALIBRATED",52907432,0,6557,0,"ARITHMETIC"
"N-CT",6,9,6889,52966472,"Power N-CT83^2",83,2,0,0,13,"CALIBRATED",52966472,0,6889,0,"ARITHMETIC"
"N-CT",6,9,6942,53320688,"Power N-CT89^2T11",89,2,0,1,13,"CALIBRATED",53320688,0,6942,0,"ARITHMETIC"
"N-CT",6,9,7031,53615912,"Power N-CT89^2T10",89,2,0,1,13,"CALIBRATED",53615912,0,7031,0,"ARITHMETIC"
"N-CT",6,9,7387,53674952,"Power N-CT89^2T6",89,2,0,1,13,"CALIBRATED",53674952,0,7387,0,"ARITHMETIC"
"N-CT",6,9,7924,53733992,"Power N-CT89^2+3",89,2,3,0,13,"CALIBRATED",53733992,0,7924,0,"ARITHMETIC"
"N-CT",6,9,8029,54324392,"Power N-CT97^2Trin5,5,5",97,2,0,3,13,"CALIBRATED",54324392,0,NA,NA,"ARITHMETIC"
"N-CT",6,9,8464,54383432,"Power N-CT97^2T5T5",97,2,0,2,13,"CALIBRATED",54383432,0,8464,0,"ARITHMETIC"
"N-CT",6,9,8924,54442472,"Power N-CT97^2T5",97,2,0,1,13,"CALIBRATED",54442472,0,8924,0,"ARITHMETIC"
"N-CT",6,9,9411,54501512,"Power N-CT97^2+2",97,2,2,0,13,"CALIBRATED",54501512,0,9411,0,"ARITHMETIC"
"N-CT",6,9,9607,55026392,"Power N-CT101^2Trin2,2,2",101,2,0,3,13,"CALIBRATED",55026392,0,NA,NA,"ARITHMETIC"
"N-CT",5,10,1682,5665842,"Power N-CT41^2+1",41,2,1,0,9,"CALIBRATED",5665842,0,1682,0,"ARITHMETIC"
"N-CT",5,10,1683,5725792,"Power N-CT43^2Arc(4)",43,2,0,4,9,"CALIBRATED",5725792,0,1683,0,"ARITHMETIC"
"N-CT",5,10,1723,5737782,"Power N-CT43^2Arc(3)",43,2,0,3,9,"CALIBRATED",5737782,0,1723,0,"ARITHMETIC"
"N-CT",5,10,1764,5749772,"Power N-CT43^2T1T1",43,2,0,2,9,"CALIBRATED",5749772,0,1764,0,"ARITHMETIC"
"N-CT",5,10,1786,5757692,"Power N-CT47^2T9",47,2,0,1,9,"CALIBRATED",5757692,0,1786,0,"ARITHMETIC"
"N-CT",5,10,1806,5761762,"Power N-CT43^2T1",43,2,0,1,9,"CALIBRATED",5761762,0,1806,0,"ARITHMETIC"
"N-CT",5,10,1809,5770892,"Power N-CT47^2Trin1,3,5",47,2,0,3,9,"CALIBRATED",5770892,0,NA,NA,"ARITHMETIC"
"N-CT",5,10,1848,5771002,"Power N-CT47^2T5T3",47,2,0,2,9,"CALIBRATED",5771002,0,1848,0,"ARITHMETIC"
"N-CT",5,10,1851,5771992,"Power N-CT47^2Arc(3)T5",47,2,0,4,9,"CALIBRATED",5771992,0,1851,0,"ARITHMETIC"
"N-CT",5,10,1891,5772102,"Power N-CT47^2Arc(2)T5",47,2,0,3,9,"CALIBRATED",5772102,0,1891,0,"ARITHMETIC"
"N-CT",5,10,1932,5772212,"Power N-CT47^2T5T1",47,2,0,2,9,"CALIBRATED",5772212,0,1932,0,"ARITHMETIC"
"N-CT",5,10,1974,5772322,"Power N-CT47^2T5",47,2,0,1,9,"CALIBRATED",5772322,0,1974,0,"ARITHMETIC"
"N-CT",5,10,1981,5784092,"Power N-CT47^2Arc(2)T3",47,2,0,3,9,"CALIBRATED",5784092,0,1981,0,"ARITHMETIC"
"N-CT",5,10,2024,5784202,"Power N-CT47^2T3T1",47,2,0,2,9,"CALIBRATED",5784202,0,2024,0,"ARITHMETIC"
"N-CT",5,10,2068,5784312,"Power N-CT47^2T3",47,2,0,1,9,"CALIBRATED",5784312,0,2068,0,"ARITHMETIC"
"N-CT",5,10,2071,5785302,"Power N-CT47^2Arc(3)",47,2,0,3,9,"CALIBRATED",5785302,0,2071,0,"ARITHMETIC"
"N-CT",5,10,2116,5785412,"Power N-CT47^2T1T1",47,2,0,2,9,"CALIBRATED",5785412,0,2116,0,"ARITHMETIC"
"N-CT",5,10,2162,5785522,"Power N-CT47^2T1",47,2,0,1,9,"CALIBRATED",5785522,0,2162,0,"ARITHMETIC"
"N-CT",5,10,2209,5785632,"Power N-CT47^2",47,2,0,0,9,"CALIBRATED",5785632,0,2209,0,"ARITHMETIC"
"N-CT",5,10,3149,6967472,"Power N-CT67^2T20",67,2,0,1,9,"CALIBRATED",6967472,0,3149,0,"ARITHMETIC"
"N-CT",5,10,3417,6968822,"Power N-CT67^2T16",67,2,0,1,9,"CALIBRATED",6968822,0,3417,0,"ARITHMETIC"
"N-CT",5,10,3721,6983532,"Power N-CT61^2",61,2,0,0,9,"CALIBRATED",6983532,0,3721,0,"ARITHMETIC"
"N-CT",5,10,3738,7071522,"Power N-CT89^2T47",89,2,0,1,9,"CALIBRATED",7071522,0,3738,0,"ARITHMETIC"
"N-CT",5,10,3829,7082562,"Power N-CT79^2Trin2,2,28",79,2,0,3,9,"CALIBRATED",7082562,0,NA,NA,"ARITHMETIC"
"N-CT",5,10,3916,7083512,"Power N-CT89^2T45",89,2,0,1,9,"CALIBRATED",7083512,0,3916,0,"ARITHMETIC"
"N-CT",5,10,3927,7083772,"Power N-CT79^2T28T2",79,2,0,2,9,"CALIBRATED",7083772,0,3927,0,"ARITHMETIC"
"N-CT",5,10,4094,7084722,"Power N-CT89^2T43",89,2,0,1,9,"CALIBRATED",7084722,0,4094,0,"ARITHMETIC"
"N-CT",5,10,4183,7084832,"Power N-CT89^2T42",89,2,0,1,9,"CALIBRATED",7084832,0,4183,0,"ARITHMETIC"
"N-CT",5,10,4539,7086182,"Power N-CT89^2T38",89,2,0,1,9,"CALIBRATED",7086182,0,4539,0,"ARITHMETIC"
"N-CT",5,10,4627,7195062,"Power N-CT71^2Trin2,2,2",71,2,0,3,9,"CALIBRATED",7195062,0,NA,NA,"ARITHMETIC"
"N-CT",5,10,4761,7208372,"Power N-CT71^2T2T2",71,2,0,2,9,"CALIBRATED",7208372,0,4761,0,"ARITHMETIC"
"N-CT",5,10,4819,7216732,"Power N-CT79^2T18",79,2,0,1,9,"CALIBRATED",7216732,0,4819,0,"ARITHMETIC"
"N-CT",5,10,5429,7217932,"Power N-CT89^2T28",89,2,0,1,9,"CALIBRATED",7217932,0,5429,0,"ARITHMETIC"
"N-CT",5,10,5451,7231362,"Power N-CT79^2T10",79,2,0,1,9,"CALIBRATED",7231362,0,5451,0,"ARITHMETIC"
"N-CT",5,10,6141,7232562,"Power N-CT89^2T20",89,2,0,1,9,"CALIBRATED",7232562,0,6141,0,"ARITHMETIC"
"N-CT",5,10,6853,7245872,"Power N-CT89^2T12",89,2,0,1,9,"CALIBRATED",7245872,0,6853,0,"ARITHMETIC"
"N-CT",5,10,7031,7247082,"Power N-CT89^2T10",89,2,0,1,9,"CALIBRATED",7247082,0,7031,0,"ARITHMETIC"
"N-CT",5,10,7921,7247232,"Power N-CT89^2",89,2,0,0,9,"CALIBRATED",7247232,0,7921,0,"ARITHMETIC"
"N-CT",5,10,8224,8286522,"Power N-CT101^2Arc(9)T12",101,2,0,10,9,"CALIBRATED",NA,NA,8224,0,"ARITH_OPEN"
"N-CT",5,10,8633,8301152,"Power N-CT97^2T8",97,2,0,1,9,"CALIBRATED",8301152,0,8633,0,"ARITHMETIC"
"N-CT",5,10,8639,8359672,"Power N-CT101^2Arc(4)T12",101,2,0,5,9,"CALIBRATED",8359672,0,8639,0,"ARITHMETIC"
"N-CT",5,10,8725,8374302,"Power N-CT101^2Arc(3)T12",101,2,0,4,9,"CALIBRATED",8374302,0,8725,0,"ARITHMETIC"
"N-CT",5,10,8812,8388932,"Power N-CT101^2Arc(2)T12",101,2,0,3,9,"CALIBRATED",8388932,0,8812,0,"ARITHMETIC"
"N-CT",5,10,8900,8403562,"Power N-CT101^2T12T1",101,2,0,2,9,"CALIBRATED",8403562,0,8900,0,"ARITHMETIC"
"N-CT",5,10,9706,8491412,"Power N-CT101^2Arc(5)",101,2,0,5,9,"CALIBRATED",8491412,0,9706,0,"ARITHMETIC"
"N-CT",5,10,9803,8506042,"Power N-CT101^2Arc(4)",101,2,0,4,9,"CALIBRATED",8506042,0,9803,0,"ARITHMETIC"
"N-CT",5,10,9901,8520672,"Power N-CT101^2Arc(3)",101,2,0,3,9,"CALIBRATED",8520672,0,9901,0,"ARITHMETIC"
"CT",6,10,483,85020198,"Power CT23^2T2",23,2,0,1,16,"FORMULA",85020198,0,483,0,"ARITHMETIC"
"CT",6,10,484,85032168,"Power CT23^2T1T1",23,2,0,2,16,"FORMULA",85032168,0,484,0,"ARITHMETIC"
"CT",6,10,506,85033508,"Power CT23^2T1",23,2,0,1,16,"FORMULA",85033508,0,506,0,"ARITHMETIC"
"CT",6,10,529,85034848,"Power CT23^2",23,2,0,0,16,"FORMULA",85034848,0,529,0,"ARITHMETIC"
"N-CT",6,10,581,103731130,"Power N-CT29^2Arc(4)T6",29,2,0,5,15,"CALIBRATED",103731130,0,581,0,"ARITHMETIC"
"N-CT",6,10,601,103877540,"Power N-CT29^2Arc(3)T6",29,2,0,4,15,"CALIBRATED",103877540,0,601,0,"ARITHMETIC"
"N-CT",6,10,622,104023950,"Power N-CT29^2Arc(2)T6",29,2,0,3,15,"CALIBRATED",104023950,0,622,0,"ARITHMETIC"
"N-CT",6,10,644,104170360,"Power N-CT29^2T6T1",29,2,0,2,15,"CALIBRATED",104170360,0,644,0,"ARITHMETIC"
"N-CT",6,10,667,104316770,"Power N-CT29^2T6",29,2,0,1,15,"CALIBRATED",104316770,0,667,0,"ARITHMETIC"
"N-CT",6,10,668,104491010,"Power N-CT31^2Arc(2)T8",31,2,0,3,15,"CALIBRATED",104491010,0,668,0,"ARITHMETIC"
"N-CT",6,10,690,104505530,"Power N-CT31^2T8T1",31,2,0,2,15,"CALIBRATED",104505530,0,690,0,"ARITHMETIC"
"N-CT",6,10,713,104520050,"Power N-CT31^2T8",31,2,0,1,15,"CALIBRATED",104520050,0,713,0,"ARITHMETIC"
"N-CT",6,10,731,105488030,"Power N-CT29^2Arc(4)",29,2,0,4,15,"CALIBRATED",105488030,0,731,0,"ARITHMETIC"
"N-CT",6,10,757,105634440,"Power N-CT29^2Arc(3)",29,2,0,3,15,"CALIBRATED",105634440,0,757,0,"ARITHMETIC"
"N-CT",6,10,784,105780850,"Power N-CT29^2T1T1",29,2,0,2,15,"CALIBRATED",105780850,0,784,0,"ARITHMETIC"
"N-CT",6,10,812,105927260,"Power N-CT29^2T1",29,2,0,1,15,"CALIBRATED",105927260,0,812,0,"ARITHMETIC"
"N-CT",6,10,842,106073670,"Power N-CT29^2+1",29,2,1,0,15,"CALIBRATED",106073670,0,842,0,"ARITHMETIC"
"N-CT",6,10,868,106130540,"Power N-CT31^2T3",31,2,0,1,15,"CALIBRATED",106130540,0,868,0,"ARITHMETIC"
"N-CT",6,10,871,106247910,"Power N-CT31^2Arc(3)",31,2,0,3,15,"CALIBRATED",106247910,0,871,0,"ARITHMETIC"
"N-CT",6,10,900,106262430,"Power N-CT31^2T1T1",31,2,0,2,15,"CALIBRATED",106262430,0,900,0,"ARITHMETIC"
"N-CT",6,10,930,106276950,"Power N-CT31^2T1",31,2,0,1,15,"CALIBRATED",106276950,0,930,0,"ARITHMETIC"
"N-CT",6,10,961,106291470,"Power N-CT31^2",31,2,0,0,15,"CALIBRATED",106291470,0,961,0,"ARITHMETIC"
"CT",6,10,992,113379668,"Power CT32^2T1",32,2,0,1,16,"FORMULA",113379668,0,992,0,"ARITHMETIC"
"CT",6,10,1027,113379808,"Power CT32^2+3",32,2,3,0,16,"FORMULA",113379808,0,1027,0,"ARITHMETIC"
"N-CT",6,10,1051,116922612,"Power N-CT41^2Trin6,6,6",41,2,0,3,14,"CALIBRATED",116922612,0,NA,NA,"ARITHMETIC"
"N-CT",6,10,1085,118532952,"Power N-CT41^2T10T6",41,2,0,2,14,"CALIBRATED",118532952,0,1085,0,"ARITHMETIC"
"N-CT",6,10,1225,118533092,"Power N-CT41^2T6T6",41,2,0,2,14,"CALIBRATED",118533092,0,1225,0,"ARITHMETIC"
"N-CT",6,10,1230,120128912,"Power N-CT41^2T11",41,2,0,1,14,"CALIBRATED",120128912,0,1230,0,"ARITHMETIC"
"N-CT",6,10,1271,120143432,"Power N-CT41^2T10",41,2,0,1,14,"CALIBRATED",120143432,0,1271,0,"ARITHMETIC"
"N-CT",6,10,1435,120143572,"Power N-CT41^2T6",41,2,0,1,14,"CALIBRATED",120143572,0,1435,0,"ARITHMETIC"
"N-CT",6,10,1681,121754052,"Power N-CT41^2",41,2,0,0,14,"CALIBRATED",121754052,0,1681,0,"ARITHMETIC"
"N-CT",6,10,1763,123657382,"Power N-CT43^2T2",43,2,0,1,14,"CALIBRATED",123657382,0,1763,0,"ARITHMETIC"
"N-CT",6,10,1849,123803792,"Power N-CT43^2",43,2,0,0,14,"CALIBRATED",123803792,0,1849,0,"ARITHMETIC"
"N-CT",6,10,1886,123848052,"Power N-CT47^2T6T1",47,2,0,2,14,"CALIBRATED",123848052,0,1886,0,"ARITHMETIC"
"N-CT",6,10,1927,123848092,"Power N-CT47^2T6",47,2,0,1,14,"CALIBRATED",123848092,0,1927,0,"ARITHMETIC"
"N-CT",6,10,1935,123994352,"Power N-CT47^2T4T2",47,2,0,2,14,"CALIBRATED",123994352,0,1935,0,"ARITHMETIC"
"N-CT",6,10,1936,123994422,"Power N-CT47^2Arc(2)T4",47,2,0,3,14,"CALIBRATED",123994422,0,1936,0,"ARITHMETIC"
"N-CT",6,10,1978,123994462,"Power N-CT47^2T4T1",47,2,0,2,14,"CALIBRATED",123994462,0,1978,0,"ARITHMETIC"
"N-CT",6,10,2021,123994502,"Power N-CT47^2T4",47,2,0,1,14,"CALIBRATED",123994502,0,2021,0,"ARITHMETIC"
"N-CT",6,10,2024,124007772,"Power N-CT47^2T3T1",47,2,0,2,14,"CALIBRATED",124007772,0,2024,0,"ARITHMETIC"
"N-CT",6,10,2068,124007812,"Power N-CT47^2T3",47,2,0,1,14,"CALIBRATED",124007812,0,2068,0,"ARITHMETIC"
"N-CT",6,10,2070,124008982,"Power N-CT47^2T2T1",47,2,0,2,14,"CALIBRATED",124008982,0,2070,0,"ARITHMETIC"
"N-CT",6,10,2115,124009022,"Power N-CT47^2T2",47,2,0,1,14,"CALIBRATED",124009022,0,2115,0,"ARITHMETIC"
"N-CT",6,10,2116,124009092,"Power N-CT47^2T1T1",47,2,0,2,14,"CALIBRATED",124009092,0,2116,0,"ARITHMETIC"
"N-CT",6,10,2162,124009132,"Power N-CT47^2T1",47,2,0,1,14,"CALIBRATED",124009132,0,2162,0,"ARITHMETIC"
"N-CT",6,10,2210,124009172,"Power N-CT47^2+1",47,2,1,0,14,"CALIBRATED",124009172,0,2210,0,"ARITHMETIC"
"N-CT",6,10,2304,141402332,"Power N-CT53^2T5T5",53,2,0,2,14,"CALIBRATED",141402332,0,2304,0,"ARITHMETIC"
"N-CT",6,10,2332,142850402,"Power N-CT53^2T9",53,2,0,1,14,"CALIBRATED",142850402,0,2332,0,"ARITHMETIC"
"N-CT",6,10,2385,142851612,"Power N-CT53^2T8",53,2,0,1,14,"CALIBRATED",142851612,0,2385,0,"ARITHMETIC"
"N-CT",6,10,2438,142851722,"Power N-CT53^2T7",53,2,0,1,14,"CALIBRATED",142851722,0,2438,0,"ARITHMETIC"
"N-CT",6,10,2544,142851762,"Power N-CT53^2T5",53,2,0,1,14,"CALIBRATED",142851762,0,2544,0,"ARITHMETIC"
"N-CT",6,10,2810,144301192,"Power N-CT53^2+1",53,2,1,0,14,"CALIBRATED",144301192,0,2810,0,"ARITHMETIC"
"N-CT",6,10,2832,144945282,"Power N-CT59^2T11",59,2,0,1,14,"CALIBRATED",144945282,0,2832,0,"ARITHMETIC"
"N-CT",6,10,2916,146233672,"Power N-CT59^2T5T5",59,2,0,2,14,"CALIBRATED",146233672,0,2916,0,"ARITHMETIC"
"N-CT",6,10,3186,146394712,"Power N-CT59^2T5",59,2,0,1,14,"CALIBRATED",146394712,0,3186,0,"ARITHMETIC"
"N-CT",6,10,3482,146555752,"Power N-CT59^2+1",59,2,1,0,14,"CALIBRATED",146555752,0,3482,0,"ARITHMETIC"
"N-CT",6,10,3483,148019852,"Power N-CT61^2Arc(4)",61,2,0,4,14,"CALIBRATED",148019852,0,3483,0,"ARITHMETIC"
"N-CT",6,10,3541,148166262,"Power N-CT61^2Arc(3)",61,2,0,3,14,"CALIBRATED",148166262,0,3541,0,"ARITHMETIC"
"N-CT",6,10,3600,148312672,"Power N-CT61^2T1T1",61,2,0,2,14,"CALIBRATED",148312672,0,3600,0,"ARITHMETIC"
"N-CT",6,10,3660,148459082,"Power N-CT61^2T1",61,2,0,1,14,"CALIBRATED",148459082,0,3660,0,"ARITHMETIC"
"N-CT",6,10,3721,148605492,"Power N-CT61^2",61,2,0,0,14,"CALIBRATED",148605492,0,3721,0,"ARITHMETIC"
"N-CT",6,10,3730,148642672,"Power N-CT67^2Arc(5)T7",67,2,0,6,14,"CALIBRATED",148642672,0,3730,0,"ARITHMETIC"
"N-CT",6,10,3786,148643992,"Power N-CT67^2Arc(4)T7",67,2,0,5,14,"CALIBRATED",148643992,0,3786,0,"ARITHMETIC"
"N-CT",6,10,3843,148645312,"Power N-CT67^2Arc(3)T7",67,2,0,4,14,"CALIBRATED",148645312,0,3843,0,"ARITHMETIC"
"N-CT",6,10,3901,148646632,"Power N-CT67^2Arc(2)T7",67,2,0,3,14,"CALIBRATED",148646632,0,3901,0,"ARITHMETIC"
"N-CT",6,10,3960,148647952,"Power N-CT67^2T7T1",67,2,0,2,14,"CALIBRATED",148647952,0,3960,0,"ARITHMETIC"
"N-CT",6,10,4020,148649272,"Power N-CT67^2T7",67,2,0,1,14,"CALIBRATED",148649272,0,4020,0,"ARITHMETIC"
"N-CT",6,10,4026,148794362,"Power N-CT67^2T6T1",67,2,0,2,14,"CALIBRATED",148794362,0,4026,0,"ARITHMETIC"
"N-CT",6,10,4087,148795682,"Power N-CT67^2T6",67,2,0,1,14,"CALIBRATED",148795682,0,4087,0,"ARITHMETIC"
"N-CT",6,10,4102,148802392,"Power N-CT67^2Arc(6)",67,2,0,6,14,"CALIBRATED",148802392,0,4102,0,"ARITHMETIC"
"N-CT",6,10,4164,148803712,"Power N-CT67^2Arc(5)",67,2,0,5,14,"CALIBRATED",148803712,0,4164,0,"ARITHMETIC"
"N-CT",6,10,4227,148805032,"Power N-CT67^2Arc(4)",67,2,0,4,14,"CALIBRATED",148805032,0,4227,0,"ARITHMETIC"
"N-CT",6,10,4291,148806352,"Power N-CT67^2Arc(3)",67,2,0,3,14,"CALIBRATED",148806352,0,4291,0,"ARITHMETIC"
"N-CT",6,10,4356,148807672,"Power N-CT67^2T1T1",67,2,0,2,14,"CALIBRATED",148807672,0,4356,0,"ARITHMETIC"
"N-CT",6,10,4422,148808992,"Power N-CT67^2T1",67,2,0,1,14,"CALIBRATED",148808992,0,4422,0,"ARITHMETIC"
"N-CT",6,10,4489,148810312,"Power N-CT67^2",67,2,0,0,14,"CALIBRATED",148810312,0,4489,0,"ARITHMETIC"
"N-CT",6,10,4490,148811012,"Power N-CT67^2+1",67,2,1,0,14,"CALIBRATED",148811012,0,4490,0,"ARITHMETIC"
"N-CT",6,10,4556,152353784,"Power N-CT73^2T6T5",73,2,0,2,13,"CALIBRATED",152353784,0,4556,0,"ARITHMETIC"
"N-CT",6,10,4624,152353834,"Power N-CT73^2T5T5",73,2,0,2,13,"CALIBRATED",152353834,0,4624,0,"ARITHMETIC"
"N-CT",6,10,4818,153640844,"Power N-CT73^2T7",73,2,0,1,13,"CALIBRATED",153640844,0,4818,0,"ARITHMETIC"
"N-CT",6,10,4891,153642164,"Power N-CT73^2T6",73,2,0,1,13,"CALIBRATED",153642164,0,4891,0,"ARITHMETIC"
"N-CT",6,10,4964,153642214,"Power N-CT73^2T5",73,2,0,1,13,"CALIBRATED",153642214,0,4964,0,"ARITHMETIC"
"N-CT",6,10,5330,154930594,"Power N-CT73^2+1",73,2,1,0,13,"CALIBRATED",154930594,0,5330,0,"ARITHMETIC"
"N-CT",6,10,5478,155573324,"Power N-CT83^2T17",83,2,0,1,13,"CALIBRATED",155573324,0,5478,0,"ARITHMETIC"
"N-CT",6,10,5561,155574644,"Power N-CT83^2T16",83,2,0,1,13,"CALIBRATED",155574644,0,5561,0,"ARITHMETIC"
"N-CT",6,10,5644,155574694,"Power N-CT83^2T15",83,2,0,1,13,"CALIBRATED",155574694,0,5644,0,"ARITHMETIC"
"N-CT",6,10,6142,156863074,"Power N-CT83^2T9",83,2,0,1,13,"CALIBRATED",156863074,0,6142,0,"ARITHMETIC"
"N-CT",6,10,6889,157024114,"Power N-CT83^2",83,2,0,0,13,"CALIBRATED",157024114,0,6889,0,"ARITHMETIC"
"N-CT",6,10,6919,159264044,"Power N-CT89^2Arc(12)",89,2,0,12,13,"CALIBRATED",159264044,0,6919,0,"ARITHMETIC"
"N-CT",6,10,6997,159410454,"Power N-CT89^2Arc(11)",89,2,0,11,13,"CALIBRATED",159410454,0,6997,0,"ARITHMETIC"
"N-CT",6,10,7076,159556864,"Power N-CT89^2Arc(10)",89,2,0,10,13,"CALIBRATED",159556864,0,7076,0,"ARITHMETIC"
"N-CT",6,10,7382,159599214,"Power N-CT101^2Arc(13)T18",101,2,0,14,13,"CALIBRATED",NA,NA,7382,0,"ARITH_OPEN"
"N-CT",6,10,7822,159760254,"Power N-CT101^2Arc(13)T13",101,2,0,14,13,"CALIBRATED",NA,NA,7822,0,"ARITH_OPEN"
"N-CT",6,10,8438,159906664,"Power N-CT101^2Arc(13)T6",101,2,0,14,13,"CALIBRATED",NA,NA,8438,0,"ARITH_OPEN"
"N-CT",6,10,8614,159919974,"Power N-CT101^2Arc(13)T4",101,2,0,14,13,"CALIBRATED",NA,NA,8614,0,"ARITH_OPEN"
"N-CT",6,10,8790,159921184,"Power N-CT101^2Arc(13)T2",101,2,0,14,13,"CALIBRATED",NA,NA,8790,0,"ARITH_OPEN"
"N-CT",6,10,8839,161154064,"Power N-CT97^2Trin2,2,2",97,2,0,3,13,"CALIBRATED",161154064,0,NA,NA,"ARITHMETIC"
"N-CT",6,10,9025,161167374,"Power N-CT97^2T2T2",97,2,0,2,13,"CALIBRATED",161167374,0,9025,0,"ARITHMETIC"
"N-CT",6,10,9215,161180684,"Power N-CT97^2T2",97,2,0,1,13,"CALIBRATED",161180684,0,9215,0,"ARITHMETIC"
"N-CT",6,10,9409,161193994,"Power N-CT97^2",97,2,0,0,13,"CALIBRATED",161193994,0,9409,0,"ARITHMETIC"
"N-CT",6,10,9412,161209724,"Power N-CT97^2+3",97,2,3,0,13,"CALIBRATED",161209724,0,9412,0,"ARITHMETIC"
"N-CT",6,10,9421,167652424,"Power N-CT101^2Arc(8)",101,2,0,8,13,"CALIBRATED",167652424,0,9421,0,"ARITHMETIC"
"N-CT",6,10,9515,168940964,"Power N-CT101^2Arc(7)",101,2,0,7,13,"CALIBRATED",168940964,0,9515,0,"ARITHMETIC"
"N-CT",6,10,9610,170229504,"Power N-CT101^2Arc(6)",101,2,0,6,13,"CALIBRATED",170229504,0,9610,0,"ARITHMETIC"
"N-CT",6,10,9706,171518044,"Power N-CT101^2Arc(5)",101,2,0,5,13,"CALIBRATED",171518044,0,9706,0,"ARITHMETIC"
"N-CT",6,10,9803,172806584,"Power N-CT101^2Arc(4)",101,2,0,4,13,"CALIBRATED",172806584,0,9803,0,"ARITHMETIC"
"N-CT",6,10,9901,174095124,"Power N-CT101^2Arc(3)",101,2,0,3,13,"CALIBRATED",174095124,0,9901,0,"ARITHMETIC"
"N-CT",6,10,10000,175383664,"Power N-CT101^2T1T1",101,2,0,2,13,"CALIBRATED",175383664,0,10000,0,"ARITHMETIC"
"N-CT",5,11,1260,5603400,"Power N-CT43^2T13T1",43,2,0,2,9,"CALIBRATED",5603400,0,1260,0,"ARITHMETIC"
"N-CT",5,11,1290,5615390,"Power N-CT43^2T13",43,2,0,1,9,"CALIBRATED",5615390,0,1290,0,"ARITHMETIC"
"N-CT",5,11,1339,5621970,"Power N-CT41^2Trin3,3,3",41,2,0,3,9,"CALIBRATED",5621970,0,NA,NA,"ARITHMETIC"
"N-CT",5,11,1351,5625730,"Power N-CT47^2Arc(2)T17",47,2,0,3,9,"CALIBRATED",5625730,0,1351,0,"ARITHMETIC"
"N-CT",5,11,1380,5625840,"Power N-CT47^2T17T1",47,2,0,2,9,"CALIBRATED",5625840,0,1380,0,"ARITHMETIC"
"N-CT",5,11,1410,5625950,"Power N-CT47^2T17",47,2,0,1,9,"CALIBRATED",5625950,0,1410,0,"ARITHMETIC"
"N-CT",5,11,1444,5636600,"Power N-CT41^2T3T3",41,2,0,2,9,"CALIBRATED",5636600,0,1444,0,"ARITHMETIC"
"N-CT",5,11,1482,5649910,"Power N-CT41^2T3T2",41,2,0,2,9,"CALIBRATED",5649910,0,1482,0,"ARITHMETIC"
"N-CT",5,11,1558,5651230,"Power N-CT41^2T3",41,2,0,1,9,"CALIBRATED",5651230,0,1558,0,"ARITHMETIC"
"N-CT",5,11,1599,5664540,"Power N-CT41^2T2",41,2,0,1,9,"CALIBRATED",5664540,0,1599,0,"ARITHMETIC"
"N-CT",5,11,1682,5665860,"Power N-CT41^2+1",41,2,1,0,9,"CALIBRATED",5665860,0,1682,0,"ARITHMETIC"
"N-CT",5,11,1683,5725810,"Power N-CT43^2Arc(4)",43,2,0,4,9,"CALIBRATED",5725810,0,1683,0,"ARITHMETIC"
"N-CT",5,11,1723,5737800,"Power N-CT43^2Arc(3)",43,2,0,3,9,"CALIBRATED",5737800,0,1723,0,"ARITHMETIC"
"N-CT",5,11,1764,5749790,"Power N-CT43^2T1T1",43,2,0,2,9,"CALIBRATED",5749790,0,1764,0,"ARITHMETIC"
"N-CT",5,11,1786,5757710,"Power N-CT47^2T9",47,2,0,1,9,"CALIBRATED",5757710,0,1786,0,"ARITHMETIC"
"N-CT",5,11,1806,5761780,"Power N-CT43^2T1",43,2,0,1,9,"CALIBRATED",5761780,0,1806,0,"ARITHMETIC"
"N-CT",5,11,1809,5770910,"Power N-CT47^2Trin1,3,5",47,2,0,3,9,"CALIBRATED",5770910,0,NA,NA,"ARITHMETIC"
"N-CT",5,11,1848,5771020,"Power N-CT47^2T5T3",47,2,0,2,9,"CALIBRATED",5771020,0,1848,0,"ARITHMETIC"
"N-CT",5,11,1851,5772010,"Power N-CT47^2Arc(3)T5",47,2,0,4,9,"CALIBRATED",5772010,0,1851,0,"ARITHMETIC"
"N-CT",5,11,1891,5772120,"Power N-CT47^2Arc(2)T5",47,2,0,3,9,"CALIBRATED",5772120,0,1891,0,"ARITHMETIC"
"N-CT",5,11,1932,5772230,"Power N-CT47^2T5T1",47,2,0,2,9,"CALIBRATED",5772230,0,1932,0,"ARITHMETIC"
"N-CT",5,11,1974,5772340,"Power N-CT47^2T5",47,2,0,1,9,"CALIBRATED",5772340,0,1974,0,"ARITHMETIC"
"N-CT",5,11,1981,5784110,"Power N-CT47^2Arc(2)T3",47,2,0,3,9,"CALIBRATED",5784110,0,1981,0,"ARITHMETIC"
"N-CT",5,11,2024,5784220,"Power N-CT47^2T3T1",47,2,0,2,9,"CALIBRATED",5784220,0,2024,0,"ARITHMETIC"
"N-CT",5,11,2068,5784330,"Power N-CT47^2T3",47,2,0,1,9,"CALIBRATED",5784330,0,2068,0,"ARITHMETIC"
"N-CT",5,11,2071,5785320,"Power N-CT47^2Arc(3)",47,2,0,3,9,"CALIBRATED",5785320,0,2071,0,"ARITHMETIC"
"N-CT",5,11,2116,5785430,"Power N-CT47^2T1T1",47,2,0,2,9,"CALIBRATED",5785430,0,2116,0,"ARITHMETIC"
"N-CT",5,11,2162,5785540,"Power N-CT47^2T1",47,2,0,1,9,"CALIBRATED",5785540,0,2162,0,"ARITHMETIC"
"N-CT",5,11,2209,5785650,"Power N-CT47^2",47,2,0,0,9,"CALIBRATED",5785650,0,2209,0,"ARITHMETIC"
"N-CT",5,11,3149,6967490,"Power N-CT67^2T20",67,2,0,1,9,"CALIBRATED",6967490,0,3149,0,"ARITHMETIC"
"N-CT",5,11,3417,6968840,"Power N-CT67^2T16",67,2,0,1,9,"CALIBRATED",6968840,0,3417,0,"ARITHMETIC"
"N-CT",5,11,3721,6983550,"Power N-CT61^2",61,2,0,0,9,"CALIBRATED",6983550,0,3721,0,"ARITHMETIC"
"N-CT",5,11,3738,7071540,"Power N-CT89^2T47",89,2,0,1,9,"CALIBRATED",7071540,0,3738,0,"ARITHMETIC"
"N-CT",5,11,3829,7082580,"Power N-CT79^2Trin2,2,28",79,2,0,3,9,"CALIBRATED",7082580,0,NA,NA,"ARITHMETIC"
"N-CT",5,11,3916,7083530,"Power N-CT89^2T45",89,2,0,1,9,"CALIBRATED",7083530,0,3916,0,"ARITHMETIC"
"N-CT",5,11,3927,7083790,"Power N-CT79^2T28T2",79,2,0,2,9,"CALIBRATED",7083790,0,3927,0,"ARITHMETIC"
"N-CT",5,11,4094,7084740,"Power N-CT89^2T43",89,2,0,1,9,"CALIBRATED",7084740,0,4094,0,"ARITHMETIC"
"N-CT",5,11,4183,7084850,"Power N-CT89^2T42",89,2,0,1,9,"CALIBRATED",7084850,0,4183,0,"ARITHMETIC"
"N-CT",5,11,4539,7086200,"Power N-CT89^2T38",89,2,0,1,9,"CALIBRATED",7086200,0,4539,0,"ARITHMETIC"
"N-CT",5,11,4627,7195080,"Power N-CT71^2Trin2,2,2",71,2,0,3,9,"CALIBRATED",7195080,0,NA,NA,"ARITHMETIC"
"N-CT",5,11,4761,7208390,"Power N-CT71^2T2T2",71,2,0,2,9,"CALIBRATED",7208390,0,4761,0,"ARITHMETIC"
"N-CT",5,11,4819,7216750,"Power N-CT79^2T18",79,2,0,1,9,"CALIBRATED",7216750,0,4819,0,"ARITHMETIC"
"N-CT",5,11,5429,7217950,"Power N-CT89^2T28",89,2,0,1,9,"CALIBRATED",7217950,0,5429,0,"ARITHMETIC"
"N-CT",5,11,5451,7231380,"Power N-CT79^2T10",79,2,0,1,9,"CALIBRATED",7231380,0,5451,0,"ARITHMETIC"
"N-CT",5,11,6141,7232580,"Power N-CT89^2T20",89,2,0,1,9,"CALIBRATED",7232580,0,6141,0,"ARITHMETIC"
"N-CT",5,11,6853,7245890,"Power N-CT89^2T12",89,2,0,1,9,"CALIBRATED",7245890,0,6853,0,"ARITHMETIC"
"N-CT",5,11,7031,7247100,"Power N-CT89^2T10",89,2,0,1,9,"CALIBRATED",7247100,0,7031,0,"ARITHMETIC"
"N-CT",5,11,7921,7247250,"Power N-CT89^2",89,2,0,0,9,"CALIBRATED",7247250,0,7921,0,"ARITHMETIC"
"N-CT",5,11,8224,8286540,"Power N-CT101^2Arc(9)T12",101,2,0,10,9,"CALIBRATED",NA,NA,8224,0,"ARITH_OPEN"
"N-CT",5,11,8633,8301170,"Power N-CT97^2T8",97,2,0,1,9,"CALIBRATED",8301170,0,8633,0,"ARITHMETIC"
"N-CT",5,11,8639,8359690,"Power N-CT101^2Arc(4)T12",101,2,0,5,9,"CALIBRATED",8359690,0,8639,0,"ARITHMETIC"
"N-CT",5,11,8725,8374320,"Power N-CT101^2Arc(3)T12",101,2,0,4,9,"CALIBRATED",8374320,0,8725,0,"ARITHMETIC"
"N-CT",5,11,8812,8388950,"Power N-CT101^2Arc(2)T12",101,2,0,3,9,"CALIBRATED",8388950,0,8812,0,"ARITHMETIC"
"N-CT",5,11,8900,8403580,"Power N-CT101^2T12T1",101,2,0,2,9,"CALIBRATED",8403580,0,8900,0,"ARITHMETIC"
"N-CT",5,11,9706,8491430,"Power N-CT101^2Arc(5)",101,2,0,5,9,"CALIBRATED",8491430,0,9706,0,"ARITHMETIC"
"N-CT",5,11,9803,8506060,"Power N-CT101^2Arc(4)",101,2,0,4,9,"CALIBRATED",8506060,0,9803,0,"ARITHMETIC"
"N-CT",5,11,9901,8520690,"Power N-CT101^2Arc(3)",101,2,0,3,9,"CALIBRATED",8520690,0,9901,0,"ARITHMETIC"
"CT",6,11,483,85020230,"Power CT23^2T2",23,2,0,1,16,"FORMULA",85020230,0,483,0,"ARITHMETIC"
"CT",6,11,484,85032200,"Power CT23^2T1T1",23,2,0,2,16,"FORMULA",85032200,0,484,0,"ARITHMETIC"
"CT",6,11,506,85033540,"Power CT23^2T1",23,2,0,1,16,"FORMULA",85033540,0,506,0,"ARITHMETIC"
"CT",6,11,529,85034880,"Power CT23^2",23,2,0,0,16,"FORMULA",85034880,0,529,0,"ARITHMETIC"
"N-CT",6,11,581,103731160,"Power N-CT29^2Arc(4)T6",29,2,0,5,15,"CALIBRATED",103731160,0,581,0,"ARITHMETIC"
"N-CT",6,11,601,103877570,"Power N-CT29^2Arc(3)T6",29,2,0,4,15,"CALIBRATED",103877570,0,601,0,"ARITHMETIC"
"N-CT",6,11,622,104023980,"Power N-CT29^2Arc(2)T6",29,2,0,3,15,"CALIBRATED",104023980,0,622,0,"ARITHMETIC"
"N-CT",6,11,644,104170390,"Power N-CT29^2T6T1",29,2,0,2,15,"CALIBRATED",104170390,0,644,0,"ARITHMETIC"
"N-CT",6,11,667,104316800,"Power N-CT29^2T6",29,2,0,1,15,"CALIBRATED",104316800,0,667,0,"ARITHMETIC"
"N-CT",6,11,668,104491040,"Power N-CT31^2Arc(2)T8",31,2,0,3,15,"CALIBRATED",104491040,0,668,0,"ARITHMETIC"
"N-CT",6,11,690,104505560,"Power N-CT31^2T8T1",31,2,0,2,15,"CALIBRATED",104505560,0,690,0,"ARITHMETIC"
"N-CT",6,11,713,104520080,"Power N-CT31^2T8",31,2,0,1,15,"CALIBRATED",104520080,0,713,0,"ARITHMETIC"
"N-CT",6,11,731,105488060,"Power N-CT29^2Arc(4)",29,2,0,4,15,"CALIBRATED",105488060,0,731,0,"ARITHMETIC"
"N-CT",6,11,757,105634470,"Power N-CT29^2Arc(3)",29,2,0,3,15,"CALIBRATED",105634470,0,757,0,"ARITHMETIC"
"N-CT",6,11,784,105780880,"Power N-CT29^2T1T1",29,2,0,2,15,"CALIBRATED",105780880,0,784,0,"ARITHMETIC"
"N-CT",6,11,812,105927290,"Power N-CT29^2T1",29,2,0,1,15,"CALIBRATED",105927290,0,812,0,"ARITHMETIC"
"N-CT",6,11,842,106073700,"Power N-CT29^2+1",29,2,1,0,15,"CALIBRATED",106073700,0,842,0,"ARITHMETIC"
"N-CT",6,11,868,106130570,"Power N-CT31^2T3",31,2,0,1,15,"CALIBRATED",106130570,0,868,0,"ARITHMETIC"
"N-CT",6,11,871,106247940,"Power N-CT31^2Arc(3)",31,2,0,3,15,"CALIBRATED",106247940,0,871,0,"ARITHMETIC"
"N-CT",6,11,900,106262460,"Power N-CT31^2T1T1",31,2,0,2,15,"CALIBRATED",106262460,0,900,0,"ARITHMETIC"
"N-CT",6,11,930,106276980,"Power N-CT31^2T1",31,2,0,1,15,"CALIBRATED",106276980,0,930,0,"ARITHMETIC"
"N-CT",6,11,961,106291500,"Power N-CT31^2",31,2,0,0,15,"CALIBRATED",106291500,0,961,0,"ARITHMETIC"
"CT",6,11,992,113379700,"Power CT32^2T1",32,2,0,1,16,"FORMULA",113379700,0,992,0,"ARITHMETIC"
"CT",6,11,1027,113379840,"Power CT32^2+3",32,2,3,0,16,"FORMULA",113379840,0,1027,0,"ARITHMETIC"
"N-CT",6,11,1051,116922640,"Power N-CT41^2Trin6,6,6",41,2,0,3,14,"CALIBRATED",116922640,0,NA,NA,"ARITHMETIC"
"N-CT",6,11,1085,118532980,"Power N-CT41^2T10T6",41,2,0,2,14,"CALIBRATED",118532980,0,1085,0,"ARITHMETIC"
"N-CT",6,11,1225,118533120,"Power N-CT41^2T6T6",41,2,0,2,14,"CALIBRATED",118533120,0,1225,0,"ARITHMETIC"
"N-CT",6,11,1230,120128940,"Power N-CT41^2T11",41,2,0,1,14,"CALIBRATED",120128940,0,1230,0,"ARITHMETIC"
"N-CT",6,11,1271,120143460,"Power N-CT41^2T10",41,2,0,1,14,"CALIBRATED",120143460,0,1271,0,"ARITHMETIC"
"N-CT",6,11,1435,120143600,"Power N-CT41^2T6",41,2,0,1,14,"CALIBRATED",120143600,0,1435,0,"ARITHMETIC"
"N-CT",6,11,1681,121754080,"Power N-CT41^2",41,2,0,0,14,"CALIBRATED",121754080,0,1681,0,"ARITHMETIC"
"N-CT",6,11,1763,123657410,"Power N-CT43^2T2",43,2,0,1,14,"CALIBRATED",123657410,0,1763,0,"ARITHMETIC"
"N-CT",6,11,1849,123803820,"Power N-CT43^2",43,2,0,0,14,"CALIBRATED",123803820,0,1849,0,"ARITHMETIC"
"N-CT",6,11,1886,123848080,"Power N-CT47^2T6T1",47,2,0,2,14,"CALIBRATED",123848080,0,1886,0,"ARITHMETIC"
"N-CT",6,11,1927,123848120,"Power N-CT47^2T6",47,2,0,1,14,"CALIBRATED",123848120,0,1927,0,"ARITHMETIC"
"N-CT",6,11,1935,123994380,"Power N-CT47^2T4T2",47,2,0,2,14,"CALIBRATED",123994380,0,1935,0,"ARITHMETIC"
"N-CT",6,11,1936,123994450,"Power N-CT47^2Arc(2)T4",47,2,0,3,14,"CALIBRATED",123994450,0,1936,0,"ARITHMETIC"
"N-CT",6,11,1978,123994490,"Power N-CT47^2T4T1",47,2,0,2,14,"CALIBRATED",123994490,0,1978,0,"ARITHMETIC"
"N-CT",6,11,2021,123994530,"Power N-CT47^2T4",47,2,0,1,14,"CALIBRATED",123994530,0,2021,0,"ARITHMETIC"
"N-CT",6,11,2024,124007800,"Power N-CT47^2T3T1",47,2,0,2,14,"CALIBRATED",124007800,0,2024,0,"ARITHMETIC"
"N-CT",6,11,2068,124007840,"Power N-CT47^2T3",47,2,0,1,14,"CALIBRATED",124007840,0,2068,0,"ARITHMETIC"
"N-CT",6,11,2070,124009010,"Power N-CT47^2T2T1",47,2,0,2,14,"CALIBRATED",124009010,0,2070,0,"ARITHMETIC"
"N-CT",6,11,2115,124009050,"Power N-CT47^2T2",47,2,0,1,14,"CALIBRATED",124009050,0,2115,0,"ARITHMETIC"
"N-CT",6,11,2116,124009120,"Power N-CT47^2T1T1",47,2,0,2,14,"CALIBRATED",124009120,0,2116,0,"ARITHMETIC"
"N-CT",6,11,2162,124009160,"Power N-CT47^2T1",47,2,0,1,14,"CALIBRATED",124009160,0,2162,0,"ARITHMETIC"
"N-CT",6,11,2210,124009200,"Power N-CT47^2+1",47,2,1,0,14,"CALIBRATED",124009200,0,2210,0,"ARITHMETIC"
"N-CT",6,11,2304,141402360,"Power N-CT53^2T5T5",53,2,0,2,14,"CALIBRATED",141402360,0,2304,0,"ARITHMETIC"
"N-CT",6,11,2332,142850430,"Power N-CT53^2T9",53,2,0,1,14,"CALIBRATED",142850430,0,2332,0,"ARITHMETIC"
"N-CT",6,11,2385,142851640,"Power N-CT53^2T8",53,2,0,1,14,"CALIBRATED",142851640,0,2385,0,"ARITHMETIC"
"N-CT",6,11,2438,142851750,"Power N-CT53^2T7",53,2,0,1,14,"CALIBRATED",142851750,0,2438,0,"ARITHMETIC"
"N-CT",6,11,2544,142851790,"Power N-CT53^2T5",53,2,0,1,14,"CALIBRATED",142851790,0,2544,0,"ARITHMETIC"
"N-CT",6,11,2810,144301220,"Power N-CT53^2+1",53,2,1,0,14,"CALIBRATED",144301220,0,2810,0,"ARITHMETIC"
"N-CT",6,11,2832,144945310,"Power N-CT59^2T11",59,2,0,1,14,"CALIBRATED",144945310,0,2832,0,"ARITHMETIC"
"N-CT",6,11,2916,146233700,"Power N-CT59^2T5T5",59,2,0,2,14,"CALIBRATED",146233700,0,2916,0,"ARITHMETIC"
"N-CT",6,11,3186,146394740,"Power N-CT59^2T5",59,2,0,1,14,"CALIBRATED",146394740,0,3186,0,"ARITHMETIC"
"N-CT",6,11,3482,146555780,"Power N-CT59^2+1",59,2,1,0,14,"CALIBRATED",146555780,0,3482,0,"ARITHMETIC"
"N-CT",6,11,3483,148019880,"Power N-CT61^2Arc(4)",61,2,0,4,14,"CALIBRATED",148019880,0,3483,0,"ARITHMETIC"
"N-CT",6,11,3541,148166290,"Power N-CT61^2Arc(3)",61,2,0,3,14,"CALIBRATED",148166290,0,3541,0,"ARITHMETIC"
"N-CT",6,11,3600,148312700,"Power N-CT61^2T1T1",61,2,0,2,14,"CALIBRATED",148312700,0,3600,0,"ARITHMETIC"
"N-CT",6,11,3660,148459110,"Power N-CT61^2T1",61,2,0,1,14,"CALIBRATED",148459110,0,3660,0,"ARITHMETIC"
"N-CT",6,11,3721,148605520,"Power N-CT61^2",61,2,0,0,14,"CALIBRATED",148605520,0,3721,0,"ARITHMETIC"
"N-CT",6,11,3730,148642700,"Power N-CT67^2Arc(5)T7",67,2,0,6,14,"CALIBRATED",148642700,0,3730,0,"ARITHMETIC"
"N-CT",6,11,3786,148644020,"Power N-CT67^2Arc(4)T7",67,2,0,5,14,"CALIBRATED",148644020,0,3786,0,"ARITHMETIC"
"N-CT",6,11,3843,148645340,"Power N-CT67^2Arc(3)T7",67,2,0,4,14,"CALIBRATED",148645340,0,3843,0,"ARITHMETIC"
"N-CT",6,11,3901,148646660,"Power N-CT67^2Arc(2)T7",67,2,0,3,14,"CALIBRATED",148646660,0,3901,0,"ARITHMETIC"
"N-CT",6,11,3960,148647980,"Power N-CT67^2T7T1",67,2,0,2,14,"CALIBRATED",148647980,0,3960,0,"ARITHMETIC"
"N-CT",6,11,4020,148649300,"Power N-CT67^2T7",67,2,0,1,14,"CALIBRATED",148649300,0,4020,0,"ARITHMETIC"
"N-CT",6,11,4026,148794390,"Power N-CT67^2T6T1",67,2,0,2,14,"CALIBRATED",148794390,0,4026,0,"ARITHMETIC"
"N-CT",6,11,4087,148795710,"Power N-CT67^2T6",67,2,0,1,14,"CALIBRATED",148795710,0,4087,0,"ARITHMETIC"
"N-CT",6,11,4102,148802420,"Power N-CT67^2Arc(6)",67,2,0,6,14,"CALIBRATED",148802420,0,4102,0,"ARITHMETIC"
"N-CT",6,11,4164,148803740,"Power N-CT67^2Arc(5)",67,2,0,5,14,"CALIBRATED",148803740,0,4164,0,"ARITHMETIC"
"N-CT",6,11,4227,148805060,"Power N-CT67^2Arc(4)",67,2,0,4,14,"CALIBRATED",148805060,0,4227,0,"ARITHMETIC"
"N-CT",6,11,4291,148806380,"Power N-CT67^2Arc(3)",67,2,0,3,14,"CALIBRATED",148806380,0,4291,0,"ARITHMETIC"
"N-CT",6,11,4356,148807700,"Power N-CT67^2T1T1",67,2,0,2,14,"CALIBRATED",148807700,0,4356,0,"ARITHMETIC"
"N-CT",6,11,4422,148809020,"Power N-CT67^2T1",67,2,0,1,14,"CALIBRATED",148809020,0,4422,0,"ARITHMETIC"
"N-CT",6,11,4489,148810340,"Power N-CT67^2",67,2,0,0,14,"CALIBRATED",148810340,0,4489,0,"ARITHMETIC"
"N-CT",6,11,4490,148811040,"Power N-CT67^2+1",67,2,1,0,14,"CALIBRATED",148811040,0,4490,0,"ARITHMETIC"
"N-CT",6,11,4556,152353810,"Power N-CT73^2T6T5",73,2,0,2,13,"CALIBRATED",152353810,0,4556,0,"ARITHMETIC"
"N-CT",6,11,4624,152353860,"Power N-CT73^2T5T5",73,2,0,2,13,"CALIBRATED",152353860,0,4624,0,"ARITHMETIC"
"N-CT",6,11,4818,153640870,"Power N-CT73^2T7",73,2,0,1,13,"CALIBRATED",153640870,0,4818,0,"ARITHMETIC"
"N-CT",6,11,4891,153642190,"Power N-CT73^2T6",73,2,0,1,13,"CALIBRATED",153642190,0,4891,0,"ARITHMETIC"
"N-CT",6,11,4964,153642240,"Power N-CT73^2T5",73,2,0,1,13,"CALIBRATED",153642240,0,4964,0,"ARITHMETIC"
"N-CT",6,11,5330,154930620,"Power N-CT73^2+1",73,2,1,0,13,"CALIBRATED",154930620,0,5330,0,"ARITHMETIC"
"N-CT",6,11,5478,155573350,"Power N-CT83^2T17",83,2,0,1,13,"CALIBRATED",155573350,0,5478,0,"ARITHMETIC"
"N-CT",6,11,5561,155574670,"Power N-CT83^2T16",83,2,0,1,13,"CALIBRATED",155574670,0,5561,0,"ARITHMETIC"
"N-CT",6,11,5644,155574720,"Power N-CT83^2T15",83,2,0,1,13,"CALIBRATED",155574720,0,5644,0,"ARITHMETIC"
"N-CT",6,11,6142,156863100,"Power N-CT83^2T9",83,2,0,1,13,"CALIBRATED",156863100,0,6142,0,"ARITHMETIC"
"N-CT",6,11,6889,157024140,"Power N-CT83^2",83,2,0,0,13,"CALIBRATED",157024140,0,6889,0,"ARITHMETIC"
"N-CT",6,11,6919,159264070,"Power N-CT89^2Arc(12)",89,2,0,12,13,"CALIBRATED",159264070,0,6919,0,"ARITHMETIC"
"N-CT",6,11,6997,159410480,"Power N-CT89^2Arc(11)",89,2,0,11,13,"CALIBRATED",159410480,0,6997,0,"ARITHMETIC"
"N-CT",6,11,7076,159556890,"Power N-CT89^2Arc(10)",89,2,0,10,13,"CALIBRATED",159556890,0,7076,0,"ARITHMETIC"
"N-CT",6,11,7382,159599240,"Power N-CT101^2Arc(13)T18",101,2,0,14,13,"CALIBRATED",NA,NA,7382,0,"ARITH_OPEN"
"N-CT",6,11,7822,159760280,"Power N-CT101^2Arc(13)T13",101,2,0,14,13,"CALIBRATED",NA,NA,7822,0,"ARITH_OPEN"
"N-CT",6,11,8438,159906690,"Power N-CT101^2Arc(13)T6",101,2,0,14,13,"CALIBRATED",NA,NA,8438,0,"ARITH_OPEN"
"N-CT",6,11,8614,159920000,"Power N-CT101^2Arc(13)T4",101,2,0,14,13,"CALIBRATED",NA,NA,8614,0,"ARITH_OPEN"
"N-CT",6,11,8790,159921210,"Power N-CT101^2Arc(13)T2",101,2,0,14,13,"CALIBRATED",NA,NA,8790,0,"ARITH_OPEN"
"N-CT",6,11,8839,161154090,"Power N-CT97^2Trin2,2,2",97,2,0,3,13,"CALIBRATED",161154090,0,NA,NA,"ARITHMETIC"
"N-CT",6,11,9025,161167400,"Power N-CT97^2T2T2",97,2,0,2,13,"CALIBRATED",161167400,0,9025,0,"ARITHMETIC"
"N-CT",6,11,9215,161180710,"Power N-CT97^2T2",97,2,0,1,13,"CALIBRATED",161180710,0,9215,0,"ARITHMETIC"
"N-CT",6,11,9409,161194020,"Power N-CT97^2",97,2,0,0,13,"CALIBRATED",161194020,0,9409,0,"ARITHMETIC"
"N-CT",6,11,9412,161209750,"Power N-CT97^2+3",97,2,3,0,13,"CALIBRATED",161209750,0,9412,0,"ARITHMETIC"
"N-CT",6,11,9421,167652450,"Power N-CT101^2Arc(8)",101,2,0,8,13,"CALIBRATED",167652450,0,9421,0,"ARITHMETIC"
"N-CT",6,11,9515,168940990,"Power N-CT101^2Arc(7)",101,2,0,7,13,"CALIBRATED",168940990,0,9515,0,"ARITHMETIC"
"N-CT",6,11,9610,170229530,"Power N-CT101^2Arc(6)",101,2,0,6,13,"CALIBRATED",170229530,0,9610,0,"ARITHMETIC"
"N-CT",6,11,9706,171518070,"Power N-CT101^2Arc(5)",101,2,0,5,13,"CALIBRATED",171518070,0,9706,0,"ARITHMETIC"
"N-CT",6,11,9803,172806610,"Power N-CT101^2Arc(4)",101,2,0,4,13,"CALIBRATED",172806610,0,9803,0,"ARITHMETIC"
"N-CT",6,11,9901,174095150,"Power N-CT101^2Arc(3)",101,2,0,3,13,"CALIBRATED",174095150,0,9901,0,"ARITHMETIC"
"N-CT",6,11,10000,175383690,"Power N-CT101^2T1T1",101,2,0,2,13,"CALIBRATED",175383690,0,10000,0,"ARITHMETIC"
"N-CT",5,12,1551,12749058,"Power N-CT47^2T14",47,2,0,1,9,"CALIBRATED",12749058,0,1551,0,"ARITHMETIC"
"N-CT",5,12,1850,12852306,"Power N-CT43^2+1",43,2,1,0,9,"CALIBRATED",12852306,0,1850,0,"ARITHMETIC"
"N-CT",5,12,3172,13364118,"Power N-CT61^2T9",61,2,0,1,9,"CALIBRATED",13364118,0,3172,0,"ARITHMETIC"
"N-CT",5,12,3233,13364274,"Power N-CT61^2T8",61,2,0,1,9,"CALIBRATED",13364274,0,3233,0,"ARITHMETIC"
"N-CT",5,12,3355,13366302,"Power N-CT61^2T6",61,2,0,1,9,"CALIBRATED",13366302,0,3355,0,"ARITHMETIC"
"N-CT",5,12,3722,13366494,"Power N-CT61^2+1",61,2,1,0,9,"CALIBRATED",13366494,0,3722,0,"ARITHMETIC"
"N-CT",5,12,3844,15565530,"Power N-CT67^2T5T5",67,2,0,2,9,"CALIBRATED",15565530,0,3844,0,"ARITHMETIC"
"N-CT",5,12,3869,15877458,"Power N-CT73^2T20",73,2,0,1,9,"CALIBRATED",15877458,0,3869,0,"ARITHMETIC"
"N-CT",5,12,4015,15879486,"Power N-CT73^2T18",73,2,0,1,9,"CALIBRATED",15879486,0,4015,0,"ARITHMETIC"
"N-CT",5,12,4526,15879678,"Power N-CT73^2T11",73,2,0,1,9,"CALIBRATED",15879678,0,4526,0,"ARITHMETIC"
"N-CT",5,12,4650,16079514,"Power N-CT79^2T17T4",79,2,0,2,9,"CALIBRATED",16079514,0,4650,0,"ARITHMETIC"
"N-CT",5,12,5146,16108062,"Power N-CT83^2T21",83,2,0,1,9,"CALIBRATED",16108062,0,5146,0,"ARITHMETIC"
"N-CT",5,12,5331,16193826,"Power N-CT73^2+2",73,2,2,0,9,"CALIBRATED",16193826,0,5331,0,"ARITHMETIC"
"N-CT",5,12,5335,16329114,"Power N-CT89^2Arc(3)T27",89,2,0,4,9,"CALIBRATED",16329114,0,5335,0,"ARITHMETIC"
"N-CT",5,12,5395,16331142,"Power N-CT89^2Arc(2)T27",89,2,0,3,9,"CALIBRATED",16331142,0,5395,0,"ARITHMETIC"
"N-CT",5,12,6890,16450758,"Power N-CT83^2+1",83,2,1,0,9,"CALIBRATED",16450758,0,6890,0,"ARITHMETIC"
"N-CT",5,12,6977,16647474,"Power N-CT89^2Trin1,5,5",89,2,0,3,9,"CALIBRATED",16647474,0,NA,NA,"ARITHMETIC"
"N-CT",5,12,7056,16649502,"Power N-CT89^2T5T5",89,2,0,2,9,"CALIBRATED",16649502,0,7056,0,"ARITHMETIC"
"CT",6,12,575,231686728,"Power CT25^2T2",25,2,0,1,16,"FORMULA",231686728,0,575,0,"ARITHMETIC"
"CT",6,12,625,231686752,"Power CT25^2",25,2,0,0,16,"FORMULA",231686752,0,625,0,"ARITHMETIC"
"N-CT",6,12,841,278469510,"Power N-CT29^2",29,2,0,0,15,"CALIBRATED",278469510,0,841,0,"ARITHMETIC"
"N-CT",6,12,850,284781450,"Power N-CT37^2T12T3",37,2,0,2,15,"CALIBRATED",284781450,0,850,0,"ARITHMETIC"
"N-CT",6,12,851,284781618,"Power N-CT37^2T14",37,2,0,1,15,"CALIBRATED",284781618,0,851,0,"ARITHMETIC"
"N-CT",6,12,925,284781642,"Power N-CT37^2T12",37,2,0,1,15,"CALIBRATED",284781642,0,925,0,"ARITHMETIC"
"N-CT",6,12,930,288836958,"Power N-CT31^2T1",31,2,0,1,15,"CALIBRATED",288836958,0,930,0,"ARITHMETIC"
"N-CT",6,12,957,288837270,"Power N-CT37^2T8T4",37,2,0,2,15,"CALIBRATED",288837270,0,957,0,"ARITHMETIC"
"N-CT",6,12,986,288865662,"Power N-CT37^2T8T3",37,2,0,2,15,"CALIBRATED",288865662,0,986,0,"ARITHMETIC"
"N-CT",6,12,1073,288865854,"Power N-CT37^2T8",37,2,0,1,15,"CALIBRATED",288865854,0,1073,0,"ARITHMETIC"
"N-CT",6,12,1110,289237134,"Power N-CT37^2T7",37,2,0,1,15,"CALIBRATED",289237134,0,1110,0,"ARITHMETIC"
"N-CT",6,12,1122,289579674,"Power N-CT37^2T4T3",37,2,0,2,15,"CALIBRATED",289579674,0,1122,0,"ARITHMETIC"
"N-CT",6,12,1221,289579866,"Power N-CT37^2T4",37,2,0,1,15,"CALIBRATED",289579866,0,1221,0,"ARITHMETIC"
"N-CT",6,12,1258,289608258,"Power N-CT37^2T3",37,2,0,1,15,"CALIBRATED",289608258,0,1258,0,"ARITHMETIC"
"N-CT",6,12,1371,289608450,"Power N-CT37^2+2",37,2,2,0,15,"CALIBRATED",289608450,0,1371,0,"ARITHMETIC"
"N-CT",6,12,1447,315227420,"Power N-CT41^2Trin2,2,2",41,2,0,3,14,"CALIBRATED",315227420,0,NA,NA,"ARITHMETIC"
"N-CT",6,12,1521,319311620,"Power N-CT41^2T2T2",41,2,0,2,14,"CALIBRATED",319311620,0,1521,0,"ARITHMETIC"
"N-CT",6,12,1599,323395820,"Power N-CT41^2T2",41,2,0,1,14,"CALIBRATED",323395820,0,1599,0,"ARITHMETIC"
"N-CT",6,12,1681,327480020,"Power N-CT41^2",41,2,0,0,14,"CALIBRATED",327480020,0,1681,0,"ARITHMETIC"
"N-CT",6,12,1833,328222460,"Power N-CT47^2T8",47,2,0,1,14,"CALIBRATED",328222460,0,1833,0,"ARITHMETIC"
"N-CT",6,12,1927,332306660,"Power N-CT47^2T6",47,2,0,1,14,"CALIBRATED",332306660,0,1927,0,"ARITHMETIC"
"N-CT",6,12,2211,332677940,"Power N-CT47^2+2",47,2,2,0,14,"CALIBRATED",332677940,0,2211,0,"ARITHMETIC"
"N-CT",6,12,2221,336760304,"Power N-CT53^2Trin4,4,4",53,2,0,3,14,"CALIBRATED",336760304,0,NA,NA,"ARITHMETIC"
"N-CT",6,12,2311,337103036,"Power N-CT53^2Trin2,4,4",53,2,0,3,14,"CALIBRATED",337103036,0,NA,NA,"ARITHMETIC"
"N-CT",6,12,2356,337129400,"Power N-CT53^2Trin1,4,4",53,2,0,3,14,"CALIBRATED",337129400,0,NA,NA,"ARITHMETIC"
"N-CT",6,12,2401,337131428,"Power N-CT53^2T4T4",53,2,0,2,14,"CALIBRATED",337131428,0,2401,0,"ARITHMETIC"
"N-CT",6,12,2405,337445768,"Power N-CT53^2Trin2,2,4",53,2,0,3,14,"CALIBRATED",337445768,0,NA,NA,"ARITHMETIC"
"N-CT",6,12,2452,337472132,"Power N-CT53^2Trin1,2,4",53,2,0,3,14,"CALIBRATED",337472132,0,NA,NA,"ARITHMETIC"
"N-CT",6,12,2499,337474160,"Power N-CT53^2T4T2",53,2,0,2,14,"CALIBRATED",337474160,0,2499,0,"ARITHMETIC"
"N-CT",6,12,2500,337498496,"Power N-CT53^2Arc(2)T4",53,2,0,3,14,"CALIBRATED",337498496,0,2500,0,"ARITHMETIC"
"N-CT",6,12,2548,337500524,"Power N-CT53^2T4T1",53,2,0,2,14,"CALIBRATED",337500524,0,2548,0,"ARITHMETIC"
"N-CT",6,12,2597,337502552,"Power N-CT53^2T4",53,2,0,1,14,"CALIBRATED",337502552,0,2597,0,"ARITHMETIC"
"N-CT",6,12,2601,337816892,"Power N-CT53^2T2T2",53,2,0,2,14,"CALIBRATED",337816892,0,2601,0,"ARITHMETIC"
"N-CT",6,12,2602,337841228,"Power N-CT53^2Arc(2)T2",53,2,0,3,14,"CALIBRATED",337841228,0,2602,0,"ARITHMETIC"
"N-CT",6,12,2652,337843256,"Power N-CT53^2T2T1",53,2,0,2,14,"CALIBRATED",337843256,0,2652,0,"ARITHMETIC"
"N-CT",6,12,2703,337845284,"Power N-CT53^2T2",53,2,0,1,14,"CALIBRATED",337845284,0,2703,0,"ARITHMETIC"
"N-CT",6,12,2704,337869620,"Power N-CT53^2T1T1",53,2,0,2,14,"CALIBRATED",337869620,0,2704,0,"ARITHMETIC"
"N-CT",6,12,2756,337871648,"Power N-CT53^2T1",53,2,0,1,14,"CALIBRATED",337871648,0,2756,0,"ARITHMETIC"
"N-CT",6,12,2809,337873676,"Power N-CT53^2",53,2,0,0,14,"CALIBRATED",337873676,0,2809,0,"ARITHMETIC"
"N-CT",6,12,2810,337875860,"Power N-CT53^2+1",53,2,1,0,14,"CALIBRATED",337875860,0,2810,0,"ARITHMETIC"
"N-CT",6,12,2812,337876532,"Power N-CT53^2+3",53,2,3,0,14,"CALIBRATED",337876532,0,2812,0,"ARITHMETIC"
"N-CT",6,12,2824,365808682,"Power N-CT73^2Trin8,17,17",73,2,0,3,13,"CALIBRATED",365808682,0,NA,NA,"ARITHMETIC"
"N-CT",6,12,2842,366177730,"Power N-CT73^2Trin2,17,21",73,2,0,3,13,"CALIBRATED",366177730,0,NA,NA,"ARITHMETIC"
"N-CT",6,12,2896,366179758,"Power N-CT73^2Trin2,17,20",73,2,0,3,13,"CALIBRATED",366179758,0,NA,NA,"ARITHMETIC"
"N-CT",6,12,2950,366179914,"Power N-CT73^2Trin2,17,19",73,2,0,3,13,"CALIBRATED",366179914,0,NA,NA,"ARITHMETIC"
"N-CT",6,12,3058,366179962,"Power N-CT73^2Trin2,17,17",73,2,0,3,13,"CALIBRATED",366179962,0,NA,NA,"ARITHMETIC"
"N-CT",6,12,3136,366522694,"Power N-CT73^2T17T17",73,2,0,2,13,"CALIBRATED",366522694,0,3136,0,"ARITHMETIC"
"N-CT",6,12,3142,369892822,"Power N-CT73^2Trin8,8,19",73,2,0,3,13,"CALIBRATED",369892822,0,NA,NA,"ARITHMETIC"
"N-CT",6,12,3256,369892870,"Power N-CT73^2Trin8,8,17",73,2,0,3,13,"CALIBRATED",369892870,0,NA,NA,"ARITHMETIC"
"N-CT",6,12,3304,370235602,"Power N-CT73^2T17T14",73,2,0,2,13,"CALIBRATED",370235602,0,3304,0,"ARITHMETIC"
"N-CT",6,12,3355,370263946,"Power N-CT73^2Trin2,8,20",73,2,0,3,13,"CALIBRATED",370263946,0,NA,NA,"ARITHMETIC"
"N-CT",6,12,3418,370264102,"Power N-CT73^2Trin2,8,19",73,2,0,3,13,"CALIBRATED",370264102,0,NA,NA,"ARITHMETIC"
"N-CT",6,12,3544,370264150,"Power N-CT73^2Trin2,8,17",73,2,0,3,13,"CALIBRATED",370264150,0,NA,NA,"ARITHMETIC"
"N-CT",6,12,3640,370606882,"Power N-CT73^2T17T8",73,2,0,2,13,"CALIBRATED",370606882,0,3640,0,"ARITHMETIC"
"N-CT",6,12,3661,370635226,"Power N-CT73^2Trin2,2,20",73,2,0,3,13,"CALIBRATED",370635226,0,NA,NA,"ARITHMETIC"
"N-CT",6,12,3730,370635382,"Power N-CT73^2Trin2,2,19",73,2,0,3,13,"CALIBRATED",370635382,0,NA,NA,"ARITHMETIC"
"N-CT",6,12,3868,370635430,"Power N-CT73^2Trin2,2,17",73,2,0,3,13,"CALIBRATED",370635430,0,NA,NA,"ARITHMETIC"
"N-CT",6,12,3976,370978162,"Power N-CT73^2T17T2",73,2,0,2,13,"CALIBRATED",370978162,0,3976,0,"ARITHMETIC"
"N-CT",6,12,4088,371320894,"Power N-CT73^2T17",73,2,0,1,13,"CALIBRATED",371320894,0,4088,0,"ARITHMETIC"
"N-CT",6,12,4204,371584534,"Power N-CT79^2Trin2,2,23",79,2,0,3,13,"CALIBRATED",371584534,0,NA,NA,"ARITHMETIC"
"N-CT",6,12,4312,371610898,"Power N-CT79^2T23T2",79,2,0,2,13,"CALIBRATED",371610898,0,4312,0,"ARITHMETIC"
"N-CT",6,12,4424,371637262,"Power N-CT79^2T23",79,2,0,1,13,"CALIBRATED",371637262,0,4424,0,"ARITHMETIC"
"N-CT",6,12,5748,372775858,"Power N-CT83^2Arc(13)T2",83,2,0,14,13,"CALIBRATED",NA,NA,5748,0,"ARITH_OPEN"
"N-CT",6,12,5779,376382734,"Power N-CT79^2Trin2,2,2",79,2,0,3,13,"CALIBRATED",376382734,0,NA,NA,"ARITHMETIC"
"N-CT",6,12,5929,376409098,"Power N-CT79^2T2T2",79,2,0,2,13,"CALIBRATED",376409098,0,5929,0,"ARITHMETIC"
"N-CT",6,12,6083,376435462,"Power N-CT79^2T2",79,2,0,1,13,"CALIBRATED",376435462,0,6083,0,"ARITHMETIC"
"N-CT",6,12,6243,376461826,"Power N-CT79^2+2",79,2,2,0,13,"CALIBRATED",376461826,0,6243,0,"ARITHMETIC"
"N-CT",6,12,6244,376490998,"Power N-CT79^2+3",79,2,3,0,13,"CALIBRATED",376490998,0,6244,0,"ARITHMETIC"
"N-CT",6,12,6253,395055478,"Power N-CT83^2Arc(8)",83,2,0,8,13,"CALIBRATED",395055478,0,6253,0,"ARITHMETIC"
"N-CT",6,12,6329,398768374,"Power N-CT83^2Arc(7)",83,2,0,7,13,"CALIBRATED",398768374,0,6329,0,"ARITHMETIC"
"N-CT",6,12,6406,402481270,"Power N-CT83^2Arc(6)",83,2,0,6,13,"CALIBRATED",402481270,0,6406,0,"ARITHMETIC"
"N-CT",6,12,6484,406194166,"Power N-CT83^2Arc(5)",83,2,0,5,13,"CALIBRATED",406194166,0,6484,0,"ARITHMETIC"
"N-CT",6,12,6563,409907062,"Power N-CT83^2Arc(4)",83,2,0,4,13,"CALIBRATED",409907062,0,6563,0,"ARITHMETIC"
"N-CT",6,12,6643,413619958,"Power N-CT83^2Arc(3)",83,2,0,3,13,"CALIBRATED",413619958,0,6643,0,"ARITHMETIC"
"N-CT",6,12,6724,417332854,"Power N-CT83^2T1T1",83,2,0,2,13,"CALIBRATED",417332854,0,6724,0,"ARITHMETIC"
"N-CT",6,12,6853,421017142,"Power N-CT89^2T12",89,2,0,1,13,"CALIBRATED",421017142,0,6853,0,"ARITHMETIC"
"N-CT",6,12,7209,421043506,"Power N-CT89^2T8",89,2,0,1,13,"CALIBRATED",421043506,0,7209,0,"ARITHMETIC"
"N-CT",6,12,7298,421045750,"Power N-CT89^2T7",89,2,0,1,13,"CALIBRATED",421045750,0,7298,0,"ARITHMETIC"
"N-CT",6,12,7923,424758646,"Power N-CT89^2+2",89,2,2,0,13,"CALIBRATED",424758646,0,7923,0,"ARITHMETIC"
"N-CT",6,12,8181,425498866,"Power N-CT101^2T20",101,2,0,1,13,"CALIBRATED",425498866,0,8181,0,"ARITHMETIC"
"N-CT",6,12,8282,425501110,"Power N-CT101^2T19",101,2,0,1,13,"CALIBRATED",425501110,0,8282,0,"ARITHMETIC"
"N-CT",6,12,9191,429214006,"Power N-CT101^2T10",101,2,0,1,13,"CALIBRATED",429214006,0,9191,0,"ARITHMETIC"
"N-CT",6,12,10000,429585286,"Power N-CT101^2",101,2,0,0,13,"CALIBRATED",429585286,0,10201,-201,"ARITHMETIC"
"N-CT",5,13,1247,12509592,"Power N-CT43^2T14",43,2,0,1,9,"CALIBRATED",12509592,0,1247,0,"ARITHMETIC"
"N-CT",5,13,1333,12535956,"Power N-CT43^2T12",43,2,0,1,9,"CALIBRATED",12535956,0,1333,0,"ARITHMETIC"
"N-CT",5,13,1419,12538164,"Power N-CT43^2T10",43,2,0,1,9,"CALIBRATED",12538164,0,1419,0,"ARITHMETIC"
"N-CT",5,13,1452,12722712,"Power N-CT47^2T14T3",47,2,0,2,9,"CALIBRATED",12722712,0,1452,0,"ARITHMETIC"
"N-CT",5,13,1457,12746868,"Power N-CT47^2T16",47,2,0,1,9,"CALIBRATED",12746868,0,1457,0,"ARITHMETIC"
"N-CT",5,13,1551,12749076,"Power N-CT47^2T14",47,2,0,1,9,"CALIBRATED",12749076,0,1551,0,"ARITHMETIC"
"N-CT",5,13,1850,12852324,"Power N-CT43^2+1",43,2,1,0,9,"CALIBRATED",12852324,0,1850,0,"ARITHMETIC"
"N-CT",5,13,3172,13364136,"Power N-CT61^2T9",61,2,0,1,9,"CALIBRATED",13364136,0,3172,0,"ARITHMETIC"
"N-CT",5,13,3233,13364292,"Power N-CT61^2T8",61,2,0,1,9,"CALIBRATED",13364292,0,3233,0,"ARITHMETIC"
"N-CT",5,13,3355,13366320,"Power N-CT61^2T6",61,2,0,1,9,"CALIBRATED",13366320,0,3355,0,"ARITHMETIC"
"N-CT",5,13,3722,13366512,"Power N-CT61^2+1",61,2,1,0,9,"CALIBRATED",13366512,0,3722,0,"ARITHMETIC"
"N-CT",5,13,3844,15565548,"Power N-CT67^2T5T5",67,2,0,2,9,"CALIBRATED",15565548,0,3844,0,"ARITHMETIC"
"N-CT",5,13,3869,15877476,"Power N-CT73^2T20",73,2,0,1,9,"CALIBRATED",15877476,0,3869,0,"ARITHMETIC"
"N-CT",5,13,4015,15879504,"Power N-CT73^2T18",73,2,0,1,9,"CALIBRATED",15879504,0,4015,0,"ARITHMETIC"
"N-CT",5,13,4526,15879696,"Power N-CT73^2T11",73,2,0,1,9,"CALIBRATED",15879696,0,4526,0,"ARITHMETIC"
"N-CT",5,13,4650,16079532,"Power N-CT79^2T17T4",79,2,0,2,9,"CALIBRATED",16079532,0,4650,0,"ARITHMETIC"
"N-CT",5,13,5146,16108080,"Power N-CT83^2T21",83,2,0,1,9,"CALIBRATED",16108080,0,5146,0,"ARITHMETIC"
"N-CT",5,13,5331,16193844,"Power N-CT73^2+2",73,2,2,0,9,"CALIBRATED",16193844,0,5331,0,"ARITHMETIC"
"N-CT",5,13,5335,16329132,"Power N-CT89^2Arc(3)T27",89,2,0,4,9,"CALIBRATED",16329132,0,5335,0,"ARITHMETIC"
"N-CT",5,13,5395,16331160,"Power N-CT89^2Arc(2)T27",89,2,0,3,9,"CALIBRATED",16331160,0,5395,0,"ARITHMETIC"
"N-CT",5,13,6890,16450776,"Power N-CT83^2+1",83,2,1,0,9,"CALIBRATED",16450776,0,6890,0,"ARITHMETIC"
"N-CT",5,13,6977,16647492,"Power N-CT89^2Trin1,5,5",89,2,0,3,9,"CALIBRATED",16647492,0,NA,NA,"ARITHMETIC"
"N-CT",5,13,7056,16649520,"Power N-CT89^2T5T5",89,2,0,2,9,"CALIBRATED",16649520,0,7056,0,"ARITHMETIC"
"CT",6,13,575,231686760,"Power CT25^2T2",25,2,0,1,16,"FORMULA",231686760,0,575,0,"ARITHMETIC"
"CT",6,13,625,231686784,"Power CT25^2",25,2,0,0,16,"FORMULA",231686784,0,625,0,"ARITHMETIC"
"N-CT",6,13,841,278469540,"Power N-CT29^2",29,2,0,0,15,"CALIBRATED",278469540,0,841,0,"ARITHMETIC"
"N-CT",6,13,850,284781480,"Power N-CT37^2T12T3",37,2,0,2,15,"CALIBRATED",284781480,0,850,0,"ARITHMETIC"
"N-CT",6,13,851,284781648,"Power N-CT37^2T14",37,2,0,1,15,"CALIBRATED",284781648,0,851,0,"ARITHMETIC"
"N-CT",6,13,925,284781672,"Power N-CT37^2T12",37,2,0,1,15,"CALIBRATED",284781672,0,925,0,"ARITHMETIC"
"N-CT",6,13,930,288836988,"Power N-CT31^2T1",31,2,0,1,15,"CALIBRATED",288836988,0,930,0,"ARITHMETIC"
"N-CT",6,13,957,288837300,"Power N-CT37^2T8T4",37,2,0,2,15,"CALIBRATED",288837300,0,957,0,"ARITHMETIC"
"N-CT",6,13,986,288865692,"Power N-CT37^2T8T3",37,2,0,2,15,"CALIBRATED",288865692,0,986,0,"ARITHMETIC"
"N-CT",6,13,1073,288865884,"Power N-CT37^2T8",37,2,0,1,15,"CALIBRATED",288865884,0,1073,0,"ARITHMETIC"
"N-CT",6,13,1110,289237164,"Power N-CT37^2T7",37,2,0,1,15,"CALIBRATED",289237164,0,1110,0,"ARITHMETIC"
"N-CT",6,13,1122,289579704,"Power N-CT37^2T4T3",37,2,0,2,15,"CALIBRATED",289579704,0,1122,0,"ARITHMETIC"
"N-CT",6,13,1221,289579896,"Power N-CT37^2T4",37,2,0,1,15,"CALIBRATED",289579896,0,1221,0,"ARITHMETIC"
"N-CT",6,13,1258,289608288,"Power N-CT37^2T3",37,2,0,1,15,"CALIBRATED",289608288,0,1258,0,"ARITHMETIC"
"N-CT",6,13,1371,289608480,"Power N-CT37^2+2",37,2,2,0,15,"CALIBRATED",289608480,0,1371,0,"ARITHMETIC"
"N-CT",6,13,1447,315227448,"Power N-CT41^2Trin2,2,2",41,2,0,3,14,"CALIBRATED",315227448,0,NA,NA,"ARITHMETIC"
"N-CT",6,13,1521,319311648,"Power N-CT41^2T2T2",41,2,0,2,14,"CALIBRATED",319311648,0,1521,0,"ARITHMETIC"
"N-CT",6,13,1599,323395848,"Power N-CT41^2T2",41,2,0,1,14,"CALIBRATED",323395848,0,1599,0,"ARITHMETIC"
"N-CT",6,13,1681,327480048,"Power N-CT41^2",41,2,0,0,14,"CALIBRATED",327480048,0,1681,0,"ARITHMETIC"
"N-CT",6,13,1833,328222488,"Power N-CT47^2T8",47,2,0,1,14,"CALIBRATED",328222488,0,1833,0,"ARITHMETIC"
"N-CT",6,13,1927,332306688,"Power N-CT47^2T6",47,2,0,1,14,"CALIBRATED",332306688,0,1927,0,"ARITHMETIC"
"N-CT",6,13,2211,332677968,"Power N-CT47^2+2",47,2,2,0,14,"CALIBRATED",332677968,0,2211,0,"ARITHMETIC"
"N-CT",6,13,2221,336760332,"Power N-CT53^2Trin4,4,4",53,2,0,3,14,"CALIBRATED",336760332,0,NA,NA,"ARITHMETIC"
"N-CT",6,13,2311,337103064,"Power N-CT53^2Trin2,4,4",53,2,0,3,14,"CALIBRATED",337103064,0,NA,NA,"ARITHMETIC"
"N-CT",6,13,2356,337129428,"Power N-CT53^2Trin1,4,4",53,2,0,3,14,"CALIBRATED",337129428,0,NA,NA,"ARITHMETIC"
"N-CT",6,13,2401,337131456,"Power N-CT53^2T4T4",53,2,0,2,14,"CALIBRATED",337131456,0,2401,0,"ARITHMETIC"
"N-CT",6,13,2405,337445796,"Power N-CT53^2Trin2,2,4",53,2,0,3,14,"CALIBRATED",337445796,0,NA,NA,"ARITHMETIC"
"N-CT",6,13,2452,337472160,"Power N-CT53^2Trin1,2,4",53,2,0,3,14,"CALIBRATED",337472160,0,NA,NA,"ARITHMETIC"
"N-CT",6,13,2499,337474188,"Power N-CT53^2T4T2",53,2,0,2,14,"CALIBRATED",337474188,0,2499,0,"ARITHMETIC"
"N-CT",6,13,2500,337498524,"Power N-CT53^2Arc(2)T4",53,2,0,3,14,"CALIBRATED",337498524,0,2500,0,"ARITHMETIC"
"N-CT",6,13,2548,337500552,"Power N-CT53^2T4T1",53,2,0,2,14,"CALIBRATED",337500552,0,2548,0,"ARITHMETIC"
"N-CT",6,13,2597,337502580,"Power N-CT53^2T4",53,2,0,1,14,"CALIBRATED",337502580,0,2597,0,"ARITHMETIC"
"N-CT",6,13,2601,337816920,"Power N-CT53^2T2T2",53,2,0,2,14,"CALIBRATED",337816920,0,2601,0,"ARITHMETIC"
"N-CT",6,13,2602,337841256,"Power N-CT53^2Arc(2)T2",53,2,0,3,14,"CALIBRATED",337841256,0,2602,0,"ARITHMETIC"
"N-CT",6,13,2652,337843284,"Power N-CT53^2T2T1",53,2,0,2,14,"CALIBRATED",337843284,0,2652,0,"ARITHMETIC"
"N-CT",6,13,2703,337845312,"Power N-CT53^2T2",53,2,0,1,14,"CALIBRATED",337845312,0,2703,0,"ARITHMETIC"
"N-CT",6,13,2704,337869648,"Power N-CT53^2T1T1",53,2,0,2,14,"CALIBRATED",337869648,0,2704,0,"ARITHMETIC"
"N-CT",6,13,2756,337871676,"Power N-CT53^2T1",53,2,0,1,14,"CALIBRATED",337871676,0,2756,0,"ARITHMETIC"
"N-CT",6,13,2809,337873704,"Power N-CT53^2",53,2,0,0,14,"CALIBRATED",337873704,0,2809,0,"ARITHMETIC"
"N-CT",6,13,2810,337875888,"Power N-CT53^2+1",53,2,1,0,14,"CALIBRATED",337875888,0,2810,0,"ARITHMETIC"
"N-CT",6,13,2812,337876560,"Power N-CT53^2+3",53,2,3,0,14,"CALIBRATED",337876560,0,2812,0,"ARITHMETIC"
"N-CT",6,13,2824,365808708,"Power N-CT73^2Trin8,17,17",73,2,0,3,13,"CALIBRATED",365808708,0,NA,NA,"ARITHMETIC"
"N-CT",6,13,2842,366177756,"Power N-CT73^2Trin2,17,21",73,2,0,3,13,"CALIBRATED",366177756,0,NA,NA,"ARITHMETIC"
"N-CT",6,13,2896,366179784,"Power N-CT73^2Trin2,17,20",73,2,0,3,13,"CALIBRATED",366179784,0,NA,NA,"ARITHMETIC"
"N-CT",6,13,2950,366179940,"Power N-CT73^2Trin2,17,19",73,2,0,3,13,"CALIBRATED",366179940,0,NA,NA,"ARITHMETIC"
"N-CT",6,13,3058,366179988,"Power N-CT73^2Trin2,17,17",73,2,0,3,13,"CALIBRATED",366179988,0,NA,NA,"ARITHMETIC"
"N-CT",6,13,3136,366522720,"Power N-CT73^2T17T17",73,2,0,2,13,"CALIBRATED",366522720,0,3136,0,"ARITHMETIC"
"N-CT",6,13,3142,369892848,"Power N-CT73^2Trin8,8,19",73,2,0,3,13,"CALIBRATED",369892848,0,NA,NA,"ARITHMETIC"
"N-CT",6,13,3256,369892896,"Power N-CT73^2Trin8,8,17",73,2,0,3,13,"CALIBRATED",369892896,0,NA,NA,"ARITHMETIC"
"N-CT",6,13,3304,370235628,"Power N-CT73^2T17T14",73,2,0,2,13,"CALIBRATED",370235628,0,3304,0,"ARITHMETIC"
"N-CT",6,13,3355,370263972,"Power N-CT73^2Trin2,8,20",73,2,0,3,13,"CALIBRATED",370263972,0,NA,NA,"ARITHMETIC"
"N-CT",6,13,3418,370264128,"Power N-CT73^2Trin2,8,19",73,2,0,3,13,"CALIBRATED",370264128,0,NA,NA,"ARITHMETIC"
"N-CT",6,13,3544,370264176,"Power N-CT73^2Trin2,8,17",73,2,0,3,13,"CALIBRATED",370264176,0,NA,NA,"ARITHMETIC"
"N-CT",6,13,3640,370606908,"Power N-CT73^2T17T8",73,2,0,2,13,"CALIBRATED",370606908,0,3640,0,"ARITHMETIC"
"N-CT",6,13,3661,370635252,"Power N-CT73^2Trin2,2,20",73,2,0,3,13,"CALIBRATED",370635252,0,NA,NA,"ARITHMETIC"
"N-CT",6,13,3730,370635408,"Power N-CT73^2Trin2,2,19",73,2,0,3,13,"CALIBRATED",370635408,0,NA,NA,"ARITHMETIC"
"N-CT",6,13,3868,370635456,"Power N-CT73^2Trin2,2,17",73,2,0,3,13,"CALIBRATED",370635456,0,NA,NA,"ARITHMETIC"
"N-CT",6,13,3976,370978188,"Power N-CT73^2T17T2",73,2,0,2,13,"CALIBRATED",370978188,0,3976,0,"ARITHMETIC"
"N-CT",6,13,4088,371320920,"Power N-CT73^2T17",73,2,0,1,13,"CALIBRATED",371320920,0,4088,0,"ARITHMETIC"
"N-CT",6,13,4204,371584560,"Power N-CT79^2Trin2,2,23",79,2,0,3,13,"CALIBRATED",371584560,0,NA,NA,"ARITHMETIC"
"N-CT",6,13,4312,371610924,"Power N-CT79^2T23T2",79,2,0,2,13,"CALIBRATED",371610924,0,4312,0,"ARITHMETIC"
"N-CT",6,13,4424,371637288,"Power N-CT79^2T23",79,2,0,1,13,"CALIBRATED",371637288,0,4424,0,"ARITHMETIC"
"N-CT",6,13,5748,372775884,"Power N-CT83^2Arc(13)T2",83,2,0,14,13,"CALIBRATED",NA,NA,5748,0,"ARITH_OPEN"
"N-CT",6,13,5779,376382760,"Power N-CT79^2Trin2,2,2",79,2,0,3,13,"CALIBRATED",376382760,0,NA,NA,"ARITHMETIC"
"N-CT",6,13,5929,376409124,"Power N-CT79^2T2T2",79,2,0,2,13,"CALIBRATED",376409124,0,5929,0,"ARITHMETIC"
"N-CT",6,13,6083,376435488,"Power N-CT79^2T2",79,2,0,1,13,"CALIBRATED",376435488,0,6083,0,"ARITHMETIC"
"N-CT",6,13,6243,376461852,"Power N-CT79^2+2",79,2,2,0,13,"CALIBRATED",376461852,0,6243,0,"ARITHMETIC"
"N-CT",6,13,6244,376491024,"Power N-CT79^2+3",79,2,3,0,13,"CALIBRATED",376491024,0,6244,0,"ARITHMETIC"
"N-CT",6,13,6253,395055504,"Power N-CT83^2Arc(8)",83,2,0,8,13,"CALIBRATED",395055504,0,6253,0,"ARITHMETIC"
"N-CT",6,13,6329,398768400,"Power N-CT83^2Arc(7)",83,2,0,7,13,"CALIBRATED",398768400,0,6329,0,"ARITHMETIC"
"N-CT",6,13,6406,402481296,"Power N-CT83^2Arc(6)",83,2,0,6,13,"CALIBRATED",402481296,0,6406,0,"ARITHMETIC"
"N-CT",6,13,6484,406194192,"Power N-CT83^2Arc(5)",83,2,0,5,13,"CALIBRATED",406194192,0,6484,0,"ARITHMETIC"
"N-CT",6,13,6563,409907088,"Power N-CT83^2Arc(4)",83,2,0,4,13,"CALIBRATED",409907088,0,6563,0,"ARITHMETIC"
"N-CT",6,13,6643,413619984,"Power N-CT83^2Arc(3)",83,2,0,3,13,"CALIBRATED",413619984,0,6643,0,"ARITHMETIC"
"N-CT",6,13,6724,417332880,"Power N-CT83^2T1T1",83,2,0,2,13,"CALIBRATED",417332880,0,6724,0,"ARITHMETIC"
"N-CT",6,13,6853,421017168,"Power N-CT89^2T12",89,2,0,1,13,"CALIBRATED",421017168,0,6853,0,"ARITHMETIC"
"N-CT",6,13,7209,421043532,"Power N-CT89^2T8",89,2,0,1,13,"CALIBRATED",421043532,0,7209,0,"ARITHMETIC"
"N-CT",6,13,7298,421045776,"Power N-CT89^2T7",89,2,0,1,13,"CALIBRATED",421045776,0,7298,0,"ARITHMETIC"
"N-CT",6,13,7923,424758672,"Power N-CT89^2+2",89,2,2,0,13,"CALIBRATED",424758672,0,7923,0,"ARITHMETIC"
"N-CT",6,13,8181,425498892,"Power N-CT101^2T20",101,2,0,1,13,"CALIBRATED",425498892,0,8181,0,"ARITHMETIC"
"N-CT",6,13,8282,425501136,"Power N-CT101^2T19",101,2,0,1,13,"CALIBRATED",425501136,0,8282,0,"ARITHMETIC"
"N-CT",6,13,9191,429214032,"Power N-CT101^2T10",101,2,0,1,13,"CALIBRATED",429214032,0,9191,0,"ARITHMETIC"
"N-CT",6,13,10000,429585312,"Power N-CT101^2",101,2,0,0,13,"CALIBRATED",429585312,0,10201,-201,"ARITHMETIC"
"N-CT",5,14,3233,37551939,"Power N-CT61^2T8",61,2,0,1,9,"CALIBRATED",37551939,0,3233,0,"ARITHMETIC"
"N-CT",5,14,3242,37609329,"Power N-CT67^2Trin3,3,14",67,2,0,3,9,"CALIBRATED",37609329,0,NA,NA,"ARITHMETIC"
"N-CT",5,14,3286,37609374,"Power N-CT67^2T14T5",67,2,0,2,9,"CALIBRATED",37609374,0,3286,0,"ARITHMETIC"
"N-CT",5,14,3342,37613409,"Power N-CT67^2Trin1,3,14",67,2,0,3,9,"CALIBRATED",37613409,0,NA,NA,"ARITHMETIC"
"N-CT",5,14,3392,37613454,"Power N-CT67^2T14T3",67,2,0,2,9,"CALIBRATED",37613454,0,3392,0,"ARITHMETIC"
"N-CT",5,14,3395,37617444,"Power N-CT67^2Arc(3)T14",67,2,0,4,9,"CALIBRATED",37617444,0,3395,0,"ARITHMETIC"
"N-CT",5,14,3416,37617459,"Power N-CT61^2T5",61,2,0,1,9,"CALIBRATED",37617459,0,3416,0,"ARITHMETIC"
"N-CT",5,14,3446,37617489,"Power N-CT67^2Arc(2)T14",67,2,0,3,9,"CALIBRATED",37617489,0,3446,0,"ARITHMETIC"
"N-CT",5,14,3498,37617534,"Power N-CT67^2T14T1",67,2,0,2,9,"CALIBRATED",37617534,0,3498,0,"ARITHMETIC"
"N-CT",5,14,3869,37617579,"Power N-CT73^2T20",73,2,0,1,9,"CALIBRATED",37617579,0,3869,0,"ARITHMETIC"
"N-CT",5,14,4088,37683099,"Power N-CT73^2T17",73,2,0,1,9,"CALIBRATED",37683099,0,4088,0,"ARITHMETIC"
"N-CT",5,14,4096,37740414,"Power N-CT67^2T3T3",67,2,0,2,9,"CALIBRATED",37740414,0,4096,0,"ARITHMETIC"
"N-CT",5,14,4526,37740459,"Power N-CT73^2T11",73,2,0,1,9,"CALIBRATED",37740459,0,4526,0,"ARITHMETIC"
"N-CT",5,14,4672,37744539,"Power N-CT73^2T9",73,2,0,1,9,"CALIBRATED",37744539,0,4672,0,"ARITHMETIC"
"N-CT",5,14,4818,37748619,"Power N-CT73^2T7",73,2,0,1,9,"CALIBRATED",37748619,0,4818,0,"ARITHMETIC"
"N-CT",5,14,5329,37748664,"Power N-CT73^2",73,2,0,0,9,"CALIBRATED",37748664,0,5329,0,"ARITHMETIC"
"N-CT",5,14,5518,45080259,"Power N-CT89^2T27",89,2,0,1,9,"CALIBRATED",45080259,0,5518,0,"ARITHMETIC"
"N-CT",5,14,5696,45084339,"Power N-CT89^2T25",89,2,0,1,9,"CALIBRATED",45084339,0,5696,0,"ARITHMETIC"
"N-CT",5,14,5874,45088419,"Power N-CT89^2T23",89,2,0,1,9,"CALIBRATED",45088419,0,5874,0,"ARITHMETIC"
"N-CT",5,14,6497,45088464,"Power N-CT89^2T16",89,2,0,1,9,"CALIBRATED",45088464,0,6497,0,"ARITHMETIC"
"N-CT",5,14,6716,45547104,"Power N-CT97^2T24T5",97,2,0,2,9,"CALIBRATED",45547104,0,6716,0,"ARITHMETIC"
"N-CT",5,14,7924,46005939,"Power N-CT89^2+3",89,2,3,0,9,"CALIBRATED",46005939,0,7924,0,"ARITHMETIC"
"N-CT",5,14,10000,46595619,"Power N-CT101^2",101,2,0,0,9,"CALIBRATED",46595619,0,10201,-201,"ARITHMETIC"
"CT",6,14,289,268435376,"Power CT17^2",17,2,0,0,16,"FORMULA",268435376,0,289,0,"ARITHMETIC"
"CT",6,14,625,804257456,"Power CT25^2",25,2,0,0,16,"FORMULA",804257456,0,625,0,"ARITHMETIC"
"CT",6,14,626,805240646,"Power CT27^2Arc(2)T2",27,2,0,3,16,"FORMULA",805240646,0,626,0,"ARITHMETIC"
"CT",6,14,650,805240676,"Power CT27^2T2T1",27,2,0,2,16,"FORMULA",805240676,0,650,0,"ARITHMETIC"
"CT",6,14,675,805240706,"Power CT27^2T2",27,2,0,1,16,"FORMULA",805240706,0,675,0,"ARITHMETIC"
"CT",6,14,676,805306196,"Power CT27^2T1T1",27,2,0,2,16,"FORMULA",805306196,0,676,0,"ARITHMETIC"
"CT",6,14,702,805306226,"Power CT27^2T1",27,2,0,1,16,"FORMULA",805306226,0,702,0,"ARITHMETIC"
"CT",6,14,730,805306256,"Power CT27^2+1",27,2,1,0,16,"FORMULA",805306256,0,730,0,"ARITHMETIC"
"N-CT",6,14,774,896552690,"Power N-CT43^2T25",43,2,0,1,14,"CALIBRATED",896552690,0,774,0,"ARITHMETIC"
"N-CT",6,14,784,905969554,"Power N-CT41^2T13T13",41,2,0,2,14,"CALIBRATED",905969554,0,784,0,"ARITHMETIC"
"N-CT",6,14,817,908456946,"Power N-CT43^2T24",43,2,0,1,14,"CALIBRATED",908456946,0,817,0,"ARITHMETIC"
"N-CT",6,14,860,918682070,"Power N-CT43^2T23",43,2,0,1,14,"CALIBRATED",918682070,0,860,0,"ARITHMETIC"
"N-CT",6,14,884,920584039,"Power N-CT41^2Trin2,8,13",41,2,0,3,14,"CALIBRATED",920584039,0,NA,NA,"ARITHMETIC"
"N-CT",6,14,904,920649559,"Power N-CT41^2Trin1,8,13",41,2,0,3,14,"CALIBRATED",920649559,0,NA,NA,"ARITHMETIC"
"N-CT",6,14,924,920649604,"Power N-CT41^2T13T8",41,2,0,2,14,"CALIBRATED",920649604,0,924,0,"ARITHMETIC"
"N-CT",6,14,936,921632599,"Power N-CT41^2Trin2,6,13",41,2,0,3,14,"CALIBRATED",921632599,0,NA,NA,"ARITHMETIC"
"N-CT",6,14,958,921698119,"Power N-CT41^2Trin1,6,13",41,2,0,3,14,"CALIBRATED",921698119,0,NA,NA,"ARITHMETIC"
"N-CT",6,14,980,921698164,"Power N-CT41^2T13T6",41,2,0,2,14,"CALIBRATED",921698164,0,980,0,"ARITHMETIC"
"N-CT",6,14,1040,922615639,"Power N-CT41^2Trin2,2,13",41,2,0,3,14,"CALIBRATED",922615639,0,NA,NA,"ARITHMETIC"
"N-CT",6,14,1066,922681159,"Power N-CT41^2Trin1,2,13",41,2,0,3,14,"CALIBRATED",922681159,0,NA,NA,"ARITHMETIC"
"N-CT",6,14,1092,922681204,"Power N-CT41^2T13T2",41,2,0,2,14,"CALIBRATED",922681204,0,1092,0,"ARITHMETIC"
"N-CT",6,14,1093,922746679,"Power N-CT41^2Arc(2)T13",41,2,0,3,14,"CALIBRATED",922746679,0,1093,0,"ARITHMETIC"
"N-CT",6,14,1120,922746724,"Power N-CT41^2T13T1",41,2,0,2,14,"CALIBRATED",922746724,0,1120,0,"ARITHMETIC"
"N-CT",6,14,1204,922746769,"Power N-CT43^2T15",43,2,0,1,14,"CALIBRATED",922746769,0,1204,0,"ARITHMETIC"
"N-CT",6,14,1225,937295689,"Power N-CT41^2Trin2,2,8",41,2,0,3,14,"CALIBRATED",937295689,0,NA,NA,"ARITHMETIC"
"N-CT",6,14,1256,937361209,"Power N-CT41^2Trin1,2,8",41,2,0,3,14,"CALIBRATED",937361209,0,NA,NA,"ARITHMETIC"
"N-CT",6,14,1287,937361254,"Power N-CT41^2T8T2",41,2,0,2,14,"CALIBRATED",937361254,0,1287,0,"ARITHMETIC"
"N-CT",6,14,1288,937426729,"Power N-CT41^2Arc(2)T8",41,2,0,3,14,"CALIBRATED",937426729,0,1288,0,"ARITHMETIC"
"N-CT",6,14,1320,937426774,"Power N-CT41^2T8T1",41,2,0,2,14,"CALIBRATED",937426774,0,1320,0,"ARITHMETIC"
"N-CT",6,14,1419,937426819,"Power N-CT43^2T10",43,2,0,1,14,"CALIBRATED",937426819,0,1419,0,"ARITHMETIC"
"N-CT",6,14,1505,938475379,"Power N-CT43^2T8",43,2,0,1,14,"CALIBRATED",938475379,0,1505,0,"ARITHMETIC"
"N-CT",6,14,1521,939392854,"Power N-CT41^2T2T2",41,2,0,2,14,"CALIBRATED",939392854,0,1521,0,"ARITHMETIC"
"N-CT",6,14,1522,939458329,"Power N-CT41^2Arc(2)T2",41,2,0,3,14,"CALIBRATED",939458329,0,1522,0,"ARITHMETIC"
"N-CT",6,14,1560,939458374,"Power N-CT41^2T2T1",41,2,0,2,14,"CALIBRATED",939458374,0,1560,0,"ARITHMETIC"
"N-CT",6,14,1677,939458419,"Power N-CT43^2T4",43,2,0,1,14,"CALIBRATED",939458419,0,1677,0,"ARITHMETIC"
"N-CT",6,14,1720,939523939,"Power N-CT43^2T3",43,2,0,1,14,"CALIBRATED",939523939,0,1720,0,"ARITHMETIC"
"N-CT",6,14,1852,939523984,"Power N-CT43^2+3",43,2,3,0,14,"CALIBRATED",939523984,0,1852,0,"ARITHMETIC"
"N-CT",6,14,1861,1027604194,"Power N-CT47^2Arc(8)",47,2,0,8,14,"CALIBRATED",1027604194,0,1861,0,"ARITHMETIC"
"N-CT",6,14,1901,1042284229,"Power N-CT47^2Arc(7)",47,2,0,7,14,"CALIBRATED",1042284229,0,1901,0,"ARITHMETIC"
"N-CT",6,14,1942,1056964264,"Power N-CT47^2Arc(6)",47,2,0,6,14,"CALIBRATED",1056964264,0,1942,0,"ARITHMETIC"
"N-CT",6,14,1984,1071644299,"Power N-CT47^2Arc(5)",47,2,0,5,14,"CALIBRATED",1071644299,0,1984,0,"ARITHMETIC"
"N-CT",6,14,2027,1086324334,"Power N-CT47^2Arc(4)",47,2,0,4,14,"CALIBRATED",1086324334,0,2027,0,"ARITHMETIC"
"N-CT",6,14,2071,1101004369,"Power N-CT47^2Arc(3)",47,2,0,3,14,"CALIBRATED",1101004369,0,2071,0,"ARITHMETIC"
"N-CT",6,14,2116,1115684404,"Power N-CT47^2T1T1",47,2,0,2,14,"CALIBRATED",1115684404,0,2116,0,"ARITHMETIC"
"N-CT",6,14,2162,1130364439,"Power N-CT47^2T1",47,2,0,1,14,"CALIBRATED",1130364439,0,2162,0,"ARITHMETIC"
"N-CT",6,14,2258,1141898599,"Power N-CT53^2Trin2,2,7",53,2,0,3,14,"CALIBRATED",1141898599,0,NA,NA,"ARITHMETIC"
"N-CT",6,14,2346,1142947159,"Power N-CT53^2T7T2",53,2,0,2,14,"CALIBRATED",1142947159,0,2346,0,"ARITHMETIC"
"N-CT",6,14,2438,1143995719,"Power N-CT53^2T7",53,2,0,1,14,"CALIBRATED",1143995719,0,2438,0,"ARITHMETIC"
"N-CT",6,14,2447,1155484999,"Power N-CT59^2Trin3,3,13",59,2,0,3,14,"CALIBRATED",1155484999,0,NA,NA,"ARITHMETIC"
"N-CT",6,14,2533,1156468039,"Power N-CT59^2Trin1,3,13",59,2,0,3,14,"CALIBRATED",1156468039,0,NA,NA,"ARITHMETIC"
"N-CT",6,14,2576,1156529479,"Power N-CT59^2T13T3",59,2,0,2,14,"CALIBRATED",1156529479,0,2576,0,"ARITHMETIC"
"N-CT",6,14,2579,1157389639,"Power N-CT59^2Arc(3)T13",59,2,0,4,14,"CALIBRATED",1157389639,0,2579,0,"ARITHMETIC"
"N-CT",6,14,2623,1157451079,"Power N-CT59^2Arc(2)T13",59,2,0,3,14,"CALIBRATED",1157451079,0,2623,0,"ARITHMETIC"
"N-CT",6,14,2668,1157512519,"Power N-CT59^2T13T1",59,2,0,2,14,"CALIBRATED",1157512519,0,2668,0,"ARITHMETIC"
"N-CT",6,14,2806,1157573959,"Power N-CT61^2T15",61,2,0,1,14,"CALIBRATED",1157573959,0,2806,0,"ARITHMETIC"
"N-CT",6,14,2812,1159724314,"Power N-CT53^2+3",53,2,3,0,14,"CALIBRATED",1159724314,0,2812,0,"ARITHMETIC"
"N-CT",6,14,2856,1171209514,"Power N-CT59^2T8T3",59,2,0,2,14,"CALIBRATED",1171209514,0,2856,0,"ARITHMETIC"
"N-CT",6,14,2977,1171213594,"Power N-CT59^2Trin3,3,3",59,2,0,3,14,"CALIBRATED",1171213594,0,NA,NA,"ARITHMETIC"
"N-CT",6,14,3083,1172196634,"Power N-CT59^2Trin1,3,3",59,2,0,3,14,"CALIBRATED",1172196634,0,NA,NA,"ARITHMETIC"
"N-CT",6,14,3111,1172253994,"Power N-CT61^2T10",61,2,0,1,14,"CALIBRATED",1172253994,0,3111,0,"ARITHMETIC"
"N-CT",6,14,3136,1172258074,"Power N-CT59^2T3T3",59,2,0,2,14,"CALIBRATED",1172258074,0,3136,0,"ARITHMETIC"
"N-CT",6,14,3139,1173118234,"Power N-CT59^2Arc(3)T3",59,2,0,4,14,"CALIBRATED",1173118234,0,3139,0,"ARITHMETIC"
"N-CT",6,14,3193,1173179674,"Power N-CT59^2Arc(2)T3",59,2,0,3,14,"CALIBRATED",1173179674,0,3193,0,"ARITHMETIC"
"N-CT",6,14,3248,1173241114,"Power N-CT59^2T3T1",59,2,0,2,14,"CALIBRATED",1173241114,0,3248,0,"ARITHMETIC"
"N-CT",6,14,3416,1173302554,"Power N-CT61^2T5",61,2,0,1,14,"CALIBRATED",1173302554,0,3416,0,"ARITHMETIC"
"N-CT",6,14,3538,1174285594,"Power N-CT61^2T3",61,2,0,1,14,"CALIBRATED",1174285594,0,3538,0,"ARITHMETIC"
"N-CT",6,14,3723,1174347034,"Power N-CT61^2+2",61,2,2,0,14,"CALIBRATED",1174347034,0,3723,0,"ARITHMETIC"
"N-CT",6,14,3724,1174400794,"Power N-CT61^2+3",61,2,3,0,14,"CALIBRATED",1174400794,0,3724,0,"ARITHMETIC"
"N-CT",6,14,3751,1201667194,"Power N-CT67^2Arc(12)",67,2,0,12,14,"CALIBRATED",1201667194,0,3751,0,"ARITHMETIC"
"N-CT",6,14,3807,1215298714,"Power N-CT67^2Arc(11)",67,2,0,11,14,"CALIBRATED",1215298714,0,3807,0,"ARITHMETIC"
"N-CT",6,14,3825,1226833103,"Power N-CT73^2Trin7,7,9",73,2,0,3,13,"CALIBRATED",1226833103,0,NA,NA,"ARITHMETIC"
"N-CT",6,14,3943,1226833343,"Power N-CT73^2Trin7,7,7",73,2,0,3,13,"CALIBRATED",1226833343,0,NA,NA,"ARITHMETIC"
"N-CT",6,14,3969,1240456703,"Power N-CT73^2T10T10",73,2,0,2,13,"CALIBRATED",1240456703,0,3969,0,"ARITHMETIC"
"N-CT",6,14,4032,1240460543,"Power N-CT73^2T10T9",73,2,0,2,13,"CALIBRATED",1240460543,0,4032,0,"ARITHMETIC"
"N-CT",6,14,4158,1240460783,"Power N-CT73^2T10T7",73,2,0,2,13,"CALIBRATED",1240460783,0,4158,0,"ARITHMETIC"
"N-CT",6,14,4224,1240464623,"Power N-CT73^2T9T7",73,2,0,2,13,"CALIBRATED",1240464623,0,4224,0,"ARITHMETIC"
"N-CT",6,14,4356,1240464863,"Power N-CT73^2T7T7",73,2,0,2,13,"CALIBRATED",1240464863,0,4356,0,"ARITHMETIC"
"N-CT",6,14,4599,1254092303,"Power N-CT73^2T10",73,2,0,1,13,"CALIBRATED",1254092303,0,4599,0,"ARITHMETIC"
"N-CT",6,14,4672,1254096143,"Power N-CT73^2T9",73,2,0,1,13,"CALIBRATED",1254096143,0,4672,0,"ARITHMETIC"
"N-CT",6,14,4818,1254096383,"Power N-CT73^2T7",73,2,0,1,13,"CALIBRATED",1254096383,0,4818,0,"ARITHMETIC"
"N-CT",6,14,4977,1266675023,"Power N-CT79^2T16",79,2,0,1,13,"CALIBRATED",1266675023,0,4977,0,"ARITHMETIC"
"N-CT",6,14,5056,1266678863,"Power N-CT79^2T15",79,2,0,1,13,"CALIBRATED",1266678863,0,5056,0,"ARITHMETIC"
"N-CT",6,14,5214,1266679103,"Power N-CT79^2T13",79,2,0,1,13,"CALIBRATED",1266679103,0,5214,0,"ARITHMETIC"
"N-CT",6,14,5329,1267727903,"Power N-CT73^2",73,2,0,0,13,"CALIBRATED",1267727903,0,5329,0,"ARITHMETIC"
"N-CT",6,14,5347,1277164703,"Power N-CT83^2Arc(2)T17",83,2,0,3,13,"CALIBRATED",1277164703,0,5347,0,"ARITHMETIC"
"N-CT",6,14,5412,1278213263,"Power N-CT83^2T17T1",83,2,0,2,13,"CALIBRATED",1278213263,0,5412,0,"ARITHMETIC"
"N-CT",6,14,5607,1279257743,"Power N-CT89^2T26",89,2,0,1,13,"CALIBRATED",1279257743,0,5607,0,"ARITHMETIC"
"N-CT",6,14,5696,1279261583,"Power N-CT89^2T25",89,2,0,1,13,"CALIBRATED",1279261583,0,5696,0,"ARITHMETIC"
"N-CT",6,14,5874,1279261823,"Power N-CT89^2T23",89,2,0,1,13,"CALIBRATED",1279261823,0,5874,0,"ARITHMETIC"
"N-CT",6,14,6244,1281359183,"Power N-CT79^2+3",79,2,3,0,13,"CALIBRATED",1281359183,0,6244,0,"ARITHMETIC"
"N-CT",6,14,6253,1286601983,"Power N-CT83^2Arc(8)",83,2,0,8,13,"CALIBRATED",1286601983,0,6253,0,"ARITHMETIC"
"N-CT",6,14,6329,1287650543,"Power N-CT83^2Arc(7)",83,2,0,7,13,"CALIBRATED",1287650543,0,6329,0,"ARITHMETIC"
"N-CT",6,14,6406,1288699103,"Power N-CT83^2Arc(6)",83,2,0,6,13,"CALIBRATED",1288699103,0,6406,0,"ARITHMETIC"
"N-CT",6,14,6484,1289747663,"Power N-CT83^2Arc(5)",83,2,0,5,13,"CALIBRATED",1289747663,0,6484,0,"ARITHMETIC"
"N-CT",6,14,6563,1290796223,"Power N-CT83^2Arc(4)",83,2,0,4,13,"CALIBRATED",1290796223,0,6563,0,"ARITHMETIC"
"N-CT",6,14,7298,1293941903,"Power N-CT89^2T7",89,2,0,1,13,"CALIBRATED",1293941903,0,7298,0,"ARITHMETIC"
"N-CT",6,14,7921,1294990463,"Power N-CT89^2",89,2,0,0,13,"CALIBRATED",1294990463,0,7921,0,"ARITHMETIC"
"N-CT",6,14,7954,1305738383,"Power N-CT97^2T15",97,2,0,1,13,"CALIBRATED",1305738383,0,7954,0,"ARITHMETIC"
"N-CT",6,14,8036,1306414223,"Power N-CT101^2T19T3",101,2,0,2,13,"CALIBRATED",1306414223,0,8036,0,"ARITHMETIC"
"N-CT",6,14,8633,1306786943,"Power N-CT97^2T8",97,2,0,1,13,"CALIBRATED",1306786943,0,8633,0,"ARITHMETIC"
"N-CT",6,14,8722,1307462783,"Power N-CT101^2T12T3",101,2,0,2,13,"CALIBRATED",1307462783,0,8722,0,"ARITHMETIC"
"N-CT",6,14,9410,1307769983,"Power N-CT97^2+1",97,2,1,0,13,"CALIBRATED",1307769983,0,9410,0,"ARITHMETIC"
"N-CT",6,14,9604,1308445823,"Power N-CT101^2T3T3",101,2,0,2,13,"CALIBRATED",1308445823,0,9604,0,"ARITHMETIC"
"N-CT",5,15,1156,31381570,"Power N-CT37^2Arc(2)T4",37,2,0,3,10,"CALIBRATED",31381570,0,1156,0,"ARITHMETIC"
"N-CT",5,15,1188,31385410,"Power N-CT37^2T4T1",37,2,0,2,10,"CALIBRATED",31385410,0,1188,0,"ARITHMETIC"
"N-CT",5,15,1221,31389250,"Power N-CT37^2T4",37,2,0,1,10,"CALIBRATED",31389250,0,1221,0,"ARITHMETIC"
"N-CT",5,15,1227,31439170,"Power N-CT37^2Arc(4)",37,2,0,4,10,"CALIBRATED",31439170,0,1227,0,"ARITHMETIC"
"N-CT",5,15,1261,31443010,"Power N-CT37^2Arc(3)",37,2,0,3,10,"CALIBRATED",31443010,0,1261,0,"ARITHMETIC"
"N-CT",5,15,1296,31446850,"Power N-CT37^2T1T1",37,2,0,2,10,"CALIBRATED",31446850,0,1296,0,"ARITHMETIC"
"N-CT",5,15,1332,31450690,"Power N-CT37^2T1",37,2,0,1,10,"CALIBRATED",31450690,0,1332,0,"ARITHMETIC"
"N-CT",5,15,1370,31454530,"Power N-CT37^2+1",37,2,1,0,10,"CALIBRATED",31454530,0,1370,0,"ARITHMETIC"
"N-CT",5,15,1371,31457230,"Power N-CT37^2+2",37,2,2,0,10,"CALIBRATED",31457230,0,1371,0,"ARITHMETIC"
"N-CT",5,15,3233,37551957,"Power N-CT61^2T8",61,2,0,1,9,"CALIBRATED",37551957,0,3233,0,"ARITHMETIC"
"N-CT",5,15,3242,37609347,"Power N-CT67^2Trin3,3,14",67,2,0,3,9,"CALIBRATED",37609347,0,NA,NA,"ARITHMETIC"
"N-CT",5,15,3286,37609392,"Power N-CT67^2T14T5",67,2,0,2,9,"CALIBRATED",37609392,0,3286,0,"ARITHMETIC"
"N-CT",5,15,3342,37613427,"Power N-CT67^2Trin1,3,14",67,2,0,3,9,"CALIBRATED",37613427,0,NA,NA,"ARITHMETIC"
"N-CT",5,15,3392,37613472,"Power N-CT67^2T14T3",67,2,0,2,9,"CALIBRATED",37613472,0,3392,0,"ARITHMETIC"
"N-CT",5,15,3395,37617462,"Power N-CT67^2Arc(3)T14",67,2,0,4,9,"CALIBRATED",37617462,0,3395,0,"ARITHMETIC"
"N-CT",5,15,3416,37617477,"Power N-CT61^2T5",61,2,0,1,9,"CALIBRATED",37617477,0,3416,0,"ARITHMETIC"
"N-CT",5,15,3446,37617507,"Power N-CT67^2Arc(2)T14",67,2,0,3,9,"CALIBRATED",37617507,0,3446,0,"ARITHMETIC"
"N-CT",5,15,3498,37617552,"Power N-CT67^2T14T1",67,2,0,2,9,"CALIBRATED",37617552,0,3498,0,"ARITHMETIC"
"N-CT",5,15,3869,37617597,"Power N-CT73^2T20",73,2,0,1,9,"CALIBRATED",37617597,0,3869,0,"ARITHMETIC"
"N-CT",5,15,4088,37683117,"Power N-CT73^2T17",73,2,0,1,9,"CALIBRATED",37683117,0,4088,0,"ARITHMETIC"
"N-CT",5,15,4096,37740432,"Power N-CT67^2T3T3",67,2,0,2,9,"CALIBRATED",37740432,0,4096,0,"ARITHMETIC"
"N-CT",5,15,4526,37740477,"Power N-CT73^2T11",73,2,0,1,9,"CALIBRATED",37740477,0,4526,0,"ARITHMETIC"
"N-CT",5,15,4672,37744557,"Power N-CT73^2T9",73,2,0,1,9,"CALIBRATED",37744557,0,4672,0,"ARITHMETIC"
"N-CT",5,15,4818,37748637,"Power N-CT73^2T7",73,2,0,1,9,"CALIBRATED",37748637,0,4818,0,"ARITHMETIC"
"N-CT",5,15,5329,37748682,"Power N-CT73^2",73,2,0,0,9,"CALIBRATED",37748682,0,5329,0,"ARITHMETIC"
"N-CT",5,15,5518,45080277,"Power N-CT89^2T27",89,2,0,1,9,"CALIBRATED",45080277,0,5518,0,"ARITHMETIC"
"N-CT",5,15,5696,45084357,"Power N-CT89^2T25",89,2,0,1,9,"CALIBRATED",45084357,0,5696,0,"ARITHMETIC"
"N-CT",5,15,5874,45088437,"Power N-CT89^2T23",89,2,0,1,9,"CALIBRATED",45088437,0,5874,0,"ARITHMETIC"
"N-CT",5,15,6497,45088482,"Power N-CT89^2T16",89,2,0,1,9,"CALIBRATED",45088482,0,6497,0,"ARITHMETIC"
"N-CT",5,15,6716,45547122,"Power N-CT97^2T24T5",97,2,0,2,9,"CALIBRATED",45547122,0,6716,0,"ARITHMETIC"
"N-CT",5,15,7924,46005957,"Power N-CT89^2+3",89,2,3,0,9,"CALIBRATED",46005957,0,7924,0,"ARITHMETIC"
"N-CT",5,15,10000,46595637,"Power N-CT101^2",101,2,0,0,9,"CALIBRATED",46595637,0,10201,-201,"ARITHMETIC"
"CT",6,15,289,268435408,"Power CT17^2",17,2,0,0,16,"FORMULA",268435408,0,289,0,"ARITHMETIC"
"CT",6,15,625,804257488,"Power CT25^2",25,2,0,0,16,"FORMULA",804257488,0,625,0,"ARITHMETIC"
"CT",6,15,626,805240678,"Power CT27^2Arc(2)T2",27,2,0,3,16,"FORMULA",805240678,0,626,0,"ARITHMETIC"
"CT",6,15,650,805240708,"Power CT27^2T2T1",27,2,0,2,16,"FORMULA",805240708,0,650,0,"ARITHMETIC"
"CT",6,15,675,805240738,"Power CT27^2T2",27,2,0,1,16,"FORMULA",805240738,0,675,0,"ARITHMETIC"
"CT",6,15,676,805306228,"Power CT27^2T1T1",27,2,0,2,16,"FORMULA",805306228,0,676,0,"ARITHMETIC"
"CT",6,15,702,805306258,"Power CT27^2T1",27,2,0,1,16,"FORMULA",805306258,0,702,0,"ARITHMETIC"
"CT",6,15,730,805306288,"Power CT27^2+1",27,2,1,0,16,"FORMULA",805306288,0,730,0,"ARITHMETIC"
"N-CT",6,15,774,896552718,"Power N-CT43^2T25",43,2,0,1,14,"CALIBRATED",896552718,0,774,0,"ARITHMETIC"
"N-CT",6,15,784,905969582,"Power N-CT41^2T13T13",41,2,0,2,14,"CALIBRATED",905969582,0,784,0,"ARITHMETIC"
"N-CT",6,15,817,910314858,"Power N-CT43^2T24",43,2,0,1,14,"CALIBRATED",910314858,0,817,0,"ARITHMETIC"
"N-CT",6,15,860,919461026,"Power N-CT43^2T23",43,2,0,1,14,"CALIBRATED",919461026,0,860,0,"ARITHMETIC"
"N-CT",6,15,884,920584067,"Power N-CT41^2Trin2,8,13",41,2,0,3,14,"CALIBRATED",920584067,0,NA,NA,"ARITHMETIC"
"N-CT",6,15,904,920649587,"Power N-CT41^2Trin1,8,13",41,2,0,3,14,"CALIBRATED",920649587,0,NA,NA,"ARITHMETIC"
"N-CT",6,15,924,920649632,"Power N-CT41^2T13T8",41,2,0,2,14,"CALIBRATED",920649632,0,924,0,"ARITHMETIC"
"N-CT",6,15,936,921632627,"Power N-CT41^2Trin2,6,13",41,2,0,3,14,"CALIBRATED",921632627,0,NA,NA,"ARITHMETIC"
"N-CT",6,15,958,921698147,"Power N-CT41^2Trin1,6,13",41,2,0,3,14,"CALIBRATED",921698147,0,NA,NA,"ARITHMETIC"
"N-CT",6,15,980,921698192,"Power N-CT41^2T13T6",41,2,0,2,14,"CALIBRATED",921698192,0,980,0,"ARITHMETIC"
"N-CT",6,15,1040,922615667,"Power N-CT41^2Trin2,2,13",41,2,0,3,14,"CALIBRATED",922615667,0,NA,NA,"ARITHMETIC"
"N-CT",6,15,1066,922681187,"Power N-CT41^2Trin1,2,13",41,2,0,3,14,"CALIBRATED",922681187,0,NA,NA,"ARITHMETIC"
"N-CT",6,15,1092,922681232,"Power N-CT41^2T13T2",41,2,0,2,14,"CALIBRATED",922681232,0,1092,0,"ARITHMETIC"
"N-CT",6,15,1093,922746707,"Power N-CT41^2Arc(2)T13",41,2,0,3,14,"CALIBRATED",922746707,0,1093,0,"ARITHMETIC"
"N-CT",6,15,1120,922746752,"Power N-CT41^2T13T1",41,2,0,2,14,"CALIBRATED",922746752,0,1120,0,"ARITHMETIC"
"N-CT",6,15,1204,922746797,"Power N-CT43^2T15",43,2,0,1,14,"CALIBRATED",922746797,0,1204,0,"ARITHMETIC"
"N-CT",6,15,1225,937295717,"Power N-CT41^2Trin2,2,8",41,2,0,3,14,"CALIBRATED",937295717,0,NA,NA,"ARITHMETIC"
"N-CT",6,15,1256,937361237,"Power N-CT41^2Trin1,2,8",41,2,0,3,14,"CALIBRATED",937361237,0,NA,NA,"ARITHMETIC"
"N-CT",6,15,1287,937361282,"Power N-CT41^2T8T2",41,2,0,2,14,"CALIBRATED",937361282,0,1287,0,"ARITHMETIC"
"N-CT",6,15,1288,937426757,"Power N-CT41^2Arc(2)T8",41,2,0,3,14,"CALIBRATED",937426757,0,1288,0,"ARITHMETIC"
"N-CT",6,15,1320,937426802,"Power N-CT41^2T8T1",41,2,0,2,14,"CALIBRATED",937426802,0,1320,0,"ARITHMETIC"
"N-CT",6,15,1419,937426847,"Power N-CT43^2T10",43,2,0,1,14,"CALIBRATED",937426847,0,1419,0,"ARITHMETIC"
"N-CT",6,15,1505,938475407,"Power N-CT43^2T8",43,2,0,1,14,"CALIBRATED",938475407,0,1505,0,"ARITHMETIC"
"N-CT",6,15,1521,939392882,"Power N-CT41^2T2T2",41,2,0,2,14,"CALIBRATED",939392882,0,1521,0,"ARITHMETIC"
"N-CT",6,15,1522,939458357,"Power N-CT41^2Arc(2)T2",41,2,0,3,14,"CALIBRATED",939458357,0,1522,0,"ARITHMETIC"
"N-CT",6,15,1560,939458402,"Power N-CT41^2T2T1",41,2,0,2,14,"CALIBRATED",939458402,0,1560,0,"ARITHMETIC"
"N-CT",6,15,1677,939458447,"Power N-CT43^2T4",43,2,0,1,14,"CALIBRATED",939458447,0,1677,0,"ARITHMETIC"
"N-CT",6,15,1720,939523967,"Power N-CT43^2T3",43,2,0,1,14,"CALIBRATED",939523967,0,1720,0,"ARITHMETIC"
"N-CT",6,15,1852,939524012,"Power N-CT43^2+3",43,2,3,0,14,"CALIBRATED",939524012,0,1852,0,"ARITHMETIC"
"N-CT",6,15,1861,1027604222,"Power N-CT47^2Arc(8)",47,2,0,8,14,"CALIBRATED",1027604222,0,1861,0,"ARITHMETIC"
"N-CT",6,15,1901,1042284257,"Power N-CT47^2Arc(7)",47,2,0,7,14,"CALIBRATED",1042284257,0,1901,0,"ARITHMETIC"
"N-CT",6,15,1942,1056964292,"Power N-CT47^2Arc(6)",47,2,0,6,14,"CALIBRATED",1056964292,0,1942,0,"ARITHMETIC"
"N-CT",6,15,1984,1071644327,"Power N-CT47^2Arc(5)",47,2,0,5,14,"CALIBRATED",1071644327,0,1984,0,"ARITHMETIC"
"N-CT",6,15,2027,1086324362,"Power N-CT47^2Arc(4)",47,2,0,4,14,"CALIBRATED",1086324362,0,2027,0,"ARITHMETIC"
"N-CT",6,15,2071,1101004397,"Power N-CT47^2Arc(3)",47,2,0,3,14,"CALIBRATED",1101004397,0,2071,0,"ARITHMETIC"
"N-CT",6,15,2116,1115684432,"Power N-CT47^2T1T1",47,2,0,2,14,"CALIBRATED",1115684432,0,2116,0,"ARITHMETIC"
"N-CT",6,15,2162,1130364467,"Power N-CT47^2T1",47,2,0,1,14,"CALIBRATED",1130364467,0,2162,0,"ARITHMETIC"
"N-CT",6,15,2258,1141898627,"Power N-CT53^2Trin2,2,7",53,2,0,3,14,"CALIBRATED",1141898627,0,NA,NA,"ARITHMETIC"
"N-CT",6,15,2346,1142947187,"Power N-CT53^2T7T2",53,2,0,2,14,"CALIBRATED",1142947187,0,2346,0,"ARITHMETIC"
"N-CT",6,15,2438,1143995747,"Power N-CT53^2T7",53,2,0,1,14,"CALIBRATED",1143995747,0,2438,0,"ARITHMETIC"
"N-CT",6,15,2447,1155485027,"Power N-CT59^2Trin3,3,13",59,2,0,3,14,"CALIBRATED",1155485027,0,NA,NA,"ARITHMETIC"
"N-CT",6,15,2533,1156468067,"Power N-CT59^2Trin1,3,13",59,2,0,3,14,"CALIBRATED",1156468067,0,NA,NA,"ARITHMETIC"
"N-CT",6,15,2576,1156529507,"Power N-CT59^2T13T3",59,2,0,2,14,"CALIBRATED",1156529507,0,2576,0,"ARITHMETIC"
"N-CT",6,15,2579,1157389667,"Power N-CT59^2Arc(3)T13",59,2,0,4,14,"CALIBRATED",1157389667,0,2579,0,"ARITHMETIC"
"N-CT",6,15,2623,1157451107,"Power N-CT59^2Arc(2)T13",59,2,0,3,14,"CALIBRATED",1157451107,0,2623,0,"ARITHMETIC"
"N-CT",6,15,2668,1157512547,"Power N-CT59^2T13T1",59,2,0,2,14,"CALIBRATED",1157512547,0,2668,0,"ARITHMETIC"
"N-CT",6,15,2806,1157573987,"Power N-CT61^2T15",61,2,0,1,14,"CALIBRATED",1157573987,0,2806,0,"ARITHMETIC"
"N-CT",6,15,2812,1159724342,"Power N-CT53^2+3",53,2,3,0,14,"CALIBRATED",1159724342,0,2812,0,"ARITHMETIC"
"N-CT",6,15,2856,1171209542,"Power N-CT59^2T8T3",59,2,0,2,14,"CALIBRATED",1171209542,0,2856,0,"ARITHMETIC"
"N-CT",6,15,2977,1171213622,"Power N-CT59^2Trin3,3,3",59,2,0,3,14,"CALIBRATED",1171213622,0,NA,NA,"ARITHMETIC"
"N-CT",6,15,3083,1172196662,"Power N-CT59^2Trin1,3,3",59,2,0,3,14,"CALIBRATED",1172196662,0,NA,NA,"ARITHMETIC"
"N-CT",6,15,3111,1172254022,"Power N-CT61^2T10",61,2,0,1,14,"CALIBRATED",1172254022,0,3111,0,"ARITHMETIC"
"N-CT",6,15,3136,1172258102,"Power N-CT59^2T3T3",59,2,0,2,14,"CALIBRATED",1172258102,0,3136,0,"ARITHMETIC"
"N-CT",6,15,3139,1173118262,"Power N-CT59^2Arc(3)T3",59,2,0,4,14,"CALIBRATED",1173118262,0,3139,0,"ARITHMETIC"
"N-CT",6,15,3193,1173179702,"Power N-CT59^2Arc(2)T3",59,2,0,3,14,"CALIBRATED",1173179702,0,3193,0,"ARITHMETIC"
"N-CT",6,15,3248,1173241142,"Power N-CT59^2T3T1",59,2,0,2,14,"CALIBRATED",1173241142,0,3248,0,"ARITHMETIC"
"N-CT",6,15,3416,1173302582,"Power N-CT61^2T5",61,2,0,1,14,"CALIBRATED",1173302582,0,3416,0,"ARITHMETIC"
"N-CT",6,15,3538,1174285622,"Power N-CT61^2T3",61,2,0,1,14,"CALIBRATED",1174285622,0,3538,0,"ARITHMETIC"
"N-CT",6,15,3723,1174347062,"Power N-CT61^2+2",61,2,2,0,14,"CALIBRATED",1174347062,0,3723,0,"ARITHMETIC"
"N-CT",6,15,3724,1174400822,"Power N-CT61^2+3",61,2,3,0,14,"CALIBRATED",1174400822,0,3724,0,"ARITHMETIC"
"N-CT",6,15,3751,1201667222,"Power N-CT67^2Arc(12)",67,2,0,12,14,"CALIBRATED",1201667222,0,3751,0,"ARITHMETIC"
"N-CT",6,15,3807,1215298742,"Power N-CT67^2Arc(11)",67,2,0,11,14,"CALIBRATED",1215298742,0,3807,0,"ARITHMETIC"
"N-CT",6,15,3825,1226833129,"Power N-CT73^2Trin7,7,9",73,2,0,3,13,"CALIBRATED",1226833129,0,NA,NA,"ARITHMETIC"
"N-CT",6,15,3943,1226833369,"Power N-CT73^2Trin7,7,7",73,2,0,3,13,"CALIBRATED",1226833369,0,NA,NA,"ARITHMETIC"
"N-CT",6,15,3969,1240456729,"Power N-CT73^2T10T10",73,2,0,2,13,"CALIBRATED",1240456729,0,3969,0,"ARITHMETIC"
"N-CT",6,15,4032,1240460569,"Power N-CT73^2T10T9",73,2,0,2,13,"CALIBRATED",1240460569,0,4032,0,"ARITHMETIC"
"N-CT",6,15,4158,1240460809,"Power N-CT73^2T10T7",73,2,0,2,13,"CALIBRATED",1240460809,0,4158,0,"ARITHMETIC"
"N-CT",6,15,4224,1240464649,"Power N-CT73^2T9T7",73,2,0,2,13,"CALIBRATED",1240464649,0,4224,0,"ARITHMETIC"
"N-CT",6,15,4356,1240464889,"Power N-CT73^2T7T7",73,2,0,2,13,"CALIBRATED",1240464889,0,4356,0,"ARITHMETIC"
"N-CT",6,15,4599,1254092329,"Power N-CT73^2T10",73,2,0,1,13,"CALIBRATED",1254092329,0,4599,0,"ARITHMETIC"
"N-CT",6,15,4672,1254096169,"Power N-CT73^2T9",73,2,0,1,13,"CALIBRATED",1254096169,0,4672,0,"ARITHMETIC"
"N-CT",6,15,4818,1254096409,"Power N-CT73^2T7",73,2,0,1,13,"CALIBRATED",1254096409,0,4818,0,"ARITHMETIC"
"N-CT",6,15,4977,1266675049,"Power N-CT79^2T16",79,2,0,1,13,"CALIBRATED",1266675049,0,4977,0,"ARITHMETIC"
"N-CT",6,15,5056,1266678889,"Power N-CT79^2T15",79,2,0,1,13,"CALIBRATED",1266678889,0,5056,0,"ARITHMETIC"
"N-CT",6,15,5214,1266679129,"Power N-CT79^2T13",79,2,0,1,13,"CALIBRATED",1266679129,0,5214,0,"ARITHMETIC"
"N-CT",6,15,5329,1267727929,"Power N-CT73^2",73,2,0,0,13,"CALIBRATED",1267727929,0,5329,0,"ARITHMETIC"
"N-CT",6,15,5347,1277164729,"Power N-CT83^2Arc(2)T17",83,2,0,3,13,"CALIBRATED",1277164729,0,5347,0,"ARITHMETIC"
"N-CT",6,15,5412,1278213289,"Power N-CT83^2T17T1",83,2,0,2,13,"CALIBRATED",1278213289,0,5412,0,"ARITHMETIC"
"N-CT",6,15,5607,1279257769,"Power N-CT89^2T26",89,2,0,1,13,"CALIBRATED",1279257769,0,5607,0,"ARITHMETIC"
"N-CT",6,15,5696,1279261609,"Power N-CT89^2T25",89,2,0,1,13,"CALIBRATED",1279261609,0,5696,0,"ARITHMETIC"
"N-CT",6,15,5874,1279261849,"Power N-CT89^2T23",89,2,0,1,13,"CALIBRATED",1279261849,0,5874,0,"ARITHMETIC"
"N-CT",6,15,6244,1281359209,"Power N-CT79^2+3",79,2,3,0,13,"CALIBRATED",1281359209,0,6244,0,"ARITHMETIC"
"N-CT",6,15,6253,1286602009,"Power N-CT83^2Arc(8)",83,2,0,8,13,"CALIBRATED",1286602009,0,6253,0,"ARITHMETIC"
"N-CT",6,15,6329,1287650569,"Power N-CT83^2Arc(7)",83,2,0,7,13,"CALIBRATED",1287650569,0,6329,0,"ARITHMETIC"
"N-CT",6,15,6406,1288699129,"Power N-CT83^2Arc(6)",83,2,0,6,13,"CALIBRATED",1288699129,0,6406,0,"ARITHMETIC"
"N-CT",6,15,6484,1289747689,"Power N-CT83^2Arc(5)",83,2,0,5,13,"CALIBRATED",1289747689,0,6484,0,"ARITHMETIC"
"N-CT",6,15,6563,1290796249,"Power N-CT83^2Arc(4)",83,2,0,4,13,"CALIBRATED",1290796249,0,6563,0,"ARITHMETIC"
"N-CT",6,15,7298,1293941929,"Power N-CT89^2T7",89,2,0,1,13,"CALIBRATED",1293941929,0,7298,0,"ARITHMETIC"
"N-CT",6,15,7921,1294990489,"Power N-CT89^2",89,2,0,0,13,"CALIBRATED",1294990489,0,7921,0,"ARITHMETIC"
"N-CT",6,15,7954,1305738409,"Power N-CT97^2T15",97,2,0,1,13,"CALIBRATED",1305738409,0,7954,0,"ARITHMETIC"
"N-CT",6,15,8036,1306414249,"Power N-CT101^2T19T3",101,2,0,2,13,"CALIBRATED",1306414249,0,8036,0,"ARITHMETIC"
"N-CT",6,15,8633,1306786969,"Power N-CT97^2T8",97,2,0,1,13,"CALIBRATED",1306786969,0,8633,0,"ARITHMETIC"
"N-CT",6,15,8722,1307462809,"Power N-CT101^2T12T3",101,2,0,2,13,"CALIBRATED",1307462809,0,8722,0,"ARITHMETIC"
"N-CT",6,15,9410,1307770009,"Power N-CT97^2+1",97,2,1,0,13,"CALIBRATED",1307770009,0,9410,0,"ARITHMETIC"
"N-CT",6,15,9604,1308445849,"Power N-CT101^2T3T3",101,2,0,2,13,"CALIBRATED",1308445849,0,9604,0,"ARITHMETIC"
"N-CT",5,16,1156,31381590,"Power N-CT37^2Arc(2)T4",37,2,0,3,10,"CALIBRATED",31381590,0,1156,0,"ARITHMETIC"
"N-CT",5,16,1188,31385430,"Power N-CT37^2T4T1",37,2,0,2,10,"CALIBRATED",31385430,0,1188,0,"ARITHMETIC"
"N-CT",5,16,1221,31389270,"Power N-CT37^2T4",37,2,0,1,10,"CALIBRATED",31389270,0,1221,0,"ARITHMETIC"
"N-CT",5,16,1227,31439190,"Power N-CT37^2Arc(4)",37,2,0,4,10,"CALIBRATED",31439190,0,1227,0,"ARITHMETIC"
"N-CT",5,16,1261,31443030,"Power N-CT37^2Arc(3)",37,2,0,3,10,"CALIBRATED",31443030,0,1261,0,"ARITHMETIC"
"N-CT",5,16,1296,31446870,"Power N-CT37^2T1T1",37,2,0,2,10,"CALIBRATED",31446870,0,1296,0,"ARITHMETIC"
"N-CT",5,16,1332,31450710,"Power N-CT37^2T1",37,2,0,1,10,"CALIBRATED",31450710,0,1332,0,"ARITHMETIC"
"N-CT",5,16,1370,31454550,"Power N-CT37^2+1",37,2,1,0,10,"CALIBRATED",31454550,0,1370,0,"ARITHMETIC"
"N-CT",5,16,1371,31457250,"Power N-CT37^2+2",37,2,2,0,10,"CALIBRATED",31457250,0,1371,0,"ARITHMETIC"
"N-CT",5,16,3233,37551975,"Power N-CT61^2T8",61,2,0,1,9,"CALIBRATED",37551975,0,3233,0,"ARITHMETIC"
"N-CT",5,16,3242,37609365,"Power N-CT67^2Trin3,3,14",67,2,0,3,9,"CALIBRATED",37609365,0,NA,NA,"ARITHMETIC"
"N-CT",5,16,3286,37609410,"Power N-CT67^2T14T5",67,2,0,2,9,"CALIBRATED",37609410,0,3286,0,"ARITHMETIC"
"N-CT",5,16,3342,37613445,"Power N-CT67^2Trin1,3,14",67,2,0,3,9,"CALIBRATED",37613445,0,NA,NA,"ARITHMETIC"
"N-CT",5,16,3392,37613490,"Power N-CT67^2T14T3",67,2,0,2,9,"CALIBRATED",37613490,0,3392,0,"ARITHMETIC"
"N-CT",5,16,3395,37617480,"Power N-CT67^2Arc(3)T14",67,2,0,4,9,"CALIBRATED",37617480,0,3395,0,"ARITHMETIC"
"N-CT",5,16,3416,37617495,"Power N-CT61^2T5",61,2,0,1,9,"CALIBRATED",37617495,0,3416,0,"ARITHMETIC"
"N-CT",5,16,3446,37617525,"Power N-CT67^2Arc(2)T14",67,2,0,3,9,"CALIBRATED",37617525,0,3446,0,"ARITHMETIC"
"N-CT",5,16,3498,37617570,"Power N-CT67^2T14T1",67,2,0,2,9,"CALIBRATED",37617570,0,3498,0,"ARITHMETIC"
"N-CT",5,16,3869,37617615,"Power N-CT73^2T20",73,2,0,1,9,"CALIBRATED",37617615,0,3869,0,"ARITHMETIC"
"N-CT",5,16,4088,37683135,"Power N-CT73^2T17",73,2,0,1,9,"CALIBRATED",37683135,0,4088,0,"ARITHMETIC"
"N-CT",5,16,4096,37740450,"Power N-CT67^2T3T3",67,2,0,2,9,"CALIBRATED",37740450,0,4096,0,"ARITHMETIC"
"N-CT",5,16,4526,37740495,"Power N-CT73^2T11",73,2,0,1,9,"CALIBRATED",37740495,0,4526,0,"ARITHMETIC"
"N-CT",5,16,4672,37744575,"Power N-CT73^2T9",73,2,0,1,9,"CALIBRATED",37744575,0,4672,0,"ARITHMETIC"
"N-CT",5,16,4818,37748655,"Power N-CT73^2T7",73,2,0,1,9,"CALIBRATED",37748655,0,4818,0,"ARITHMETIC"
"N-CT",5,16,5329,37748700,"Power N-CT73^2",73,2,0,0,9,"CALIBRATED",37748700,0,5329,0,"ARITHMETIC"
"N-CT",5,16,5518,45080295,"Power N-CT89^2T27",89,2,0,1,9,"CALIBRATED",45080295,0,5518,0,"ARITHMETIC"
"N-CT",5,16,5696,45084375,"Power N-CT89^2T25",89,2,0,1,9,"CALIBRATED",45084375,0,5696,0,"ARITHMETIC"
"N-CT",5,16,5874,45088455,"Power N-CT89^2T23",89,2,0,1,9,"CALIBRATED",45088455,0,5874,0,"ARITHMETIC"
"N-CT",5,16,6497,45088500,"Power N-CT89^2T16",89,2,0,1,9,"CALIBRATED",45088500,0,6497,0,"ARITHMETIC"
"N-CT",5,16,6716,45547140,"Power N-CT97^2T24T5",97,2,0,2,9,"CALIBRATED",45547140,0,6716,0,"ARITHMETIC"
"N-CT",5,16,7924,46005975,"Power N-CT89^2+3",89,2,3,0,9,"CALIBRATED",46005975,0,7924,0,"ARITHMETIC"
"N-CT",5,16,10000,46595655,"Power N-CT101^2",101,2,0,0,9,"CALIBRATED",46595655,0,10201,-201,"ARITHMETIC"
"CT",6,16,289,268435440,"Power CT17^2",17,2,0,0,16,"FORMULA",268435440,0,289,0,"ARITHMETIC"
"CT",6,16,625,804257520,"Power CT25^2",25,2,0,0,16,"FORMULA",804257520,0,625,0,"ARITHMETIC"
"CT",6,16,626,805240710,"Power CT27^2Arc(2)T2",27,2,0,3,16,"FORMULA",805240710,0,626,0,"ARITHMETIC"
"CT",6,16,650,805240740,"Power CT27^2T2T1",27,2,0,2,16,"FORMULA",805240740,0,650,0,"ARITHMETIC"
"CT",6,16,675,805240770,"Power CT27^2T2",27,2,0,1,16,"FORMULA",805240770,0,675,0,"ARITHMETIC"
"CT",6,16,676,805306260,"Power CT27^2T1T1",27,2,0,2,16,"FORMULA",805306260,0,676,0,"ARITHMETIC"
"CT",6,16,702,805306290,"Power CT27^2T1",27,2,0,1,16,"FORMULA",805306290,0,702,0,"ARITHMETIC"
"CT",6,16,730,805306320,"Power CT27^2+1",27,2,1,0,16,"FORMULA",805306320,0,730,0,"ARITHMETIC"
"N-CT",6,16,731,889192395,"Power N-CT43^2T26",43,2,0,1,14,"CALIBRATED",889192395,0,731,0,"ARITHMETIC"
"N-CT",6,16,774,896552746,"Power N-CT43^2T25",43,2,0,1,14,"CALIBRATED",896552746,0,774,0,"ARITHMETIC"
"N-CT",6,16,784,905969610,"Power N-CT41^2T13T13",41,2,0,2,14,"CALIBRATED",905969610,0,784,0,"ARITHMETIC"
"N-CT",6,16,817,912281386,"Power N-CT43^2T24",43,2,0,1,14,"CALIBRATED",912281386,0,817,0,"ARITHMETIC"
"N-CT",6,16,860,919461054,"Power N-CT43^2T23",43,2,0,1,14,"CALIBRATED",919461054,0,860,0,"ARITHMETIC"
"N-CT",6,16,884,920584095,"Power N-CT41^2Trin2,8,13",41,2,0,3,14,"CALIBRATED",920584095,0,NA,NA,"ARITHMETIC"
"N-CT",6,16,904,920649615,"Power N-CT41^2Trin1,8,13",41,2,0,3,14,"CALIBRATED",920649615,0,NA,NA,"ARITHMETIC"
"N-CT",6,16,924,920649660,"Power N-CT41^2T13T8",41,2,0,2,14,"CALIBRATED",920649660,0,924,0,"ARITHMETIC"
"N-CT",6,16,936,921632655,"Power N-CT41^2Trin2,6,13",41,2,0,3,14,"CALIBRATED",921632655,0,NA,NA,"ARITHMETIC"
"N-CT",6,16,958,921698175,"Power N-CT41^2Trin1,6,13",41,2,0,3,14,"CALIBRATED",921698175,0,NA,NA,"ARITHMETIC"
"N-CT",6,16,980,921698220,"Power N-CT41^2T13T6",41,2,0,2,14,"CALIBRATED",921698220,0,980,0,"ARITHMETIC"
"N-CT",6,16,1040,922615695,"Power N-CT41^2Trin2,2,13",41,2,0,3,14,"CALIBRATED",922615695,0,NA,NA,"ARITHMETIC"
"N-CT",6,16,1066,922681215,"Power N-CT41^2Trin1,2,13",41,2,0,3,14,"CALIBRATED",922681215,0,NA,NA,"ARITHMETIC"
"N-CT",6,16,1092,922681260,"Power N-CT41^2T13T2",41,2,0,2,14,"CALIBRATED",922681260,0,1092,0,"ARITHMETIC"
"N-CT",6,16,1093,922746735,"Power N-CT41^2Arc(2)T13",41,2,0,3,14,"CALIBRATED",922746735,0,1093,0,"ARITHMETIC"
"N-CT",6,16,1120,922746780,"Power N-CT41^2T13T1",41,2,0,2,14,"CALIBRATED",922746780,0,1120,0,"ARITHMETIC"
"N-CT",6,16,1204,922746825,"Power N-CT43^2T15",43,2,0,1,14,"CALIBRATED",922746825,0,1204,0,"ARITHMETIC"
"N-CT",6,16,1225,937295745,"Power N-CT41^2Trin2,2,8",41,2,0,3,14,"CALIBRATED",937295745,0,NA,NA,"ARITHMETIC"
"N-CT",6,16,1256,937361265,"Power N-CT41^2Trin1,2,8",41,2,0,3,14,"CALIBRATED",937361265,0,NA,NA,"ARITHMETIC"
"N-CT",6,16,1287,937361310,"Power N-CT41^2T8T2",41,2,0,2,14,"CALIBRATED",937361310,0,1287,0,"ARITHMETIC"
"N-CT",6,16,1288,937426785,"Power N-CT41^2Arc(2)T8",41,2,0,3,14,"CALIBRATED",937426785,0,1288,0,"ARITHMETIC"
"N-CT",6,16,1320,937426830,"Power N-CT41^2T8T1",41,2,0,2,14,"CALIBRATED",937426830,0,1320,0,"ARITHMETIC"
"N-CT",6,16,1419,937426875,"Power N-CT43^2T10",43,2,0,1,14,"CALIBRATED",937426875,0,1419,0,"ARITHMETIC"
"N-CT",6,16,1505,938475435,"Power N-CT43^2T8",43,2,0,1,14,"CALIBRATED",938475435,0,1505,0,"ARITHMETIC"
"N-CT",6,16,1521,939392910,"Power N-CT41^2T2T2",41,2,0,2,14,"CALIBRATED",939392910,0,1521,0,"ARITHMETIC"
"N-CT",6,16,1522,939458385,"Power N-CT41^2Arc(2)T2",41,2,0,3,14,"CALIBRATED",939458385,0,1522,0,"ARITHMETIC"
"N-CT",6,16,1560,939458430,"Power N-CT41^2T2T1",41,2,0,2,14,"CALIBRATED",939458430,0,1560,0,"ARITHMETIC"
"N-CT",6,16,1677,939458475,"Power N-CT43^2T4",43,2,0,1,14,"CALIBRATED",939458475,0,1677,0,"ARITHMETIC"
"N-CT",6,16,1720,939523995,"Power N-CT43^2T3",43,2,0,1,14,"CALIBRATED",939523995,0,1720,0,"ARITHMETIC"
"N-CT",6,16,1852,939524040,"Power N-CT43^2+3",43,2,3,0,14,"CALIBRATED",939524040,0,1852,0,"ARITHMETIC"
"N-CT",6,16,1861,1027604250,"Power N-CT47^2Arc(8)",47,2,0,8,14,"CALIBRATED",1027604250,0,1861,0,"ARITHMETIC"
"N-CT",6,16,1901,1042284285,"Power N-CT47^2Arc(7)",47,2,0,7,14,"CALIBRATED",1042284285,0,1901,0,"ARITHMETIC"
"N-CT",6,16,1942,1056964320,"Power N-CT47^2Arc(6)",47,2,0,6,14,"CALIBRATED",1056964320,0,1942,0,"ARITHMETIC"
"N-CT",6,16,1984,1071644355,"Power N-CT47^2Arc(5)",47,2,0,5,14,"CALIBRATED",1071644355,0,1984,0,"ARITHMETIC"
"N-CT",6,16,2027,1086324390,"Power N-CT47^2Arc(4)",47,2,0,4,14,"CALIBRATED",1086324390,0,2027,0,"ARITHMETIC"
"N-CT",6,16,2071,1101004425,"Power N-CT47^2Arc(3)",47,2,0,3,14,"CALIBRATED",1101004425,0,2071,0,"ARITHMETIC"
"N-CT",6,16,2116,1115684460,"Power N-CT47^2T1T1",47,2,0,2,14,"CALIBRATED",1115684460,0,2116,0,"ARITHMETIC"
"N-CT",6,16,2162,1130364495,"Power N-CT47^2T1",47,2,0,1,14,"CALIBRATED",1130364495,0,2162,0,"ARITHMETIC"
"N-CT",6,16,2258,1141898655,"Power N-CT53^2Trin2,2,7",53,2,0,3,14,"CALIBRATED",1141898655,0,NA,NA,"ARITHMETIC"
"N-CT",6,16,2346,1142947215,"Power N-CT53^2T7T2",53,2,0,2,14,"CALIBRATED",1142947215,0,2346,0,"ARITHMETIC"
"N-CT",6,16,2438,1143995775,"Power N-CT53^2T7",53,2,0,1,14,"CALIBRATED",1143995775,0,2438,0,"ARITHMETIC"
"N-CT",6,16,2447,1155485055,"Power N-CT59^2Trin3,3,13",59,2,0,3,14,"CALIBRATED",1155485055,0,NA,NA,"ARITHMETIC"
"N-CT",6,16,2533,1156468095,"Power N-CT59^2Trin1,3,13",59,2,0,3,14,"CALIBRATED",1156468095,0,NA,NA,"ARITHMETIC"
"N-CT",6,16,2576,1156529535,"Power N-CT59^2T13T3",59,2,0,2,14,"CALIBRATED",1156529535,0,2576,0,"ARITHMETIC"
"N-CT",6,16,2579,1157389695,"Power N-CT59^2Arc(3)T13",59,2,0,4,14,"CALIBRATED",1157389695,0,2579,0,"ARITHMETIC"
"N-CT",6,16,2623,1157451135,"Power N-CT59^2Arc(2)T13",59,2,0,3,14,"CALIBRATED",1157451135,0,2623,0,"ARITHMETIC"
"N-CT",6,16,2668,1157512575,"Power N-CT59^2T13T1",59,2,0,2,14,"CALIBRATED",1157512575,0,2668,0,"ARITHMETIC"
"N-CT",6,16,2806,1157574015,"Power N-CT61^2T15",61,2,0,1,14,"CALIBRATED",1157574015,0,2806,0,"ARITHMETIC"
"N-CT",6,16,2812,1159724370,"Power N-CT53^2+3",53,2,3,0,14,"CALIBRATED",1159724370,0,2812,0,"ARITHMETIC"
"N-CT",6,16,2856,1171209570,"Power N-CT59^2T8T3",59,2,0,2,14,"CALIBRATED",1171209570,0,2856,0,"ARITHMETIC"
"N-CT",6,16,2977,1171213650,"Power N-CT59^2Trin3,3,3",59,2,0,3,14,"CALIBRATED",1171213650,0,NA,NA,"ARITHMETIC"
"N-CT",6,16,3083,1172196690,"Power N-CT59^2Trin1,3,3",59,2,0,3,14,"CALIBRATED",1172196690,0,NA,NA,"ARITHMETIC"
"N-CT",6,16,3111,1172254050,"Power N-CT61^2T10",61,2,0,1,14,"CALIBRATED",1172254050,0,3111,0,"ARITHMETIC"
"N-CT",6,16,3136,1172258130,"Power N-CT59^2T3T3",59,2,0,2,14,"CALIBRATED",1172258130,0,3136,0,"ARITHMETIC"
"N-CT",6,16,3139,1173118290,"Power N-CT59^2Arc(3)T3",59,2,0,4,14,"CALIBRATED",1173118290,0,3139,0,"ARITHMETIC"
"N-CT",6,16,3193,1173179730,"Power N-CT59^2Arc(2)T3",59,2,0,3,14,"CALIBRATED",1173179730,0,3193,0,"ARITHMETIC"
"N-CT",6,16,3248,1173241170,"Power N-CT59^2T3T1",59,2,0,2,14,"CALIBRATED",1173241170,0,3248,0,"ARITHMETIC"
"N-CT",6,16,3416,1173302610,"Power N-CT61^2T5",61,2,0,1,14,"CALIBRATED",1173302610,0,3416,0,"ARITHMETIC"
"N-CT",6,16,3538,1174285650,"Power N-CT61^2T3",61,2,0,1,14,"CALIBRATED",1174285650,0,3538,0,"ARITHMETIC"
"N-CT",6,16,3723,1174347090,"Power N-CT61^2+2",61,2,2,0,14,"CALIBRATED",1174347090,0,3723,0,"ARITHMETIC"
"N-CT",6,16,3724,1174400850,"Power N-CT61^2+3",61,2,3,0,14,"CALIBRATED",1174400850,0,3724,0,"ARITHMETIC"
"N-CT",6,16,3751,1201667250,"Power N-CT67^2Arc(12)",67,2,0,12,14,"CALIBRATED",1201667250,0,3751,0,"ARITHMETIC"
"N-CT",6,16,3807,1215298770,"Power N-CT67^2Arc(11)",67,2,0,11,14,"CALIBRATED",1215298770,0,3807,0,"ARITHMETIC"
"N-CT",6,16,3825,1226833155,"Power N-CT73^2Trin7,7,9",73,2,0,3,13,"CALIBRATED",1226833155,0,NA,NA,"ARITHMETIC"
"N-CT",6,16,3943,1226833395,"Power N-CT73^2Trin7,7,7",73,2,0,3,13,"CALIBRATED",1226833395,0,NA,NA,"ARITHMETIC"
"N-CT",6,16,3969,1240456755,"Power N-CT73^2T10T10",73,2,0,2,13,"CALIBRATED",1240456755,0,3969,0,"ARITHMETIC"
"N-CT",6,16,4032,1240460595,"Power N-CT73^2T10T9",73,2,0,2,13,"CALIBRATED",1240460595,0,4032,0,"ARITHMETIC"
"N-CT",6,16,4158,1240460835,"Power N-CT73^2T10T7",73,2,0,2,13,"CALIBRATED",1240460835,0,4158,0,"ARITHMETIC"
"N-CT",6,16,4224,1240464675,"Power N-CT73^2T9T7",73,2,0,2,13,"CALIBRATED",1240464675,0,4224,0,"ARITHMETIC"
"N-CT",6,16,4356,1240464915,"Power N-CT73^2T7T7",73,2,0,2,13,"CALIBRATED",1240464915,0,4356,0,"ARITHMETIC"
"N-CT",6,16,4599,1254092355,"Power N-CT73^2T10",73,2,0,1,13,"CALIBRATED",1254092355,0,4599,0,"ARITHMETIC"
"N-CT",6,16,4672,1254096195,"Power N-CT73^2T9",73,2,0,1,13,"CALIBRATED",1254096195,0,4672,0,"ARITHMETIC"
"N-CT",6,16,4818,1254096435,"Power N-CT73^2T7",73,2,0,1,13,"CALIBRATED",1254096435,0,4818,0,"ARITHMETIC"
"N-CT",6,16,4977,1266675075,"Power N-CT79^2T16",79,2,0,1,13,"CALIBRATED",1266675075,0,4977,0,"ARITHMETIC"
"N-CT",6,16,5056,1266678915,"Power N-CT79^2T15",79,2,0,1,13,"CALIBRATED",1266678915,0,5056,0,"ARITHMETIC"
"N-CT",6,16,5214,1266679155,"Power N-CT79^2T13",79,2,0,1,13,"CALIBRATED",1266679155,0,5214,0,"ARITHMETIC"
"N-CT",6,16,5329,1267727955,"Power N-CT73^2",73,2,0,0,13,"CALIBRATED",1267727955,0,5329,0,"ARITHMETIC"
"N-CT",6,16,5347,1277164755,"Power N-CT83^2Arc(2)T17",83,2,0,3,13,"CALIBRATED",1277164755,0,5347,0,"ARITHMETIC"
"N-CT",6,16,5412,1278213315,"Power N-CT83^2T17T1",83,2,0,2,13,"CALIBRATED",1278213315,0,5412,0,"ARITHMETIC"
"N-CT",6,16,5607,1279257795,"Power N-CT89^2T26",89,2,0,1,13,"CALIBRATED",1279257795,0,5607,0,"ARITHMETIC"
"N-CT",6,16,5696,1279261635,"Power N-CT89^2T25",89,2,0,1,13,"CALIBRATED",1279261635,0,5696,0,"ARITHMETIC"
"N-CT",6,16,5874,1279261875,"Power N-CT89^2T23",89,2,0,1,13,"CALIBRATED",1279261875,0,5874,0,"ARITHMETIC"
"N-CT",6,16,6244,1281359235,"Power N-CT79^2+3",79,2,3,0,13,"CALIBRATED",1281359235,0,6244,0,"ARITHMETIC"
"N-CT",6,16,6253,1286602035,"Power N-CT83^2Arc(8)",83,2,0,8,13,"CALIBRATED",1286602035,0,6253,0,"ARITHMETIC"
"N-CT",6,16,6329,1287650595,"Power N-CT83^2Arc(7)",83,2,0,7,13,"CALIBRATED",1287650595,0,6329,0,"ARITHMETIC"
"N-CT",6,16,6406,1288699155,"Power N-CT83^2Arc(6)",83,2,0,6,13,"CALIBRATED",1288699155,0,6406,0,"ARITHMETIC"
"N-CT",6,16,6484,1289747715,"Power N-CT83^2Arc(5)",83,2,0,5,13,"CALIBRATED",1289747715,0,6484,0,"ARITHMETIC"
"N-CT",6,16,6563,1290796275,"Power N-CT83^2Arc(4)",83,2,0,4,13,"CALIBRATED",1290796275,0,6563,0,"ARITHMETIC"
"N-CT",6,16,7298,1293941955,"Power N-CT89^2T7",89,2,0,1,13,"CALIBRATED",1293941955,0,7298,0,"ARITHMETIC"
"N-CT",6,16,7921,1294990515,"Power N-CT89^2",89,2,0,0,13,"CALIBRATED",1294990515,0,7921,0,"ARITHMETIC"
"N-CT",6,16,7954,1305738435,"Power N-CT97^2T15",97,2,0,1,13,"CALIBRATED",1305738435,0,7954,0,"ARITHMETIC"
"N-CT",6,16,8036,1306414275,"Power N-CT101^2T19T3",101,2,0,2,13,"CALIBRATED",1306414275,0,8036,0,"ARITHMETIC"
"N-CT",6,16,8633,1306786995,"Power N-CT97^2T8",97,2,0,1,13,"CALIBRATED",1306786995,0,8633,0,"ARITHMETIC"
"N-CT",6,16,8722,1307462835,"Power N-CT101^2T12T3",101,2,0,2,13,"CALIBRATED",1307462835,0,8722,0,"ARITHMETIC"
"N-CT",6,16,9410,1307770035,"Power N-CT97^2+1",97,2,1,0,13,"CALIBRATED",1307770035,0,9410,0,"ARITHMETIC"
"N-CT",6,16,9604,1308445875,"Power N-CT101^2T3T3",101,2,0,2,13,"CALIBRATED",1308445875,0,9604,0,"ARITHMETIC"
"N-CT",5,17,1102,38168736,"Power N-CT41^2Trin2,7,7",41,2,0,3,9,"CALIBRATED",38168736,0,NA,NA,"ARITHMETIC"
"N-CT",5,17,1156,38169040,"Power N-CT41^2T7T7",41,2,0,2,9,"CALIBRATED",38169040,0,1156,0,"ARITHMETIC"
"N-CT",5,17,1198,38247344,"Power N-CT41^2Trin2,4,7",41,2,0,3,9,"CALIBRATED",38247344,0,NA,NA,"ARITHMETIC"
"N-CT",5,17,1258,38247648,"Power N-CT41^2T7T4",41,2,0,2,9,"CALIBRATED",38247648,0,1258,0,"ARITHMETIC"
"N-CT",5,17,1262,38251968,"Power N-CT41^2Trin2,2,7",41,2,0,3,9,"CALIBRATED",38251968,0,NA,NA,"ARITHMETIC"
"N-CT",5,17,1326,38252272,"Power N-CT41^2T7T2",41,2,0,2,9,"CALIBRATED",38252272,0,1326,0,"ARITHMETIC"
"N-CT",5,17,1394,38252576,"Power N-CT41^2T7",41,2,0,1,9,"CALIBRATED",38252576,0,1394,0,"ARITHMETIC"
"N-CT",5,17,1443,38330880,"Power N-CT41^2T4T2",41,2,0,2,9,"CALIBRATED",38330880,0,1443,0,"ARITHMETIC"
"N-CT",5,17,1517,38331184,"Power N-CT41^2T4",41,2,0,1,9,"CALIBRATED",38331184,0,1517,0,"ARITHMETIC"
"N-CT",5,17,1521,38335504,"Power N-CT41^2T2T2",41,2,0,2,9,"CALIBRATED",38335504,0,1521,0,"ARITHMETIC"
"N-CT",5,17,1599,38335808,"Power N-CT41^2T2",41,2,0,1,9,"CALIBRATED",38335808,0,1599,0,"ARITHMETIC"
"N-CT",5,17,1681,38336112,"Power N-CT41^2",41,2,0,0,9,"CALIBRATED",38336112,0,1681,0,"ARITHMETIC"
"N-CT",5,17,3239,49694960,"Power N-CT79^2T38",79,2,0,1,9,"CALIBRATED",49694960,0,3239,0,"ARITHMETIC"
"N-CT",5,17,3416,50279344,"Power N-CT61^2T5",61,2,0,1,9,"CALIBRATED",50279344,0,3416,0,"ARITHMETIC"
"N-CT",5,17,3721,50362848,"Power N-CT61^2",61,2,0,0,9,"CALIBRATED",50362848,0,3721,0,"ARITHMETIC"
"N-CT",5,17,3752,50908208,"Power N-CT67^2T11",67,2,0,1,9,"CALIBRATED",50908208,0,3752,0,"ARITHMETIC"
"N-CT",5,17,3755,50942496,"Power N-CT71^2Trin1,3,15",71,2,0,3,9,"CALIBRATED",50942496,0,NA,NA,"ARITHMETIC"
"N-CT",5,17,3808,50942816,"Power N-CT71^2T15T3",71,2,0,2,9,"CALIBRATED",50942816,0,3808,0,"ARITHMETIC"
"N-CT",5,17,3811,50946800,"Power N-CT71^2Arc(3)T15",71,2,0,4,9,"CALIBRATED",50946800,0,3811,0,"ARITHMETIC"
"N-CT",5,17,3865,50947120,"Power N-CT71^2Arc(2)T15",71,2,0,3,9,"CALIBRATED",50947120,0,3865,0,"ARITHMETIC"
"N-CT",5,17,3920,50947440,"Power N-CT71^2T15T1",71,2,0,2,9,"CALIBRATED",50947440,0,3920,0,"ARITHMETIC"
"N-CT",5,17,4424,50947760,"Power N-CT79^2T23",79,2,0,1,9,"CALIBRATED",50947760,0,4424,0,"ARITHMETIC"
"N-CT",5,17,4819,51031264,"Power N-CT79^2T18",79,2,0,1,9,"CALIBRATED",51031264,0,4819,0,"ARITHMETIC"
"N-CT",5,17,5372,51109872,"Power N-CT79^2T11",79,2,0,1,9,"CALIBRATED",51109872,0,5372,0,"ARITHMETIC"
"N-CT",5,17,5530,51114496,"Power N-CT79^2T9",79,2,0,1,9,"CALIBRATED",51114496,0,5530,0,"ARITHMETIC"
"N-CT",5,17,6242,51114816,"Power N-CT79^2+1",79,2,1,0,9,"CALIBRATED",51114816,0,6242,0,"ARITHMETIC"
"N-CT",5,17,6400,59884304,"Power N-CT83^2T3T3",83,2,0,2,9,"CALIBRATED",59884304,0,6400,0,"ARITHMETIC"
"N-CT",5,17,6596,61132144,"Power N-CT97^2T29",97,2,0,1,9,"CALIBRATED",61132144,0,6596,0,"ARITHMETIC"
"N-CT",5,17,6790,61136768,"Power N-CT97^2T27",97,2,0,1,9,"CALIBRATED",61136768,0,6790,0,"ARITHMETIC"
"N-CT",5,17,7760,61137088,"Power N-CT97^2T17",97,2,0,1,9,"CALIBRATED",61137088,0,7760,0,"ARITHMETIC"
"N-CT",5,17,9409,62389872,"Power N-CT97^2",97,2,0,0,9,"CALIBRATED",62389872,0,9409,0,"ARITHMETIC"
"CT",6,17,290,386201088,"Power CT17^2+1",17,2,1,0,16,"FORMULA",386201088,0,290,0,"ARITHMETIC"
"CT",6,17,324,703079762,"Power CT19^2T1T1",19,2,0,2,16,"FORMULA",703079762,0,324,0,"ARITHMETIC"
"CT",6,17,342,725713953,"Power CT19^2T1",19,2,0,1,16,"FORMULA",725713953,0,342,0,"ARITHMETIC"
"CT",6,17,361,748348144,"Power CT19^2",19,2,0,0,16,"FORMULA",748348144,0,361,0,"ARITHMETIC"
"CT",6,17,362,752734016,"Power CT19^2+1",19,2,1,0,16,"FORMULA",752734016,0,362,0,"ARITHMETIC"
"N-CT",6,17,621,1084770656,"Power N-CT29^2T6T2",29,2,0,2,15,"CALIBRATED",1084770656,0,621,0,"ARITHMETIC"
"N-CT",6,17,667,1084770688,"Power N-CT29^2T6",29,2,0,1,15,"CALIBRATED",1084770688,0,667,0,"ARITHMETIC"
"N-CT",6,17,675,1086106992,"Power N-CT29^2T4T2",29,2,0,2,15,"CALIBRATED",1086106992,0,675,0,"ARITHMETIC"
"N-CT",6,17,725,1086107024,"Power N-CT29^2T4",29,2,0,1,15,"CALIBRATED",1086107024,0,725,0,"ARITHMETIC"
"N-CT",6,17,729,1086190496,"Power N-CT29^2T2T2",29,2,0,2,15,"CALIBRATED",1086190496,0,729,0,"ARITHMETIC"
"N-CT",6,17,783,1086190528,"Power N-CT29^2T2",29,2,0,1,15,"CALIBRATED",1086190528,0,783,0,"ARITHMETIC"
"N-CT",6,17,841,1086190560,"Power N-CT29^2",29,2,0,0,15,"CALIBRATED",1086190560,0,841,0,"ARITHMETIC"
"N-CT",6,17,846,1279291104,"Power N-CT47^2T29",47,2,0,1,14,"CALIBRATED",1279291104,0,846,0,"ARITHMETIC"
"N-CT",6,17,893,1301925295,"Power N-CT47^2T28",47,2,0,1,14,"CALIBRATED",1301925295,0,893,0,"ARITHMETIC"
"N-CT",6,17,940,1302199412,"Power N-CT47^2T27",47,2,0,1,14,"CALIBRATED",1302199412,0,940,0,"ARITHMETIC"
"N-CT",6,17,946,1322387552,"Power N-CT41^2Trin3,6,12",41,2,0,3,14,"CALIBRATED",1322387552,0,NA,NA,"ARITHMETIC"
"N-CT",6,17,1015,1323723888,"Power N-CT41^2T12T6",41,2,0,2,14,"CALIBRATED",1323723888,0,1015,0,"ARITHMETIC"
"N-CT",6,17,1024,1323807392,"Power N-CT41^2Trin3,3,12",41,2,0,3,14,"CALIBRATED",1323807392,0,NA,NA,"ARITHMETIC"
"N-CT",6,17,1026,1325143696,"Power N-CT41^2T14T3",41,2,0,2,14,"CALIBRATED",1325143696,0,1026,0,"ARITHMETIC"
"N-CT",6,17,1102,1325143728,"Power N-CT41^2T12T3",41,2,0,2,14,"CALIBRATED",1325143728,0,1102,0,"ARITHMETIC"
"N-CT",6,17,1107,1326480032,"Power N-CT41^2T14",41,2,0,1,14,"CALIBRATED",1326480032,0,1107,0,"ARITHMETIC"
"N-CT",6,17,1189,1326480064,"Power N-CT41^2T12",41,2,0,1,14,"CALIBRATED",1326480064,0,1189,0,"ARITHMETIC"
"N-CT",6,17,1190,1327566144,"Power N-CT43^2Arc(2)T14",43,2,0,3,14,"CALIBRATED",1327566144,0,1190,0,"ARITHMETIC"
"N-CT",6,17,1218,1327566192,"Power N-CT43^2T14T1",43,2,0,2,14,"CALIBRATED",1327566192,0,1218,0,"ARITHMETIC"
"N-CT",6,17,1269,1327566208,"Power N-CT47^2T20",47,2,0,1,14,"CALIBRATED",1327566208,0,1269,0,"ARITHMETIC"
"N-CT",6,17,1363,1327566240,"Power N-CT47^2T18",47,2,0,1,14,"CALIBRATED",1327566240,0,1363,0,"ARITHMETIC"
"N-CT",6,17,1435,1347777904,"Power N-CT41^2T6",41,2,0,1,14,"CALIBRATED",1347777904,0,1435,0,"ARITHMETIC"
"N-CT",6,17,1444,1347861408,"Power N-CT41^2T3T3",41,2,0,2,14,"CALIBRATED",1347861408,0,1444,0,"ARITHMETIC"
"N-CT",6,17,1470,1348864032,"Power N-CT43^2T8T1",43,2,0,2,14,"CALIBRATED",1348864032,0,1470,0,"ARITHMETIC"
"N-CT",6,17,1645,1348864080,"Power N-CT47^2T12",47,2,0,1,14,"CALIBRATED",1348864080,0,1645,0,"ARITHMETIC"
"N-CT",6,17,1786,1350283920,"Power N-CT47^2T9",47,2,0,1,14,"CALIBRATED",1350283920,0,1786,0,"ARITHMETIC"
"N-CT",6,17,1927,1351620256,"Power N-CT47^2T6",47,2,0,1,14,"CALIBRATED",1351620256,0,1927,0,"ARITHMETIC"
"N-CT",6,17,1974,1351703760,"Power N-CT47^2T5",47,2,0,1,14,"CALIBRATED",1351703760,0,1974,0,"ARITHMETIC"
"N-CT",6,17,2210,1351703808,"Power N-CT47^2+1",47,2,1,0,14,"CALIBRATED",1351703808,0,2210,0,"ARITHMETIC"
"N-CT",6,17,2304,1607277696,"Power N-CT53^2T5T5",53,2,0,2,14,"CALIBRATED",1607277696,0,2304,0,"ARITHMETIC"
"N-CT",6,17,2544,1628575520,"Power N-CT53^2T5",53,2,0,1,14,"CALIBRATED",1628575520,0,2544,0,"ARITHMETIC"
"N-CT",6,17,2809,1649873344,"Power N-CT53^2",53,2,0,0,14,"CALIBRATED",1649873344,0,2809,0,"ARITHMETIC"
"N-CT",6,17,2928,1664405808,"Power N-CT61^2T13",61,2,0,1,14,"CALIBRATED",1664405808,0,2928,0,"ARITHMETIC"
"N-CT",6,17,3021,1684367296,"Power N-CT59^2T6T2",59,2,0,2,14,"CALIBRATED",1684367296,0,3021,0,"ARITHMETIC"
"N-CT",6,17,3139,1684450800,"Power N-CT59^2Trin2,2,2",59,2,0,3,14,"CALIBRATED",1684450800,0,NA,NA,"ARITHMETIC"
"N-CT",6,17,3233,1685703632,"Power N-CT61^2T8",61,2,0,1,14,"CALIBRATED",1685703632,0,3233,0,"ARITHMETIC"
"N-CT",6,17,3249,1685787136,"Power N-CT59^2T2T2",59,2,0,2,14,"CALIBRATED",1685787136,0,3249,0,"ARITHMETIC"
"N-CT",6,17,3477,1687123472,"Power N-CT61^2T4",61,2,0,1,14,"CALIBRATED",1687123472,0,3477,0,"ARITHMETIC"
"N-CT",6,17,3722,1688459808,"Power N-CT61^2+1",61,2,1,0,14,"CALIBRATED",1688459808,0,3722,0,"ARITHMETIC"
"N-CT",6,17,3751,1729384928,"Power N-CT67^2Arc(12)",67,2,0,12,14,"CALIBRATED",1729384928,0,3751,0,"ARITHMETIC"
"N-CT",6,17,3807,1749262960,"Power N-CT67^2Arc(11)",67,2,0,11,14,"CALIBRATED",1749262960,0,3807,0,"ARITHMETIC"
"N-CT",6,17,3826,1767711616,"Power N-CT73^2Trin7,8,8",73,2,0,3,13,"CALIBRATED",1767711616,0,NA,NA,"ARITHMETIC"
"N-CT",6,17,3884,1767716512,"Power N-CT73^2Trin7,7,8",73,2,0,3,13,"CALIBRATED",1767716512,0,NA,NA,"ARITHMETIC"
"N-CT",6,17,3943,1767721408,"Power N-CT73^2Trin7,7,7",73,2,0,3,13,"CALIBRATED",1767721408,0,NA,NA,"ARITHMETIC"
"N-CT",6,17,4030,1787511040,"Power N-CT73^2T11T8",73,2,0,2,13,"CALIBRATED",1787511040,0,4030,0,"ARITHMETIC"
"N-CT",6,17,4092,1787515936,"Power N-CT73^2T11T7",73,2,0,2,13,"CALIBRATED",1787515936,0,4092,0,"ARITHMETIC"
"N-CT",6,17,4225,1787589648,"Power N-CT73^2T8T8",73,2,0,2,13,"CALIBRATED",1787589648,0,4225,0,"ARITHMETIC"
"N-CT",6,17,4290,1787594544,"Power N-CT73^2T8T7",73,2,0,2,13,"CALIBRATED",1787594544,0,4290,0,"ARITHMETIC"
"N-CT",6,17,4356,1787599440,"Power N-CT73^2T7T7",73,2,0,2,13,"CALIBRATED",1787599440,0,4356,0,"ARITHMETIC"
"N-CT",6,17,4526,1807393968,"Power N-CT73^2T11",73,2,0,1,13,"CALIBRATED",1807393968,0,4526,0,"ARITHMETIC"
"N-CT",6,17,4745,1807472576,"Power N-CT73^2T8",73,2,0,1,13,"CALIBRATED",1807472576,0,4745,0,"ARITHMETIC"
"N-CT",6,17,4818,1807477472,"Power N-CT73^2T7",73,2,0,1,13,"CALIBRATED",1807477472,0,4818,0,"ARITHMETIC"
"N-CT",6,17,4879,1821670976,"Power N-CT79^2Trin2,2,14",79,2,0,3,13,"CALIBRATED",1821670976,0,NA,NA,"ARITHMETIC"
"N-CT",6,17,4954,1821675872,"Power N-CT79^2Trin2,2,13",79,2,0,3,13,"CALIBRATED",1821675872,0,NA,NA,"ARITHMETIC"
"N-CT",6,17,5005,1823090816,"Power N-CT79^2T14T2",79,2,0,2,13,"CALIBRATED",1823090816,0,5005,0,"ARITHMETIC"
"N-CT",6,17,5082,1823095712,"Power N-CT79^2T13T2",79,2,0,2,13,"CALIBRATED",1823095712,0,5082,0,"ARITHMETIC"
"N-CT",6,17,5146,1824432048,"Power N-CT83^2T21",83,2,0,1,13,"CALIBRATED",1824432048,0,5146,0,"ARITHMETIC"
"N-CT",6,17,5395,1824510656,"Power N-CT83^2T18",83,2,0,1,13,"CALIBRATED",1824510656,0,5395,0,"ARITHMETIC"
"N-CT",6,17,5478,1824515552,"Power N-CT83^2T17",83,2,0,1,13,"CALIBRATED",1824515552,0,5478,0,"ARITHMETIC"
"N-CT",6,17,5487,1838713952,"Power N-CT89^2Trin3,3,23",89,2,0,3,13,"CALIBRATED",1838713952,0,NA,NA,"ARITHMETIC"
"N-CT",6,17,5590,1840128896,"Power N-CT89^2T24T3",89,2,0,2,13,"CALIBRATED",1840128896,0,5590,0,"ARITHMETIC"
"N-CT",6,17,5676,1840133792,"Power N-CT89^2T23T3",89,2,0,2,13,"CALIBRATED",1840133792,0,5676,0,"ARITHMETIC"
"N-CT",6,17,5785,1841548736,"Power N-CT89^2T24",89,2,0,1,13,"CALIBRATED",1841548736,0,5785,0,"ARITHMETIC"
"N-CT",6,17,5874,1841553632,"Power N-CT89^2T23",89,2,0,1,13,"CALIBRATED",1841553632,0,5874,0,"ARITHMETIC"
"N-CT",6,17,5929,1842973744,"Power N-CT79^2T2T2",79,2,0,2,13,"CALIBRATED",1842973744,0,5929,0,"ARITHMETIC"
"N-CT",6,17,6391,1844393584,"Power N-CT83^2T6",83,2,0,1,13,"CALIBRATED",1844393584,0,6391,0,"ARITHMETIC"
"N-CT",6,17,6892,1845813424,"Power N-CT83^2+3",83,2,3,0,13,"CALIBRATED",1845813424,0,6892,0,"ARITHMETIC"
"N-CT",6,17,7147,1860011824,"Power N-CT89^2Trin3,3,3",89,2,0,3,13,"CALIBRATED",1860011824,0,NA,NA,"ARITHMETIC"
"N-CT",6,17,7396,1861431664,"Power N-CT89^2T3T3",89,2,0,2,13,"CALIBRATED",1861431664,0,7396,0,"ARITHMETIC"
"N-CT",6,17,7654,1862851504,"Power N-CT89^2T3",89,2,0,1,13,"CALIBRATED",1862851504,0,7654,0,"ARITHMETIC"
"N-CT",6,17,8058,1862935008,"Power N-CT97^2Arc(13)T2",97,2,0,14,13,"CALIBRATED",NA,NA,8058,0,"ARITH_OPEN"
"N-CT",6,17,8226,1864271344,"Power N-CT97^2Arc(13)",97,2,0,13,13,"CALIBRATED",1864271344,0,8226,0,"ARITHMETIC"
"N-CT",6,17,8311,1865607680,"Power N-CT97^2Arc(12)",97,2,0,12,13,"CALIBRATED",1865607680,0,8311,0,"ARITHMETIC"
"N-CT",6,17,8397,1866944016,"Power N-CT97^2Arc(11)",97,2,0,11,13,"CALIBRATED",1866944016,0,8397,0,"ARITHMETIC"
"N-CT",6,17,8484,1868280352,"Power N-CT97^2Arc(10)",97,2,0,10,13,"CALIBRATED",1868280352,0,8484,0,"ARITHMETIC"
"N-CT",6,17,8572,1869616688,"Power N-CT97^2Arc(9)",97,2,0,9,13,"CALIBRATED",1869616688,0,8572,0,"ARITHMETIC"
"N-CT",6,17,8661,1870953024,"Power N-CT97^2Arc(8)",97,2,0,8,13,"CALIBRATED",1870953024,0,8661,0,"ARITHMETIC"
"N-CT",6,17,8751,1872289360,"Power N-CT97^2Arc(7)",97,2,0,7,13,"CALIBRATED",1872289360,0,8751,0,"ARITHMETIC"
"N-CT",6,17,8842,1873625696,"Power N-CT97^2Arc(6)",97,2,0,6,13,"CALIBRATED",1873625696,0,8842,0,"ARITHMETIC"
"N-CT",6,17,8934,1874962032,"Power N-CT97^2Arc(5)",97,2,0,5,13,"CALIBRATED",1874962032,0,8934,0,"ARITHMETIC"
"N-CT",6,17,9027,1876298368,"Power N-CT97^2Arc(4)",97,2,0,4,13,"CALIBRATED",1876298368,0,9027,0,"ARITHMETIC"
"N-CT",6,17,9121,1877634704,"Power N-CT97^2Arc(3)",97,2,0,3,13,"CALIBRATED",1877634704,0,9121,0,"ARITHMETIC"
"N-CT",6,17,9216,1878971040,"Power N-CT97^2T1T1",97,2,0,2,13,"CALIBRATED",1878971040,0,9216,0,"ARITHMETIC"
"N-CT",5,18,1336,66586860,"Power N-CT41^2Trin1,4,4",41,2,0,3,9,"CALIBRATED",66586860,0,NA,NA,"ARITHMETIC"
"N-CT",5,18,1369,66593700,"Power N-CT41^2T4T4",41,2,0,2,9,"CALIBRATED",66593700,0,1369,0,"ARITHMETIC"
"N-CT",5,18,1375,66696642,"Power N-CT41^2Arc(4)T4",41,2,0,5,9,"CALIBRATED",66696642,0,1375,0,"ARITHMETIC"
"N-CT",5,18,1409,66703482,"Power N-CT41^2Arc(3)T4",41,2,0,4,9,"CALIBRATED",66703482,0,1409,0,"ARITHMETIC"
"N-CT",5,18,1444,66710322,"Power N-CT41^2Arc(2)T4",41,2,0,3,9,"CALIBRATED",66710322,0,1444,0,"ARITHMETIC"
"N-CT",5,18,1480,66717162,"Power N-CT41^2T4T1",41,2,0,2,9,"CALIBRATED",66717162,0,1480,0,"ARITHMETIC"
"N-CT",5,18,1517,66724002,"Power N-CT41^2T4",41,2,0,1,9,"CALIBRATED",66724002,0,1517,0,"ARITHMETIC"
"N-CT",5,18,1591,66724290,"Power N-CT43^2T6",43,2,0,1,9,"CALIBRATED",66724290,0,1591,0,"ARITHMETIC"
"N-CT",5,18,1600,66840624,"Power N-CT41^2T1T1",41,2,0,2,9,"CALIBRATED",66840624,0,1600,0,"ARITHMETIC"
"N-CT",5,18,1640,66847464,"Power N-CT41^2T1",41,2,0,1,9,"CALIBRATED",66847464,0,1640,0,"ARITHMETIC"
"N-CT",5,18,1720,66847752,"Power N-CT43^2T3",43,2,0,1,9,"CALIBRATED",66847752,0,1720,0,"ARITHMETIC"
"N-CT",5,18,1763,66854592,"Power N-CT43^2T2",43,2,0,1,9,"CALIBRATED",66854592,0,1763,0,"ARITHMETIC"
"N-CT",5,18,1851,66854628,"Power N-CT43^2+2",43,2,2,0,9,"CALIBRATED",66854628,0,1851,0,"ARITHMETIC"
"N-CT",5,18,3293,86533074,"Power N-CT89^2T52",89,2,0,1,9,"CALIBRATED",86533074,0,3293,0,"ARITHMETIC"
"N-CT",5,18,3334,86656464,"Power N-CT79^2Trin1,4,34",79,2,0,3,9,"CALIBRATED",86656464,0,NA,NA,"ARITHMETIC"
"N-CT",5,18,3375,86656518,"Power N-CT79^2T34T4",79,2,0,2,9,"CALIBRATED",86656518,0,3375,0,"ARITHMETIC"
"N-CT",5,18,3560,86656536,"Power N-CT89^2T49",89,2,0,1,9,"CALIBRATED",86656536,0,3560,0,"ARITHMETIC"
"N-CT",5,18,3649,86663376,"Power N-CT89^2T48",89,2,0,1,9,"CALIBRATED",86663376,0,3649,0,"ARITHMETIC"
"N-CT",5,18,4005,86663412,"Power N-CT89^2T44",89,2,0,1,9,"CALIBRATED",86663412,0,4005,0,"ARITHMETIC"
"N-CT",5,18,4020,87836004,"Power N-CT67^2T7",67,2,0,1,9,"CALIBRATED",87836004,0,4020,0,"ARITHMETIC"
"N-CT",5,18,4490,87966306,"Power N-CT67^2+1",67,2,1,0,9,"CALIBRATED",87966306,0,4490,0,"ARITHMETIC"
"N-CT",5,18,4624,88830540,"Power N-CT71^2T3T3",71,2,0,2,9,"CALIBRATED",88830540,0,4624,0,"ARITHMETIC"
"N-CT",5,18,4680,88878798,"Power N-CT79^2T19T1",79,2,0,2,9,"CALIBRATED",88878798,0,4680,0,"ARITHMETIC"
"N-CT",5,18,5340,88878852,"Power N-CT89^2T29",89,2,0,1,9,"CALIBRATED",88878852,0,5340,0,"ARITHMETIC"
"N-CT",5,18,6052,89009154,"Power N-CT89^2T21",89,2,0,1,9,"CALIBRATED",89009154,0,6052,0,"ARITHMETIC"
"N-CT",5,18,6675,89132616,"Power N-CT89^2T14",89,2,0,1,9,"CALIBRATED",89132616,0,6675,0,"ARITHMETIC"
"N-CT",5,18,6853,89139114,"Power N-CT89^2T12",89,2,0,1,9,"CALIBRATED",89139114,0,6853,0,"ARITHMETIC"
"N-CT",5,18,6942,89139456,"Power N-CT89^2T11",89,2,0,1,9,"CALIBRATED",89139456,0,6942,0,"ARITHMETIC"
"N-CT",5,18,7921,89139510,"Power N-CT89^2",89,2,0,0,9,"CALIBRATED",89139510,0,7921,0,"ARITHMETIC"
"CT",5,18,8000,96567780,"Power CT23^3T3T3T3",23,3,0,3,21,"FORMULA",96567780,0,8000,0,"ARITHMETIC"
"CT",5,18,8400,98536315,"Power CT23^3T3T3T2",23,3,0,3,21,"FORMULA",98536315,0,8400,0,"ARITHMETIC"
"CT",5,18,8800,99037020,"Power CT23^3T3T3T1",23,3,0,3,21,"FORMULA",99037020,0,8800,0,"ARITHMETIC"
"CT",5,18,9200,99043878,"Power CT23^3T3T3",23,3,0,2,21,"FORMULA",99043878,0,9200,0,"ARITHMETIC"
"CT",5,18,9240,101005555,"Power CT23^3T3T2T1",23,3,0,3,21,"FORMULA",101005555,0,9240,0,"ARITHMETIC"
"CT",5,18,9660,101012413,"Power CT23^3T3T2",23,3,0,2,21,"FORMULA",101012413,0,9660,0,"ARITHMETIC"
"CT",5,18,9680,101506260,"Power CT23^3T3T1T1",23,3,0,3,21,"FORMULA",101506260,0,9680,0,"ARITHMETIC"
"CT",5,18,10000,101513118,"Power CT23^3T3T1",23,3,0,2,21,"FORMULA",101513118,0,10120,-120,"ARITHMETIC"
"CT",6,18,209,750839977,"Power CT19^2T8",19,2,0,1,16,"FORMULA",750839977,0,209,0,"ARITHMETIC"
"CT",6,18,362,752734048,"Power CT19^2+1",19,2,1,0,16,"FORMULA",752734048,0,362,0,"ARITHMETIC"
"N-CT",6,18,580,2022972306,"Power N-CT29^2T9",29,2,0,1,15,"CALIBRATED",2022972306,0,580,0,"ARITHMETIC"
"N-CT",6,18,620,2022972810,"Power N-CT31^2T11",31,2,0,1,15,"CALIBRATED",2022972810,0,620,0,"ARITHMETIC"
"N-CT",6,18,651,2060374939,"Power N-CT31^2T10",31,2,0,1,15,"CALIBRATED",2060374939,0,651,0,"ARITHMETIC"
"N-CT",6,18,725,2114587950,"Power N-CT29^2T4",29,2,0,1,15,"CALIBRATED",2114587950,0,725,0,"ARITHMETIC"
"N-CT",6,18,775,2114588454,"Power N-CT31^2T6",31,2,0,1,15,"CALIBRATED",2114588454,0,775,0,"ARITHMETIC"
"N-CT",6,18,783,2116933728,"Power N-CT29^2T2",29,2,0,1,15,"CALIBRATED",2116933728,0,783,0,"ARITHMETIC"
"N-CT",6,18,837,2116934232,"Power N-CT31^2T4",31,2,0,1,15,"CALIBRATED",2116934232,0,837,0,"ARITHMETIC"
"N-CT",6,18,841,2117064030,"Power N-CT29^2",29,2,0,0,15,"CALIBRATED",2117064030,0,841,0,"ARITHMETIC"
"N-CT",6,18,899,2117064534,"Power N-CT31^2T2",31,2,0,1,15,"CALIBRATED",2117064534,0,899,0,"ARITHMETIC"
"N-CT",6,18,961,2117064570,"Power N-CT31^2",31,2,0,0,15,"CALIBRATED",2117064570,0,961,0,"ARITHMETIC"
"N-CT",6,18,973,2550381434,"Power N-CT41^2Trin4,4,12",41,2,0,3,14,"CALIBRATED",2550381434,0,NA,NA,"ARITHMETIC"
"N-CT",6,18,1039,2550381470,"Power N-CT41^2Trin4,4,10",41,2,0,3,14,"CALIBRATED",2550381470,0,NA,NA,"ARITHMETIC"
"N-CT",6,18,1073,2552857514,"Power N-CT41^2T12T4",41,2,0,2,14,"CALIBRATED",2552857514,0,1073,0,"ARITHMETIC"
"N-CT",6,18,1147,2552857550,"Power N-CT41^2T10T4",41,2,0,2,14,"CALIBRATED",2552857550,0,1147,0,"ARITHMETIC"
"N-CT",6,18,1189,2555333594,"Power N-CT41^2T12",41,2,0,1,14,"CALIBRATED",2555333594,0,1189,0,"ARITHMETIC"
"N-CT",6,18,1271,2555333630,"Power N-CT41^2T10",41,2,0,1,14,"CALIBRATED",2555333630,0,1271,0,"ARITHMETIC"
"N-CT",6,18,1333,2585828744,"Power N-CT43^2T12",43,2,0,1,14,"CALIBRATED",2585828744,0,1333,0,"ARITHMETIC"
"N-CT",6,18,1369,2594951216,"Power N-CT41^2T4T4",41,2,0,2,14,"CALIBRATED",2594951216,0,1369,0,"ARITHMETIC"
"N-CT",6,18,1517,2597427296,"Power N-CT41^2T4",41,2,0,1,14,"CALIBRATED",2597427296,0,1517,0,"ARITHMETIC"
"N-CT",6,18,1681,2599903376,"Power N-CT41^2",41,2,0,0,14,"CALIBRATED",2599903376,0,1681,0,"ARITHMETIC"
"N-CT",6,18,1763,2630398490,"Power N-CT43^2T2",43,2,0,1,14,"CALIBRATED",2630398490,0,1763,0,"ARITHMETIC"
"N-CT",6,18,1851,2632744268,"Power N-CT43^2+2",43,2,2,0,14,"CALIBRATED",2632744268,0,1851,0,"ARITHMETIC"
"N-CT",6,18,1852,2634569252,"Power N-CT43^2+3",43,2,3,0,14,"CALIBRATED",2634569252,0,1852,0,"ARITHMETIC"
"N-CT",6,18,1861,2887131140,"Power N-CT47^2Arc(8)",47,2,0,8,14,"CALIBRATED",2887131140,0,1861,0,"ARITHMETIC"
"N-CT",6,18,1901,2929224788,"Power N-CT47^2Arc(7)",47,2,0,7,14,"CALIBRATED",2929224788,0,1901,0,"ARITHMETIC"
"N-CT",6,18,1946,2961214768,"Power N-CT73^2Trin3,8,42",73,2,0,3,13,"CALIBRATED",2961214768,0,NA,NA,"ARITHMETIC"
"N-CT",6,18,2015,2961338230,"Power N-CT73^2T42T8",73,2,0,2,13,"CALIBRATED",2961338230,0,2015,0,"ARITHMETIC"
"N-CT",6,18,2025,2963553670,"Power N-CT73^2T28T28",73,2,0,2,13,"CALIBRATED",2963553670,0,2025,0,"ARITHMETIC"
"N-CT",6,18,2086,2963560546,"Power N-CT73^2Trin3,3,42",73,2,0,3,13,"CALIBRATED",2963560546,0,NA,NA,"ARITHMETIC"
"N-CT",6,18,2170,2963684008,"Power N-CT73^2T42T3",73,2,0,2,13,"CALIBRATED",2963684008,0,2170,0,"ARITHMETIC"
"N-CT",6,18,2263,2963807470,"Power N-CT73^2T42",73,2,0,1,13,"CALIBRATED",2963807470,0,2263,0,"ARITHMETIC"
"N-CT",6,18,2266,3000962710,"Power N-CT73^2Trin14,14,27",73,2,0,3,13,"CALIBRATED",3000962710,0,NA,NA,"ARITHMETIC"
"N-CT",6,18,2407,3003308434,"Power N-CT73^2Trin8,14,28",73,2,0,3,13,"CALIBRATED",3003308434,0,NA,NA,"ARITHMETIC"
"N-CT",6,18,2419,3003431896,"Power N-CT73^2T32T14",73,2,0,2,13,"CALIBRATED",3003431896,0,2419,0,"ARITHMETIC"
"N-CT",6,18,2458,3003438790,"Power N-CT73^2Trin8,14,27",73,2,0,3,13,"CALIBRATED",3003438790,0,NA,NA,"ARITHMETIC"
"N-CT",6,18,2562,3005654212,"Power N-CT73^2Trin3,14,28",73,2,0,3,13,"CALIBRATED",3005654212,0,NA,NA,"ARITHMETIC"
"N-CT",6,18,2655,3005777674,"Power N-CT73^2T28T14",73,2,0,2,13,"CALIBRATED",3005777674,0,2655,0,"ARITHMETIC"
"N-CT",6,18,2701,3005901136,"Power N-CT73^2T36",73,2,0,1,13,"CALIBRATED",3005901136,0,2701,0,"ARITHMETIC"
"N-CT",6,18,2714,3005908030,"Power N-CT73^2T27T14",73,2,0,2,13,"CALIBRATED",3005908030,0,2714,0,"ARITHMETIC"
"N-CT",6,18,2814,3008130292,"Power N-CT73^2Trin3,8,28",73,2,0,3,13,"CALIBRATED",3008130292,0,NA,NA,"ARITHMETIC"
"N-CT",6,18,2925,3008253754,"Power N-CT73^2T28T8",73,2,0,2,13,"CALIBRATED",3008253754,0,2925,0,"ARITHMETIC"
"N-CT",6,18,2993,3008377216,"Power N-CT73^2T32",73,2,0,1,13,"CALIBRATED",3008377216,0,2993,0,"ARITHMETIC"
"N-CT",6,18,3024,3010476070,"Power N-CT73^2Trin3,3,28",73,2,0,3,13,"CALIBRATED",3010476070,0,NA,NA,"ARITHMETIC"
"N-CT",6,18,3150,3010599532,"Power N-CT73^2T28T3",73,2,0,2,13,"CALIBRATED",3010599532,0,3150,0,"ARITHMETIC"
"N-CT",6,18,3285,3010722994,"Power N-CT73^2T28",73,2,0,1,13,"CALIBRATED",3010722994,0,3285,0,"ARITHMETIC"
"N-CT",6,18,3358,3010853350,"Power N-CT73^2T27",73,2,0,1,13,"CALIBRATED",3010853350,0,3358,0,"ARITHMETIC"
"N-CT",6,18,3481,3048001678,"Power N-CT73^2T14T14",73,2,0,2,13,"CALIBRATED",3048001678,0,3481,0,"ARITHMETIC"
"N-CT",6,18,3682,3050354296,"Power N-CT73^2Trin3,8,14",73,2,0,3,13,"CALIBRATED",3050354296,0,NA,NA,"ARITHMETIC"
"N-CT",6,18,3835,3050477758,"Power N-CT73^2T14T8",73,2,0,2,13,"CALIBRATED",3050477758,0,3835,0,"ARITHMETIC"
"N-CT",6,18,3962,3052700074,"Power N-CT73^2Trin3,3,14",73,2,0,3,13,"CALIBRATED",3052700074,0,NA,NA,"ARITHMETIC"
"N-CT",6,18,4130,3052823536,"Power N-CT73^2T14T3",73,2,0,2,13,"CALIBRATED",3052823536,0,4130,0,"ARITHMETIC"
"N-CT",6,18,4307,3052946998,"Power N-CT73^2T14",73,2,0,1,13,"CALIBRATED",3052946998,0,4307,0,"ARITHMETIC"
"N-CT",6,18,4364,3055176154,"Power N-CT73^2Trin3,3,8",73,2,0,3,13,"CALIBRATED",3055176154,0,NA,NA,"ARITHMETIC"
"N-CT",6,18,4550,3055299616,"Power N-CT73^2T8T3",73,2,0,2,13,"CALIBRATED",3055299616,0,4550,0,"ARITHMETIC"
"N-CT",6,18,4745,3055423078,"Power N-CT73^2T8",73,2,0,1,13,"CALIBRATED",3055423078,0,4745,0,"ARITHMETIC"
"N-CT",6,18,4900,3057645394,"Power N-CT73^2T3T3",73,2,0,2,13,"CALIBRATED",3057645394,0,4900,0,"ARITHMETIC"
"N-CT",6,18,5110,3057768856,"Power N-CT73^2T3",73,2,0,1,13,"CALIBRATED",3057768856,0,5110,0,"ARITHMETIC"
"N-CT",6,18,5330,3057892318,"Power N-CT73^2+1",73,2,1,0,13,"CALIBRATED",3057892318,0,5330,0,"ARITHMETIC"
"N-CT",6,18,5332,3057982174,"Power N-CT73^2+3",73,2,3,0,13,"CALIBRATED",3057982174,0,5332,0,"ARITHMETIC"
"N-CT",6,18,5411,3454150762,"Power N-CT79^2Trin3,3,5",79,2,0,3,13,"CALIBRATED",3454150762,0,NA,NA,"ARITHMETIC"
"N-CT",6,18,5557,3454157674,"Power N-CT79^2Trin3,3,3",79,2,0,3,13,"CALIBRATED",3454157674,0,NA,NA,"ARITHMETIC"
"N-CT",6,18,5624,3493768312,"Power N-CT79^2T5T3",79,2,0,2,13,"CALIBRATED",3493768312,0,5624,0,"ARITHMETIC"
"N-CT",6,18,5776,3493775224,"Power N-CT79^2T3T3",79,2,0,2,13,"CALIBRATED",3493775224,0,5776,0,"ARITHMETIC"
"N-CT",6,18,5810,3533262400,"Power N-CT83^2T13",83,2,0,1,13,"CALIBRATED",3533262400,0,5810,0,"ARITHMETIC"
"N-CT",6,18,6142,3533385862,"Power N-CT83^2T9",83,2,0,1,13,"CALIBRATED",3533385862,0,6142,0,"ARITHMETIC"
"N-CT",6,18,6308,3533392774,"Power N-CT83^2T7",83,2,0,1,13,"CALIBRATED",3533392774,0,6308,0,"ARITHMETIC"
"N-CT",6,18,6464,3558153574,"Power N-CT89^2Trin2,2,13",89,2,0,3,13,"CALIBRATED",3558153574,0,NA,NA,"ARITHMETIC"
"N-CT",6,18,6612,3560629654,"Power N-CT89^2T13T2",89,2,0,2,13,"CALIBRATED",3560629654,0,6612,0,"ARITHMETIC"
"N-CT",6,18,6790,3562975360,"Power N-CT97^2T27",97,2,0,1,13,"CALIBRATED",3562975360,0,6790,0,"ARITHMETIC"
"N-CT",6,18,7178,3563098822,"Power N-CT97^2T23",97,2,0,1,13,"CALIBRATED",3563098822,0,7178,0,"ARITHMETIC"
"N-CT",6,18,7372,3563105734,"Power N-CT97^2T21",97,2,0,1,13,"CALIBRATED",3563105734,0,7372,0,"ARITHMETIC"
"N-CT",6,18,7378,3582914374,"Power N-CT101^2Arc(4)T25",101,2,0,5,13,"CALIBRATED",3582914374,0,7378,0,"ARITHMETIC"
"N-CT",6,18,7451,3585390454,"Power N-CT101^2Arc(3)T25",101,2,0,4,13,"CALIBRATED",3585390454,0,7451,0,"ARITHMETIC"
"N-CT",6,18,7525,3587866534,"Power N-CT101^2Arc(2)T25",101,2,0,3,13,"CALIBRATED",3587866534,0,7525,0,"ARITHMETIC"
"N-CT",6,18,7600,3590342614,"Power N-CT101^2T25T1",101,2,0,2,13,"CALIBRATED",3590342614,0,7600,0,"ARITHMETIC"
"N-CT",6,18,8790,3602723284,"Power N-CT101^2Arc(13)T2",101,2,0,14,13,"CALIBRATED",NA,NA,8790,0,"ARITH_OPEN"
"N-CT",6,18,9412,3605199364,"Power N-CT97^2+3",97,2,3,0,13,"CALIBRATED",3605199364,0,9412,0,"ARITHMETIC"
"N-CT",6,18,9421,3617579764,"Power N-CT101^2Arc(8)",101,2,0,8,13,"CALIBRATED",3617579764,0,9421,0,"ARITHMETIC"
"N-CT",6,18,9515,3620055844,"Power N-CT101^2Arc(7)",101,2,0,7,13,"CALIBRATED",3620055844,0,9515,0,"ARITHMETIC"
"N-CT",6,18,9610,3622531924,"Power N-CT101^2Arc(6)",101,2,0,6,13,"CALIBRATED",3622531924,0,9610,0,"ARITHMETIC"
"N-CT",6,18,9706,3625008004,"Power N-CT101^2Arc(5)",101,2,0,5,13,"CALIBRATED",3625008004,0,9706,0,"ARITHMETIC"
"N-CT",6,18,9803,3627484084,"Power N-CT101^2Arc(4)",101,2,0,4,13,"CALIBRATED",3627484084,0,9803,0,"ARITHMETIC"
"N-CT",6,18,9901,3629960164,"Power N-CT101^2Arc(3)",101,2,0,3,13,"CALIBRATED",3629960164,0,9901,0,"ARITHMETIC"
"N-CT",6,18,10000,3632436244,"Power N-CT101^2T1T1",101,2,0,2,13,"CALIBRATED",3632436244,0,10000,0,"ARITHMETIC"
"N-CT",5,19,1336,66586878,"Power N-CT41^2Trin1,4,4",41,2,0,3,9,"CALIBRATED",66586878,0,NA,NA,"ARITHMETIC"
"N-CT",5,19,1369,66593718,"Power N-CT41^2T4T4",41,2,0,2,9,"CALIBRATED",66593718,0,1369,0,"ARITHMETIC"
"N-CT",5,19,1375,66696660,"Power N-CT41^2Arc(4)T4",41,2,0,5,9,"CALIBRATED",66696660,0,1375,0,"ARITHMETIC"
"N-CT",5,19,1409,66703500,"Power N-CT41^2Arc(3)T4",41,2,0,4,9,"CALIBRATED",66703500,0,1409,0,"ARITHMETIC"
"N-CT",5,19,1444,66710340,"Power N-CT41^2Arc(2)T4",41,2,0,3,9,"CALIBRATED",66710340,0,1444,0,"ARITHMETIC"
"N-CT",5,19,1480,66717180,"Power N-CT41^2T4T1",41,2,0,2,9,"CALIBRATED",66717180,0,1480,0,"ARITHMETIC"
"N-CT",5,19,1517,66724020,"Power N-CT41^2T4",41,2,0,1,9,"CALIBRATED",66724020,0,1517,0,"ARITHMETIC"
"N-CT",5,19,1591,66724308,"Power N-CT43^2T6",43,2,0,1,9,"CALIBRATED",66724308,0,1591,0,"ARITHMETIC"
"N-CT",5,19,1600,66840642,"Power N-CT41^2T1T1",41,2,0,2,9,"CALIBRATED",66840642,0,1600,0,"ARITHMETIC"
"N-CT",5,19,1640,66847482,"Power N-CT41^2T1",41,2,0,1,9,"CALIBRATED",66847482,0,1640,0,"ARITHMETIC"
"N-CT",5,19,1720,66847770,"Power N-CT43^2T3",43,2,0,1,9,"CALIBRATED",66847770,0,1720,0,"ARITHMETIC"
"N-CT",5,19,1763,66854610,"Power N-CT43^2T2",43,2,0,1,9,"CALIBRATED",66854610,0,1763,0,"ARITHMETIC"
"N-CT",5,19,1851,66854646,"Power N-CT43^2+2",43,2,2,0,9,"CALIBRATED",66854646,0,1851,0,"ARITHMETIC"
"N-CT",5,19,3293,86533092,"Power N-CT89^2T52",89,2,0,1,9,"CALIBRATED",86533092,0,3293,0,"ARITHMETIC"
"N-CT",5,19,3334,86656482,"Power N-CT79^2Trin1,4,34",79,2,0,3,9,"CALIBRATED",86656482,0,NA,NA,"ARITHMETIC"
"N-CT",5,19,3375,86656536,"Power N-CT79^2T34T4",79,2,0,2,9,"CALIBRATED",86656536,0,3375,0,"ARITHMETIC"
"N-CT",5,19,3560,86656554,"Power N-CT89^2T49",89,2,0,1,9,"CALIBRATED",86656554,0,3560,0,"ARITHMETIC"
"N-CT",5,19,3649,86663394,"Power N-CT89^2T48",89,2,0,1,9,"CALIBRATED",86663394,0,3649,0,"ARITHMETIC"
"N-CT",5,19,4005,86663430,"Power N-CT89^2T44",89,2,0,1,9,"CALIBRATED",86663430,0,4005,0,"ARITHMETIC"
"N-CT",5,19,4020,87836022,"Power N-CT67^2T7",67,2,0,1,9,"CALIBRATED",87836022,0,4020,0,"ARITHMETIC"
"N-CT",5,19,4490,87966324,"Power N-CT67^2+1",67,2,1,0,9,"CALIBRATED",87966324,0,4490,0,"ARITHMETIC"
"N-CT",5,19,4624,88830558,"Power N-CT71^2T3T3",71,2,0,2,9,"CALIBRATED",88830558,0,4624,0,"ARITHMETIC"
"N-CT",5,19,4680,88878816,"Power N-CT79^2T19T1",79,2,0,2,9,"CALIBRATED",88878816,0,4680,0,"ARITHMETIC"
"N-CT",5,19,5340,88878870,"Power N-CT89^2T29",89,2,0,1,9,"CALIBRATED",88878870,0,5340,0,"ARITHMETIC"
"N-CT",5,19,6052,89009172,"Power N-CT89^2T21",89,2,0,1,9,"CALIBRATED",89009172,0,6052,0,"ARITHMETIC"
"N-CT",5,19,6675,89132634,"Power N-CT89^2T14",89,2,0,1,9,"CALIBRATED",89132634,0,6675,0,"ARITHMETIC"
"N-CT",5,19,6853,89139132,"Power N-CT89^2T12",89,2,0,1,9,"CALIBRATED",89139132,0,6853,0,"ARITHMETIC"
"N-CT",5,19,6942,89139474,"Power N-CT89^2T11",89,2,0,1,9,"CALIBRATED",89139474,0,6942,0,"ARITHMETIC"
"N-CT",5,19,7921,89139528,"Power N-CT89^2",89,2,0,0,9,"CALIBRATED",89139528,0,7921,0,"ARITHMETIC"
"CT",5,19,8000,96567822,"Power CT23^3T3T3T3",23,3,0,3,21,"FORMULA",96567822,0,8000,0,"ARITHMETIC"
"CT",5,19,8400,98906741,"Power CT23^3T3T3T2",23,3,0,3,21,"FORMULA",98906741,0,8400,0,"ARITHMETIC"
"CT",5,19,8800,99037062,"Power CT23^3T3T3T1",23,3,0,3,21,"FORMULA",99037062,0,8800,0,"ARITHMETIC"
"CT",5,19,9200,99043920,"Power CT23^3T3T3",23,3,0,2,21,"FORMULA",99043920,0,9200,0,"ARITHMETIC"
"CT",5,19,9240,101375981,"Power CT23^3T3T2T1",23,3,0,3,21,"FORMULA",101375981,0,9240,0,"ARITHMETIC"
"CT",5,19,9660,101382839,"Power CT23^3T3T2",23,3,0,2,21,"FORMULA",101382839,0,9660,0,"ARITHMETIC"
"CT",5,19,9680,101506302,"Power CT23^3T3T1T1",23,3,0,3,21,"FORMULA",101506302,0,9680,0,"ARITHMETIC"
"CT",5,19,10000,101513160,"Power CT23^3T3T1",23,3,0,2,21,"FORMULA",101513160,0,10120,-120,"ARITHMETIC"
"CT",6,19,362,752734080,"Power CT19^2+1",19,2,1,0,16,"FORMULA",752734080,0,362,0,"ARITHMETIC"
"N-CT",6,19,580,2022972336,"Power N-CT29^2T9",29,2,0,1,15,"CALIBRATED",2022972336,0,580,0,"ARITHMETIC"
"N-CT",6,19,620,2022972840,"Power N-CT31^2T11",31,2,0,1,15,"CALIBRATED",2022972840,0,620,0,"ARITHMETIC"
"N-CT",6,19,651,2067412301,"Power N-CT31^2T10",31,2,0,1,15,"CALIBRATED",2067412301,0,651,0,"ARITHMETIC"
"N-CT",6,19,682,2111982083,"Power N-CT31^2T9",31,2,0,1,15,"CALIBRATED",2111982083,0,682,0,"ARITHMETIC"
"N-CT",6,19,725,2114587980,"Power N-CT29^2T4",29,2,0,1,15,"CALIBRATED",2114587980,0,725,0,"ARITHMETIC"
"N-CT",6,19,775,2114588484,"Power N-CT31^2T6",31,2,0,1,15,"CALIBRATED",2114588484,0,775,0,"ARITHMETIC"
"N-CT",6,19,783,2116933758,"Power N-CT29^2T2",29,2,0,1,15,"CALIBRATED",2116933758,0,783,0,"ARITHMETIC"
"N-CT",6,19,837,2116934262,"Power N-CT31^2T4",31,2,0,1,15,"CALIBRATED",2116934262,0,837,0,"ARITHMETIC"
"N-CT",6,19,841,2117064060,"Power N-CT29^2",29,2,0,0,15,"CALIBRATED",2117064060,0,841,0,"ARITHMETIC"
"N-CT",6,19,899,2117064564,"Power N-CT31^2T2",31,2,0,1,15,"CALIBRATED",2117064564,0,899,0,"ARITHMETIC"
"N-CT",6,19,961,2117064600,"Power N-CT31^2",31,2,0,0,15,"CALIBRATED",2117064600,0,961,0,"ARITHMETIC"
"N-CT",6,19,973,2550381462,"Power N-CT41^2Trin4,4,12",41,2,0,3,14,"CALIBRATED",2550381462,0,NA,NA,"ARITHMETIC"
"N-CT",6,19,1039,2550381498,"Power N-CT41^2Trin4,4,10",41,2,0,3,14,"CALIBRATED",2550381498,0,NA,NA,"ARITHMETIC"
"N-CT",6,19,1073,2552857542,"Power N-CT41^2T12T4",41,2,0,2,14,"CALIBRATED",2552857542,0,1073,0,"ARITHMETIC"
"N-CT",6,19,1147,2552857578,"Power N-CT41^2T10T4",41,2,0,2,14,"CALIBRATED",2552857578,0,1147,0,"ARITHMETIC"
"N-CT",6,19,1189,2555333622,"Power N-CT41^2T12",41,2,0,1,14,"CALIBRATED",2555333622,0,1189,0,"ARITHMETIC"
"N-CT",6,19,1271,2555333658,"Power N-CT41^2T10",41,2,0,1,14,"CALIBRATED",2555333658,0,1271,0,"ARITHMETIC"
"N-CT",6,19,1333,2585828772,"Power N-CT43^2T12",43,2,0,1,14,"CALIBRATED",2585828772,0,1333,0,"ARITHMETIC"
"N-CT",6,19,1369,2594951244,"Power N-CT41^2T4T4",41,2,0,2,14,"CALIBRATED",2594951244,0,1369,0,"ARITHMETIC"
"N-CT",6,19,1517,2597427324,"Power N-CT41^2T4",41,2,0,1,14,"CALIBRATED",2597427324,0,1517,0,"ARITHMETIC"
"N-CT",6,19,1681,2599903404,"Power N-CT41^2",41,2,0,0,14,"CALIBRATED",2599903404,0,1681,0,"ARITHMETIC"
"N-CT",6,19,1763,2630398518,"Power N-CT43^2T2",43,2,0,1,14,"CALIBRATED",2630398518,0,1763,0,"ARITHMETIC"
"N-CT",6,19,1851,2632744296,"Power N-CT43^2+2",43,2,2,0,14,"CALIBRATED",2632744296,0,1851,0,"ARITHMETIC"
"N-CT",6,19,1852,2634569280,"Power N-CT43^2+3",43,2,3,0,14,"CALIBRATED",2634569280,0,1852,0,"ARITHMETIC"
"N-CT",6,19,1861,2887131168,"Power N-CT47^2Arc(8)",47,2,0,8,14,"CALIBRATED",2887131168,0,1861,0,"ARITHMETIC"
"N-CT",6,19,1901,2929224816,"Power N-CT47^2Arc(7)",47,2,0,7,14,"CALIBRATED",2929224816,0,1901,0,"ARITHMETIC"
"N-CT",6,19,1946,2961214794,"Power N-CT73^2Trin3,8,42",73,2,0,3,13,"CALIBRATED",2961214794,0,NA,NA,"ARITHMETIC"
"N-CT",6,19,2015,2961338256,"Power N-CT73^2T42T8",73,2,0,2,13,"CALIBRATED",2961338256,0,2015,0,"ARITHMETIC"
"N-CT",6,19,2025,2963553696,"Power N-CT73^2T28T28",73,2,0,2,13,"CALIBRATED",2963553696,0,2025,0,"ARITHMETIC"
"N-CT",6,19,2086,2963560572,"Power N-CT73^2Trin3,3,42",73,2,0,3,13,"CALIBRATED",2963560572,0,NA,NA,"ARITHMETIC"
"N-CT",6,19,2170,2963684034,"Power N-CT73^2T42T3",73,2,0,2,13,"CALIBRATED",2963684034,0,2170,0,"ARITHMETIC"
"N-CT",6,19,2263,2963807496,"Power N-CT73^2T42",73,2,0,1,13,"CALIBRATED",2963807496,0,2263,0,"ARITHMETIC"
"N-CT",6,19,2266,3000962736,"Power N-CT73^2Trin14,14,27",73,2,0,3,13,"CALIBRATED",3000962736,0,NA,NA,"ARITHMETIC"
"N-CT",6,19,2407,3003308460,"Power N-CT73^2Trin8,14,28",73,2,0,3,13,"CALIBRATED",3003308460,0,NA,NA,"ARITHMETIC"
"N-CT",6,19,2419,3003431922,"Power N-CT73^2T32T14",73,2,0,2,13,"CALIBRATED",3003431922,0,2419,0,"ARITHMETIC"
"N-CT",6,19,2458,3003438816,"Power N-CT73^2Trin8,14,27",73,2,0,3,13,"CALIBRATED",3003438816,0,NA,NA,"ARITHMETIC"
"N-CT",6,19,2562,3005654238,"Power N-CT73^2Trin3,14,28",73,2,0,3,13,"CALIBRATED",3005654238,0,NA,NA,"ARITHMETIC"
"N-CT",6,19,2655,3005777700,"Power N-CT73^2T28T14",73,2,0,2,13,"CALIBRATED",3005777700,0,2655,0,"ARITHMETIC"
"N-CT",6,19,2701,3005901162,"Power N-CT73^2T36",73,2,0,1,13,"CALIBRATED",3005901162,0,2701,0,"ARITHMETIC"
"N-CT",6,19,2714,3005908056,"Power N-CT73^2T27T14",73,2,0,2,13,"CALIBRATED",3005908056,0,2714,0,"ARITHMETIC"
"N-CT",6,19,2814,3008130318,"Power N-CT73^2Trin3,8,28",73,2,0,3,13,"CALIBRATED",3008130318,0,NA,NA,"ARITHMETIC"
"N-CT",6,19,2925,3008253780,"Power N-CT73^2T28T8",73,2,0,2,13,"CALIBRATED",3008253780,0,2925,0,"ARITHMETIC"
"N-CT",6,19,2993,3008377242,"Power N-CT73^2T32",73,2,0,1,13,"CALIBRATED",3008377242,0,2993,0,"ARITHMETIC"
"N-CT",6,19,3024,3010476096,"Power N-CT73^2Trin3,3,28",73,2,0,3,13,"CALIBRATED",3010476096,0,NA,NA,"ARITHMETIC"
"N-CT",6,19,3150,3010599558,"Power N-CT73^2T28T3",73,2,0,2,13,"CALIBRATED",3010599558,0,3150,0,"ARITHMETIC"
"N-CT",6,19,3285,3010723020,"Power N-CT73^2T28",73,2,0,1,13,"CALIBRATED",3010723020,0,3285,0,"ARITHMETIC"
"N-CT",6,19,3358,3010853376,"Power N-CT73^2T27",73,2,0,1,13,"CALIBRATED",3010853376,0,3358,0,"ARITHMETIC"
"N-CT",6,19,3481,3048001704,"Power N-CT73^2T14T14",73,2,0,2,13,"CALIBRATED",3048001704,0,3481,0,"ARITHMETIC"
"N-CT",6,19,3682,3050354322,"Power N-CT73^2Trin3,8,14",73,2,0,3,13,"CALIBRATED",3050354322,0,NA,NA,"ARITHMETIC"
"N-CT",6,19,3835,3050477784,"Power N-CT73^2T14T8",73,2,0,2,13,"CALIBRATED",3050477784,0,3835,0,"ARITHMETIC"
"N-CT",6,19,3962,3052700100,"Power N-CT73^2Trin3,3,14",73,2,0,3,13,"CALIBRATED",3052700100,0,NA,NA,"ARITHMETIC"
"N-CT",6,19,4130,3052823562,"Power N-CT73^2T14T3",73,2,0,2,13,"CALIBRATED",3052823562,0,4130,0,"ARITHMETIC"
"N-CT",6,19,4307,3052947024,"Power N-CT73^2T14",73,2,0,1,13,"CALIBRATED",3052947024,0,4307,0,"ARITHMETIC"
"N-CT",6,19,4364,3055176180,"Power N-CT73^2Trin3,3,8",73,2,0,3,13,"CALIBRATED",3055176180,0,NA,NA,"ARITHMETIC"
"N-CT",6,19,4550,3055299642,"Power N-CT73^2T8T3",73,2,0,2,13,"CALIBRATED",3055299642,0,4550,0,"ARITHMETIC"
"N-CT",6,19,4745,3055423104,"Power N-CT73^2T8",73,2,0,1,13,"CALIBRATED",3055423104,0,4745,0,"ARITHMETIC"
"N-CT",6,19,4900,3057645420,"Power N-CT73^2T3T3",73,2,0,2,13,"CALIBRATED",3057645420,0,4900,0,"ARITHMETIC"
"N-CT",6,19,5110,3057768882,"Power N-CT73^2T3",73,2,0,1,13,"CALIBRATED",3057768882,0,5110,0,"ARITHMETIC"
"N-CT",6,19,5330,3057892344,"Power N-CT73^2+1",73,2,1,0,13,"CALIBRATED",3057892344,0,5330,0,"ARITHMETIC"
"N-CT",6,19,5332,3057982200,"Power N-CT73^2+3",73,2,3,0,13,"CALIBRATED",3057982200,0,5332,0,"ARITHMETIC"
"N-CT",6,19,5411,3454150788,"Power N-CT79^2Trin3,3,5",79,2,0,3,13,"CALIBRATED",3454150788,0,NA,NA,"ARITHMETIC"
"N-CT",6,19,5557,3454157700,"Power N-CT79^2Trin3,3,3",79,2,0,3,13,"CALIBRATED",3454157700,0,NA,NA,"ARITHMETIC"
"N-CT",6,19,5624,3493768338,"Power N-CT79^2T5T3",79,2,0,2,13,"CALIBRATED",3493768338,0,5624,0,"ARITHMETIC"
"N-CT",6,19,5776,3493775250,"Power N-CT79^2T3T3",79,2,0,2,13,"CALIBRATED",3493775250,0,5776,0,"ARITHMETIC"
"N-CT",6,19,5810,3533262426,"Power N-CT83^2T13",83,2,0,1,13,"CALIBRATED",3533262426,0,5810,0,"ARITHMETIC"
"N-CT",6,19,6142,3533385888,"Power N-CT83^2T9",83,2,0,1,13,"CALIBRATED",3533385888,0,6142,0,"ARITHMETIC"
"N-CT",6,19,6308,3533392800,"Power N-CT83^2T7",83,2,0,1,13,"CALIBRATED",3533392800,0,6308,0,"ARITHMETIC"
"N-CT",6,19,6464,3558153600,"Power N-CT89^2Trin2,2,13",89,2,0,3,13,"CALIBRATED",3558153600,0,NA,NA,"ARITHMETIC"
"N-CT",6,19,6612,3560629680,"Power N-CT89^2T13T2",89,2,0,2,13,"CALIBRATED",3560629680,0,6612,0,"ARITHMETIC"
"N-CT",6,19,6790,3562975386,"Power N-CT97^2T27",97,2,0,1,13,"CALIBRATED",3562975386,0,6790,0,"ARITHMETIC"
"N-CT",6,19,7178,3563098848,"Power N-CT97^2T23",97,2,0,1,13,"CALIBRATED",3563098848,0,7178,0,"ARITHMETIC"
"N-CT",6,19,7372,3563105760,"Power N-CT97^2T21",97,2,0,1,13,"CALIBRATED",3563105760,0,7372,0,"ARITHMETIC"
"N-CT",6,19,7378,3582914400,"Power N-CT101^2Arc(4)T25",101,2,0,5,13,"CALIBRATED",3582914400,0,7378,0,"ARITHMETIC"
"N-CT",6,19,7451,3585390480,"Power N-CT101^2Arc(3)T25",101,2,0,4,13,"CALIBRATED",3585390480,0,7451,0,"ARITHMETIC"
"N-CT",6,19,7525,3587866560,"Power N-CT101^2Arc(2)T25",101,2,0,3,13,"CALIBRATED",3587866560,0,7525,0,"ARITHMETIC"
"N-CT",6,19,7600,3590342640,"Power N-CT101^2T25T1",101,2,0,2,13,"CALIBRATED",3590342640,0,7600,0,"ARITHMETIC"
"N-CT",6,19,8790,3602723310,"Power N-CT101^2Arc(13)T2",101,2,0,14,13,"CALIBRATED",NA,NA,8790,0,"ARITH_OPEN"
"N-CT",6,19,9412,3605199390,"Power N-CT97^2+3",97,2,3,0,13,"CALIBRATED",3605199390,0,9412,0,"ARITHMETIC"
"N-CT",6,19,9421,3617579790,"Power N-CT101^2Arc(8)",101,2,0,8,13,"CALIBRATED",3617579790,0,9421,0,"ARITHMETIC"
"N-CT",6,19,9515,3620055870,"Power N-CT101^2Arc(7)",101,2,0,7,13,"CALIBRATED",3620055870,0,9515,0,"ARITHMETIC"
"N-CT",6,19,9610,3622531950,"Power N-CT101^2Arc(6)",101,2,0,6,13,"CALIBRATED",3622531950,0,9610,0,"ARITHMETIC"
"N-CT",6,19,9706,3625008030,"Power N-CT101^2Arc(5)",101,2,0,5,13,"CALIBRATED",3625008030,0,9706,0,"ARITHMETIC"
"N-CT",6,19,9803,3627484110,"Power N-CT101^2Arc(4)",101,2,0,4,13,"CALIBRATED",3627484110,0,9803,0,"ARITHMETIC"
"N-CT",6,19,9901,3629960190,"Power N-CT101^2Arc(3)",101,2,0,3,13,"CALIBRATED",3629960190,0,9901,0,"ARITHMETIC"
"N-CT",6,19,10000,3632436270,"Power N-CT101^2T1T1",101,2,0,2,13,"CALIBRATED",3632436270,0,10000,0,"ARITHMETIC"
"CT",5,20,2197,130025049,"Power CT23^3T10T10T10",23,3,0,3,21,"FORMULA",130025049,0,2197,0,"ARITHMETIC"
"CT",5,20,2366,130237179,"Power CT23^3T10T10T9",23,3,0,3,21,"FORMULA",130237179,0,2366,0,"ARITHMETIC"
"CT",5,20,2548,130449309,"Power CT23^3T10T9T9",23,3,0,3,21,"FORMULA",130449309,0,2548,0,"ARITHMETIC"
"CT",5,20,2744,130661439,"Power CT23^3T9T9T9",23,3,0,3,21,"FORMULA",130661439,0,2744,0,"ARITHMETIC"
"CT",5,20,2940,130876015,"Power CT23^3T9T9T8",23,3,0,3,21,"FORMULA",130876015,0,2940,0,"ARITHMETIC"
"CT",5,20,2964,131088597,"Power CT23^3T11T10T4",23,3,0,3,21,"FORMULA",131088597,0,2964,0,"ARITHMETIC"
"CT",5,20,3150,131090591,"Power CT23^3T9T8T8",23,3,0,3,21,"FORMULA",131090591,0,3150,0,"ARITHMETIC"
"CT",5,20,3211,131298117,"Power CT23^3T10T10T4",23,3,0,3,21,"FORMULA",131298117,0,3211,0,"ARITHMETIC"
"CT",5,20,3276,131303469,"Power CT23^3T10T9T5",23,3,0,3,21,"FORMULA",131303469,0,3276,0,"ARITHMETIC"
"CT",5,20,3332,131304597,"Power CT23^3T9T9T6",23,3,0,3,21,"FORMULA",131304597,0,3332,0,"ARITHMETIC"
"CT",5,20,3375,131305167,"Power CT23^3T8T8T8",23,3,0,3,21,"FORMULA",131305167,0,3375,0,"ARITHMETIC"
"CT",5,20,3380,131498997,"Power CT23^3T10T10T3",23,3,0,3,21,"FORMULA",131498997,0,3380,0,"ARITHMETIC"
"CT",5,20,3458,131510247,"Power CT23^3T10T9T4",23,3,0,3,21,"FORMULA",131510247,0,3458,0,"ARITHMETIC"
"CT",5,20,3528,131515599,"Power CT23^3T9T9T5",23,3,0,3,21,"FORMULA",131515599,0,3528,0,"ARITHMETIC"
"CT",5,20,3570,131519173,"Power CT23^3T9T8T6",23,3,0,3,21,"FORMULA",131519173,0,3570,0,"ARITHMETIC"
"CT",5,20,3600,131519919,"Power CT23^3T8T8T7",23,3,0,3,21,"FORMULA",131519919,0,3600,0,"ARITHMETIC"
"CT",5,20,3640,131711127,"Power CT23^3T10T9T3",23,3,0,3,21,"FORMULA",131711127,0,3640,0,"ARITHMETIC"
"CT",5,20,3724,131722377,"Power CT23^3T9T9T4",23,3,0,3,21,"FORMULA",131722377,0,3724,0,"ARITHMETIC"
"CT",5,20,3780,131730175,"Power CT23^3T9T8T5",23,3,0,3,21,"FORMULA",131730175,0,3780,0,"ARITHMETIC"
"CT",5,20,3825,131733749,"Power CT23^3T8T8T6",23,3,0,3,21,"FORMULA",131733749,0,3825,0,"ARITHMETIC"
"CT",5,20,3840,131734671,"Power CT23^3T8T7T7",23,3,0,3,21,"FORMULA",131734671,0,3840,0,"ARITHMETIC"
"CT",5,20,3887,131737718,"Power CT23^3T10T10",23,3,0,2,21,"FORMULA",131737718,0,3887,0,"ARITHMETIC"
"CT",5,20,3920,131923257,"Power CT23^3T9T9T3",23,3,0,3,21,"FORMULA",131923257,0,3920,0,"ARITHMETIC"
"CT",5,20,3990,131936953,"Power CT23^3T9T8T4",23,3,0,3,21,"FORMULA",131936953,0,3990,0,"ARITHMETIC"
"CT",5,20,4050,131944751,"Power CT23^3T8T8T5",23,3,0,3,21,"FORMULA",131944751,0,4050,0,"ARITHMETIC"
"CT",5,20,4080,131948501,"Power CT23^3T8T7T6",23,3,0,3,21,"FORMULA",131948501,0,4080,0,"ARITHMETIC"
"CT",5,20,4096,131949423,"Power CT23^3T7T7T7",23,3,0,3,21,"FORMULA",131949423,0,4096,0,"ARITHMETIC"
"CT",5,20,4186,131949848,"Power CT23^3T10T9",23,3,0,2,21,"FORMULA",131949848,0,4186,0,"ARITHMETIC"
"CT",5,20,4200,132137833,"Power CT23^3T9T8T3",23,3,0,3,21,"FORMULA",132137833,0,4200,0,"ARITHMETIC"
"CT",5,20,4275,132151529,"Power CT23^3T8T8T4",23,3,0,3,21,"FORMULA",132151529,0,4275,0,"ARITHMETIC"
"CT",5,20,4284,132158757,"Power CT23^3T9T6T5",23,3,0,3,21,"FORMULA",132158757,0,4284,0,"ARITHMETIC"
"CT",5,20,4320,132159503,"Power CT23^3T8T7T5",23,3,0,3,21,"FORMULA",132159503,0,4320,0,"ARITHMETIC"
"CT",5,20,4508,132161978,"Power CT23^3T9T9",23,3,0,2,21,"FORMULA",132161978,0,4508,0,"ARITHMETIC"
"CT",5,20,4522,132365535,"Power CT23^3T9T6T4",23,3,0,3,21,"FORMULA",132365535,0,4522,0,"ARITHMETIC"
"CT",5,20,4560,132366281,"Power CT23^3T8T7T4",23,3,0,3,21,"FORMULA",132366281,0,4560,0,"ARITHMETIC"
"CT",5,20,4590,132373333,"Power CT23^3T8T6T5",23,3,0,3,21,"FORMULA",132373333,0,4590,0,"ARITHMETIC"
"CT",5,20,4608,132374255,"Power CT23^3T7T7T5",23,3,0,3,21,"FORMULA",132374255,0,4608,0,"ARITHMETIC"
"CT",5,20,4830,132376554,"Power CT23^3T9T8",23,3,0,2,21,"FORMULA",132376554,0,4830,0,"ARITHMETIC"
"CT",5,20,4845,132580111,"Power CT23^3T8T6T4",23,3,0,3,21,"FORMULA",132580111,0,4845,0,"ARITHMETIC"
"CT",5,20,4864,132581033,"Power CT23^3T7T7T4",23,3,0,3,21,"FORMULA",132581033,0,4864,0,"ARITHMETIC"
"CT",5,20,4896,132588085,"Power CT23^3T7T6T5",23,3,0,3,21,"FORMULA",132588085,0,4896,0,"ARITHMETIC"
"CT",5,20,4913,132590913,"Power CT23^3T6T6T6",23,3,0,3,21,"FORMULA",132590913,0,4913,0,"ARITHMETIC"
"CT",5,20,5175,132591130,"Power CT23^3T8T8",23,3,0,2,21,"FORMULA",132591130,0,5175,0,"ARITHMETIC"
"CT",5,20,5184,132799087,"Power CT23^3T7T5T5",23,3,0,3,21,"FORMULA",132799087,0,5184,0,"ARITHMETIC"
"CT",5,20,5244,132801266,"Power CT23^3T11T4",23,3,0,2,21,"FORMULA",132801266,0,5244,0,"ARITHMETIC"
"CT",5,20,5382,132804008,"Power CT23^3T10T5",23,3,0,2,21,"FORMULA",132804008,0,5382,0,"ARITHMETIC"
"CT",5,20,5474,132805136,"Power CT23^3T9T6",23,3,0,2,21,"FORMULA",132805136,0,5474,0,"ARITHMETIC"
"CT",5,20,5520,132805882,"Power CT23^3T8T7",23,3,0,2,21,"FORMULA",132805882,0,5520,0,"ARITHMETIC"
"CT",5,20,5681,133010786,"Power CT23^3T10T4",23,3,0,2,21,"FORMULA",133010786,0,5681,0,"ARITHMETIC"
"CT",5,20,5796,133016138,"Power CT23^3T9T5",23,3,0,2,21,"FORMULA",133016138,0,5796,0,"ARITHMETIC"
"CT",5,20,5865,133019712,"Power CT23^3T8T6",23,3,0,2,21,"FORMULA",133019712,0,5865,0,"ARITHMETIC"
"CT",5,20,5888,133020634,"Power CT23^3T7T7",23,3,0,2,21,"FORMULA",133020634,0,5888,0,"ARITHMETIC"
"CT",5,20,5980,133211666,"Power CT23^3T10T3",23,3,0,2,21,"FORMULA",133211666,0,5980,0,"ARITHMETIC"
"CT",5,20,6118,133222916,"Power CT23^3T9T4",23,3,0,2,21,"FORMULA",133222916,0,6118,0,"ARITHMETIC"
"CT",5,20,6210,133230714,"Power CT23^3T8T5",23,3,0,2,21,"FORMULA",133230714,0,6210,0,"ARITHMETIC"
"CT",5,20,6256,133234464,"Power CT23^3T7T6",23,3,0,2,21,"FORMULA",133234464,0,6256,0,"ARITHMETIC"
"CT",5,20,6348,133240867,"Power CT23^3T11",23,3,0,1,21,"FORMULA",133240867,0,6348,0,"ARITHMETIC"
"CT",5,20,6440,133423796,"Power CT23^3T9T3",23,3,0,2,21,"FORMULA",133423796,0,6440,0,"ARITHMETIC"
"CT",5,20,6555,133437492,"Power CT23^3T8T4",23,3,0,2,21,"FORMULA",133437492,0,6555,0,"ARITHMETIC"
"CT",5,20,6624,133445466,"Power CT23^3T7T5",23,3,0,2,21,"FORMULA",133445466,0,6624,0,"ARITHMETIC"
"CT",5,20,6647,133448294,"Power CT23^3T6T6",23,3,0,2,21,"FORMULA",133448294,0,6647,0,"ARITHMETIC"
"CT",5,20,6877,133450387,"Power CT23^3T10",23,3,0,1,21,"FORMULA",133450387,0,6877,0,"ARITHMETIC"
"CT",5,20,6900,133638372,"Power CT23^3T8T3",23,3,0,2,21,"FORMULA",133638372,0,6900,0,"ARITHMETIC"
"CT",5,20,6992,133652244,"Power CT23^3T7T4",23,3,0,2,21,"FORMULA",133652244,0,6992,0,"ARITHMETIC"
"CT",5,20,7038,133659296,"Power CT23^3T6T5",23,3,0,2,21,"FORMULA",133659296,0,7038,0,"ARITHMETIC"
"CT",5,20,7406,133662517,"Power CT23^3T9",23,3,0,1,21,"FORMULA",133662517,0,7406,0,"ARITHMETIC"
"CT",5,20,7429,133866074,"Power CT23^3T6T4",23,3,0,2,21,"FORMULA",133866074,0,7429,0,"ARITHMETIC"
"CT",5,20,7452,133870298,"Power CT23^3T5T5",23,3,0,2,21,"FORMULA",133870298,0,7452,0,"ARITHMETIC"
"CT",5,20,7935,133877093,"Power CT23^3T8",23,3,0,1,21,"FORMULA",133877093,0,7935,0,"ARITHMETIC"
"CT",5,20,8464,134091845,"Power CT23^3T7",23,3,0,1,21,"FORMULA",134091845,0,8464,0,"ARITHMETIC"
"CT",5,20,8993,134305675,"Power CT23^3T6",23,3,0,1,21,"FORMULA",134305675,0,8993,0,"ARITHMETIC"
"CT",5,20,9522,134516677,"Power CT23^3T5",23,3,0,1,21,"FORMULA",134516677,0,9522,0,"ARITHMETIC"
"CT",5,20,10000,134723455,"Power CT23^3T4",23,3,0,1,21,"FORMULA",134723455,0,10051,-51,"ARITHMETIC"
"CT",6,20,256,1690245488,"Power CT16^2",16,2,0,0,16,"FORMULA",1690245488,0,256,0,"ARITHMETIC"
"CT",6,20,272,1766753768,"Power CT17^2T1",17,2,0,1,16,"FORMULA",1766753768,0,272,0,"ARITHMETIC"
"CT",6,20,289,1771854320,"Power CT17^2",17,2,0,0,16,"FORMULA",1771854320,0,289,0,"ARITHMETIC"
"CT",6,20,290,1855516976,"Power CT17^2+1",17,2,1,0,16,"FORMULA",1855516976,0,290,0,"ARITHMETIC"
"CT",6,20,291,1919610656,"Power CT19^2Arc(4)",19,2,0,4,16,"FORMULA",1919610656,0,291,0,"ARITHMETIC"
"CT",6,20,307,1924951796,"Power CT19^2Arc(3)",19,2,0,3,16,"FORMULA",1924951796,0,307,0,"ARITHMETIC"
"CT",6,20,324,1930292936,"Power CT19^2T1T1",19,2,0,2,16,"FORMULA",1930292936,0,324,0,"ARITHMETIC"
"CT",6,20,342,1935634076,"Power CT19^2T1",19,2,0,1,16,"FORMULA",1935634076,0,342,0,"ARITHMETIC"
"CT",6,20,361,1940975216,"Power CT19^2",19,2,0,0,16,"FORMULA",1940975216,0,361,0,"ARITHMETIC"
"CT",6,20,362,2027851088,"Power CT19^2+1",19,2,1,0,16,"FORMULA",2027851088,0,362,0,"ARITHMETIC"
"CT",6,20,380,2320553992,"Power CT23^2T4T3",23,2,0,2,16,"FORMULA",2320553992,0,380,0,"ARITHMETIC"
"CT",6,20,400,2325983734,"Power CT23^2T3T3",23,2,0,2,16,"FORMULA",2325983734,0,400,0,"ARITHMETIC"
"CT",6,20,414,2336508041,"Power CT23^2T5",23,2,0,1,16,"FORMULA",2336508041,0,414,0,"ARITHMETIC"
"CT",6,20,437,2341849181,"Power CT23^2T4",23,2,0,1,16,"FORMULA",2341849181,0,437,0,"ARITHMETIC"
"CT",6,20,460,2347278923,"Power CT23^2T3",23,2,0,1,16,"FORMULA",2347278923,0,460,0,"ARITHMETIC"
"CT",6,20,530,2368574112,"Power CT23^2+1",23,2,1,0,16,"FORMULA",2368574112,0,530,0,"ARITHMETIC"
"CT",6,20,553,3617935628,"Power CT25^2Arc(3)",25,2,0,3,16,"FORMULA",3617935628,0,553,0,"ARITHMETIC"
"CT",6,20,576,3714040360,"Power CT25^2T1T1",25,2,0,2,16,"FORMULA",3714040360,0,576,0,"ARITHMETIC"
"CT",6,20,600,3810145092,"Power CT25^2T1",25,2,0,1,16,"FORMULA",3810145092,0,600,0,"ARITHMETIC"
"CT",6,20,626,3906249824,"Power CT25^2+1",25,2,1,0,16,"FORMULA",3906249824,0,626,0,"ARITHMETIC"
"N-CT",6,20,1258,7971491614,"Power N-CT41^2T7T4",41,2,0,2,14,"CALIBRATED",7971491614,0,1258,0,"ARITHMETIC"
"N-CT",6,20,1271,7974628534,"Power N-CT41^2T10",41,2,0,1,14,"CALIBRATED",7974628534,0,1271,0,"ARITHMETIC"
"N-CT",6,20,1394,7974628578,"Power N-CT41^2T7",41,2,0,1,14,"CALIBRATED",7974628578,0,1394,0,"ARITHMETIC"
"N-CT",6,20,1462,8058300738,"Power N-CT43^2T9",43,2,0,1,14,"CALIBRATED",8058300738,0,1462,0,"ARITHMETIC"
"N-CT",6,20,1476,8095065769,"Power N-CT41^2T5",41,2,0,1,14,"CALIBRATED",8095065769,0,1476,0,"ARITHMETIC"
"N-CT",6,20,1517,8106654796,"Power N-CT41^2T4",41,2,0,1,14,"CALIBRATED",8106654796,0,1517,0,"ARITHMETIC"
"N-CT",6,20,1681,8109791760,"Power N-CT41^2",41,2,0,0,14,"CALIBRATED",8109791760,0,1681,0,"ARITHMETIC"
"N-CT",6,20,1763,8193463920,"Power N-CT43^2T2",43,2,0,1,14,"CALIBRATED",8193463920,0,1763,0,"ARITHMETIC"
"N-CT",6,20,1851,8199900240,"Power N-CT43^2+2",43,2,2,0,14,"CALIBRATED",8199900240,0,1851,0,"ARITHMETIC"
"N-CT",6,20,1939,8267621762,"Power N-CT47^2Trin2,2,2",47,2,0,3,14,"CALIBRATED",8267621762,0,NA,NA,"ARITHMETIC"
"N-CT",6,20,2025,8273778264,"Power N-CT47^2T2T2",47,2,0,2,14,"CALIBRATED",8273778264,0,2025,0,"ARITHMETIC"
"N-CT",6,20,2115,8279934766,"Power N-CT47^2T2",47,2,0,1,14,"CALIBRATED",8279934766,0,2115,0,"ARITHMETIC"
"N-CT",6,20,2239,8560329100,"Power N-CT53^2Arc(12)",53,2,0,12,14,"CALIBRATED",8560329100,0,2239,0,"ARITHMETIC"
"N-CT",6,20,2281,8695492832,"Power N-CT53^2Arc(11)",53,2,0,11,14,"CALIBRATED",8695492832,0,2281,0,"ARITHMETIC"
"N-CT",6,20,2324,8830656564,"Power N-CT53^2Arc(10)",53,2,0,10,14,"CALIBRATED",8830656564,0,2324,0,"ARITHMETIC"
"N-CT",6,20,2368,8965820296,"Power N-CT53^2Arc(9)",53,2,0,9,14,"CALIBRATED",8965820296,0,2368,0,"ARITHMETIC"
"N-CT",6,20,2413,9100984028,"Power N-CT53^2Arc(8)",53,2,0,8,14,"CALIBRATED",9100984028,0,2413,0,"ARITHMETIC"
"N-CT",6,20,2459,9236147760,"Power N-CT53^2Arc(7)",53,2,0,7,14,"CALIBRATED",9236147760,0,2459,0,"ARITHMETIC"
"N-CT",6,20,2514,9248464290,"Power N-CT73^2Trin3,22,22",73,2,0,3,13,"CALIBRATED",9248464290,0,NA,NA,"ARITHMETIC"
"N-CT",6,20,2562,9248743602,"Power N-CT73^2Trin3,21,22",73,2,0,3,13,"CALIBRATED",9248743602,0,NA,NA,"ARITHMETIC"
"N-CT",6,20,2611,9249022914,"Power N-CT73^2Trin3,21,21",73,2,0,3,13,"CALIBRATED",9249022914,0,NA,NA,"ARITHMETIC"
"N-CT",6,20,2652,9255179922,"Power N-CT73^2T22T21",73,2,0,2,13,"CALIBRATED",9255179922,0,2652,0,"ARITHMETIC"
"N-CT",6,20,2704,9255459234,"Power N-CT73^2T21T21",73,2,0,2,13,"CALIBRATED",9255459234,0,2704,0,"ARITHMETIC"
"N-CT",6,20,2822,9322901994,"Power N-CT83^2T49",83,2,0,1,13,"CALIBRATED",9322901994,0,2822,0,"ARITHMETIC"
"N-CT",6,20,3024,9377750832,"Power N-CT73^2Trin3,3,28",73,2,0,3,13,"CALIBRATED",9377750832,0,NA,NA,"ARITHMETIC"
"N-CT",6,20,3426,9383907334,"Power N-CT73^2Trin3,3,22",73,2,0,3,13,"CALIBRATED",9383907334,0,NA,NA,"ARITHMETIC"
"N-CT",6,20,3493,9384186646,"Power N-CT73^2Trin3,3,21",73,2,0,3,13,"CALIBRATED",9384186646,0,NA,NA,"ARITHMETIC"
"N-CT",6,20,3570,9390343654,"Power N-CT73^2T22T3",73,2,0,2,13,"CALIBRATED",9390343654,0,3570,0,"ARITHMETIC"
"N-CT",6,20,3640,9390622966,"Power N-CT73^2T21T3",73,2,0,2,13,"CALIBRATED",9390622966,0,3640,0,"ARITHMETIC"
"N-CT",6,20,3723,9396779974,"Power N-CT73^2T22",73,2,0,1,13,"CALIBRATED",9396779974,0,3723,0,"ARITHMETIC"
"N-CT",6,20,3796,9397059286,"Power N-CT73^2T21",73,2,0,1,13,"CALIBRATED",9397059286,0,3796,0,"ARITHMETIC"
"N-CT",6,20,3811,9433998298,"Power N-CT79^2Arc(6)T27",79,2,0,7,13,"CALIBRATED",9433998298,0,3811,0,"ARITHMETIC"
"N-CT",6,20,3858,9440154800,"Power N-CT79^2Arc(5)T27",79,2,0,6,13,"CALIBRATED",9440154800,0,3858,0,"ARITHMETIC"
"N-CT",6,20,3906,9446311302,"Power N-CT79^2Arc(4)T27",79,2,0,5,13,"CALIBRATED",9446311302,0,3906,0,"ARITHMETIC"
"N-CT",6,20,3955,9452467804,"Power N-CT79^2Arc(3)T27",79,2,0,4,13,"CALIBRATED",9452467804,0,3955,0,"ARITHMETIC"
"N-CT",6,20,4005,9458624306,"Power N-CT79^2Arc(2)T27",79,2,0,3,13,"CALIBRATED",9458624306,0,4005,0,"ARITHMETIC"
"N-CT",6,20,4056,9464780808,"Power N-CT79^2T27T1",79,2,0,2,13,"CALIBRATED",9464780808,0,4056,0,"ARITHMETIC"
"N-CT",6,20,4233,9470657998,"Power N-CT83^2T32",83,2,0,1,13,"CALIBRATED",9470657998,0,4233,0,"ARITHMETIC"
"N-CT",6,20,4316,9470937310,"Power N-CT83^2T31",83,2,0,1,13,"CALIBRATED",9470937310,0,4316,0,"ARITHMETIC"
"N-CT",6,20,4699,9519350378,"Power N-CT73^2Trin3,3,3",73,2,0,3,13,"CALIBRATED",9519350378,0,NA,NA,"ARITHMETIC"
"N-CT",6,20,4900,9525786698,"Power N-CT73^2T3T3",73,2,0,2,13,"CALIBRATED",9525786698,0,4900,0,"ARITHMETIC"
"N-CT",6,20,5110,9532223018,"Power N-CT73^2T3",73,2,0,1,13,"CALIBRATED",9532223018,0,5110,0,"ARITHMETIC"
"N-CT",6,20,5359,9544815840,"Power N-CT79^2Arc(12)",79,2,0,12,13,"CALIBRATED",9544815840,0,5359,0,"ARITHMETIC"
"N-CT",6,20,5427,9550972342,"Power N-CT79^2Arc(11)",79,2,0,11,13,"CALIBRATED",9550972342,0,5427,0,"ARITHMETIC"
"N-CT",6,20,5496,9557128844,"Power N-CT79^2Arc(10)",79,2,0,10,13,"CALIBRATED",9557128844,0,5496,0,"ARITHMETIC"
"N-CT",6,20,5566,9563285346,"Power N-CT79^2Arc(9)",79,2,0,9,13,"CALIBRATED",9563285346,0,5566,0,"ARITHMETIC"
"N-CT",6,20,5637,9569441848,"Power N-CT79^2Arc(8)",79,2,0,8,13,"CALIBRATED",9569441848,0,5637,0,"ARITHMETIC"
"N-CT",6,20,5709,9575598350,"Power N-CT79^2Arc(7)",79,2,0,7,13,"CALIBRATED",9575598350,0,5709,0,"ARITHMETIC"
"N-CT",6,20,5782,9581754852,"Power N-CT79^2Arc(6)",79,2,0,6,13,"CALIBRATED",9581754852,0,5782,0,"ARITHMETIC"
"N-CT",6,20,5856,9587911354,"Power N-CT79^2Arc(5)",79,2,0,5,13,"CALIBRATED",9587911354,0,5856,0,"ARITHMETIC"
"N-CT",6,20,5931,9594067856,"Power N-CT79^2Arc(4)",79,2,0,4,13,"CALIBRATED",9594067856,0,5931,0,"ARITHMETIC"
"N-CT",6,20,6007,9600224358,"Power N-CT79^2Arc(3)",79,2,0,3,13,"CALIBRATED",9600224358,0,6007,0,"ARITHMETIC"
"N-CT",6,20,6084,9606380860,"Power N-CT79^2T1T1",79,2,0,2,13,"CALIBRATED",9606380860,0,6084,0,"ARITHMETIC"
"N-CT",6,20,6474,9612537362,"Power N-CT83^2T5",83,2,0,1,13,"CALIBRATED",9612537362,0,6474,0,"ARITHMETIC"
"N-CT",6,20,6891,9618693864,"Power N-CT83^2+2",83,2,2,0,13,"CALIBRATED",9618693864,0,6891,0,"ARITHMETIC"
"N-CT",6,20,6901,10908761104,"Power N-CT89^2Trin4,4,4",89,2,0,3,13,"CALIBRATED",10908761104,0,NA,NA,"ARITHMETIC"
"N-CT",6,20,7063,10909028778,"Power N-CT89^2Trin2,4,4",89,2,0,3,13,"CALIBRATED",10909028778,0,NA,NA,"ARITHMETIC"
"N-CT",6,20,7229,10909296452,"Power N-CT89^2Trin2,2,4",89,2,0,3,13,"CALIBRATED",10909296452,0,NA,NA,"ARITHMETIC"
"N-CT",6,20,7399,10909564126,"Power N-CT89^2Trin2,2,2",89,2,0,3,13,"CALIBRATED",10909564126,0,NA,NA,"ARITHMETIC"
"N-CT",6,20,7569,11038303176,"Power N-CT89^2T2T2",89,2,0,2,13,"CALIBRATED",11038303176,0,7569,0,"ARITHMETIC"
"N-CT",6,20,10000,11295781276,"Power N-CT101^2",101,2,0,0,13,"CALIBRATED",11295781276,0,10201,-201,"ARITHMETIC"
"CT",5,21,3174,132810860,"Power CT23^3T17",23,3,0,1,21,"FORMULA",132810860,0,3174,0,"ARITHMETIC"
"CT",5,21,3703,133199822,"Power CT23^3T16",23,3,0,1,21,"FORMULA",133199822,0,3703,0,"ARITHMETIC"
"CT",5,21,4232,134186402,"Power CT23^3T15",23,3,0,1,21,"FORMULA",134186402,0,4232,0,"ARITHMETIC"
"CT",5,21,4761,134713051,"Power CT23^3T14",23,3,0,1,21,"FORMULA",134713051,0,4761,0,"ARITHMETIC"
"CT",6,21,530,2368574144,"Power CT23^2+1",23,2,1,0,16,"FORMULA",2368574144,0,530,0,"ARITHMETIC"
"CT",6,21,553,3617935660,"Power CT25^2Arc(3)",25,2,0,3,16,"FORMULA",3617935660,0,553,0,"ARITHMETIC"
"CT",6,21,576,3714040392,"Power CT25^2T1T1",25,2,0,2,16,"FORMULA",3714040392,0,576,0,"ARITHMETIC"
"CT",6,21,600,3810145124,"Power CT25^2T1",25,2,0,1,16,"FORMULA",3810145124,0,600,0,"ARITHMETIC"
"CT",6,21,626,3906249856,"Power CT25^2+1",25,2,1,0,16,"FORMULA",3906249856,0,626,0,"ARITHMETIC"
"CT",6,21,651,5768888036,"Power CT27^2Arc(3)",27,2,0,3,16,"FORMULA",5768888036,0,651,0,"ARITHMETIC"
"CT",6,21,676,5912167896,"Power CT27^2T1T1",27,2,0,2,16,"FORMULA",5912167896,0,676,0,"ARITHMETIC"
"CT",6,21,702,6055447756,"Power CT27^2T1",27,2,0,1,16,"FORMULA",6055447756,0,702,0,"ARITHMETIC"
"CT",6,21,730,6198727616,"Power CT27^2+1",27,2,1,0,16,"FORMULA",6198727616,0,730,0,"ARITHMETIC"
"N-CT",6,21,744,6365542508,"Power N-CT31^2T7",31,2,0,1,15,"CALIBRATED",6365542508,0,744,0,"ARITHMETIC"
"N-CT",6,21,754,6457729788,"Power N-CT29^2T3",29,2,0,1,15,"CALIBRATED",6457729788,0,754,0,"ARITHMETIC"
"N-CT",6,21,755,6461646228,"Power N-CT31^2Arc(2)T5",31,2,0,3,15,"CALIBRATED",6461646228,0,755,0,"ARITHMETIC"
"N-CT",6,21,780,6461646734,"Power N-CT31^2T5T1",31,2,0,2,15,"CALIBRATED",6461646734,0,780,0,"ARITHMETIC"
"N-CT",6,21,806,6461647240,"Power N-CT31^2T5",31,2,0,1,15,"CALIBRATED",6461647240,0,806,0,"ARITHMETIC"
"N-CT",6,21,1271,7974628562,"Power N-CT41^2T10",41,2,0,1,14,"CALIBRATED",7974628562,0,1271,0,"ARITHMETIC"
"N-CT",6,21,1394,7974628606,"Power N-CT41^2T7",41,2,0,1,14,"CALIBRATED",7974628606,0,1394,0,"ARITHMETIC"
"N-CT",6,21,1462,8058300766,"Power N-CT43^2T9",43,2,0,1,14,"CALIBRATED",8058300766,0,1462,0,"ARITHMETIC"
"N-CT",6,21,1681,8109791788,"Power N-CT41^2",41,2,0,0,14,"CALIBRATED",8109791788,0,1681,0,"ARITHMETIC"
"N-CT",6,21,1763,8193463948,"Power N-CT43^2T2",43,2,0,1,14,"CALIBRATED",8193463948,0,1763,0,"ARITHMETIC"
"N-CT",6,21,1851,8199900268,"Power N-CT43^2+2",43,2,2,0,14,"CALIBRATED",8199900268,0,1851,0,"ARITHMETIC"
"N-CT",6,21,1939,8267621790,"Power N-CT47^2Trin2,2,2",47,2,0,3,14,"CALIBRATED",8267621790,0,NA,NA,"ARITHMETIC"
"N-CT",6,21,2025,8273778292,"Power N-CT47^2T2T2",47,2,0,2,14,"CALIBRATED",8273778292,0,2025,0,"ARITHMETIC"
"N-CT",6,21,2115,8279934794,"Power N-CT47^2T2",47,2,0,1,14,"CALIBRATED",8279934794,0,2115,0,"ARITHMETIC"
"N-CT",6,21,2239,8560329128,"Power N-CT53^2Arc(12)",53,2,0,12,14,"CALIBRATED",8560329128,0,2239,0,"ARITHMETIC"
"N-CT",6,21,2281,8695492860,"Power N-CT53^2Arc(11)",53,2,0,11,14,"CALIBRATED",8695492860,0,2281,0,"ARITHMETIC"
"N-CT",6,21,2324,8830656592,"Power N-CT53^2Arc(10)",53,2,0,10,14,"CALIBRATED",8830656592,0,2324,0,"ARITHMETIC"
"N-CT",6,21,2368,8965820324,"Power N-CT53^2Arc(9)",53,2,0,9,14,"CALIBRATED",8965820324,0,2368,0,"ARITHMETIC"
"N-CT",6,21,2413,9100984056,"Power N-CT53^2Arc(8)",53,2,0,8,14,"CALIBRATED",9100984056,0,2413,0,"ARITHMETIC"
"N-CT",6,21,2459,9236147788,"Power N-CT53^2Arc(7)",53,2,0,7,14,"CALIBRATED",9236147788,0,2459,0,"ARITHMETIC"
"N-CT",6,21,2514,9248464316,"Power N-CT73^2Trin3,22,22",73,2,0,3,13,"CALIBRATED",9248464316,0,NA,NA,"ARITHMETIC"
"N-CT",6,21,2562,9248743628,"Power N-CT73^2Trin3,21,22",73,2,0,3,13,"CALIBRATED",9248743628,0,NA,NA,"ARITHMETIC"
"N-CT",6,21,2611,9249022940,"Power N-CT73^2Trin3,21,21",73,2,0,3,13,"CALIBRATED",9249022940,0,NA,NA,"ARITHMETIC"
"N-CT",6,21,2652,9255179948,"Power N-CT73^2T22T21",73,2,0,2,13,"CALIBRATED",9255179948,0,2652,0,"ARITHMETIC"
"N-CT",6,21,2704,9255459260,"Power N-CT73^2T21T21",73,2,0,2,13,"CALIBRATED",9255459260,0,2704,0,"ARITHMETIC"
"N-CT",6,21,2822,9322902020,"Power N-CT83^2T49",83,2,0,1,13,"CALIBRATED",9322902020,0,2822,0,"ARITHMETIC"
"N-CT",6,21,3024,9377750858,"Power N-CT73^2Trin3,3,28",73,2,0,3,13,"CALIBRATED",9377750858,0,NA,NA,"ARITHMETIC"
"N-CT",6,21,3426,9383907360,"Power N-CT73^2Trin3,3,22",73,2,0,3,13,"CALIBRATED",9383907360,0,NA,NA,"ARITHMETIC"
"N-CT",6,21,3493,9384186672,"Power N-CT73^2Trin3,3,21",73,2,0,3,13,"CALIBRATED",9384186672,0,NA,NA,"ARITHMETIC"
"N-CT",6,21,3570,9390343680,"Power N-CT73^2T22T3",73,2,0,2,13,"CALIBRATED",9390343680,0,3570,0,"ARITHMETIC"
"N-CT",6,21,3640,9390622992,"Power N-CT73^2T21T3",73,2,0,2,13,"CALIBRATED",9390622992,0,3640,0,"ARITHMETIC"
"N-CT",6,21,3723,9396780000,"Power N-CT73^2T22",73,2,0,1,13,"CALIBRATED",9396780000,0,3723,0,"ARITHMETIC"
"N-CT",6,21,3796,9397059312,"Power N-CT73^2T21",73,2,0,1,13,"CALIBRATED",9397059312,0,3796,0,"ARITHMETIC"
"N-CT",6,21,3811,9433998324,"Power N-CT79^2Arc(6)T27",79,2,0,7,13,"CALIBRATED",9433998324,0,3811,0,"ARITHMETIC"
"N-CT",6,21,3858,9440154826,"Power N-CT79^2Arc(5)T27",79,2,0,6,13,"CALIBRATED",9440154826,0,3858,0,"ARITHMETIC"
"N-CT",6,21,3906,9446311328,"Power N-CT79^2Arc(4)T27",79,2,0,5,13,"CALIBRATED",9446311328,0,3906,0,"ARITHMETIC"
"N-CT",6,21,3955,9452467830,"Power N-CT79^2Arc(3)T27",79,2,0,4,13,"CALIBRATED",9452467830,0,3955,0,"ARITHMETIC"
"N-CT",6,21,4005,9458624332,"Power N-CT79^2Arc(2)T27",79,2,0,3,13,"CALIBRATED",9458624332,0,4005,0,"ARITHMETIC"
"N-CT",6,21,4056,9464780834,"Power N-CT79^2T27T1",79,2,0,2,13,"CALIBRATED",9464780834,0,4056,0,"ARITHMETIC"
"N-CT",6,21,4233,9470658024,"Power N-CT83^2T32",83,2,0,1,13,"CALIBRATED",9470658024,0,4233,0,"ARITHMETIC"
"N-CT",6,21,4316,9470937336,"Power N-CT83^2T31",83,2,0,1,13,"CALIBRATED",9470937336,0,4316,0,"ARITHMETIC"
"N-CT",6,21,4699,9519350404,"Power N-CT73^2Trin3,3,3",73,2,0,3,13,"CALIBRATED",9519350404,0,NA,NA,"ARITHMETIC"
"N-CT",6,21,4900,9525786724,"Power N-CT73^2T3T3",73,2,0,2,13,"CALIBRATED",9525786724,0,4900,0,"ARITHMETIC"
"N-CT",6,21,5110,9532223044,"Power N-CT73^2T3",73,2,0,1,13,"CALIBRATED",9532223044,0,5110,0,"ARITHMETIC"
"N-CT",6,21,5359,9544815866,"Power N-CT79^2Arc(12)",79,2,0,12,13,"CALIBRATED",9544815866,0,5359,0,"ARITHMETIC"
"N-CT",6,21,5427,9550972368,"Power N-CT79^2Arc(11)",79,2,0,11,13,"CALIBRATED",9550972368,0,5427,0,"ARITHMETIC"
"N-CT",6,21,5496,9557128870,"Power N-CT79^2Arc(10)",79,2,0,10,13,"CALIBRATED",9557128870,0,5496,0,"ARITHMETIC"
"N-CT",6,21,5566,9563285372,"Power N-CT79^2Arc(9)",79,2,0,9,13,"CALIBRATED",9563285372,0,5566,0,"ARITHMETIC"
"N-CT",6,21,5637,9569441874,"Power N-CT79^2Arc(8)",79,2,0,8,13,"CALIBRATED",9569441874,0,5637,0,"ARITHMETIC"
"N-CT",6,21,5709,9575598376,"Power N-CT79^2Arc(7)",79,2,0,7,13,"CALIBRATED",9575598376,0,5709,0,"ARITHMETIC"
"N-CT",6,21,5782,9581754878,"Power N-CT79^2Arc(6)",79,2,0,6,13,"CALIBRATED",9581754878,0,5782,0,"ARITHMETIC"
"N-CT",6,21,5856,9587911380,"Power N-CT79^2Arc(5)",79,2,0,5,13,"CALIBRATED",9587911380,0,5856,0,"ARITHMETIC"
"N-CT",6,21,5931,9594067882,"Power N-CT79^2Arc(4)",79,2,0,4,13,"CALIBRATED",9594067882,0,5931,0,"ARITHMETIC"
"N-CT",6,21,6007,9600224384,"Power N-CT79^2Arc(3)",79,2,0,3,13,"CALIBRATED",9600224384,0,6007,0,"ARITHMETIC"
"N-CT",6,21,6084,9606380886,"Power N-CT79^2T1T1",79,2,0,2,13,"CALIBRATED",9606380886,0,6084,0,"ARITHMETIC"
"N-CT",6,21,6474,9612537388,"Power N-CT83^2T5",83,2,0,1,13,"CALIBRATED",9612537388,0,6474,0,"ARITHMETIC"
"N-CT",6,21,6891,9618693890,"Power N-CT83^2+2",83,2,2,0,13,"CALIBRATED",9618693890,0,6891,0,"ARITHMETIC"
"N-CT",6,21,6901,10908761130,"Power N-CT89^2Trin4,4,4",89,2,0,3,13,"CALIBRATED",10908761130,0,NA,NA,"ARITHMETIC"
"N-CT",6,21,7063,10909028804,"Power N-CT89^2Trin2,4,4",89,2,0,3,13,"CALIBRATED",10909028804,0,NA,NA,"ARITHMETIC"
"N-CT",6,21,7229,10909296478,"Power N-CT89^2Trin2,2,4",89,2,0,3,13,"CALIBRATED",10909296478,0,NA,NA,"ARITHMETIC"
"N-CT",6,21,7399,10909564152,"Power N-CT89^2Trin2,2,2",89,2,0,3,13,"CALIBRATED",10909564152,0,NA,NA,"ARITHMETIC"
"N-CT",6,21,7569,11038303202,"Power N-CT89^2T2T2",89,2,0,2,13,"CALIBRATED",11038303202,0,7569,0,"ARITHMETIC"
"N-CT",6,21,10000,11295781302,"Power N-CT101^2",101,2,0,0,13,"CALIBRATED",11295781302,0,10201,-201,"ARITHMETIC"
"CT",5,22,3174,133880431,"Power CT23^3T17",23,3,0,1,21,"FORMULA",133880431,0,3174,0,"ARITHMETIC"
"CT",5,22,3703,134921618,"Power CT23^3T16",23,3,0,1,21,"FORMULA",134921618,0,3703,0,"ARITHMETIC"
"CT",6,22,530,2368574176,"Power CT23^2+1",23,2,1,0,16,"FORMULA",2368574176,0,530,0,"ARITHMETIC"
"CT",6,22,553,3617935692,"Power CT25^2Arc(3)",25,2,0,3,16,"FORMULA",3617935692,0,553,0,"ARITHMETIC"
"CT",6,22,576,3714040424,"Power CT25^2T1T1",25,2,0,2,16,"FORMULA",3714040424,0,576,0,"ARITHMETIC"
"CT",6,22,600,3810145156,"Power CT25^2T1",25,2,0,1,16,"FORMULA",3810145156,0,600,0,"ARITHMETIC"
"CT",6,22,626,3906249888,"Power CT25^2+1",25,2,1,0,16,"FORMULA",3906249888,0,626,0,"ARITHMETIC"
"CT",6,22,651,5768888068,"Power CT27^2Arc(3)",27,2,0,3,16,"FORMULA",5768888068,0,651,0,"ARITHMETIC"
"CT",6,22,676,5912167928,"Power CT27^2T1T1",27,2,0,2,16,"FORMULA",5912167928,0,676,0,"ARITHMETIC"
"CT",6,22,702,6055447788,"Power CT27^2T1",27,2,0,1,16,"FORMULA",6055447788,0,702,0,"ARITHMETIC"
"CT",6,22,730,6198727648,"Power CT27^2+1",27,2,1,0,16,"FORMULA",6198727648,0,730,0,"ARITHMETIC"
"N-CT",6,22,744,6365542538,"Power N-CT31^2T7",31,2,0,1,15,"CALIBRATED",6365542538,0,744,0,"ARITHMETIC"
"N-CT",6,22,754,6457729818,"Power N-CT29^2T3",29,2,0,1,15,"CALIBRATED",6457729818,0,754,0,"ARITHMETIC"
"N-CT",6,22,755,6461646258,"Power N-CT31^2Arc(2)T5",31,2,0,3,15,"CALIBRATED",6461646258,0,755,0,"ARITHMETIC"
"N-CT",6,22,780,6461646764,"Power N-CT31^2T5T1",31,2,0,2,15,"CALIBRATED",6461646764,0,780,0,"ARITHMETIC"
"N-CT",6,22,806,6461647270,"Power N-CT31^2T5",31,2,0,1,15,"CALIBRATED",6461647270,0,806,0,"ARITHMETIC"
"N-CT",6,22,812,6601009678,"Power N-CT29^2T1",29,2,0,1,15,"CALIBRATED",6601009678,0,812,0,"ARITHMETIC"
"N-CT",6,22,813,6604926118,"Power N-CT31^2Arc(2)T3",31,2,0,3,15,"CALIBRATED",6604926118,0,813,0,"ARITHMETIC"
"N-CT",6,22,840,6604926624,"Power N-CT31^2T3T1",31,2,0,2,15,"CALIBRATED",6604926624,0,840,0,"ARITHMETIC"
"N-CT",6,22,868,6604927130,"Power N-CT31^2T3",31,2,0,1,15,"CALIBRATED",6604927130,0,868,0,"ARITHMETIC"
"N-CT",6,22,1271,7974628590,"Power N-CT41^2T10",41,2,0,1,14,"CALIBRATED",7974628590,0,1271,0,"ARITHMETIC"
"N-CT",6,22,1394,7974628634,"Power N-CT41^2T7",41,2,0,1,14,"CALIBRATED",7974628634,0,1394,0,"ARITHMETIC"
"N-CT",6,22,1462,8058300794,"Power N-CT43^2T9",43,2,0,1,14,"CALIBRATED",8058300794,0,1462,0,"ARITHMETIC"
"N-CT",6,22,1681,8109791816,"Power N-CT41^2",41,2,0,0,14,"CALIBRATED",8109791816,0,1681,0,"ARITHMETIC"
"N-CT",6,22,1763,8193463976,"Power N-CT43^2T2",43,2,0,1,14,"CALIBRATED",8193463976,0,1763,0,"ARITHMETIC"
"N-CT",6,22,1851,8199900296,"Power N-CT43^2+2",43,2,2,0,14,"CALIBRATED",8199900296,0,1851,0,"ARITHMETIC"
"N-CT",6,22,1939,8267621818,"Power N-CT47^2Trin2,2,2",47,2,0,3,14,"CALIBRATED",8267621818,0,NA,NA,"ARITHMETIC"
"N-CT",6,22,2025,8273778320,"Power N-CT47^2T2T2",47,2,0,2,14,"CALIBRATED",8273778320,0,2025,0,"ARITHMETIC"
"N-CT",6,22,2115,8279934822,"Power N-CT47^2T2",47,2,0,1,14,"CALIBRATED",8279934822,0,2115,0,"ARITHMETIC"
"N-CT",6,22,2239,8560329156,"Power N-CT53^2Arc(12)",53,2,0,12,14,"CALIBRATED",8560329156,0,2239,0,"ARITHMETIC"
"N-CT",6,22,2281,8695492888,"Power N-CT53^2Arc(11)",53,2,0,11,14,"CALIBRATED",8695492888,0,2281,0,"ARITHMETIC"
"N-CT",6,22,2324,8830656620,"Power N-CT53^2Arc(10)",53,2,0,10,14,"CALIBRATED",8830656620,0,2324,0,"ARITHMETIC"
"N-CT",6,22,2368,8965820352,"Power N-CT53^2Arc(9)",53,2,0,9,14,"CALIBRATED",8965820352,0,2368,0,"ARITHMETIC"
"N-CT",6,22,2413,9100984084,"Power N-CT53^2Arc(8)",53,2,0,8,14,"CALIBRATED",9100984084,0,2413,0,"ARITHMETIC"
"N-CT",6,22,2459,9236147816,"Power N-CT53^2Arc(7)",53,2,0,7,14,"CALIBRATED",9236147816,0,2459,0,"ARITHMETIC"
"N-CT",6,22,2514,9248464342,"Power N-CT73^2Trin3,22,22",73,2,0,3,13,"CALIBRATED",9248464342,0,NA,NA,"ARITHMETIC"
"N-CT",6,22,2562,9248743654,"Power N-CT73^2Trin3,21,22",73,2,0,3,13,"CALIBRATED",9248743654,0,NA,NA,"ARITHMETIC"
"N-CT",6,22,2611,9249022966,"Power N-CT73^2Trin3,21,21",73,2,0,3,13,"CALIBRATED",9249022966,0,NA,NA,"ARITHMETIC"
"N-CT",6,22,2652,9255179974,"Power N-CT73^2T22T21",73,2,0,2,13,"CALIBRATED",9255179974,0,2652,0,"ARITHMETIC"
"N-CT",6,22,2704,9255459286,"Power N-CT73^2T21T21",73,2,0,2,13,"CALIBRATED",9255459286,0,2704,0,"ARITHMETIC"
"N-CT",6,22,2822,9322902046,"Power N-CT83^2T49",83,2,0,1,13,"CALIBRATED",9322902046,0,2822,0,"ARITHMETIC"
"N-CT",6,22,3024,9377750884,"Power N-CT73^2Trin3,3,28",73,2,0,3,13,"CALIBRATED",9377750884,0,NA,NA,"ARITHMETIC"
"N-CT",6,22,3426,9383907386,"Power N-CT73^2Trin3,3,22",73,2,0,3,13,"CALIBRATED",9383907386,0,NA,NA,"ARITHMETIC"
"N-CT",6,22,3493,9384186698,"Power N-CT73^2Trin3,3,21",73,2,0,3,13,"CALIBRATED",9384186698,0,NA,NA,"ARITHMETIC"
"N-CT",6,22,3570,9390343706,"Power N-CT73^2T22T3",73,2,0,2,13,"CALIBRATED",9390343706,0,3570,0,"ARITHMETIC"
"N-CT",6,22,3640,9390623018,"Power N-CT73^2T21T3",73,2,0,2,13,"CALIBRATED",9390623018,0,3640,0,"ARITHMETIC"
"N-CT",6,22,3723,9396780026,"Power N-CT73^2T22",73,2,0,1,13,"CALIBRATED",9396780026,0,3723,0,"ARITHMETIC"
"N-CT",6,22,3796,9397059338,"Power N-CT73^2T21",73,2,0,1,13,"CALIBRATED",9397059338,0,3796,0,"ARITHMETIC"
"N-CT",6,22,3811,9433998350,"Power N-CT79^2Arc(6)T27",79,2,0,7,13,"CALIBRATED",9433998350,0,3811,0,"ARITHMETIC"
"N-CT",6,22,3858,9440154852,"Power N-CT79^2Arc(5)T27",79,2,0,6,13,"CALIBRATED",9440154852,0,3858,0,"ARITHMETIC"
"N-CT",6,22,3906,9446311354,"Power N-CT79^2Arc(4)T27",79,2,0,5,13,"CALIBRATED",9446311354,0,3906,0,"ARITHMETIC"
"N-CT",6,22,3955,9452467856,"Power N-CT79^2Arc(3)T27",79,2,0,4,13,"CALIBRATED",9452467856,0,3955,0,"ARITHMETIC"
"N-CT",6,22,4005,9458624358,"Power N-CT79^2Arc(2)T27",79,2,0,3,13,"CALIBRATED",9458624358,0,4005,0,"ARITHMETIC"
"N-CT",6,22,4056,9464780860,"Power N-CT79^2T27T1",79,2,0,2,13,"CALIBRATED",9464780860,0,4056,0,"ARITHMETIC"
"N-CT",6,22,4233,9470658050,"Power N-CT83^2T32",83,2,0,1,13,"CALIBRATED",9470658050,0,4233,0,"ARITHMETIC"
"N-CT",6,22,4316,9470937362,"Power N-CT83^2T31",83,2,0,1,13,"CALIBRATED",9470937362,0,4316,0,"ARITHMETIC"
"N-CT",6,22,4699,9519350430,"Power N-CT73^2Trin3,3,3",73,2,0,3,13,"CALIBRATED",9519350430,0,NA,NA,"ARITHMETIC"
"N-CT",6,22,4900,9525786750,"Power N-CT73^2T3T3",73,2,0,2,13,"CALIBRATED",9525786750,0,4900,0,"ARITHMETIC"
"N-CT",6,22,5110,9532223070,"Power N-CT73^2T3",73,2,0,1,13,"CALIBRATED",9532223070,0,5110,0,"ARITHMETIC"
"N-CT",6,22,5359,9544815892,"Power N-CT79^2Arc(12)",79,2,0,12,13,"CALIBRATED",9544815892,0,5359,0,"ARITHMETIC"
"N-CT",6,22,5427,9550972394,"Power N-CT79^2Arc(11)",79,2,0,11,13,"CALIBRATED",9550972394,0,5427,0,"ARITHMETIC"
"N-CT",6,22,5496,9557128896,"Power N-CT79^2Arc(10)",79,2,0,10,13,"CALIBRATED",9557128896,0,5496,0,"ARITHMETIC"
"N-CT",6,22,5566,9563285398,"Power N-CT79^2Arc(9)",79,2,0,9,13,"CALIBRATED",9563285398,0,5566,0,"ARITHMETIC"
"N-CT",6,22,5637,9569441900,"Power N-CT79^2Arc(8)",79,2,0,8,13,"CALIBRATED",9569441900,0,5637,0,"ARITHMETIC"
"N-CT",6,22,5709,9575598402,"Power N-CT79^2Arc(7)",79,2,0,7,13,"CALIBRATED",9575598402,0,5709,0,"ARITHMETIC"
"N-CT",6,22,5782,9581754904,"Power N-CT79^2Arc(6)",79,2,0,6,13,"CALIBRATED",9581754904,0,5782,0,"ARITHMETIC"
"N-CT",6,22,5856,9587911406,"Power N-CT79^2Arc(5)",79,2,0,5,13,"CALIBRATED",9587911406,0,5856,0,"ARITHMETIC"
"N-CT",6,22,5931,9594067908,"Power N-CT79^2Arc(4)",79,2,0,4,13,"CALIBRATED",9594067908,0,5931,0,"ARITHMETIC"
"N-CT",6,22,6007,9600224410,"Power N-CT79^2Arc(3)",79,2,0,3,13,"CALIBRATED",9600224410,0,6007,0,"ARITHMETIC"
"N-CT",6,22,6084,9606380912,"Power N-CT79^2T1T1",79,2,0,2,13,"CALIBRATED",9606380912,0,6084,0,"ARITHMETIC"
"N-CT",6,22,6474,9612537414,"Power N-CT83^2T5",83,2,0,1,13,"CALIBRATED",9612537414,0,6474,0,"ARITHMETIC"
"N-CT",6,22,6891,9618693916,"Power N-CT83^2+2",83,2,2,0,13,"CALIBRATED",9618693916,0,6891,0,"ARITHMETIC"
"N-CT",6,22,6901,10908761156,"Power N-CT89^2Trin4,4,4",89,2,0,3,13,"CALIBRATED",10908761156,0,NA,NA,"ARITHMETIC"
"N-CT",6,22,7063,10909028830,"Power N-CT89^2Trin2,4,4",89,2,0,3,13,"CALIBRATED",10909028830,0,NA,NA,"ARITHMETIC"
"N-CT",6,22,7229,10909296504,"Power N-CT89^2Trin2,2,4",89,2,0,3,13,"CALIBRATED",10909296504,0,NA,NA,"ARITHMETIC"
"N-CT",6,22,7399,10909564178,"Power N-CT89^2Trin2,2,2",89,2,0,3,13,"CALIBRATED",10909564178,0,NA,NA,"ARITHMETIC"
"N-CT",6,22,7569,11038303228,"Power N-CT89^2T2T2",89,2,0,2,13,"CALIBRATED",11038303228,0,7569,0,"ARITHMETIC"
"N-CT",6,22,10000,11295781328,"Power N-CT101^2",101,2,0,0,13,"CALIBRATED",11295781328,0,10201,-201,"ARITHMETIC"
"CT",6,23,530,2368574208,"Power CT23^2+1",23,2,1,0,16,"FORMULA",2368574208,0,530,0,"ARITHMETIC"
"CT",6,23,553,3617935724,"Power CT25^2Arc(3)",25,2,0,3,16,"FORMULA",3617935724,0,553,0,"ARITHMETIC"
"CT",6,23,576,3714040456,"Power CT25^2T1T1",25,2,0,2,16,"FORMULA",3714040456,0,576,0,"ARITHMETIC"
"CT",6,23,600,3810145188,"Power CT25^2T1",25,2,0,1,16,"FORMULA",3810145188,0,600,0,"ARITHMETIC"
"CT",6,23,626,3906249920,"Power CT25^2+1",25,2,1,0,16,"FORMULA",3906249920,0,626,0,"ARITHMETIC"
"CT",6,23,651,5768888100,"Power CT27^2Arc(3)",27,2,0,3,16,"FORMULA",5768888100,0,651,0,"ARITHMETIC"
"CT",6,23,676,5912167960,"Power CT27^2T1T1",27,2,0,2,16,"FORMULA",5912167960,0,676,0,"ARITHMETIC"
"CT",6,23,702,6055447820,"Power CT27^2T1",27,2,0,1,16,"FORMULA",6055447820,0,702,0,"ARITHMETIC"
"CT",6,23,730,6198727680,"Power CT27^2+1",27,2,1,0,16,"FORMULA",6198727680,0,730,0,"ARITHMETIC"
"N-CT",6,23,744,6365542568,"Power N-CT31^2T7",31,2,0,1,15,"CALIBRATED",6365542568,0,744,0,"ARITHMETIC"
"N-CT",6,23,754,6457729848,"Power N-CT29^2T3",29,2,0,1,15,"CALIBRATED",6457729848,0,754,0,"ARITHMETIC"
"N-CT",6,23,755,6461646288,"Power N-CT31^2Arc(2)T5",31,2,0,3,15,"CALIBRATED",6461646288,0,755,0,"ARITHMETIC"
"N-CT",6,23,780,6461646794,"Power N-CT31^2T5T1",31,2,0,2,15,"CALIBRATED",6461646794,0,780,0,"ARITHMETIC"
"N-CT",6,23,806,6461647300,"Power N-CT31^2T5",31,2,0,1,15,"CALIBRATED",6461647300,0,806,0,"ARITHMETIC"
"N-CT",6,23,812,6601009708,"Power N-CT29^2T1",29,2,0,1,15,"CALIBRATED",6601009708,0,812,0,"ARITHMETIC"
"N-CT",6,23,813,6604926148,"Power N-CT31^2Arc(2)T3",31,2,0,3,15,"CALIBRATED",6604926148,0,813,0,"ARITHMETIC"
"N-CT",6,23,840,6604926654,"Power N-CT31^2T3T1",31,2,0,2,15,"CALIBRATED",6604926654,0,840,0,"ARITHMETIC"
"N-CT",6,23,868,6604927160,"Power N-CT31^2T3",31,2,0,1,15,"CALIBRATED",6604927160,0,868,0,"ARITHMETIC"
"N-CT",6,23,870,6661333976,"Power N-CT31^2T2T1",31,2,0,2,15,"CALIBRATED",6661333976,0,870,0,"ARITHMETIC"
"N-CT",6,23,899,6661334482,"Power N-CT31^2T2",31,2,0,1,15,"CALIBRATED",6661334482,0,899,0,"ARITHMETIC"
"N-CT",6,23,900,6661613288,"Power N-CT31^2T1T1",31,2,0,2,15,"CALIBRATED",6661613288,0,900,0,"ARITHMETIC"
"N-CT",6,23,930,6661613794,"Power N-CT31^2T1",31,2,0,1,15,"CALIBRATED",6661613794,0,930,0,"ARITHMETIC"
"N-CT",6,23,961,6661614300,"Power N-CT31^2",31,2,0,0,15,"CALIBRATED",6661614300,0,961,0,"ARITHMETIC"
"N-CT",6,23,964,6661614960,"Power N-CT31^2+3",31,2,3,0,15,"CALIBRATED",6661614960,0,964,0,"ARITHMETIC"
"N-CT",6,23,1271,7974628618,"Power N-CT41^2T10",41,2,0,1,14,"CALIBRATED",7974628618,0,1271,0,"ARITHMETIC"
"N-CT",6,23,1394,7974628662,"Power N-CT41^2T7",41,2,0,1,14,"CALIBRATED",7974628662,0,1394,0,"ARITHMETIC"
"N-CT",6,23,1462,8058300822,"Power N-CT43^2T9",43,2,0,1,14,"CALIBRATED",8058300822,0,1462,0,"ARITHMETIC"
"N-CT",6,23,1681,8109791844,"Power N-CT41^2",41,2,0,0,14,"CALIBRATED",8109791844,0,1681,0,"ARITHMETIC"
"N-CT",6,23,1763,8193464004,"Power N-CT43^2T2",43,2,0,1,14,"CALIBRATED",8193464004,0,1763,0,"ARITHMETIC"
"N-CT",6,23,1851,8199900324,"Power N-CT43^2+2",43,2,2,0,14,"CALIBRATED",8199900324,0,1851,0,"ARITHMETIC"
"N-CT",6,23,1939,8267621846,"Power N-CT47^2Trin2,2,2",47,2,0,3,14,"CALIBRATED",8267621846,0,NA,NA,"ARITHMETIC"
"N-CT",6,23,2025,8273778348,"Power N-CT47^2T2T2",47,2,0,2,14,"CALIBRATED",8273778348,0,2025,0,"ARITHMETIC"
"N-CT",6,23,2115,8279934850,"Power N-CT47^2T2",47,2,0,1,14,"CALIBRATED",8279934850,0,2115,0,"ARITHMETIC"
"N-CT",6,23,2239,8560329184,"Power N-CT53^2Arc(12)",53,2,0,12,14,"CALIBRATED",8560329184,0,2239,0,"ARITHMETIC"
"N-CT",6,23,2281,8695492916,"Power N-CT53^2Arc(11)",53,2,0,11,14,"CALIBRATED",8695492916,0,2281,0,"ARITHMETIC"
"N-CT",6,23,2324,8830656648,"Power N-CT53^2Arc(10)",53,2,0,10,14,"CALIBRATED",8830656648,0,2324,0,"ARITHMETIC"
"N-CT",6,23,2368,8965820380,"Power N-CT53^2Arc(9)",53,2,0,9,14,"CALIBRATED",8965820380,0,2368,0,"ARITHMETIC"
"N-CT",6,23,2413,9100984112,"Power N-CT53^2Arc(8)",53,2,0,8,14,"CALIBRATED",9100984112,0,2413,0,"ARITHMETIC"
"N-CT",6,23,2459,9236147844,"Power N-CT53^2Arc(7)",53,2,0,7,14,"CALIBRATED",9236147844,0,2459,0,"ARITHMETIC"
"N-CT",6,23,2514,9248464368,"Power N-CT73^2Trin3,22,22",73,2,0,3,13,"CALIBRATED",9248464368,0,NA,NA,"ARITHMETIC"
"N-CT",6,23,2562,9248743680,"Power N-CT73^2Trin3,21,22",73,2,0,3,13,"CALIBRATED",9248743680,0,NA,NA,"ARITHMETIC"
"N-CT",6,23,2611,9249022992,"Power N-CT73^2Trin3,21,21",73,2,0,3,13,"CALIBRATED",9249022992,0,NA,NA,"ARITHMETIC"
"N-CT",6,23,2652,9255180000,"Power N-CT73^2T22T21",73,2,0,2,13,"CALIBRATED",9255180000,0,2652,0,"ARITHMETIC"
"N-CT",6,23,2704,9255459312,"Power N-CT73^2T21T21",73,2,0,2,13,"CALIBRATED",9255459312,0,2704,0,"ARITHMETIC"
"N-CT",6,23,2822,9322902072,"Power N-CT83^2T49",83,2,0,1,13,"CALIBRATED",9322902072,0,2822,0,"ARITHMETIC"
"N-CT",6,23,3024,9377750910,"Power N-CT73^2Trin3,3,28",73,2,0,3,13,"CALIBRATED",9377750910,0,NA,NA,"ARITHMETIC"
"N-CT",6,23,3426,9383907412,"Power N-CT73^2Trin3,3,22",73,2,0,3,13,"CALIBRATED",9383907412,0,NA,NA,"ARITHMETIC"
"N-CT",6,23,3493,9384186724,"Power N-CT73^2Trin3,3,21",73,2,0,3,13,"CALIBRATED",9384186724,0,NA,NA,"ARITHMETIC"
"N-CT",6,23,3570,9390343732,"Power N-CT73^2T22T3",73,2,0,2,13,"CALIBRATED",9390343732,0,3570,0,"ARITHMETIC"
"N-CT",6,23,3640,9390623044,"Power N-CT73^2T21T3",73,2,0,2,13,"CALIBRATED",9390623044,0,3640,0,"ARITHMETIC"
"N-CT",6,23,3723,9396780052,"Power N-CT73^2T22",73,2,0,1,13,"CALIBRATED",9396780052,0,3723,0,"ARITHMETIC"
"N-CT",6,23,3796,9397059364,"Power N-CT73^2T21",73,2,0,1,13,"CALIBRATED",9397059364,0,3796,0,"ARITHMETIC"
"N-CT",6,23,3811,9433998376,"Power N-CT79^2Arc(6)T27",79,2,0,7,13,"CALIBRATED",9433998376,0,3811,0,"ARITHMETIC"
"N-CT",6,23,3858,9440154878,"Power N-CT79^2Arc(5)T27",79,2,0,6,13,"CALIBRATED",9440154878,0,3858,0,"ARITHMETIC"
"N-CT",6,23,3906,9446311380,"Power N-CT79^2Arc(4)T27",79,2,0,5,13,"CALIBRATED",9446311380,0,3906,0,"ARITHMETIC"
"N-CT",6,23,3955,9452467882,"Power N-CT79^2Arc(3)T27",79,2,0,4,13,"CALIBRATED",9452467882,0,3955,0,"ARITHMETIC"
"N-CT",6,23,4005,9458624384,"Power N-CT79^2Arc(2)T27",79,2,0,3,13,"CALIBRATED",9458624384,0,4005,0,"ARITHMETIC"
"N-CT",6,23,4056,9464780886,"Power N-CT79^2T27T1",79,2,0,2,13,"CALIBRATED",9464780886,0,4056,0,"ARITHMETIC"
"N-CT",6,23,4233,9470658076,"Power N-CT83^2T32",83,2,0,1,13,"CALIBRATED",9470658076,0,4233,0,"ARITHMETIC"
"N-CT",6,23,4316,9470937388,"Power N-CT83^2T31",83,2,0,1,13,"CALIBRATED",9470937388,0,4316,0,"ARITHMETIC"
"N-CT",6,23,4699,9519350456,"Power N-CT73^2Trin3,3,3",73,2,0,3,13,"CALIBRATED",9519350456,0,NA,NA,"ARITHMETIC"
"N-CT",6,23,4900,9525786776,"Power N-CT73^2T3T3",73,2,0,2,13,"CALIBRATED",9525786776,0,4900,0,"ARITHMETIC"
"N-CT",6,23,5110,9532223096,"Power N-CT73^2T3",73,2,0,1,13,"CALIBRATED",9532223096,0,5110,0,"ARITHMETIC"
"N-CT",6,23,5359,9544815918,"Power N-CT79^2Arc(12)",79,2,0,12,13,"CALIBRATED",9544815918,0,5359,0,"ARITHMETIC"
"N-CT",6,23,5427,9550972420,"Power N-CT79^2Arc(11)",79,2,0,11,13,"CALIBRATED",9550972420,0,5427,0,"ARITHMETIC"
"N-CT",6,23,5496,9557128922,"Power N-CT79^2Arc(10)",79,2,0,10,13,"CALIBRATED",9557128922,0,5496,0,"ARITHMETIC"
"N-CT",6,23,5566,9563285424,"Power N-CT79^2Arc(9)",79,2,0,9,13,"CALIBRATED",9563285424,0,5566,0,"ARITHMETIC"
"N-CT",6,23,5637,9569441926,"Power N-CT79^2Arc(8)",79,2,0,8,13,"CALIBRATED",9569441926,0,5637,0,"ARITHMETIC"
"N-CT",6,23,5709,9575598428,"Power N-CT79^2Arc(7)",79,2,0,7,13,"CALIBRATED",9575598428,0,5709,0,"ARITHMETIC"
"N-CT",6,23,5782,9581754930,"Power N-CT79^2Arc(6)",79,2,0,6,13,"CALIBRATED",9581754930,0,5782,0,"ARITHMETIC"
"N-CT",6,23,5856,9587911432,"Power N-CT79^2Arc(5)",79,2,0,5,13,"CALIBRATED",9587911432,0,5856,0,"ARITHMETIC"
"N-CT",6,23,5931,9594067934,"Power N-CT79^2Arc(4)",79,2,0,4,13,"CALIBRATED",9594067934,0,5931,0,"ARITHMETIC"
"N-CT",6,23,6007,9600224436,"Power N-CT79^2Arc(3)",79,2,0,3,13,"CALIBRATED",9600224436,0,6007,0,"ARITHMETIC"
"N-CT",6,23,6084,9606380938,"Power N-CT79^2T1T1",79,2,0,2,13,"CALIBRATED",9606380938,0,6084,0,"ARITHMETIC"
"N-CT",6,23,6474,9612537440,"Power N-CT83^2T5",83,2,0,1,13,"CALIBRATED",9612537440,0,6474,0,"ARITHMETIC"
"N-CT",6,23,6891,9618693942,"Power N-CT83^2+2",83,2,2,0,13,"CALIBRATED",9618693942,0,6891,0,"ARITHMETIC"
"N-CT",6,23,6901,10908761182,"Power N-CT89^2Trin4,4,4",89,2,0,3,13,"CALIBRATED",10908761182,0,NA,NA,"ARITHMETIC"
"N-CT",6,23,7063,10909028856,"Power N-CT89^2Trin2,4,4",89,2,0,3,13,"CALIBRATED",10909028856,0,NA,NA,"ARITHMETIC"
"N-CT",6,23,7229,10909296530,"Power N-CT89^2Trin2,2,4",89,2,0,3,13,"CALIBRATED",10909296530,0,NA,NA,"ARITHMETIC"
"N-CT",6,23,7399,10909564204,"Power N-CT89^2Trin2,2,2",89,2,0,3,13,"CALIBRATED",10909564204,0,NA,NA,"ARITHMETIC"
"N-CT",6,23,7569,11038303254,"Power N-CT89^2T2T2",89,2,0,2,13,"CALIBRATED",11038303254,0,7569,0,"ARITHMETIC"
"N-CT",6,23,10000,11295781354,"Power N-CT101^2",101,2,0,0,13,"CALIBRATED",11295781354,0,10201,-201,"ARITHMETIC"
"CT",5,24,3750,203275063,"Power CT25^3T19",25,3,0,1,21,"FORMULA",203275063,0,3750,0,"ARITHMETIC"
"CT",5,24,4375,203978115,"Power CT25^3T18",25,3,0,1,21,"FORMULA",203978115,0,4375,0,"ARITHMETIC"
"CT",5,24,5000,204349437,"Power CT25^3T17",25,3,0,1,21,"FORMULA",204349437,0,5000,0,"ARITHMETIC"
"CT",5,24,5625,204733469,"Power CT25^3T16",25,3,0,1,21,"FORMULA",204733469,0,5625,0,"ARITHMETIC"
"CT",5,24,10000,205078062,"Power CT23^3",23,3,0,0,21,"FORMULA",205078062,0,12167,-2167,"ARITHMETIC"
"CT",6,24,275,3898375777,"Power CT25^2T14",25,2,0,1,16,"FORMULA",3898375777,0,275,0,"ARITHMETIC"
"CT",6,24,626,3906249952,"Power CT25^2+1",25,2,1,0,16,"FORMULA",3906249952,0,626,0,"ARITHMETIC"
"CT",6,24,651,5768888132,"Power CT27^2Arc(3)",27,2,0,3,16,"FORMULA",5768888132,0,651,0,"ARITHMETIC"
"CT",6,24,676,5912167992,"Power CT27^2T1T1",27,2,0,2,16,"FORMULA",5912167992,0,676,0,"ARITHMETIC"
"CT",6,24,702,6055447852,"Power CT27^2T1",27,2,0,1,16,"FORMULA",6055447852,0,702,0,"ARITHMETIC"
"CT",6,24,730,6198727712,"Power CT27^2+1",27,2,1,0,16,"FORMULA",6198727712,0,730,0,"ARITHMETIC"
"N-CT",6,24,757,8300141166,"Power N-CT29^2Arc(3)",29,2,0,3,15,"CALIBRATED",8300141166,0,757,0,"ARITHMETIC"
"N-CT",6,24,784,8507543994,"Power N-CT29^2T1T1",29,2,0,2,15,"CALIBRATED",8507543994,0,784,0,"ARITHMETIC"
"N-CT",6,24,812,8714946822,"Power N-CT29^2T1",29,2,0,1,15,"CALIBRATED",8714946822,0,812,0,"ARITHMETIC"
"N-CT",6,24,842,8922349650,"Power N-CT29^2+1",29,2,1,0,15,"CALIBRATED",8922349650,0,842,0,"ARITHMETIC"
"N-CT",6,24,871,10573344594,"Power N-CT31^2Arc(3)",31,2,0,3,15,"CALIBRATED",10573344594,0,871,0,"ARITHMETIC"
"N-CT",6,24,900,10710927506,"Power N-CT31^2T1T1",31,2,0,2,15,"CALIBRATED",10710927506,0,900,0,"ARITHMETIC"
"N-CT",6,24,930,10848510418,"Power N-CT31^2T1",31,2,0,1,15,"CALIBRATED",10848510418,0,930,0,"ARITHMETIC"
"N-CT",6,24,961,10986093330,"Power N-CT31^2",31,2,0,0,15,"CALIBRATED",10986093330,0,961,0,"ARITHMETIC"
"N-CT",6,24,1484,13077654168,"Power N-CT53^2T25",53,2,0,1,14,"CALIBRATED",13077654168,0,1484,0,"ARITHMETIC"
"N-CT",6,24,1548,13173827756,"Power N-CT43^2T7",43,2,0,1,14,"CALIBRATED",13173827756,0,1548,0,"ARITHMETIC"
"N-CT",6,24,1590,13285056996,"Power N-CT53^2T23",53,2,0,1,14,"CALIBRATED",13285056996,0,1590,0,"ARITHMETIC"
"N-CT",6,24,1692,13300780556,"Power N-CT47^2T11",47,2,0,1,14,"CALIBRATED",13300780556,0,1692,0,"ARITHMETIC"
"N-CT",6,24,1849,13398437108,"Power N-CT43^2",43,2,0,0,14,"CALIBRATED",13398437108,0,1849,0,"ARITHMETIC"
"N-CT",6,24,1908,13422655556,"Power N-CT53^2T17",53,2,0,1,14,"CALIBRATED",13422655556,0,1908,0,"ARITHMETIC"
"N-CT",6,24,2021,13525389908,"Power N-CT47^2T4",47,2,0,1,14,"CALIBRATED",13525389908,0,2021,0,"ARITHMETIC"
"N-CT",6,24,2211,13535155508,"Power N-CT47^2+2",47,2,2,0,14,"CALIBRATED",13535155508,0,2211,0,"ARITHMETIC"
"N-CT",6,24,2221,13638280508,"Power N-CT53^2Trin4,4,4",53,2,0,3,14,"CALIBRATED",13638280508,0,NA,NA,"ARITHMETIC"
"N-CT",6,24,2279,13647264908,"Power N-CT53^2T10",53,2,0,1,14,"CALIBRATED",13647264908,0,2279,0,"ARITHMETIC"
"N-CT",6,24,2401,13647655508,"Power N-CT53^2T4T4",53,2,0,2,14,"CALIBRATED",13647655508,0,2401,0,"ARITHMETIC"
"N-CT",6,24,2597,13657030508,"Power N-CT53^2T4",53,2,0,1,14,"CALIBRATED",13657030508,0,2597,0,"ARITHMETIC"
"N-CT",6,24,2810,13666405508,"Power N-CT53^2+1",53,2,1,0,14,"CALIBRATED",13666405508,0,2810,0,"ARITHMETIC"
"N-CT",6,24,2811,13671865508,"Power N-CT53^2+2",53,2,2,0,14,"CALIBRATED",13671865508,0,2811,0,"ARITHMETIC"
"N-CT",6,24,2812,13671873908,"Power N-CT53^2+3",53,2,3,0,14,"CALIBRATED",13671873908,0,2812,0,"ARITHMETIC"
"N-CT",6,24,2916,15165233686,"Power N-CT73^2T19T19",73,2,0,2,13,"CALIBRATED",15165233686,0,2916,0,"ARITHMETIC"
"N-CT",6,24,2970,15165623686,"Power N-CT73^2T19T18",73,2,0,2,13,"CALIBRATED",15165623686,0,2970,0,"ARITHMETIC"
"N-CT",6,24,3024,15165624286,"Power N-CT73^2T19T17",73,2,0,2,13,"CALIBRATED",15165624286,0,3024,0,"ARITHMETIC"
"N-CT",6,24,3025,15166013686,"Power N-CT73^2T18T18",73,2,0,2,13,"CALIBRATED",15166013686,0,3025,0,"ARITHMETIC"
"N-CT",6,24,3080,15166014286,"Power N-CT73^2T18T17",73,2,0,2,13,"CALIBRATED",15166014286,0,3080,0,"ARITHMETIC"
"N-CT",6,24,3136,15166014886,"Power N-CT73^2T17T17",73,2,0,2,13,"CALIBRATED",15166014886,0,3136,0,"ARITHMETIC"
"N-CT",6,24,3139,15371093086,"Power N-CT73^2T30",73,2,0,1,13,"CALIBRATED",15371093086,0,3139,0,"ARITHMETIC"
"N-CT",6,24,3204,15376170934,"Power N-CT89^2T53",89,2,0,1,13,"CALIBRATED",15376170934,0,3204,0,"ARITHMETIC"
"N-CT",6,24,3577,15380858686,"Power N-CT73^2T24",73,2,0,1,13,"CALIBRATED",15380858686,0,3577,0,"ARITHMETIC"
"N-CT",6,24,3942,15390233686,"Power N-CT73^2T19",73,2,0,1,13,"CALIBRATED",15390233686,0,3942,0,"ARITHMETIC"
"N-CT",6,24,4015,15390623686,"Power N-CT73^2T18",73,2,0,1,13,"CALIBRATED",15390623686,0,4015,0,"ARITHMETIC"
"N-CT",6,24,4088,15390624286,"Power N-CT73^2T17",73,2,0,1,13,"CALIBRATED",15390624286,0,4088,0,"ARITHMETIC"
"N-CT",6,24,4097,15488280286,"Power N-CT79^2Trin3,3,23",79,2,0,3,13,"CALIBRATED",15488280286,0,NA,NA,"ARITHMETIC"
"N-CT",6,24,4104,15497655286,"Power N-CT79^2T25T3",79,2,0,2,13,"CALIBRATED",15497655286,0,4104,0,"ARITHMETIC"
"N-CT",6,24,4180,15498045286,"Power N-CT79^2T24T3",79,2,0,2,13,"CALIBRATED",15498045286,0,4180,0,"ARITHMETIC"
"N-CT",6,24,4256,15498045886,"Power N-CT79^2T23T3",79,2,0,2,13,"CALIBRATED",15498045886,0,4256,0,"ARITHMETIC"
"N-CT",6,24,4266,15507420886,"Power N-CT79^2T25",79,2,0,1,13,"CALIBRATED",15507420886,0,4266,0,"ARITHMETIC"
"N-CT",6,24,4345,15507810886,"Power N-CT79^2T24",79,2,0,1,13,"CALIBRATED",15507810886,0,4345,0,"ARITHMETIC"
"N-CT",6,24,4424,15507811486,"Power N-CT79^2T23",79,2,0,1,13,"CALIBRATED",15507811486,0,4424,0,"ARITHMETIC"
"N-CT",6,24,4430,15582811486,"Power N-CT83^2Arc(4)T27",83,2,0,5,13,"CALIBRATED",15582811486,0,4430,0,"ARITHMETIC"
"N-CT",6,24,4483,15592186486,"Power N-CT83^2Arc(3)T27",83,2,0,4,13,"CALIBRATED",15592186486,0,4483,0,"ARITHMETIC"
"N-CT",6,24,4537,15601561486,"Power N-CT83^2Arc(2)T27",83,2,0,3,13,"CALIBRATED",15601561486,0,4537,0,"ARITHMETIC"
"N-CT",6,24,4592,15610936486,"Power N-CT83^2T27T1",83,2,0,2,13,"CALIBRATED",15610936486,0,4592,0,"ARITHMETIC"
"N-CT",6,24,5332,15615233686,"Power N-CT73^2+3",73,2,3,0,13,"CALIBRATED",15615233686,0,5332,0,"ARITHMETIC"
"N-CT",6,24,6966,15644531134,"Power N-CT97^2Arc(13)T15",97,2,0,14,13,"CALIBRATED",NA,NA,6966,0,"ARITH_OPEN"
"N-CT",6,24,7722,15653906134,"Power N-CT97^2Arc(13)T6",97,2,0,14,13,"CALIBRATED",NA,NA,7722,0,"ARITH_OPEN"
"N-CT",6,24,7890,15654281134,"Power N-CT97^2Arc(13)T4",97,2,0,14,13,"CALIBRATED",NA,NA,7890,0,"ARITH_OPEN"
"N-CT",6,24,8058,15654296134,"Power N-CT97^2Arc(13)T2",97,2,0,14,13,"CALIBRATED",NA,NA,8058,0,"ARITH_OPEN"
"N-CT",6,24,8141,15869139838,"Power N-CT97^2Arc(12)T2",97,2,0,13,13,"CALIBRATED",15869139838,0,8141,0,"ARITHMETIC"
"N-CT",6,24,8226,15869140534,"Power N-CT97^2Arc(13)",97,2,0,13,13,"CALIBRATED",15869140534,0,8226,0,"ARITHMETIC"
"N-CT",6,24,8311,16083984238,"Power N-CT97^2Arc(12)",97,2,0,12,13,"CALIBRATED",16083984238,0,8311,0,"ARITHMETIC"
"N-CT",6,24,8397,16298827942,"Power N-CT97^2Arc(11)",97,2,0,11,13,"CALIBRATED",16298827942,0,8397,0,"ARITHMETIC"
"N-CT",6,24,8484,16513671646,"Power N-CT97^2Arc(10)",97,2,0,10,13,"CALIBRATED",16513671646,0,8484,0,"ARITHMETIC"
"N-CT",6,24,8572,16728515350,"Power N-CT97^2Arc(9)",97,2,0,9,13,"CALIBRATED",16728515350,0,8572,0,"ARITHMETIC"
"N-CT",6,24,8661,16943359054,"Power N-CT97^2Arc(8)",97,2,0,8,13,"CALIBRATED",16943359054,0,8661,0,"ARITHMETIC"
"N-CT",6,24,8751,17158202758,"Power N-CT97^2Arc(7)",97,2,0,7,13,"CALIBRATED",17158202758,0,8751,0,"ARITHMETIC"
"N-CT",6,24,8842,17373046462,"Power N-CT97^2Arc(6)",97,2,0,6,13,"CALIBRATED",17373046462,0,8842,0,"ARITHMETIC"
"N-CT",6,24,8934,17587890166,"Power N-CT97^2Arc(5)",97,2,0,5,13,"CALIBRATED",17587890166,0,8934,0,"ARITHMETIC"
"N-CT",6,24,9027,17802733870,"Power N-CT97^2Arc(4)",97,2,0,4,13,"CALIBRATED",17802733870,0,9027,0,"ARITHMETIC"
"N-CT",6,24,9121,18017577574,"Power N-CT97^2Arc(3)",97,2,0,3,13,"CALIBRATED",18017577574,0,9121,0,"ARITHMETIC"
"CT",6,24,9351,18088839922,"Power CT31^3T5S30",31,3,0,31,31,"FORMULA",18088839922,0,12116,-2765,"ARITHMETIC"
"CT",6,24,9662,18226422834,"Power CT31^3T5S29",31,3,0,30,31,"FORMULA",18226422834,0,12168,-2506,"ARITHMETIC"
"CT",6,24,10000,18232119782,"Power CT31^3T3S30",31,3,0,31,31,"FORMULA",18232119782,0,13048,-3048,"ARITHMETIC"
"CT",5,25,10000,205078104,"Power CT23^3",23,3,0,0,21,"FORMULA",205078104,0,12167,-2167,"ARITHMETIC"
"CT",6,25,626,3906249984,"Power CT25^2+1",25,2,1,0,16,"FORMULA",3906249984,0,626,0,"ARITHMETIC"
"CT",6,25,651,5768888164,"Power CT27^2Arc(3)",27,2,0,3,16,"FORMULA",5768888164,0,651,0,"ARITHMETIC"
"CT",6,25,676,5912168024,"Power CT27^2T1T1",27,2,0,2,16,"FORMULA",5912168024,0,676,0,"ARITHMETIC"
"CT",6,25,702,6055447884,"Power CT27^2T1",27,2,0,1,16,"FORMULA",6055447884,0,702,0,"ARITHMETIC"
"CT",6,25,730,6198727744,"Power CT27^2+1",27,2,1,0,16,"FORMULA",6198727744,0,730,0,"ARITHMETIC"
"N-CT",6,25,757,8300141196,"Power N-CT29^2Arc(3)",29,2,0,3,15,"CALIBRATED",8300141196,0,757,0,"ARITHMETIC"
"N-CT",6,25,784,8507544024,"Power N-CT29^2T1T1",29,2,0,2,15,"CALIBRATED",8507544024,0,784,0,"ARITHMETIC"
"N-CT",6,25,812,8714946852,"Power N-CT29^2T1",29,2,0,1,15,"CALIBRATED",8714946852,0,812,0,"ARITHMETIC"
"N-CT",6,25,842,8922349680,"Power N-CT29^2+1",29,2,1,0,15,"CALIBRATED",8922349680,0,842,0,"ARITHMETIC"
"N-CT",6,25,871,10573344624,"Power N-CT31^2Arc(3)",31,2,0,3,15,"CALIBRATED",10573344624,0,871,0,"ARITHMETIC"
"N-CT",6,25,900,10710927536,"Power N-CT31^2T1T1",31,2,0,2,15,"CALIBRATED",10710927536,0,900,0,"ARITHMETIC"
"N-CT",6,25,930,10848510448,"Power N-CT31^2T1",31,2,0,1,15,"CALIBRATED",10848510448,0,930,0,"ARITHMETIC"
"N-CT",6,25,961,10986093360,"Power N-CT31^2",31,2,0,0,15,"CALIBRATED",10986093360,0,961,0,"ARITHMETIC"
"N-CT",6,25,1484,13077654196,"Power N-CT53^2T25",53,2,0,1,14,"CALIBRATED",13077654196,0,1484,0,"ARITHMETIC"
"N-CT",6,25,1548,13173827784,"Power N-CT43^2T7",43,2,0,1,14,"CALIBRATED",13173827784,0,1548,0,"ARITHMETIC"
"N-CT",6,25,1590,13285057024,"Power N-CT53^2T23",53,2,0,1,14,"CALIBRATED",13285057024,0,1590,0,"ARITHMETIC"
"N-CT",6,25,1692,13300780584,"Power N-CT47^2T11",47,2,0,1,14,"CALIBRATED",13300780584,0,1692,0,"ARITHMETIC"
"N-CT",6,25,1849,13398437136,"Power N-CT43^2",43,2,0,0,14,"CALIBRATED",13398437136,0,1849,0,"ARITHMETIC"
"N-CT",6,25,1908,13422655584,"Power N-CT53^2T17",53,2,0,1,14,"CALIBRATED",13422655584,0,1908,0,"ARITHMETIC"
"N-CT",6,25,2021,13525389936,"Power N-CT47^2T4",47,2,0,1,14,"CALIBRATED",13525389936,0,2021,0,"ARITHMETIC"
"N-CT",6,25,2211,13535155536,"Power N-CT47^2+2",47,2,2,0,14,"CALIBRATED",13535155536,0,2211,0,"ARITHMETIC"
"N-CT",6,25,2221,13638280536,"Power N-CT53^2Trin4,4,4",53,2,0,3,14,"CALIBRATED",13638280536,0,NA,NA,"ARITHMETIC"
"N-CT",6,25,2279,13647264936,"Power N-CT53^2T10",53,2,0,1,14,"CALIBRATED",13647264936,0,2279,0,"ARITHMETIC"
"N-CT",6,25,2401,13647655536,"Power N-CT53^2T4T4",53,2,0,2,14,"CALIBRATED",13647655536,0,2401,0,"ARITHMETIC"
"N-CT",6,25,2597,13657030536,"Power N-CT53^2T4",53,2,0,1,14,"CALIBRATED",13657030536,0,2597,0,"ARITHMETIC"
"N-CT",6,25,2810,13666405536,"Power N-CT53^2+1",53,2,1,0,14,"CALIBRATED",13666405536,0,2810,0,"ARITHMETIC"
"N-CT",6,25,2811,13671865536,"Power N-CT53^2+2",53,2,2,0,14,"CALIBRATED",13671865536,0,2811,0,"ARITHMETIC"
"N-CT",6,25,2812,13671873936,"Power N-CT53^2+3",53,2,3,0,14,"CALIBRATED",13671873936,0,2812,0,"ARITHMETIC"
"N-CT",6,25,2916,15165233712,"Power N-CT73^2T19T19",73,2,0,2,13,"CALIBRATED",15165233712,0,2916,0,"ARITHMETIC"
"N-CT",6,25,2970,15165623712,"Power N-CT73^2T19T18",73,2,0,2,13,"CALIBRATED",15165623712,0,2970,0,"ARITHMETIC"
"N-CT",6,25,3024,15165624312,"Power N-CT73^2T19T17",73,2,0,2,13,"CALIBRATED",15165624312,0,3024,0,"ARITHMETIC"
"N-CT",6,25,3025,15166013712,"Power N-CT73^2T18T18",73,2,0,2,13,"CALIBRATED",15166013712,0,3025,0,"ARITHMETIC"
"N-CT",6,25,3080,15166014312,"Power N-CT73^2T18T17",73,2,0,2,13,"CALIBRATED",15166014312,0,3080,0,"ARITHMETIC"
"N-CT",6,25,3136,15166014912,"Power N-CT73^2T17T17",73,2,0,2,13,"CALIBRATED",15166014912,0,3136,0,"ARITHMETIC"
"N-CT",6,25,3139,15371093112,"Power N-CT73^2T30",73,2,0,1,13,"CALIBRATED",15371093112,0,3139,0,"ARITHMETIC"
"N-CT",6,25,3204,15376170960,"Power N-CT89^2T53",89,2,0,1,13,"CALIBRATED",15376170960,0,3204,0,"ARITHMETIC"
"N-CT",6,25,3577,15380858712,"Power N-CT73^2T24",73,2,0,1,13,"CALIBRATED",15380858712,0,3577,0,"ARITHMETIC"
"N-CT",6,25,3942,15390233712,"Power N-CT73^2T19",73,2,0,1,13,"CALIBRATED",15390233712,0,3942,0,"ARITHMETIC"
"N-CT",6,25,4015,15390623712,"Power N-CT73^2T18",73,2,0,1,13,"CALIBRATED",15390623712,0,4015,0,"ARITHMETIC"
"N-CT",6,25,4088,15390624312,"Power N-CT73^2T17",73,2,0,1,13,"CALIBRATED",15390624312,0,4088,0,"ARITHMETIC"
"N-CT",6,25,4097,15488280312,"Power N-CT79^2Trin3,3,23",79,2,0,3,13,"CALIBRATED",15488280312,0,NA,NA,"ARITHMETIC"
"N-CT",6,25,4104,15497655312,"Power N-CT79^2T25T3",79,2,0,2,13,"CALIBRATED",15497655312,0,4104,0,"ARITHMETIC"
"N-CT",6,25,4180,15498045312,"Power N-CT79^2T24T3",79,2,0,2,13,"CALIBRATED",15498045312,0,4180,0,"ARITHMETIC"
"N-CT",6,25,4256,15498045912,"Power N-CT79^2T23T3",79,2,0,2,13,"CALIBRATED",15498045912,0,4256,0,"ARITHMETIC"
"N-CT",6,25,4266,15507420912,"Power N-CT79^2T25",79,2,0,1,13,"CALIBRATED",15507420912,0,4266,0,"ARITHMETIC"
"N-CT",6,25,4345,15507810912,"Power N-CT79^2T24",79,2,0,1,13,"CALIBRATED",15507810912,0,4345,0,"ARITHMETIC"
"N-CT",6,25,4424,15507811512,"Power N-CT79^2T23",79,2,0,1,13,"CALIBRATED",15507811512,0,4424,0,"ARITHMETIC"
"N-CT",6,25,4430,15582811512,"Power N-CT83^2Arc(4)T27",83,2,0,5,13,"CALIBRATED",15582811512,0,4430,0,"ARITHMETIC"
"N-CT",6,25,4483,15592186512,"Power N-CT83^2Arc(3)T27",83,2,0,4,13,"CALIBRATED",15592186512,0,4483,0,"ARITHMETIC"
"N-CT",6,25,4537,15601561512,"Power N-CT83^2Arc(2)T27",83,2,0,3,13,"CALIBRATED",15601561512,0,4537,0,"ARITHMETIC"
"N-CT",6,25,4592,15610936512,"Power N-CT83^2T27T1",83,2,0,2,13,"CALIBRATED",15610936512,0,4592,0,"ARITHMETIC"
"N-CT",6,25,5332,15615233712,"Power N-CT73^2+3",73,2,3,0,13,"CALIBRATED",15615233712,0,5332,0,"ARITHMETIC"
"N-CT",6,25,6966,15644531160,"Power N-CT97^2Arc(13)T15",97,2,0,14,13,"CALIBRATED",NA,NA,6966,0,"ARITH_OPEN"
"N-CT",6,25,7722,15653906160,"Power N-CT97^2Arc(13)T6",97,2,0,14,13,"CALIBRATED",NA,NA,7722,0,"ARITH_OPEN"
"N-CT",6,25,7890,15654281160,"Power N-CT97^2Arc(13)T4",97,2,0,14,13,"CALIBRATED",NA,NA,7890,0,"ARITH_OPEN"
"N-CT",6,25,8058,15654296160,"Power N-CT97^2Arc(13)T2",97,2,0,14,13,"CALIBRATED",NA,NA,8058,0,"ARITH_OPEN"
"N-CT",6,25,8141,15869139864,"Power N-CT97^2Arc(12)T2",97,2,0,13,13,"CALIBRATED",15869139864,0,8141,0,"ARITHMETIC"
"N-CT",6,25,8226,15869140560,"Power N-CT97^2Arc(13)",97,2,0,13,13,"CALIBRATED",15869140560,0,8226,0,"ARITHMETIC"
"N-CT",6,25,8311,16083984264,"Power N-CT97^2Arc(12)",97,2,0,12,13,"CALIBRATED",16083984264,0,8311,0,"ARITHMETIC"
"N-CT",6,25,8397,16298827968,"Power N-CT97^2Arc(11)",97,2,0,11,13,"CALIBRATED",16298827968,0,8397,0,"ARITHMETIC"
"N-CT",6,25,8484,16513671672,"Power N-CT97^2Arc(10)",97,2,0,10,13,"CALIBRATED",16513671672,0,8484,0,"ARITHMETIC"
"N-CT",6,25,8572,16728515376,"Power N-CT97^2Arc(9)",97,2,0,9,13,"CALIBRATED",16728515376,0,8572,0,"ARITHMETIC"
"N-CT",6,25,8661,16943359080,"Power N-CT97^2Arc(8)",97,2,0,8,13,"CALIBRATED",16943359080,0,8661,0,"ARITHMETIC"
"N-CT",6,25,8751,17158202784,"Power N-CT97^2Arc(7)",97,2,0,7,13,"CALIBRATED",17158202784,0,8751,0,"ARITHMETIC"
"N-CT",6,25,8842,17373046488,"Power N-CT97^2Arc(6)",97,2,0,6,13,"CALIBRATED",17373046488,0,8842,0,"ARITHMETIC"
"N-CT",6,25,8934,17587890192,"Power N-CT97^2Arc(5)",97,2,0,5,13,"CALIBRATED",17587890192,0,8934,0,"ARITHMETIC"
"N-CT",6,25,9027,17802733896,"Power N-CT97^2Arc(4)",97,2,0,4,13,"CALIBRATED",17802733896,0,9027,0,"ARITHMETIC"
"N-CT",6,25,9121,18017577600,"Power N-CT97^2Arc(3)",97,2,0,3,13,"CALIBRATED",18017577600,0,9121,0,"ARITHMETIC"
"CT",6,25,9351,18088839984,"Power CT31^3T5S30",31,3,0,31,31,"FORMULA",18088839984,0,12116,-2765,"ARITHMETIC"
"CT",6,25,9662,18226422896,"Power CT31^3T5S29",31,3,0,30,31,"FORMULA",18226422896,0,12168,-2506,"ARITHMETIC"
"CT",6,25,10000,18232119844,"Power CT31^3T3S30",31,3,0,31,31,"FORMULA",18232119844,0,13048,-3048,"ARITHMETIC"
