"t","v","k","N","Source","generalized","postop","k1","k2","N_gen","N_plain","d_gen","d_plain","arith_tier"
2,5,441,77,"Direct product",FALSE,FALSE,21,21,75,79,2,-2,"ARITH_OPEN"
2,5,2625,97,"Direct product",FALSE,FALSE,6,438,95,99,2,-2,"ARITH_OPEN"
2,5,4620,102,"Direct product",FALSE,FALSE,21,220,100,104,2,-2,"ARITH_OPEN"
2,5,20000,120,"Direct product",FALSE,FALSE,5,4000,120,124,0,-4,"ARITHMETIC"
2,6,94,87,"Direct product generalized",TRUE,FALSE,8,12,89,94,-2,-7,"ARITH_OPEN"
2,6,100,88,"Direct product generalized",TRUE,FALSE,10,10,90,95,-2,-7,"ARITH_OPEN"
2,6,102,89,"Direct product generalized",TRUE,FALSE,8,13,91,96,-2,-7,"ARITH_OPEN"
2,6,110,90,"Direct product generalized",TRUE,FALSE,7,16,93,98,-3,-8,"ARITH_OPEN"
2,6,119,91,"Direct product generalized",TRUE,FALSE,7,17,93,98,-2,-7,"ARITH_OPEN"
2,6,132,92,"Direct product generalized",TRUE,FALSE,8,17,93,98,-1,-6,"ARITH_OPEN"
2,6,145,94,"Direct product generalized",TRUE,FALSE,8,19,95,100,-1,-6,"ARITH_OPEN"
2,6,160,96,"Direct product generalized",TRUE,FALSE,8,20,97,102,-1,-6,"ARITH_OPEN"
2,6,162,97,"Direct product generalized",TRUE,FALSE,9,18,97,102,0,-5,"ARITH_INFERRED"
2,6,174,98,"Direct product generalized",TRUE,FALSE,8,22,99,104,-1,-6,"ARITH_OPEN"
2,6,186,99,"Direct product generalized",TRUE,FALSE,10,19,101,106,-2,-7,"ARITH_OPEN"
2,6,190,100,"Direct product generalized",TRUE,FALSE,10,19,101,106,-1,-6,"ARITH_OPEN"
2,6,198,101,"Direct product generalized",TRUE,FALSE,11,18,102,107,-1,-6,"ARITH_OPEN"
2,6,206,102,"Direct product generalized",TRUE,FALSE,8,26,103,108,-1,-6,"ARITH_OPEN"
2,6,224,103,"Direct product generalized",TRUE,FALSE,8,28,104,109,-1,-6,"ARITH_OPEN"
2,6,245,104,"Direct product generalized",TRUE,FALSE,8,31,106,111,-2,-7,"ARITH_OPEN"
2,6,274,105,"Direct product generalized",TRUE,FALSE,8,35,107,112,-2,-7,"ARITH_OPEN"
2,6,302,106,"Direct product generalized",TRUE,FALSE,17,18,108,113,-2,-7,"ARITH_OPEN"
2,6,322,107,"Direct product generalized",TRUE,FALSE,18,18,108,113,-1,-6,"ARITH_OPEN"
2,6,336,108,"Direct product generalized",TRUE,FALSE,8,42,110,115,-2,-7,"ARITH_OPEN"
2,6,374,109,"Direct product generalized",TRUE,FALSE,6,63,111,116,-2,-7,"ARITH_OPEN"
2,6,394,110,"Direct product generalized",TRUE,FALSE,8,50,111,116,-1,-6,"ARITH_OPEN"
2,6,524,113,"Direct product generalized",TRUE,FALSE,8,66,114,119,-1,-6,"ARITH_OPEN"
2,6,554,114,"Direct product generalized",TRUE,FALSE,8,70,115,120,-1,-6,"ARITH_OPEN"
2,6,600,115,"Direct product",FALSE,FALSE,8,75,115,120,0,-5,"ARITHMETIC"
2,6,624,116,"Direct product",FALSE,FALSE,8,78,116,121,0,-5,"ARITHMETIC"
2,6,632,117,"Direct product",FALSE,FALSE,8,79,117,122,0,-5,"ARITHMETIC"
2,6,640,118,"Direct product",FALSE,FALSE,8,80,118,123,0,-5,"ARITHMETIC"
2,6,838,123,"Direct product generalized",TRUE,FALSE,11,77,125,130,-2,-7,"ARITH_OPEN"
2,6,881,124,"Direct product generalized",TRUE,FALSE,12,74,126,131,-2,-7,"ARITH_OPEN"
2,6,905,125,"Direct product generalized",TRUE,FALSE,18,51,126,131,-1,-6,"ARITH_OPEN"
2,6,964,126,"Direct product generalized",TRUE,FALSE,16,61,127,132,-1,-6,"ARITH_OPEN"
2,6,1520,134,"Direct product generalized",TRUE,FALSE,19,80,135,140,-1,-6,"ARITH_OPEN"
2,6,1627,135,"Direct product generalized",TRUE,FALSE,22,74,136,141,-1,-6,"ARITH_OPEN"
2,6,1695,136,"Direct product generalized",TRUE,FALSE,22,78,137,142,-1,-6,"ARITH_OPEN"
2,6,1786,137,"Direct product generalized",TRUE,FALSE,8,224,139,144,-2,-7,"ARITH_OPEN"
2,6,1893,138,"Direct product generalized",TRUE,FALSE,8,237,140,145,-2,-7,"ARITH_OPEN"
2,6,2068,139,"Direct product generalized",TRUE,FALSE,8,259,141,146,-2,-7,"ARITH_OPEN"
2,6,2231,140,"Direct product generalized",TRUE,FALSE,8,279,142,147,-2,-7,"ARITH_OPEN"
2,6,2482,141,"Direct product generalized",TRUE,FALSE,8,311,143,148,-2,-7,"ARITH_OPEN"
2,6,2744,142,"Direct product generalized",TRUE,FALSE,8,343,145,150,-3,-8,"ARITH_OPEN"
2,6,2943,143,"Direct product generalized",TRUE,FALSE,8,368,145,150,-2,-7,"ARITH_OPEN"
2,6,3072,144,"Direct product generalized",TRUE,FALSE,49,63,145,150,-1,-6,"ARITH_OPEN"
2,6,3328,145,"Direct product generalized",TRUE,FALSE,52,64,146,151,-1,-6,"ARITH_OPEN"
2,6,4032,147,"Direct product",FALSE,FALSE,63,64,147,152,0,-5,"ARITHMETIC"
2,6,4212,148,"Direct product generalized",TRUE,FALSE,62,68,148,153,0,-5,"ARITH_INFERRED"
2,6,4800,150,"Direct product",FALSE,FALSE,62,78,150,155,0,-5,"ARITHMETIC"
2,6,4992,151,"Direct product",FALSE,FALSE,64,78,151,156,0,-5,"ARITHMETIC"
2,6,6452,158,"Direct product generalized",TRUE,FALSE,77,84,158,163,0,-5,"ARITH_INFERRED"
2,6,7275,159,"Direct product generalized",TRUE,FALSE,62,118,161,166,-2,-7,"ARITH_OPEN"
2,6,7518,160,"Direct product generalized",TRUE,FALSE,8,940,162,167,-2,-7,"ARITH_OPEN"
2,6,7789,161,"Direct product generalized",TRUE,FALSE,17,459,162,167,-1,-6,"ARITH_OPEN"
2,6,9432,164,"Direct product",FALSE,FALSE,18,524,164,169,0,-5,"ARITHMETIC"
2,6,10314,165,"Direct product generalized",TRUE,FALSE,8,1290,166,171,-1,-6,"ARITH_OPEN"
2,6,10648,166,"Direct product",FALSE,FALSE,8,1331,166,171,0,-5,"ARITHMETIC"
2,6,11584,168,"Direct product generalized",TRUE,FALSE,8,1448,169,174,-1,-6,"ARITH_OPEN"
2,6,12146,169,"Direct product generalized",TRUE,FALSE,8,1519,170,175,-1,-6,"ARITH_OPEN"
2,6,13199,170,"Direct product generalized",TRUE,FALSE,8,1650,172,177,-2,-7,"ARITH_OPEN"
2,6,14333,171,"Direct product generalized",TRUE,FALSE,78,184,173,178,-2,-7,"ARITH_OPEN"
2,6,15257,172,"Direct product generalized",TRUE,FALSE,63,243,174,179,-2,-7,"ARITH_OPEN"
2,6,16153,173,"Direct product generalized",TRUE,FALSE,8,2020,175,180,-2,-7,"ARITH_OPEN"
2,6,17033,174,"Direct product generalized",TRUE,FALSE,63,271,175,180,-1,-6,"ARITH_OPEN"
2,6,18534,175,"Direct product generalized",TRUE,FALSE,62,299,176,181,-1,-6,"ARITH_OPEN"
2,6,19556,176,"Direct product generalized",TRUE,FALSE,8,2445,177,182,-1,-6,"ARITH_OPEN"
2,6,20000,177,"Direct product generalized",TRUE,FALSE,63,318,177,182,0,-5,"ARITH_INFERRED"
2,7,64,96,"Direct product",FALSE,FALSE,8,8,91,97,5,-1,"ARITH_OPEN"
2,7,80,105,"Direct product",FALSE,FALSE,8,10,103,109,2,-4,"ARITH_OPEN"
2,7,91,111,"Direct product generalized",TRUE,FALSE,7,13,113,119,-2,-8,"ARITH_OPEN"
2,7,104,117,"Direct product",FALSE,FALSE,8,13,113,119,4,-2,"ARITH_OPEN"
2,7,130,125,"Direct product generalized",TRUE,FALSE,8,17,124,130,1,-5,"ARITH_OPEN"
2,7,176,129,"Direct product",FALSE,FALSE,8,22,129,135,0,-6,"ARITHMETIC"
2,7,632,146,"Direct product",FALSE,FALSE,8,79,145,151,1,-5,"ARITH_OPEN"
2,7,640,147,"Direct product",FALSE,FALSE,8,80,147,153,0,-6,"ARITHMETIC"
2,7,693,151,"Direct product",FALSE,FALSE,8,87,149,155,2,-4,"ARITH_OPEN"
2,7,728,153,"Direct product generalized",TRUE,FALSE,8,91,153,159,0,-6,"ARITH_INFERRED"
2,7,800,155,"Direct product",FALSE,FALSE,8,100,155,161,0,-6,"ARITHMETIC"
2,7,822,159,"Direct product generalized",TRUE,FALSE,8,103,158,164,1,-5,"ARITH_OPEN"
2,7,900,162,"Direct product",FALSE,FALSE,8,113,163,169,-1,-7,"ARITH_OPEN"
2,7,920,164,"Direct product",FALSE,FALSE,15,62,163,169,1,-5,"ARITH_OPEN"
2,7,957,165,"Direct product generalized",TRUE,FALSE,8,120,165,171,0,-6,"ARITH_INFERRED"
2,7,1030,166,"Direct product generalized",TRUE,FALSE,17,61,166,172,0,-6,"ARITH_INFERRED"
2,7,1040,167,"Direct product",FALSE,FALSE,17,62,166,172,1,-5,"ARITH_OPEN"
2,7,1136,170,"Direct product",FALSE,FALSE,8,142,170,176,0,-6,"ARITHMETIC"
2,7,1386,171,"Direct product",FALSE,FALSE,8,174,171,177,0,-6,"ARITHMETIC"
2,7,5467,193,"Direct product",FALSE,FALSE,8,684,191,197,2,-4,"ARITH_OPEN"
2,7,6491,201,"Direct product generalized",TRUE,FALSE,8,812,200,206,1,-5,"ARITH_OPEN"
2,7,8190,209,"Direct product",FALSE,FALSE,8,1024,208,214,1,-5,"ARITH_OPEN"
2,7,10934,213,"Direct product",FALSE,FALSE,8,1367,213,219,0,-6,"ARITHMETIC"
2,7,20000,217,"Direct product",FALSE,FALSE,6,3334,217,223,0,-6,"ARITHMETIC"
2,8,81,126,"Direct product",FALSE,FALSE,9,9,120,127,6,-1,"ARITH_OPEN"
2,8,123,151,"Direct product generalized",TRUE,FALSE,9,14,152,159,-1,-8,"ARITH_OPEN"
2,8,216,169,"Direct product",FALSE,FALSE,9,24,169,176,0,-7,"ARITHMETIC"
2,8,252,174,"Direct product",FALSE,FALSE,9,28,171,178,3,-4,"ARITH_OPEN"
2,8,270,175,"Direct product",FALSE,FALSE,9,30,175,182,0,-7,"ARITHMETIC"
2,8,730,184,"Direct product",FALSE,FALSE,9,82,188,195,-4,-11,"ARITH_OPEN"
2,8,882,190,"Direct product",FALSE,FALSE,9,98,190,197,0,-7,"ARITHMETIC"
2,8,891,192,"Direct product",FALSE,FALSE,9,99,191,198,1,-6,"ARITH_OPEN"
2,8,1040,200,"Direct product",FALSE,FALSE,13,80,196,203,4,-3,"ARITH_OPEN"
2,8,1078,204,"Direct product",FALSE,FALSE,9,120,204,211,0,-7,"ARITHMETIC"
2,8,1113,206,"Direct product generalized",TRUE,FALSE,9,124,208,215,-2,-9,"ARITH_OPEN"
2,8,1121,207,"Direct product generalized",TRUE,FALSE,9,125,208,215,-1,-8,"ARITH_OPEN"
2,8,1274,210,"Direct product",FALSE,FALSE,13,98,210,217,0,-7,"ARITHMETIC"
2,8,1287,212,"Direct product",FALSE,FALSE,9,143,211,218,1,-6,"ARITH_OPEN"
2,8,1920,225,"Direct product",FALSE,FALSE,9,214,225,232,0,-7,"ARITHMETIC"
2,8,7840,246,"Direct product",FALSE,FALSE,9,872,246,253,0,-7,"ARITHMETIC"
2,8,9256,256,"Direct product",FALSE,FALSE,13,712,252,259,4,-3,"ARITH_OPEN"
2,8,9604,260,"Direct product",FALSE,FALSE,9,1068,260,267,0,-7,"ARITHMETIC"
2,8,9702,261,"Direct product",FALSE,FALSE,9,1078,260,267,1,-6,"ARITH_OPEN"
2,8,11074,266,"Direct product",FALSE,FALSE,9,1231,266,273,0,-7,"ARITHMETIC"
2,8,11088,267,"Direct product",FALSE,FALSE,9,1232,266,273,1,-6,"ARITH_OPEN"
2,8,11440,268,"Direct product",FALSE,FALSE,9,1272,266,273,2,-5,"ARITH_OPEN"
2,8,11466,270,"Direct product",FALSE,FALSE,9,1274,266,273,4,-3,"ARITH_OPEN"
2,8,17088,281,"Direct product",FALSE,FALSE,9,1899,281,288,0,-7,"ARITHMETIC"
2,9,100,160,"Direct product",FALSE,FALSE,10,10,153,161,7,-1,"ARITH_OPEN"
2,9,108,170,"Direct product",FALSE,FALSE,10,11,174,182,-4,-12,"ARITH_OPEN"
2,9,110,174,"Direct product",FALSE,FALSE,10,11,174,182,0,-8,"ARITHMETIC"
2,9,140,184,"Direct product",FALSE,FALSE,10,14,184,192,0,-8,"ARITHMETIC"
2,9,160,196,"Direct product",FALSE,FALSE,10,16,190,198,6,-2,"ARITH_OPEN"
2,9,220,205,"Direct product",FALSE,FALSE,10,22,198,206,7,-1,"ARITH_OPEN"
2,9,250,216,"Direct product",FALSE,FALSE,10,25,216,224,0,-8,"ARITHMETIC"
2,9,260,217,"Direct product",FALSE,FALSE,10,26,217,225,0,-8,"ARITHMETIC"
2,9,300,223,"Direct product",FALSE,FALSE,10,30,220,228,3,-5,"ARITH_OPEN"
2,9,1000,238,"Direct product",FALSE,FALSE,10,100,232,240,6,-2,"ARITH_OPEN"
2,9,1092,242,"Direct product",FALSE,FALSE,10,110,246,254,-4,-12,"ARITH_OPEN"
2,9,1287,254,"Direct product",FALSE,FALSE,10,129,249,257,5,-3,"ARITH_OPEN"
2,9,1300,255,"Direct product",FALSE,FALSE,10,130,254,262,1,-7,"ARITH_OPEN"
2,9,1386,256,"Direct product",FALSE,FALSE,10,139,256,264,0,-8,"ARITHMETIC"
2,9,1400,258,"Direct product",FALSE,FALSE,10,140,256,264,2,-6,"ARITH_OPEN"
2,9,2200,283,"Direct product",FALSE,FALSE,10,220,277,285,6,-2,"ARITH_OPEN"
2,9,2376,287,"Direct product",FALSE,FALSE,22,108,287,295,0,-8,"ARITHMETIC"
2,9,2475,288,"Direct product",FALSE,FALSE,10,248,288,296,0,-8,"ARITHMETIC"
2,9,2574,289,"Direct product",FALSE,FALSE,10,258,289,297,0,-8,"ARITHMETIC"
2,9,2970,295,"Direct product",FALSE,FALSE,10,297,292,300,3,-5,"ARITH_OPEN"
2,9,12753,326,"Direct product",FALSE,FALSE,10,1276,321,329,5,-3,"ARITH_OPEN"
2,9,12870,327,"Direct product",FALSE,FALSE,10,1287,326,334,1,-7,"ARITH_OPEN"
2,9,13734,328,"Direct product",FALSE,FALSE,10,1374,328,336,0,-8,"ARITHMETIC"
2,9,13860,330,"Direct product",FALSE,FALSE,10,1386,328,336,2,-6,"ARITH_OPEN"
2,10,49,200,"Direct product generalized",TRUE,FALSE,6,9,205,214,-5,-14,"ARITH_OPEN"
2,10,84,211,"Direct product",FALSE,FALSE,7,12,217,226,-6,-15,"ARITH_OPEN"
2,10,96,212,"Direct product generalized",TRUE,FALSE,8,12,218,227,-6,-15,"ARITH_OPEN"
2,10,108,213,"Direct product generalized",TRUE,FALSE,9,12,219,228,-6,-15,"ARITH_OPEN"
2,10,109,215,"Direct product generalized",TRUE,FALSE,10,11,221,230,-6,-15,"ARITH_OPEN"
2,10,121,216,"Direct product generalized",TRUE,FALSE,11,11,222,231,-6,-15,"ARITH_OPEN"
2,10,144,218,"Direct product",FALSE,FALSE,12,12,222,231,-4,-13,"ARITH_OPEN"
2,10,170,230,"Direct product generalized",TRUE,FALSE,13,14,237,246,-7,-16,"ARITH_OPEN"
2,10,171,235,"Direct product generalized",TRUE,FALSE,13,14,237,246,-2,-11,"ARITH_OPEN"
2,10,173,236,"Direct product generalized",TRUE,FALSE,13,14,237,246,-1,-10,"ARITH_OPEN"
2,10,182,237,"Direct product",FALSE,FALSE,13,14,237,246,0,-9,"ARITHMETIC"
2,10,204,250,"Direct product",FALSE,FALSE,14,15,253,262,-3,-12,"ARITH_OPEN"
2,10,205,252,"Direct product generalized",TRUE,FALSE,14,15,253,262,-1,-10,"ARITH_OPEN"
2,10,222,259,"Direct product generalized",TRUE,FALSE,13,18,260,269,-1,-10,"ARITH_OPEN"
2,10,234,260,"Direct product",FALSE,FALSE,13,18,260,269,0,-9,"ARITHMETIC"
2,10,240,263,"Direct product",FALSE,FALSE,12,20,261,270,2,-7,"ARITH_OPEN"
2,10,260,265,"Direct product",FALSE,FALSE,13,20,265,274,0,-9,"ARITHMETIC"
2,10,286,276,"Direct product",FALSE,FALSE,13,22,276,285,0,-9,"ARITHMETIC"
2,10,299,281,"Direct product",FALSE,FALSE,13,23,281,290,0,-9,"ARITHMETIC"
2,10,302,284,"Direct product generalized",TRUE,FALSE,14,22,283,292,1,-8,"ARITH_OPEN"
2,10,312,285,"Direct product generalized",TRUE,FALSE,13,24,288,297,-3,-12,"ARITH_OPEN"
2,10,325,288,"Direct product",FALSE,FALSE,13,25,288,297,0,-9,"ARITHMETIC"
2,10,333,290,"Direct product generalized",TRUE,FALSE,5,67,294,303,-4,-13,"ARITH_OPEN"
2,10,388,291,"Direct product generalized",TRUE,FALSE,6,65,294,303,-3,-12,"ARITH_OPEN"
2,10,432,292,"Direct product",FALSE,FALSE,6,72,296,305,-4,-13,"ARITH_OPEN"
2,10,438,296,"Direct product",FALSE,FALSE,6,73,296,305,0,-9,"ARITHMETIC"
2,10,444,297,"Direct product",FALSE,FALSE,6,74,297,306,0,-9,"ARITHMETIC"
2,10,468,298,"Direct product",FALSE,FALSE,6,78,298,307,0,-9,"ARITHMETIC"
2,10,478,299,"Direct product generalized",TRUE,FALSE,6,80,303,312,-4,-13,"ARITH_OPEN"
2,10,588,300,"Direct product",FALSE,FALSE,6,98,305,314,-5,-14,"ARITH_OPEN"
2,10,604,301,"Direct product generalized",TRUE,FALSE,6,101,305,314,-4,-13,"ARITH_OPEN"
2,10,782,302,"Direct product generalized",TRUE,FALSE,12,66,308,317,-6,-15,"ARITH_OPEN"
2,10,807,303,"Direct product generalized",TRUE,FALSE,12,68,308,317,-5,-14,"ARITH_OPEN"
2,10,858,304,"Direct product generalized",TRUE,FALSE,6,143,310,319,-6,-15,"ARITH_OPEN"
2,10,864,305,"Direct product",FALSE,FALSE,6,144,310,319,-5,-14,"ARITH_OPEN"
2,10,866,306,"Direct product generalized",TRUE,FALSE,12,73,310,319,-4,-13,"ARITH_OPEN"
2,10,888,307,"Direct product",FALSE,FALSE,6,148,311,320,-4,-13,"ARITH_OPEN"
2,10,936,309,"Direct product",FALSE,FALSE,6,156,312,321,-3,-12,"ARITH_OPEN"
2,10,939,310,"Direct product generalized",TRUE,FALSE,6,157,312,321,-2,-11,"ARITH_OPEN"
2,10,1001,311,"Direct product generalized",TRUE,FALSE,6,167,312,321,-1,-10,"ARITH_OPEN"
2,10,1144,312,"Direct product generalized",TRUE,FALSE,12,96,318,327,-6,-15,"ARITH_OPEN"
2,10,1287,313,"Direct product generalized",TRUE,FALSE,12,108,319,328,-6,-15,"ARITH_OPEN"
2,10,1309,315,"Direct product generalized",TRUE,FALSE,8,164,322,331,-7,-16,"ARITH_OPEN"
2,10,1452,316,"Direct product generalized",TRUE,FALSE,12,121,322,331,-6,-15,"ARITH_OPEN"
2,10,1595,317,"Direct product generalized",TRUE,FALSE,12,133,323,332,-6,-15,"ARITH_OPEN"
2,10,1725,318,"Direct product generalized",TRUE,FALSE,12,144,324,333,-6,-15,"ARITH_OPEN"
2,10,1829,319,"Direct product generalized",TRUE,FALSE,12,153,325,334,-6,-15,"ARITH_OPEN"
2,10,1887,320,"Direct product generalized",TRUE,FALSE,12,158,326,335,-6,-15,"ARITH_OPEN"
2,10,1920,321,"Direct product",FALSE,FALSE,12,160,326,335,-5,-14,"ARITH_OPEN"
2,10,2028,328,"Direct product",FALSE,FALSE,12,169,327,336,1,-8,"ARITH_OPEN"
2,10,2366,344,"Direct product",FALSE,FALSE,14,169,338,347,6,-3,"ARITH_OPEN"
2,10,2535,353,"Direct product",FALSE,FALSE,15,169,347,356,6,-3,"ARITH_OPEN"
2,10,3380,371,"Direct product",FALSE,FALSE,20,169,366,375,5,-4,"ARITH_OPEN"
2,10,3912,386,"Direct product generalized",TRUE,FALSE,24,163,388,397,-2,-11,"ARITH_OPEN"
2,10,3943,388,"Direct product generalized",TRUE,FALSE,24,165,388,397,0,-9,"ARITH_INFERRED"
2,10,4664,391,"Direct product generalized",TRUE,FALSE,6,778,394,403,-3,-12,"ARITH_OPEN"
2,10,5148,392,"Direct product generalized",TRUE,FALSE,6,858,396,405,-4,-13,"ARITH_OPEN"
2,10,5180,397,"Direct product",FALSE,FALSE,6,864,397,406,0,-9,"ARITHMETIC"
2,10,5460,398,"Direct product",FALSE,FALSE,70,78,398,407,0,-9,"ARITHMETIC"
2,10,5797,399,"Direct product generalized",TRUE,FALSE,35,166,401,410,-2,-11,"ARITH_OPEN"
2,10,7044,400,"Direct product",FALSE,FALSE,6,1174,405,414,-5,-14,"ARITH_OPEN"
2,10,7359,401,"Direct product generalized",TRUE,FALSE,6,1227,405,414,-4,-13,"ARITH_OPEN"
2,10,9393,402,"Direct product generalized",TRUE,FALSE,6,1566,409,418,-7,-16,"ARITH_OPEN"
2,10,9647,403,"Direct product generalized",TRUE,FALSE,12,804,409,418,-6,-15,"ARITH_OPEN"
2,10,10054,404,"Direct product generalized",TRUE,FALSE,6,1676,410,419,-6,-15,"ARITH_OPEN"
2,10,10296,405,"Direct product generalized",TRUE,FALSE,6,1716,410,419,-5,-14,"ARITH_OPEN"
2,10,10340,406,"Direct product generalized",TRUE,FALSE,6,1724,410,419,-4,-13,"ARITH_OPEN"
2,10,10582,407,"Direct product generalized",TRUE,FALSE,6,1764,411,420,-4,-13,"ARITH_OPEN"
2,10,10670,408,"Direct product generalized",TRUE,FALSE,6,1779,411,420,-3,-12,"ARITH_OPEN"
2,10,11154,409,"Direct product generalized",TRUE,FALSE,6,1859,412,421,-3,-12,"ARITH_OPEN"
2,10,11220,410,"Direct product generalized",TRUE,FALSE,6,1870,412,421,-2,-11,"ARITH_OPEN"
2,10,11605,411,"Direct product generalized",TRUE,FALSE,70,166,412,421,-1,-10,"ARITH_OPEN"
2,10,11968,412,"Direct product generalized",TRUE,FALSE,72,167,414,423,-2,-11,"ARITH_OPEN"
2,10,13541,413,"Direct product generalized",TRUE,FALSE,12,1129,418,427,-5,-14,"ARITH_OPEN"
2,10,14894,414,"Direct product generalized",TRUE,FALSE,12,1242,419,428,-5,-14,"ARITH_OPEN"
2,10,15301,415,"Direct product generalized",TRUE,FALSE,12,1276,419,428,-4,-13,"ARITH_OPEN"
2,10,17160,416,"Direct product generalized",TRUE,FALSE,12,1430,422,431,-6,-15,"ARITH_OPEN"
2,10,18997,417,"Direct product generalized",TRUE,FALSE,12,1584,423,432,-6,-15,"ARITH_OPEN"
2,10,20000,418,"Direct product generalized",TRUE,FALSE,12,1667,424,433,-6,-15,"ARITH_OPEN"
2,11,144,240,"Direct product",FALSE,FALSE,12,12,231,241,9,-1,"ARITH_OPEN"
2,11,154,252,"Direct product",FALSE,FALSE,12,13,263,273,-11,-21,"ARITH_OPEN"
2,11,155,261,"Direct product generalized",TRUE,FALSE,12,13,263,273,-2,-12,"ARITH_OPEN"
2,11,168,262,"Direct product",FALSE,FALSE,12,14,265,275,-3,-13,"ARITH_OPEN"
2,11,324,331,"Direct product",FALSE,FALSE,12,27,328,338,3,-7,"ARITH_OPEN"
2,11,336,332,"Direct product",FALSE,FALSE,12,28,331,341,1,-9,"ARITH_OPEN"
2,11,348,334,"Direct product",FALSE,FALSE,12,29,334,344,0,-10,"ARITHMETIC"
2,11,360,335,"Direct product",FALSE,FALSE,12,30,335,345,0,-10,"ARITHMETIC"
2,11,396,338,"Direct product",FALSE,FALSE,12,33,337,347,1,-9,"ARITH_OPEN"
2,11,1728,359,"Direct product",FALSE,FALSE,12,144,350,360,9,-1,"ARITH_OPEN"
2,11,1848,362,"Direct product",FALSE,FALSE,12,154,362,372,0,-10,"ARITHMETIC"
2,11,1859,371,"Direct product generalized",TRUE,FALSE,12,155,371,381,0,-10,"ARITH_INFERRED"
2,11,2002,372,"Direct product",FALSE,FALSE,12,167,372,382,0,-10,"ARITHMETIC"
2,11,2013,374,"Direct product generalized",TRUE,FALSE,12,168,372,382,2,-8,"ARITH_OPEN"
2,11,2145,380,"Direct product",FALSE,FALSE,15,143,378,388,2,-8,"ARITH_OPEN"
2,11,2288,382,"Direct product",FALSE,FALSE,12,191,381,391,1,-9,"ARITH_OPEN"
2,11,2304,388,"Direct product",FALSE,FALSE,12,192,382,392,6,-4,"ARITH_OPEN"
2,11,2427,395,"Direct product generalized",TRUE,FALSE,12,203,391,401,4,-6,"ARITH_OPEN"
2,11,2717,404,"Direct product",FALSE,FALSE,19,143,398,408,6,-4,"ARITH_OPEN"
2,11,3861,441,"Direct product",FALSE,FALSE,27,143,438,448,3,-7,"ARITH_OPEN"
2,11,4004,442,"Direct product",FALSE,FALSE,28,143,441,451,1,-9,"ARITH_OPEN"
2,11,4147,444,"Direct product",FALSE,FALSE,12,346,444,454,0,-10,"ARITHMETIC"
2,11,4290,445,"Direct product",FALSE,FALSE,12,358,445,455,0,-10,"ARITHMETIC"
2,11,4719,448,"Direct product",FALSE,FALSE,33,143,447,457,1,-9,"ARITH_OPEN"
2,12,49,276,"Direct product",FALSE,FALSE,7,7,276,287,0,-11,"ARITHMETIC"
2,12,98,290,"Direct product generalized",TRUE,FALSE,7,14,297,308,-7,-18,"ARITH_OPEN"
2,12,126,303,"Direct product generalized",TRUE,FALSE,9,14,312,323,-9,-20,"ARITH_OPEN"
2,12,140,304,"Direct product generalized",TRUE,FALSE,10,14,313,324,-9,-20,"ARITH_OPEN"
2,12,154,306,"Direct product generalized",TRUE,FALSE,11,14,315,326,-9,-20,"ARITH_OPEN"
2,12,155,307,"Direct product generalized",TRUE,FALSE,12,13,316,327,-9,-20,"ARITH_OPEN"
2,12,169,308,"Direct product generalized",TRUE,FALSE,13,13,316,327,-8,-19,"ARITH_OPEN"
2,12,183,309,"Direct product generalized",TRUE,FALSE,14,14,318,329,-9,-20,"ARITH_OPEN"
2,12,196,310,"Direct product",FALSE,FALSE,14,14,318,329,-8,-19,"ARITH_OPEN"
2,12,197,311,"Direct product generalized",TRUE,FALSE,14,15,321,332,-10,-21,"ARITH_OPEN"
2,12,211,312,"Direct product generalized",TRUE,FALSE,15,15,324,335,-12,-23,"ARITH_OPEN"
2,12,225,323,"Direct product postop TJ-SA",FALSE,TRUE,15,15,324,335,-1,-12,"ARITH_BOUND_ONLY"
2,12,226,324,"Direct product generalized",TRUE,FALSE,14,17,341,352,-17,-28,"ARITH_OPEN"
2,12,227,331,"Direct product generalized",TRUE,FALSE,14,17,341,352,-10,-21,"ARITH_OPEN"
2,12,229,332,"Direct product generalized",TRUE,FALSE,14,17,341,352,-9,-20,"ARITH_OPEN"
2,12,241,343,"Direct product generalized",TRUE,FALSE,15,17,344,355,-1,-12,"ARITH_OPEN"
2,12,255,344,"Direct product",FALSE,FALSE,15,17,344,355,0,-11,"ARITHMETIC"
2,12,294,372,"Direct product",FALSE,FALSE,17,18,375,386,-3,-14,"ARITH_OPEN"
2,12,295,373,"Direct product generalized",TRUE,FALSE,17,18,375,386,-2,-13,"ARITH_OPEN"
2,12,308,381,"Direct product",FALSE,FALSE,14,22,380,391,1,-10,"ARITH_OPEN"
2,12,330,383,"Direct product",FALSE,FALSE,15,22,383,394,0,-11,"ARITHMETIC"
2,12,336,386,"Direct product",FALSE,FALSE,14,24,385,396,1,-10,"ARITH_OPEN"
2,12,360,388,"Direct product",FALSE,FALSE,15,24,388,399,0,-11,"ARITHMETIC"
2,12,375,398,"Direct product",FALSE,FALSE,14,27,398,409,0,-11,"ARITHMETIC"
2,12,378,399,"Direct product",FALSE,FALSE,14,27,398,409,1,-10,"ARITH_OPEN"
2,12,405,401,"Direct product",FALSE,FALSE,15,27,401,412,0,-11,"ARITHMETIC"
2,12,420,410,"Direct product",FALSE,FALSE,15,28,410,421,0,-11,"ARITHMETIC"
2,12,429,411,"Direct product generalized",TRUE,FALSE,15,29,418,429,-7,-18,"ARITH_OPEN"
2,12,431,416,"Direct product generalized",TRUE,FALSE,15,29,418,429,-2,-13,"ARITH_OPEN"
2,12,435,418,"Direct product",FALSE,FALSE,15,29,418,429,0,-11,"ARITHMETIC"
2,12,658,420,"Direct product",FALSE,FALSE,7,94,421,432,-1,-12,"ARITH_OPEN"
2,12,665,421,"Direct product",FALSE,FALSE,7,95,421,432,0,-11,"ARITHMETIC"
2,12,679,422,"Direct product",FALSE,FALSE,7,97,422,433,0,-11,"ARITHMETIC"
2,12,714,423,"Direct product",FALSE,FALSE,7,102,423,434,0,-11,"ARITHMETIC"
2,12,721,424,"Direct product",FALSE,FALSE,7,103,424,435,0,-11,"ARITHMETIC"
2,12,728,426,"Direct product",FALSE,FALSE,7,104,426,437,0,-11,"ARITHMETIC"
2,12,735,428,"Direct product",FALSE,FALSE,7,105,428,439,0,-11,"ARITHMETIC"
2,12,1260,432,"Direct product",FALSE,FALSE,7,180,441,452,-9,-20,"ARITH_OPEN"
2,12,1365,434,"Direct product generalized",TRUE,FALSE,7,195,442,453,-8,-19,"ARITH_OPEN"
2,12,1429,438,"Direct product generalized",TRUE,FALSE,7,205,444,455,-6,-17,"ARITH_OPEN"
2,12,1442,439,"Direct product",FALSE,FALSE,7,206,444,455,-5,-16,"ARITH_OPEN"
2,12,1443,440,"Direct product generalized",TRUE,FALSE,7,207,444,455,-4,-15,"ARITH_OPEN"
2,12,1457,441,"Direct product generalized",TRUE,FALSE,7,209,444,455,-3,-14,"ARITH_OPEN"
2,12,1470,443,"Direct product",FALSE,FALSE,7,210,444,455,-1,-12,"ARITH_OPEN"
2,12,1501,444,"Direct product generalized",TRUE,FALSE,15,101,447,458,-3,-14,"ARITH_OPEN"
2,12,1755,447,"Direct product generalized",TRUE,FALSE,13,135,456,467,-9,-20,"ARITH_OPEN"
2,12,1950,448,"Direct product generalized",TRUE,FALSE,14,140,457,468,-9,-20,"ARITH_OPEN"
2,12,2145,450,"Direct product generalized",TRUE,FALSE,14,154,459,470,-9,-20,"ARITH_OPEN"
2,12,2171,451,"Direct product generalized",TRUE,FALSE,13,167,460,471,-9,-20,"ARITH_OPEN"
2,12,2366,452,"Direct product generalized",TRUE,FALSE,13,182,461,472,-9,-20,"ARITH_OPEN"
2,12,2561,453,"Direct product generalized",TRUE,FALSE,14,183,462,473,-9,-20,"ARITH_OPEN"
2,12,2730,454,"Direct product",FALSE,FALSE,14,195,463,474,-9,-20,"ARITH_OPEN"
2,12,2756,455,"Direct product generalized",TRUE,FALSE,14,197,464,475,-9,-20,"ARITH_OPEN"
2,12,2954,456,"Direct product",FALSE,FALSE,14,211,465,476,-9,-20,"ARITH_OPEN"
2,12,2955,465,"Direct product generalized",TRUE,FALSE,15,197,467,478,-2,-13,"ARITH_OPEN"
2,12,3021,466,"Direct product generalized",TRUE,FALSE,15,202,468,479,-2,-13,"ARITH_OPEN"
2,12,3175,467,"Direct product generalized",TRUE,FALSE,15,212,476,487,-9,-20,"ARITH_OPEN"
2,12,3209,468,"Direct product generalized",TRUE,FALSE,15,214,476,487,-8,-19,"ARITH_OPEN"
2,12,3223,475,"Direct product generalized",TRUE,FALSE,15,215,476,487,-1,-12,"ARITH_OPEN"
2,12,3360,476,"Direct product",FALSE,FALSE,15,224,476,487,0,-11,"ARITHMETIC"
2,12,3397,479,"Direct product generalized",TRUE,FALSE,15,227,487,498,-8,-19,"ARITH_OPEN"
2,12,3409,480,"Direct product generalized",TRUE,FALSE,15,228,488,499,-8,-19,"ARITH_OPEN"
2,12,3410,486,"Direct product generalized",TRUE,FALSE,15,228,488,499,-2,-13,"ARITH_OPEN"
2,12,3452,487,"Direct product generalized",TRUE,FALSE,17,204,488,499,-1,-12,"ARITH_OPEN"
2,12,3587,488,"Direct product",FALSE,FALSE,17,211,488,499,0,-11,"ARITHMETIC"
2,12,3841,499,"Direct product generalized",TRUE,FALSE,17,226,500,511,-1,-12,"ARITH_OPEN"
2,12,3885,500,"Direct product generalized",TRUE,FALSE,18,216,507,518,-7,-18,"ARITH_OPEN"
2,12,3893,504,"Direct product generalized",TRUE,FALSE,18,217,507,518,-3,-14,"ARITH_OPEN"
2,12,3895,505,"Direct product generalized",TRUE,FALSE,18,217,507,518,-2,-13,"ARITH_OPEN"
2,12,4066,510,"Direct product generalized",TRUE,FALSE,18,226,511,522,-1,-12,"ARITH_OPEN"
2,12,4110,511,"Direct product generalized",TRUE,FALSE,19,217,518,529,-7,-18,"ARITH_OPEN"
2,12,4115,513,"Direct product generalized",TRUE,FALSE,19,217,518,529,-5,-16,"ARITH_OPEN"
2,12,4116,514,"Direct product generalized",TRUE,FALSE,19,217,518,529,-4,-15,"ARITH_OPEN"
2,12,4140,515,"Direct product generalized",TRUE,FALSE,19,218,518,529,-3,-14,"ARITH_OPEN"
2,12,4156,516,"Direct product generalized",TRUE,FALSE,19,219,518,529,-2,-13,"ARITH_OPEN"
2,12,4160,517,"Direct product generalized",TRUE,FALSE,19,219,518,529,-1,-12,"ARITH_OPEN"
2,12,4380,522,"Direct product generalized",TRUE,FALSE,21,209,527,538,-5,-16,"ARITH_OPEN"
2,12,4390,525,"Direct product generalized",TRUE,FALSE,21,210,527,538,-2,-13,"ARITH_OPEN"
2,12,4392,526,"Direct product generalized",TRUE,FALSE,21,210,527,538,-1,-12,"ARITH_OPEN"
2,12,4680,529,"Direct product generalized",TRUE,FALSE,24,195,530,541,-1,-12,"ARITH_OPEN"
2,12,4689,531,"Direct product generalized",TRUE,FALSE,24,196,530,541,1,-10,"ARITH_OPEN"
2,12,5085,539,"Direct product generalized",TRUE,FALSE,23,222,540,551,-1,-12,"ARITH_OPEN"
2,12,5403,543,"Direct product generalized",TRUE,FALSE,24,226,544,555,-1,-12,"ARITH_OPEN"
2,12,5490,544,"Direct product generalized",TRUE,FALSE,27,204,545,556,-1,-12,"ARITH_OPEN"
2,12,5783,552,"Direct product generalized",TRUE,FALSE,26,223,553,564,-1,-12,"ARITH_OPEN"
2,12,5993,554,"Direct product generalized",TRUE,FALSE,27,222,553,564,1,-10,"ARITH_OPEN"
2,12,6005,555,"Direct product generalized",TRUE,FALSE,27,223,553,564,2,-9,"ARITH_OPEN"
2,12,6075,556,"Direct product generalized",TRUE,FALSE,27,225,556,567,0,-11,"ARITH_INFERRED"
2,12,6372,557,"Direct product generalized",TRUE,FALSE,6,1062,564,575,-7,-18,"ARITH_OPEN"
2,12,6400,558,"Direct product generalized",TRUE,FALSE,6,1067,564,575,-6,-17,"ARITH_OPEN"
2,12,6407,559,"Direct product generalized",TRUE,FALSE,6,1068,564,575,-5,-16,"ARITH_OPEN"
2,12,6414,561,"Direct product generalized",TRUE,FALSE,6,1069,564,575,-3,-14,"ARITH_OPEN"
2,12,6451,562,"Direct product generalized",TRUE,FALSE,6,1076,564,575,-2,-13,"ARITH_OPEN"
2,12,9165,564,"Direct product generalized",TRUE,FALSE,7,1310,566,577,-2,-13,"ARITH_OPEN"
2,12,9217,566,"Direct product generalized",TRUE,FALSE,7,1317,566,577,0,-11,"ARITH_INFERRED"
2,12,9555,567,"Direct product generalized",TRUE,FALSE,7,1365,566,577,1,-10,"ARITH_OPEN"
2,12,9690,568,"Direct product",FALSE,FALSE,95,102,568,579,0,-11,"ARITHMETIC"
2,12,9894,569,"Direct product",FALSE,FALSE,97,102,569,580,0,-11,"ARITHMETIC"
2,12,10404,570,"Direct product",FALSE,FALSE,102,102,570,581,0,-11,"ARITHMETIC"
2,12,10506,571,"Direct product",FALSE,FALSE,102,103,571,582,0,-11,"ARITHMETIC"
2,12,10609,572,"Direct product",FALSE,FALSE,103,103,572,583,0,-11,"ARITHMETIC"
2,12,10712,574,"Direct product",FALSE,FALSE,103,104,574,585,0,-11,"ARITHMETIC"
2,12,17556,576,"Direct product",FALSE,FALSE,7,2508,585,596,-9,-20,"ARITH_OPEN"
2,12,17680,578,"Direct product generalized",TRUE,FALSE,7,2526,585,596,-7,-18,"ARITH_OPEN"
2,12,18525,579,"Direct product generalized",TRUE,FALSE,7,2647,586,597,-7,-18,"ARITH_OPEN"
2,12,18577,580,"Direct product generalized",TRUE,FALSE,7,2654,586,597,-6,-17,"ARITH_OPEN"
2,12,19045,581,"Direct product generalized",TRUE,FALSE,7,2721,586,597,-5,-16,"ARITH_OPEN"
2,12,19916,582,"Direct product generalized",TRUE,FALSE,7,2846,588,599,-6,-17,"ARITH_OPEN"
2,12,20000,583,"Direct product generalized",TRUE,FALSE,7,2858,588,599,-5,-16,"ARITH_OPEN"
2,13,196,336,"Direct product",FALSE,FALSE,14,14,325,337,11,-1,"ARITH_OPEN"
2,13,221,362,"Direct product",FALSE,FALSE,13,17,373,385,-11,-23,"ARITH_OPEN"
2,13,252,384,"Direct product",FALSE,FALSE,14,18,373,385,11,-1,"ARITH_OPEN"
2,13,266,395,"Direct product",FALSE,FALSE,14,19,385,397,10,-2,"ARITH_OPEN"
2,13,280,398,"Direct product",FALSE,FALSE,14,20,397,409,1,-11,"ARITH_OPEN"
2,13,282,403,"Direct product generalized",TRUE,FALSE,14,21,409,421,-6,-18,"ARITH_OPEN"
2,13,298,412,"Direct product generalized",TRUE,FALSE,14,22,418,430,-6,-18,"ARITH_OPEN"
2,13,304,415,"Direct product generalized",TRUE,FALSE,14,22,418,430,-3,-15,"ARITH_OPEN"
2,13,308,418,"Direct product",FALSE,FALSE,14,22,418,430,0,-12,"ARITHMETIC"
2,13,416,457,"Direct product",FALSE,FALSE,14,30,455,467,2,-10,"ARITH_OPEN"
2,13,2744,502,"Direct product",FALSE,FALSE,14,196,492,504,10,-2,"ARITH_OPEN"
2,13,3111,518,"Direct product",FALSE,FALSE,13,240,529,541,-11,-23,"ARITH_OPEN"
2,13,3705,551,"Direct product",FALSE,FALSE,14,265,541,553,10,-2,"ARITH_OPEN"
2,13,3900,554,"Direct product",FALSE,FALSE,14,279,553,565,1,-11,"ARITH_OPEN"
2,13,3901,557,"Direct product generalized",TRUE,FALSE,14,279,553,565,4,-8,"ARITH_OPEN"
2,13,3965,559,"Direct product generalized",TRUE,FALSE,14,284,565,577,-6,-18,"ARITH_OPEN"
2,13,3974,561,"Direct product generalized",TRUE,FALSE,14,284,565,577,-4,-16,"ARITH_OPEN"
2,13,4207,569,"Direct product generalized",TRUE,FALSE,14,301,571,583,-2,-14,"ARITH_OPEN"
2,13,4232,570,"Direct product generalized",TRUE,FALSE,14,303,571,583,-1,-13,"ARITH_OPEN"
2,13,4296,571,"Direct product generalized",TRUE,FALSE,14,307,574,586,-3,-15,"ARITH_OPEN"
2,13,4299,572,"Direct product generalized",TRUE,FALSE,14,308,574,586,-2,-14,"ARITH_OPEN"
2,13,4311,574,"Direct product generalized",TRUE,FALSE,14,308,574,586,0,-12,"ARITH_INFERRED"
2,13,20000,637,"Direct product",FALSE,FALSE,8,2500,637,649,0,-12,"ARITHMETIC"
2,14,102,405,"Direct product",FALSE,FALSE,8,13,417,430,-12,-25,"ARITH_OPEN"
2,14,103,415,"Direct product generalized",TRUE,FALSE,8,13,417,430,-2,-15,"ARITH_OPEN"
2,14,119,416,"Direct product",FALSE,FALSE,10,12,420,433,-4,-17,"ARITH_OPEN"
2,14,144,420,"Direct product",FALSE,FALSE,12,12,420,433,0,-13,"ARITHMETIC"
2,14,156,421,"Direct product",FALSE,FALSE,12,13,421,434,0,-13,"ARITHMETIC"
2,14,169,422,"Direct product",FALSE,FALSE,13,13,422,435,0,-13,"ARITHMETIC"
2,14,170,426,"Direct product",FALSE,FALSE,13,14,427,440,-1,-14,"ARITH_OPEN"
2,14,204,427,"Direct product",FALSE,FALSE,12,17,446,459,-19,-32,"ARITH_OPEN"
2,14,221,428,"Direct product",FALSE,FALSE,13,17,447,460,-19,-32,"ARITH_OPEN"
2,14,234,441,"Direct product",FALSE,FALSE,13,18,451,464,-10,-23,"ARITH_OPEN"
2,14,238,443,"Direct product",FALSE,FALSE,13,19,452,465,-9,-22,"ARITH_OPEN"
2,14,247,452,"Direct product",FALSE,FALSE,13,19,452,465,0,-13,"ARITHMETIC"
2,14,272,453,"Direct product",FALSE,FALSE,16,17,471,484,-18,-31,"ARITH_OPEN"
2,14,289,454,"Direct product",FALSE,FALSE,17,17,472,485,-18,-31,"ARITH_OPEN"
2,14,290,456,"Direct product generalized",TRUE,FALSE,16,19,476,489,-20,-33,"ARITH_OPEN"
2,14,306,457,"Direct product",FALSE,FALSE,17,18,476,489,-19,-32,"ARITH_OPEN"
2,14,307,459,"Direct product generalized",TRUE,FALSE,17,19,477,490,-18,-31,"ARITH_OPEN"
2,14,323,460,"Direct product",FALSE,FALSE,17,19,477,490,-17,-30,"ARITH_OPEN"
2,14,324,470,"Direct product",FALSE,FALSE,18,18,480,493,-10,-23,"ARITH_OPEN"
2,14,327,472,"Direct product generalized",TRUE,FALSE,18,19,481,494,-9,-22,"ARITH_OPEN"
2,14,342,473,"Direct product",FALSE,FALSE,18,19,481,494,-8,-21,"ARITH_OPEN"
2,14,361,485,"Direct product",FALSE,FALSE,19,19,482,495,3,-10,"ARITH_OPEN"
2,14,369,487,"Direct product generalized",TRUE,FALSE,19,20,506,519,-19,-32,"ARITH_OPEN"
2,14,371,489,"Direct product generalized",TRUE,FALSE,19,20,506,519,-17,-30,"ARITH_OPEN"
2,14,375,496,"Direct product generalized",TRUE,FALSE,19,20,506,519,-10,-23,"ARITH_OPEN"
2,14,378,498,"Direct product",FALSE,FALSE,19,20,506,519,-8,-21,"ARITH_OPEN"
2,14,379,500,"Direct product generalized",TRUE,FALSE,19,20,506,519,-6,-19,"ARITH_OPEN"
2,14,380,501,"Direct product generalized",TRUE,FALSE,19,20,506,519,-5,-18,"ARITH_OPEN"
2,14,390,503,"Direct product generalized",TRUE,FALSE,19,21,508,521,-5,-18,"ARITH_OPEN"
2,14,399,510,"Direct product",FALSE,FALSE,19,21,508,521,2,-11,"ARITH_OPEN"
2,14,407,512,"Direct product generalized",TRUE,FALSE,19,22,521,534,-9,-22,"ARITH_OPEN"
2,14,419,514,"Direct product generalized",TRUE,FALSE,20,21,532,545,-18,-31,"ARITH_OPEN"
2,14,425,517,"Direct product generalized",TRUE,FALSE,19,23,534,547,-17,-30,"ARITH_OPEN"
2,14,436,524,"Direct product generalized",TRUE,FALSE,19,23,534,547,-10,-23,"ARITH_OPEN"
2,14,439,532,"Direct product generalized",TRUE,FALSE,21,21,534,547,-2,-15,"ARITH_OPEN"
2,14,445,536,"Direct product generalized",TRUE,FALSE,19,24,540,553,-4,-17,"ARITH_OPEN"
2,14,457,538,"Direct product generalized",TRUE,FALSE,21,22,547,560,-9,-22,"ARITH_OPEN"
2,14,467,539,"Direct product generalized",TRUE,FALSE,19,25,556,569,-17,-30,"ARITH_OPEN"
2,14,471,542,"Direct product generalized",TRUE,FALSE,19,25,556,569,-14,-27,"ARITH_OPEN"
2,14,475,546,"Direct product generalized",TRUE,FALSE,19,25,556,569,-10,-23,"ARITH_OPEN"
2,14,481,549,"Direct product generalized",TRUE,FALSE,17,29,559,572,-10,-23,"ARITH_OPEN"
2,14,510,551,"Direct product",FALSE,FALSE,17,30,559,572,-8,-21,"ARITH_OPEN"
2,14,511,561,"Direct product generalized",TRUE,FALSE,18,29,563,576,-2,-15,"ARITH_OPEN"
2,14,527,562,"Direct product",FALSE,FALSE,18,30,563,576,-1,-14,"ARITH_OPEN"
2,14,561,563,"Direct product",FALSE,FALSE,19,30,564,577,-1,-14,"ARITH_OPEN"
2,14,570,567,"Direct product",FALSE,FALSE,19,30,564,577,3,-10,"ARITH_OPEN"
2,14,578,572,"Direct product",FALSE,FALSE,18,33,575,588,-3,-16,"ARITH_OPEN"
2,14,594,576,"Direct product",FALSE,FALSE,18,33,575,588,1,-12,"ARITH_OPEN"
2,14,627,579,"Direct product",FALSE,FALSE,19,33,576,589,3,-10,"ARITH_OPEN"
2,14,646,588,"Direct product",FALSE,FALSE,19,34,585,598,3,-10,"ARITH_OPEN"
2,14,670,592,"Direct product generalized",TRUE,FALSE,7,96,594,607,-2,-15,"ARITH_OPEN"
2,14,678,593,"Direct product generalized",TRUE,FALSE,7,97,594,607,-1,-14,"ARITH_OPEN"
2,14,714,594,"Direct product",FALSE,FALSE,7,102,594,607,0,-13,"ARITHMETIC"
2,14,716,596,"Direct product generalized",TRUE,FALSE,5,144,602,615,-6,-19,"ARITH_OPEN"
2,14,728,597,"Direct product generalized",TRUE,FALSE,6,122,602,615,-5,-18,"ARITH_OPEN"
2,14,738,599,"Direct product generalized",TRUE,FALSE,6,123,602,615,-3,-16,"ARITH_OPEN"
2,14,744,600,"Direct product generalized",TRUE,FALSE,6,124,602,615,-2,-15,"ARITH_OPEN"
2,14,850,601,"Direct product",FALSE,FALSE,6,142,602,615,-1,-14,"ARITH_OPEN"
2,14,1350,613,"Direct product generalized",TRUE,FALSE,14,97,614,627,-1,-14,"ARITH_OPEN"
2,14,1734,614,"Direct product",FALSE,FALSE,12,145,624,637,-10,-23,"ARITH_OPEN"
2,14,1872,624,"Direct product",FALSE,FALSE,12,156,624,637,0,-13,"ARITHMETIC"
2,14,2028,625,"Direct product",FALSE,FALSE,12,169,625,638,0,-13,"ARITHMETIC"
2,14,2197,626,"Direct product",FALSE,FALSE,13,169,626,639,0,-13,"ARITHMETIC"
2,14,2448,630,"Direct product",FALSE,FALSE,12,204,630,643,0,-13,"ARITHMETIC"
2,14,2652,631,"Direct product",FALSE,FALSE,12,221,631,644,0,-13,"ARITHMETIC"
2,14,2873,632,"Direct product",FALSE,FALSE,13,221,632,645,0,-13,"ARITHMETIC"
2,14,2898,635,"Direct product generalized",TRUE,FALSE,14,207,637,650,-2,-15,"ARITH_OPEN"
2,14,3298,636,"Direct product",FALSE,FALSE,14,236,652,665,-16,-29,"ARITH_OPEN"
2,14,3570,637,"Direct product",FALSE,FALSE,17,210,657,670,-20,-33,"ARITH_OPEN"
2,14,3744,638,"Direct product generalized",TRUE,FALSE,17,221,657,670,-19,-32,"ARITH_OPEN"
2,14,3791,650,"Direct product",FALSE,FALSE,13,292,661,674,-11,-24,"ARITH_OPEN"
2,14,3802,651,"Direct product generalized",TRUE,FALSE,13,293,661,674,-10,-23,"ARITH_OPEN"
2,14,3991,652,"Direct product generalized",TRUE,FALSE,19,211,662,675,-10,-23,"ARITH_OPEN"
2,14,4032,653,"Direct product generalized",TRUE,FALSE,19,213,662,675,-9,-22,"ARITH_OPEN"
2,14,4050,661,"Direct product generalized",TRUE,FALSE,19,214,662,675,-1,-14,"ARITH_OPEN"
2,14,4386,662,"Direct product",FALSE,FALSE,14,314,669,682,-7,-20,"ARITH_OPEN"
2,14,4658,663,"Direct product",FALSE,FALSE,14,333,682,695,-19,-32,"ARITH_OPEN"
2,14,4913,664,"Direct product",FALSE,FALSE,17,289,683,696,-19,-32,"ARITH_OPEN"
2,14,4930,665,"Direct product generalized",TRUE,FALSE,17,290,685,698,-20,-33,"ARITH_OPEN"
2,14,5202,666,"Direct product",FALSE,FALSE,17,306,686,699,-20,-33,"ARITH_OPEN"
2,14,5219,669,"Direct product generalized",TRUE,FALSE,17,307,688,701,-19,-32,"ARITH_OPEN"
2,14,5491,670,"Direct product",FALSE,FALSE,19,289,688,701,-18,-31,"ARITH_OPEN"
2,14,5492,678,"Direct product generalized",TRUE,FALSE,18,306,690,703,-12,-25,"ARITH_OPEN"
2,14,5508,679,"Direct product",FALSE,FALSE,18,306,690,703,-11,-24,"ARITH_OPEN"
2,14,5562,681,"Direct product generalized",TRUE,FALSE,19,293,691,704,-10,-23,"ARITH_OPEN"
2,14,5814,683,"Direct product",FALSE,FALSE,19,306,691,704,-8,-21,"ARITH_OPEN"
2,14,5871,685,"Direct product generalized",TRUE,FALSE,19,309,694,707,-9,-22,"ARITH_OPEN"
2,14,5975,693,"Direct product generalized",TRUE,FALSE,19,315,694,707,-1,-14,"ARITH_OPEN"
2,14,6273,696,"Direct product",FALSE,FALSE,19,331,707,720,-11,-24,"ARITH_OPEN"
2,14,6323,697,"Direct product generalized",TRUE,FALSE,19,333,707,720,-10,-23,"ARITH_OPEN"
2,14,6340,698,"Direct product generalized",TRUE,FALSE,19,334,707,720,-9,-22,"ARITH_OPEN"
2,14,6389,699,"Direct product generalized",TRUE,FALSE,19,337,707,720,-8,-21,"ARITH_OPEN"
2,14,6391,703,"Direct product generalized",TRUE,FALSE,19,337,707,720,-4,-17,"ARITH_OPEN"
2,14,6407,704,"Direct product generalized",TRUE,FALSE,19,338,707,720,-3,-16,"ARITH_OPEN"
2,14,6415,706,"Direct product generalized",TRUE,FALSE,19,338,707,720,-1,-14,"ARITH_OPEN"
2,14,6642,709,"Direct product",FALSE,FALSE,19,350,716,729,-7,-20,"ARITH_OPEN"
2,14,6693,710,"Direct product generalized",TRUE,FALSE,19,353,716,729,-6,-19,"ARITH_OPEN"
2,14,6705,711,"Direct product generalized",TRUE,FALSE,19,353,716,729,-5,-18,"ARITH_OPEN"
2,14,6796,712,"Direct product generalized",TRUE,FALSE,19,358,716,729,-4,-17,"ARITH_OPEN"
2,14,6798,713,"Direct product generalized",TRUE,FALSE,19,358,716,729,-3,-16,"ARITH_OPEN"
2,14,6840,719,"Direct product",FALSE,FALSE,19,360,716,729,3,-10,"ARITH_OPEN"
2,14,6855,720,"Direct product generalized",TRUE,FALSE,19,361,719,732,1,-12,"ARITH_OPEN"
2,14,7172,723,"Direct product generalized",TRUE,FALSE,19,378,732,745,-9,-22,"ARITH_OPEN"
2,14,7220,724,"Direct product generalized",TRUE,FALSE,19,380,735,748,-11,-24,"ARITH_OPEN"
2,14,7285,725,"Direct product generalized",TRUE,FALSE,19,384,737,750,-12,-25,"ARITH_OPEN"
2,14,7331,727,"Direct product generalized",TRUE,FALSE,19,386,737,750,-10,-23,"ARITH_OPEN"
2,14,7333,731,"Direct product generalized",TRUE,FALSE,19,386,737,750,-6,-19,"ARITH_OPEN"
2,14,7359,732,"Direct product generalized",TRUE,FALSE,19,388,737,750,-5,-18,"ARITH_OPEN"
2,14,7393,734,"Direct product generalized",TRUE,FALSE,19,390,737,750,-3,-16,"ARITH_OPEN"
2,14,7416,735,"Direct product generalized",TRUE,FALSE,19,391,742,755,-7,-20,"ARITH_OPEN"
2,14,7542,736,"Direct product",FALSE,FALSE,19,397,742,755,-6,-19,"ARITH_OPEN"
2,14,7656,737,"Direct product generalized",TRUE,FALSE,19,403,746,759,-9,-22,"ARITH_OPEN"
2,14,7692,738,"Direct product generalized",TRUE,FALSE,19,405,746,759,-8,-21,"ARITH_OPEN"
2,14,7769,740,"Direct product generalized",TRUE,FALSE,19,409,748,761,-8,-21,"ARITH_OPEN"
2,14,7811,746,"Direct product generalized",TRUE,FALSE,19,412,748,761,-2,-15,"ARITH_OPEN"
2,14,7829,747,"Direct product generalized",TRUE,FALSE,19,413,748,761,-1,-14,"ARITH_OPEN"
2,14,7991,749,"Direct product generalized",TRUE,FALSE,19,421,751,764,-2,-15,"ARITH_OPEN"
2,14,8219,750,"Direct product generalized",TRUE,FALSE,19,433,758,771,-8,-21,"ARITH_OPEN"
2,14,8255,751,"Direct product generalized",TRUE,FALSE,19,435,758,771,-7,-20,"ARITH_OPEN"
2,14,8277,752,"Direct product generalized",TRUE,FALSE,19,436,758,771,-6,-19,"ARITH_OPEN"
2,14,8387,753,"Direct product generalized",TRUE,FALSE,19,442,770,783,-17,-30,"ARITH_OPEN"
2,14,8393,756,"Direct product generalized",TRUE,FALSE,19,442,770,783,-14,-27,"ARITH_OPEN"
2,14,8395,760,"Direct product generalized",TRUE,FALSE,19,442,770,783,-10,-23,"ARITH_OPEN"
2,14,8422,761,"Direct product generalized",TRUE,FALSE,19,444,770,783,-9,-22,"ARITH_OPEN"
2,14,8640,762,"Direct product generalized",TRUE,FALSE,30,288,770,783,-8,-21,"ARITH_OPEN"
2,14,8665,764,"Direct product generalized",TRUE,FALSE,30,289,770,783,-6,-19,"ARITH_OPEN"
2,14,8675,765,"Direct product generalized",TRUE,FALSE,19,457,772,785,-7,-20,"ARITH_OPEN"
2,14,8777,766,"Direct product generalized",TRUE,FALSE,19,462,773,786,-7,-20,"ARITH_OPEN"
2,14,8793,768,"Direct product generalized",TRUE,FALSE,19,463,773,786,-5,-18,"ARITH_OPEN"
2,14,8799,770,"Direct product generalized",TRUE,FALSE,19,464,773,786,-3,-16,"ARITH_OPEN"
2,14,9010,772,"Direct product",FALSE,FALSE,30,301,773,786,-1,-14,"ARITH_OPEN"
2,14,9504,774,"Direct product generalized",TRUE,FALSE,30,317,776,789,-2,-15,"ARITH_OPEN"
2,14,9792,783,"Direct product generalized",TRUE,FALSE,32,306,785,798,-2,-15,"ARITH_OPEN"
2,14,10131,788,"Direct product generalized",TRUE,FALSE,33,307,787,800,1,-12,"ARITH_OPEN"
2,14,11212,801,"Direct product generalized",TRUE,FALSE,33,340,801,814,0,-13,"ARITH_INFERRED"
2,14,11404,802,"Direct product generalized",TRUE,FALSE,7,1630,803,816,-1,-14,"ARITH_OPEN"
2,14,12184,805,"Direct product generalized",TRUE,FALSE,6,2031,808,821,-3,-16,"ARITH_OPEN"
2,14,12406,806,"Direct product generalized",TRUE,FALSE,6,2068,808,821,-2,-15,"ARITH_OPEN"
2,14,12438,807,"Direct product generalized",TRUE,FALSE,6,2073,808,821,-1,-14,"ARITH_OPEN"
2,14,13634,810,"Direct product",FALSE,FALSE,12,1137,811,824,-1,-14,"ARITH_OPEN"
2,14,17244,816,"Direct product generalized",TRUE,FALSE,6,2874,817,830,-1,-14,"ARITH_OPEN"
2,14,20000,817,"Direct product",FALSE,FALSE,12,1667,817,830,0,-13,"ARITHMETIC"
2,15,102,450,"Direct product",FALSE,FALSE,6,17,462,476,-12,-26,"ARITH_OPEN"
2,15,103,451,"Direct product generalized",TRUE,FALSE,6,18,465,479,-14,-28,"ARITH_OPEN"
2,15,108,464,"Direct product",FALSE,FALSE,6,18,465,479,-1,-15,"ARITH_OPEN"
2,15,120,465,"Direct product generalized",TRUE,FALSE,7,18,482,496,-17,-31,"ARITH_OPEN"
2,15,122,471,"Direct product generalized",TRUE,FALSE,7,18,482,496,-11,-25,"ARITH_OPEN"
2,15,136,472,"Direct product generalized",TRUE,FALSE,8,17,484,498,-12,-26,"ARITH_OPEN"
2,15,137,473,"Direct product generalized",TRUE,FALSE,9,16,485,499,-12,-26,"ARITH_OPEN"
2,15,170,474,"Direct product generalized",TRUE,FALSE,10,17,486,500,-12,-26,"ARITH_OPEN"
2,15,189,475,"Direct product generalized",TRUE,FALSE,12,16,487,501,-12,-26,"ARITH_OPEN"
2,15,238,476,"Direct product generalized",TRUE,FALSE,14,17,488,502,-12,-26,"ARITH_OPEN"
2,15,272,477,"Direct product",FALSE,FALSE,16,17,489,503,-12,-26,"ARITH_OPEN"
2,15,290,479,"Direct product generalized",TRUE,FALSE,17,18,492,506,-13,-27,"ARITH_OPEN"
2,15,307,480,"Direct product generalized",TRUE,FALSE,18,18,495,509,-15,-29,"ARITH_OPEN"
2,15,324,494,"Direct product",FALSE,FALSE,18,18,495,509,-1,-15,"ARITH_OPEN"
2,15,326,495,"Direct product generalized",TRUE,FALSE,18,19,521,535,-26,-40,"ARITH_OPEN"
2,15,328,507,"Direct product generalized",TRUE,FALSE,18,19,521,535,-14,-28,"ARITH_OPEN"
2,15,342,510,"Direct product generalized",TRUE,FALSE,18,19,521,535,-11,-25,"ARITH_OPEN"
2,15,343,521,"Direct product generalized",TRUE,FALSE,18,20,525,539,-4,-18,"ARITH_OPEN"
2,15,360,522,"Direct product",FALSE,FALSE,18,20,525,539,-3,-17,"ARITH_OPEN"
2,15,364,523,"Direct product generalized",TRUE,FALSE,19,20,551,565,-28,-42,"ARITH_OPEN"
2,15,369,525,"Direct product generalized",TRUE,FALSE,19,20,551,565,-26,-40,"ARITH_OPEN"
2,15,370,526,"Direct product generalized",TRUE,FALSE,19,20,551,565,-25,-39,"ARITH_OPEN"
2,15,373,539,"Direct product generalized",TRUE,FALSE,19,20,551,565,-12,-26,"ARITH_OPEN"
2,15,380,540,"Direct product generalized",TRUE,FALSE,19,20,551,565,-11,-25,"ARITH_OPEN"
2,15,387,550,"Direct product generalized",TRUE,FALSE,20,20,555,569,-5,-19,"ARITH_OPEN"
2,15,400,552,"Direct product",FALSE,FALSE,20,20,555,569,-3,-17,"ARITH_OPEN"
2,15,404,557,"Direct product generalized",TRUE,FALSE,17,24,572,586,-15,-29,"ARITH_OPEN"
2,15,406,560,"Direct product generalized",TRUE,FALSE,17,24,572,586,-12,-26,"ARITH_OPEN"
2,15,408,562,"Direct product",FALSE,FALSE,17,24,572,586,-10,-24,"ARITH_OPEN"
2,15,409,563,"Direct product generalized",TRUE,FALSE,18,23,574,588,-11,-25,"ARITH_OPEN"
2,15,413,566,"Direct product generalized",TRUE,FALSE,18,23,574,588,-8,-22,"ARITH_OPEN"
2,15,414,567,"Direct product generalized",TRUE,FALSE,18,23,574,588,-7,-21,"ARITH_OPEN"
2,15,420,570,"Direct product generalized",TRUE,FALSE,18,24,575,589,-5,-19,"ARITH_OPEN"
2,15,432,575,"Direct product",FALSE,FALSE,18,24,575,589,0,-14,"ARITHMETIC"
2,15,433,577,"Direct product generalized",TRUE,FALSE,18,25,591,605,-14,-28,"ARITH_OPEN"
2,15,438,582,"Direct product generalized",TRUE,FALSE,18,25,591,605,-9,-23,"ARITH_OPEN"
2,15,439,583,"Direct product generalized",TRUE,FALSE,18,25,591,605,-8,-22,"ARITH_OPEN"
2,15,440,585,"Direct product generalized",TRUE,FALSE,18,25,591,605,-6,-20,"ARITH_OPEN"
2,15,450,591,"Direct product",FALSE,FALSE,18,25,591,605,0,-14,"ARITHMETIC"
2,15,456,592,"Direct product generalized",TRUE,FALSE,19,24,601,615,-9,-23,"ARITH_OPEN"
2,15,459,596,"Direct product generalized",TRUE,FALSE,20,23,604,618,-8,-22,"ARITH_OPEN"
2,15,460,597,"Direct product generalized",TRUE,FALSE,20,23,604,618,-7,-21,"ARITH_OPEN"
2,15,469,603,"Direct product generalized",TRUE,FALSE,20,24,605,619,-2,-16,"ARITH_OPEN"
2,15,480,604,"Direct product",FALSE,FALSE,20,24,605,619,-1,-15,"ARITH_OPEN"
2,15,484,605,"Direct product generalized",TRUE,FALSE,18,27,616,630,-11,-25,"ARITH_OPEN"
2,15,487,607,"Direct product generalized",TRUE,FALSE,18,28,616,630,-9,-23,"ARITH_OPEN"
2,15,491,612,"Direct product generalized",TRUE,FALSE,18,28,616,630,-4,-18,"ARITH_OPEN"
2,15,493,615,"Direct product generalized",TRUE,FALSE,18,28,616,630,-1,-15,"ARITH_OPEN"
2,15,504,616,"Direct product",FALSE,FALSE,18,28,616,630,0,-14,"ARITHMETIC"
2,15,512,620,"Direct product",FALSE,FALSE,16,32,620,634,0,-14,"ARITHMETIC"
2,15,544,621,"Direct product",FALSE,FALSE,17,32,620,634,1,-13,"ARITH_OPEN"
2,15,576,623,"Direct product",FALSE,FALSE,18,32,623,637,0,-14,"ARITHMETIC"
2,15,594,634,"Direct product",FALSE,FALSE,18,33,634,648,0,-14,"ARITHMETIC"
2,15,612,644,"Direct product",FALSE,FALSE,17,36,643,657,1,-13,"ARITH_OPEN"
2,15,648,646,"Direct product",FALSE,FALSE,18,36,646,660,0,-14,"ARITHMETIC"
2,15,666,658,"Direct product",FALSE,FALSE,18,37,658,672,0,-14,"ARITHMETIC"
2,15,712,660,"Direct product generalized",TRUE,FALSE,6,119,675,689,-15,-29,"ARITH_OPEN"
2,15,717,661,"Direct product generalized",TRUE,FALSE,6,120,675,689,-14,-28,"ARITH_OPEN"
2,15,719,666,"Direct product generalized",TRUE,FALSE,6,120,675,689,-9,-23,"ARITH_OPEN"
2,15,734,671,"Direct product generalized",TRUE,FALSE,6,123,682,696,-11,-25,"ARITH_OPEN"
2,15,735,674,"Direct product generalized",TRUE,FALSE,6,123,682,696,-8,-22,"ARITH_OPEN"
2,15,1728,675,"Direct product generalized",TRUE,FALSE,17,102,687,701,-12,-26,"ARITH_OPEN"
2,15,1751,676,"Direct product",FALSE,FALSE,17,103,688,702,-12,-26,"ARITH_OPEN"
2,15,1752,688,"Direct product generalized",TRUE,FALSE,6,292,690,704,-2,-16,"ARITH_OPEN"
2,15,1778,689,"Direct product generalized",TRUE,FALSE,6,297,690,704,-1,-15,"ARITH_OPEN"
2,15,2005,690,"Direct product generalized",TRUE,FALSE,17,118,702,716,-12,-26,"ARITH_OPEN"
2,15,2080,691,"Direct product generalized",TRUE,FALSE,18,116,705,719,-14,-28,"ARITH_OPEN"
2,15,2088,696,"Direct product generalized",TRUE,FALSE,18,116,705,719,-9,-23,"ARITH_OPEN"
2,15,2304,697,"Direct product generalized",TRUE,FALSE,17,136,709,723,-12,-26,"ARITH_OPEN"
2,15,2336,698,"Direct product generalized",TRUE,FALSE,9,260,710,724,-12,-26,"ARITH_OPEN"
2,15,2880,699,"Direct product generalized",TRUE,FALSE,17,170,711,725,-12,-26,"ARITH_OPEN"
2,15,3232,700,"Direct product generalized",TRUE,FALSE,12,270,712,726,-12,-26,"ARITH_OPEN"
2,15,4032,701,"Direct product generalized",TRUE,FALSE,15,269,713,727,-12,-26,"ARITH_OPEN"
2,15,4608,702,"Direct product generalized",TRUE,FALSE,17,272,714,728,-12,-26,"ARITH_OPEN"
2,15,4736,703,"Direct product generalized",TRUE,FALSE,17,279,716,730,-13,-27,"ARITH_OPEN"
2,15,4928,704,"Direct product generalized",TRUE,FALSE,17,290,716,730,-12,-26,"ARITH_OPEN"
2,15,5219,705,"Direct product",FALSE,FALSE,17,307,717,731,-12,-26,"ARITH_OPEN"
2,15,5236,718,"Direct product generalized",TRUE,FALSE,18,291,720,734,-2,-16,"ARITH_OPEN"
2,15,5541,719,"Direct product generalized",TRUE,FALSE,17,326,732,746,-13,-27,"ARITH_OPEN"
2,15,5595,720,"Direct product generalized",TRUE,FALSE,18,311,734,748,-14,-28,"ARITH_OPEN"
2,15,5599,728,"Direct product generalized",TRUE,FALSE,18,312,734,748,-6,-20,"ARITH_OPEN"
2,15,5600,731,"Direct product generalized",TRUE,FALSE,18,312,734,748,-3,-17,"ARITH_OPEN"
2,15,5617,732,"Direct product generalized",TRUE,FALSE,18,313,734,748,-2,-16,"ARITH_OPEN"
2,15,5832,733,"Direct product",FALSE,FALSE,18,324,734,748,-1,-15,"ARITH_OPEN"
2,15,5876,734,"Direct product generalized",TRUE,FALSE,18,327,747,761,-13,-27,"ARITH_OPEN"
2,15,5912,735,"Direct product generalized",TRUE,FALSE,18,329,750,764,-15,-29,"ARITH_OPEN"
2,15,5943,743,"Direct product generalized",TRUE,FALSE,18,331,750,764,-7,-21,"ARITH_OPEN"
2,15,5944,744,"Direct product generalized",TRUE,FALSE,18,331,750,764,-6,-20,"ARITH_OPEN"
2,15,5946,746,"Direct product generalized",TRUE,FALSE,18,331,750,764,-4,-18,"ARITH_OPEN"
2,15,6140,747,"Direct product",FALSE,FALSE,18,342,750,764,-3,-17,"ARITH_OPEN"
2,15,6246,748,"Direct product generalized",TRUE,FALSE,17,368,762,776,-14,-28,"ARITH_OPEN"
2,15,6263,749,"Direct product generalized",TRUE,FALSE,17,369,762,776,-13,-27,"ARITH_OPEN"
2,15,6351,750,"Direct product generalized",TRUE,FALSE,18,353,762,776,-12,-26,"ARITH_OPEN"
2,15,6367,751,"Direct product generalized",TRUE,FALSE,18,354,762,776,-11,-25,"ARITH_OPEN"
2,15,6375,758,"Direct product generalized",TRUE,FALSE,18,355,762,776,-4,-18,"ARITH_OPEN"
2,15,6377,759,"Direct product generalized",TRUE,FALSE,18,355,762,776,-3,-17,"ARITH_OPEN"
2,15,6483,761,"Direct product generalized",TRUE,FALSE,18,361,763,777,-2,-16,"ARITH_OPEN"
2,15,6626,762,"Direct product generalized",TRUE,FALSE,18,369,765,779,-3,-17,"ARITH_OPEN"
2,15,6642,763,"Direct product generalized",TRUE,FALSE,18,369,765,779,-2,-16,"ARITH_OPEN"
2,15,6698,764,"Direct product generalized",TRUE,FALSE,18,373,779,793,-15,-29,"ARITH_OPEN"
2,15,6720,765,"Direct product generalized",TRUE,FALSE,18,374,780,794,-15,-29,"ARITH_OPEN"
2,15,6724,766,"Direct product generalized",TRUE,FALSE,18,374,780,794,-14,-28,"ARITH_OPEN"
2,15,6756,773,"Direct product generalized",TRUE,FALSE,18,376,780,794,-7,-21,"ARITH_OPEN"
2,15,6759,774,"Direct product generalized",TRUE,FALSE,18,376,780,794,-6,-20,"ARITH_OPEN"
2,15,6774,775,"Direct product generalized",TRUE,FALSE,18,377,780,794,-5,-19,"ARITH_OPEN"
2,15,6878,777,"Direct product generalized",TRUE,FALSE,19,362,789,803,-12,-26,"ARITH_OPEN"
2,15,7006,778,"Direct product generalized",TRUE,FALSE,19,369,791,805,-13,-27,"ARITH_OPEN"
2,15,7028,779,"Direct product generalized",TRUE,FALSE,18,391,792,806,-13,-27,"ARITH_OPEN"
2,15,7091,780,"Direct product generalized",TRUE,FALSE,18,394,792,806,-12,-26,"ARITH_OPEN"
2,15,7098,781,"Direct product generalized",TRUE,FALSE,18,395,792,806,-11,-25,"ARITH_OPEN"
2,15,7106,787,"Direct product generalized",TRUE,FALSE,18,395,792,806,-5,-19,"ARITH_OPEN"
2,15,7120,788,"Direct product generalized",TRUE,FALSE,18,396,792,806,-4,-18,"ARITH_OPEN"
2,15,7200,789,"Direct product",FALSE,FALSE,18,400,792,806,-3,-17,"ARITH_OPEN"
2,15,7318,790,"Direct product generalized",TRUE,FALSE,20,366,795,809,-5,-19,"ARITH_OPEN"
2,15,7378,791,"Direct product generalized",TRUE,FALSE,20,369,795,809,-4,-18,"ARITH_OPEN"
2,15,7389,792,"Direct product generalized",TRUE,FALSE,20,370,796,810,-4,-18,"ARITH_OPEN"
2,15,7490,793,"Direct product generalized",TRUE,FALSE,18,417,810,824,-17,-31,"ARITH_OPEN"
2,15,7493,794,"Direct product generalized",TRUE,FALSE,18,417,810,824,-16,-30,"ARITH_OPEN"
2,15,7558,795,"Direct product generalized",TRUE,FALSE,18,420,810,824,-15,-29,"ARITH_OPEN"
2,15,7560,796,"Direct product generalized",TRUE,FALSE,18,420,810,824,-14,-28,"ARITH_OPEN"
2,15,7584,800,"Direct product generalized",TRUE,FALSE,20,380,810,824,-10,-24,"ARITH_OPEN"
2,15,7592,802,"Direct product generalized",TRUE,FALSE,20,380,810,824,-8,-22,"ARITH_OPEN"
2,15,7621,803,"Direct product generalized",TRUE,FALSE,24,318,814,828,-11,-25,"ARITH_OPEN"
2,15,7641,804,"Direct product generalized",TRUE,FALSE,24,319,814,828,-10,-24,"ARITH_OPEN"
2,15,7664,807,"Direct product generalized",TRUE,FALSE,24,320,814,828,-7,-21,"ARITH_OPEN"
2,15,7768,808,"Direct product generalized",TRUE,FALSE,24,324,814,828,-6,-20,"ARITH_OPEN"
2,15,7822,810,"Direct product generalized",TRUE,FALSE,24,326,815,829,-5,-19,"ARITH_OPEN"
2,15,7839,811,"Direct product generalized",TRUE,FALSE,18,436,822,836,-11,-25,"ARITH_OPEN"
2,15,7840,812,"Direct product generalized",TRUE,FALSE,18,436,822,836,-10,-24,"ARITH_OPEN"
2,15,7864,815,"Direct product generalized",TRUE,FALSE,18,437,822,836,-7,-21,"ARITH_OPEN"
2,15,7896,816,"Direct product generalized",TRUE,FALSE,20,395,822,836,-6,-20,"ARITH_OPEN"
2,15,7908,817,"Direct product generalized",TRUE,FALSE,20,396,822,836,-5,-19,"ARITH_OPEN"
2,15,7942,818,"Direct product generalized",TRUE,FALSE,20,398,822,836,-4,-18,"ARITH_OPEN"
2,15,7967,819,"Direct product generalized",TRUE,FALSE,20,399,822,836,-3,-17,"ARITH_OPEN"
2,15,8024,820,"Direct product generalized",TRUE,FALSE,20,402,827,841,-7,-21,"ARITH_OPEN"
2,15,8137,821,"Direct product generalized",TRUE,FALSE,24,340,830,844,-9,-23,"ARITH_OPEN"
2,15,8142,822,"Direct product generalized",TRUE,FALSE,24,340,830,844,-8,-22,"ARITH_OPEN"
2,15,8216,823,"Direct product generalized",TRUE,FALSE,18,457,836,850,-13,-27,"ARITH_OPEN"
2,15,8228,825,"Direct product generalized",TRUE,FALSE,18,458,836,850,-11,-25,"ARITH_OPEN"
2,15,8234,826,"Direct product generalized",TRUE,FALSE,18,458,836,850,-10,-24,"ARITH_OPEN"
2,15,8240,827,"Direct product generalized",TRUE,FALSE,18,458,836,850,-9,-23,"ARITH_OPEN"
2,15,8258,828,"Direct product generalized",TRUE,FALSE,18,459,836,850,-8,-22,"ARITH_OPEN"
2,15,8336,830,"Direct product generalized",TRUE,FALSE,20,417,840,854,-10,-24,"ARITH_OPEN"
2,15,8377,831,"Direct product generalized",TRUE,FALSE,20,419,840,854,-9,-23,"ARITH_OPEN"
2,15,8398,832,"Direct product generalized",TRUE,FALSE,20,420,840,854,-8,-22,"ARITH_OPEN"
2,15,8471,833,"Direct product generalized",TRUE,FALSE,28,303,841,855,-8,-22,"ARITH_OPEN"
2,15,8474,836,"Direct product generalized",TRUE,FALSE,28,303,841,855,-5,-19,"ARITH_OPEN"
2,15,8546,837,"Direct product generalized",TRUE,FALSE,28,306,841,855,-4,-18,"ARITH_OPEN"
2,15,8557,838,"Direct product generalized",TRUE,FALSE,28,306,841,855,-3,-17,"ARITH_OPEN"
2,15,8572,839,"Direct product generalized",TRUE,FALSE,28,307,841,855,-2,-16,"ARITH_OPEN"
2,15,8639,840,"Direct product generalized",TRUE,FALSE,24,360,842,856,-2,-16,"ARITH_OPEN"
2,15,8688,841,"Direct product generalized",TRUE,FALSE,24,362,843,857,-2,-16,"ARITH_OPEN"
2,15,8796,843,"Direct product generalized",TRUE,FALSE,24,367,845,859,-2,-16,"ARITH_OPEN"
2,15,8925,845,"Direct product generalized",TRUE,FALSE,31,288,847,861,-2,-16,"ARITH_OPEN"
2,15,9216,846,"Direct product generalized",TRUE,FALSE,32,288,847,861,-1,-15,"ARITH_OPEN"
2,15,10368,862,"Direct product",FALSE,FALSE,32,324,862,876,0,-14,"ARITHMETIC"
2,15,10476,863,"Direct product generalized",TRUE,FALSE,35,300,871,885,-8,-22,"ARITH_OPEN"
2,15,10494,868,"Direct product generalized",TRUE,FALSE,35,300,871,885,-3,-17,"ARITH_OPEN"
2,15,10522,869,"Direct product generalized",TRUE,FALSE,35,301,871,885,-2,-16,"ARITH_OPEN"
2,15,10540,870,"Direct product generalized",TRUE,FALSE,35,302,871,885,-1,-15,"ARITH_OPEN"
2,15,12137,885,"Direct product generalized",TRUE,FALSE,17,714,898,912,-13,-27,"ARITH_OPEN"
2,15,12828,886,"Direct product generalized",TRUE,FALSE,18,713,901,915,-15,-29,"ARITH_OPEN"
2,15,12832,891,"Direct product generalized",TRUE,FALSE,18,713,901,915,-10,-24,"ARITH_OPEN"
2,15,12834,893,"Direct product generalized",TRUE,FALSE,18,713,901,915,-8,-22,"ARITH_OPEN"
2,15,12860,896,"Direct product generalized",TRUE,FALSE,18,715,901,915,-5,-19,"ARITH_OPEN"
2,15,13130,898,"Direct product generalized",TRUE,FALSE,6,2189,907,921,-9,-23,"ARITH_OPEN"
2,15,13160,899,"Direct product generalized",TRUE,FALSE,6,2194,907,921,-8,-22,"ARITH_OPEN"
2,15,20000,900,"Direct product generalized",TRUE,FALSE,12,1667,910,924,-10,-24,"ARITH_OPEN"
2,16,289,510,"Direct product",FALSE,FALSE,17,17,496,511,14,-1,"ARITH_OPEN"
2,16,306,526,"Direct product generalized",TRUE,FALSE,17,18,526,541,0,-15,"ARITH_INFERRED"
2,16,323,528,"Direct product",FALSE,FALSE,17,19,528,543,0,-15,"ARITHMETIC"
2,16,327,543,"Direct product generalized",TRUE,FALSE,18,19,558,573,-15,-30,"ARITH_OPEN"
2,16,343,544,"Direct product generalized",TRUE,FALSE,19,19,560,575,-16,-31,"ARITH_OPEN"
2,16,360,559,"Direct product generalized",TRUE,FALSE,19,19,560,575,-1,-16,"ARITH_OPEN"
2,16,361,560,"Direct product",FALSE,FALSE,19,19,560,575,0,-15,"ARITHMETIC"
2,16,380,574,"Direct product",FALSE,FALSE,17,23,590,605,-16,-31,"ARITH_OPEN"
2,16,387,589,"Direct product generalized",TRUE,FALSE,17,23,590,605,-1,-16,"ARITH_OPEN"
2,16,391,590,"Direct product",FALSE,FALSE,17,23,590,605,0,-15,"ARITHMETIC"
2,16,392,591,"Direct product generalized",TRUE,FALSE,16,25,616,631,-25,-40,"ARITH_OPEN"
2,16,399,592,"Direct product generalized",TRUE,FALSE,16,25,616,631,-24,-39,"ARITH_OPEN"
2,16,411,604,"Direct product generalized",TRUE,FALSE,17,25,616,631,-12,-27,"ARITH_OPEN"
2,16,417,606,"Direct product generalized",TRUE,FALSE,17,25,616,631,-10,-25,"ARITH_OPEN"
2,16,418,608,"Direct product generalized",TRUE,FALSE,17,25,616,631,-8,-23,"ARITH_OPEN"
2,16,420,614,"Direct product generalized",TRUE,FALSE,17,25,616,631,-2,-17,"ARITH_OPEN"
2,16,426,619,"Direct product generalized",TRUE,FALSE,19,23,622,637,-3,-18,"ARITH_OPEN"
2,16,427,620,"Direct product generalized",TRUE,FALSE,19,23,622,637,-2,-17,"ARITH_OPEN"
2,16,437,621,"Direct product generalized",TRUE,FALSE,19,23,622,637,-1,-16,"ARITH_OPEN"
2,16,438,622,"Direct product generalized",TRUE,FALSE,17,26,646,661,-24,-39,"ARITH_OPEN"
2,16,439,623,"Direct product generalized",TRUE,FALSE,17,26,646,661,-23,-38,"ARITH_OPEN"
2,16,449,624,"Direct product generalized",TRUE,FALSE,17,27,646,661,-22,-37,"ARITH_OPEN"
2,16,453,630,"Direct product generalized",TRUE,FALSE,17,27,646,661,-16,-31,"ARITH_OPEN"
2,16,457,632,"Direct product generalized",TRUE,FALSE,17,27,646,661,-14,-29,"ARITH_OPEN"
2,16,461,635,"Direct product generalized",TRUE,FALSE,19,25,648,663,-13,-28,"ARITH_OPEN"
2,16,465,638,"Direct product generalized",TRUE,FALSE,19,25,648,663,-10,-25,"ARITH_OPEN"
2,16,468,646,"Direct product generalized",TRUE,FALSE,19,25,648,663,-2,-17,"ARITH_OPEN"
2,16,475,648,"Direct product",FALSE,FALSE,19,25,648,663,0,-15,"ARITHMETIC"
2,16,477,651,"Direct product generalized",TRUE,FALSE,17,29,676,691,-25,-40,"ARITH_OPEN"
2,16,483,654,"Direct product generalized",TRUE,FALSE,17,29,676,691,-22,-37,"ARITH_OPEN"
2,16,486,664,"Direct product generalized",TRUE,FALSE,17,29,676,691,-12,-27,"ARITH_OPEN"
2,16,489,665,"Direct product generalized",TRUE,FALSE,17,29,676,691,-11,-26,"ARITH_OPEN"
2,16,492,666,"Direct product generalized",TRUE,FALSE,17,29,676,691,-10,-25,"ARITH_OPEN"
2,16,496,667,"Direct product generalized",TRUE,FALSE,19,27,678,693,-11,-26,"ARITH_OPEN"
2,16,503,668,"Direct product generalized",TRUE,FALSE,19,27,678,693,-10,-25,"ARITH_OPEN"
2,16,505,669,"Direct product generalized",TRUE,FALSE,19,27,678,693,-9,-24,"ARITH_OPEN"
2,16,506,670,"Direct product generalized",TRUE,FALSE,19,27,678,693,-8,-23,"ARITH_OPEN"
2,16,512,677,"Direct product generalized",TRUE,FALSE,19,27,678,693,-1,-16,"ARITH_OPEN"
2,16,513,678,"Direct product",FALSE,FALSE,19,27,678,693,0,-15,"ARITHMETIC"
2,16,515,679,"Direct product generalized",TRUE,FALSE,15,35,682,697,-3,-18,"ARITH_OPEN"
2,16,526,680,"Direct product generalized",TRUE,FALSE,15,36,682,697,-2,-17,"ARITH_OPEN"
2,16,612,695,"Direct product",FALSE,FALSE,17,36,682,697,13,-2,"ARITH_OPEN"
2,16,648,712,"Direct product",FALSE,FALSE,18,36,712,727,0,-15,"ARITHMETIC"
2,16,684,714,"Direct product",FALSE,FALSE,19,36,714,729,0,-15,"ARITHMETIC"
2,16,688,728,"Direct product generalized",TRUE,FALSE,16,43,730,745,-2,-17,"ARITH_OPEN"
2,16,765,730,"Direct product",FALSE,FALSE,17,45,730,745,0,-15,"ARITHMETIC"
2,16,4896,750,"Direct product",FALSE,FALSE,17,288,736,751,14,-1,"ARITH_OPEN"
2,16,4914,752,"Direct product",FALSE,FALSE,17,290,766,781,-14,-29,"ARITH_OPEN"
2,16,6215,800,"Direct product generalized",TRUE,FALSE,17,366,814,829,-14,-29,"ARITH_OPEN"
2,16,6460,814,"Direct product",FALSE,FALSE,17,380,814,829,0,-15,"ARITHMETIC"
2,16,6533,815,"Direct product generalized",TRUE,FALSE,17,385,829,844,-14,-29,"ARITH_OPEN"
2,16,6590,816,"Direct product generalized",TRUE,FALSE,17,388,830,845,-14,-29,"ARITH_OPEN"
2,16,6597,829,"Direct product generalized",TRUE,FALSE,17,389,830,845,-1,-16,"ARITH_OPEN"
2,16,6863,830,"Direct product generalized",TRUE,FALSE,17,404,844,859,-14,-29,"ARITH_OPEN"
2,16,6912,831,"Direct product generalized",TRUE,FALSE,17,407,844,859,-13,-28,"ARITH_OPEN"
2,16,6935,832,"Direct product generalized",TRUE,FALSE,17,408,844,859,-12,-27,"ARITH_OPEN"
2,16,7088,844,"Direct product generalized",TRUE,FALSE,17,417,846,861,-2,-17,"ARITH_OPEN"
2,16,7215,845,"Direct product generalized",TRUE,FALSE,19,380,846,861,-1,-16,"ARITH_OPEN"
2,16,7271,846,"Direct product generalized",TRUE,FALSE,17,428,861,876,-15,-30,"ARITH_OPEN"
2,16,7281,847,"Direct product generalized",TRUE,FALSE,17,429,861,876,-14,-29,"ARITH_OPEN"
2,16,7298,848,"Direct product generalized",TRUE,FALSE,17,430,861,876,-13,-28,"ARITH_OPEN"
2,16,7600,860,"Direct product",FALSE,FALSE,17,448,864,879,-4,-19,"ARITH_OPEN"
2,16,7725,861,"Direct product generalized",TRUE,FALSE,17,455,872,887,-11,-26,"ARITH_OPEN"
2,16,7800,862,"Direct product generalized",TRUE,FALSE,17,459,875,890,-13,-28,"ARITH_OPEN"
2,16,7817,863,"Direct product generalized",TRUE,FALSE,17,460,875,890,-12,-27,"ARITH_OPEN"
2,16,7894,864,"Direct product generalized",TRUE,FALSE,17,465,878,893,-14,-29,"ARITH_OPEN"
2,16,7930,876,"Direct product generalized",TRUE,FALSE,19,418,880,895,-4,-19,"ARITH_OPEN"
2,16,8204,877,"Direct product generalized",TRUE,FALSE,19,432,893,908,-16,-31,"ARITH_OPEN"
2,16,8224,878,"Direct product generalized",TRUE,FALSE,19,433,893,908,-15,-30,"ARITH_OPEN"
2,16,8239,879,"Direct product generalized",TRUE,FALSE,19,434,893,908,-14,-29,"ARITH_OPEN"
2,16,8341,880,"Direct product generalized",TRUE,FALSE,19,439,895,910,-15,-30,"ARITH_OPEN"
2,16,8344,890,"Direct product generalized",TRUE,FALSE,19,440,896,911,-6,-21,"ARITH_OPEN"
2,16,8347,891,"Direct product generalized",TRUE,FALSE,19,440,896,911,-5,-20,"ARITH_OPEN"
2,16,8633,892,"Direct product generalized",TRUE,FALSE,19,455,904,919,-12,-27,"ARITH_OPEN"
2,16,8650,893,"Direct product generalized",TRUE,FALSE,19,456,904,919,-11,-26,"ARITH_OPEN"
2,16,8668,894,"Direct product generalized",TRUE,FALSE,19,457,904,919,-10,-25,"ARITH_OPEN"
2,16,8748,895,"Direct product generalized",TRUE,FALSE,19,461,907,922,-12,-27,"ARITH_OPEN"
2,16,8759,896,"Direct product generalized",TRUE,FALSE,19,461,907,922,-11,-26,"ARITH_OPEN"
2,16,8777,902,"Direct product generalized",TRUE,FALSE,19,462,910,925,-8,-23,"ARITH_OPEN"
2,16,8795,904,"Direct product generalized",TRUE,FALSE,19,463,910,925,-6,-21,"ARITH_OPEN"
2,16,8799,906,"Direct product generalized",TRUE,FALSE,19,464,910,925,-4,-19,"ARITH_OPEN"
2,16,9050,907,"Direct product generalized",TRUE,FALSE,16,566,922,937,-15,-30,"ARITH_OPEN"
2,16,9104,908,"Direct product generalized",TRUE,FALSE,16,569,922,937,-14,-29,"ARITH_OPEN"
2,16,9152,909,"Direct product generalized",TRUE,FALSE,16,572,922,937,-13,-28,"ARITH_OPEN"
2,16,9280,910,"Direct product generalized",TRUE,FALSE,16,580,922,937,-12,-27,"ARITH_OPEN"
2,16,9301,920,"Direct product generalized",TRUE,FALSE,16,582,922,937,-2,-17,"ARITH_OPEN"
2,16,10368,935,"Direct product",FALSE,FALSE,36,288,922,937,13,-2,"ARITH_OPEN"
2,16,12960,970,"Direct product",FALSE,FALSE,17,763,970,985,0,-15,"ARITHMETIC"
2,16,20000,976,"Direct product",FALSE,FALSE,5,4000,976,991,0,-15,"ARITHMETIC"
2,17,324,576,"Direct product",FALSE,FALSE,18,18,561,577,15,-1,"ARITH_OPEN"
2,17,340,594,"Direct product",FALSE,FALSE,18,19,623,639,-29,-45,"ARITH_OPEN"
2,17,341,609,"Direct product generalized",TRUE,FALSE,18,19,623,639,-14,-30,"ARITH_OPEN"
2,17,360,610,"Direct product",FALSE,FALSE,18,20,624,640,-14,-30,"ARITH_OPEN"
2,17,378,626,"Direct product",FALSE,FALSE,18,21,626,642,0,-16,"ARITHMETIC"
2,17,380,627,"Direct product generalized",TRUE,FALSE,18,22,629,645,-2,-18,"ARITH_OPEN"
2,17,381,628,"Direct product generalized",TRUE,FALSE,18,22,629,645,-1,-17,"ARITH_OPEN"
2,17,396,629,"Direct product",FALSE,FALSE,18,22,629,645,0,-16,"ARITHMETIC"
2,17,402,645,"Direct product generalized",TRUE,FALSE,20,21,689,705,-44,-60,"ARITH_OPEN"
2,17,404,646,"Direct product generalized",TRUE,FALSE,20,21,689,705,-43,-59,"ARITH_OPEN"
2,17,406,657,"Direct product generalized",TRUE,FALSE,20,21,689,705,-32,-48,"ARITH_OPEN"
2,17,409,658,"Direct product generalized",TRUE,FALSE,20,21,689,705,-31,-47,"ARITH_OPEN"
2,17,420,659,"Direct product",FALSE,FALSE,20,21,689,705,-30,-46,"ARITH_OPEN"
2,17,421,661,"Direct product generalized",TRUE,FALSE,21,21,691,707,-30,-46,"ARITH_OPEN"
2,17,440,662,"Direct product",FALSE,FALSE,21,21,691,707,-29,-45,"ARITH_OPEN"
2,17,444,677,"Direct product generalized",TRUE,FALSE,21,22,694,710,-17,-33,"ARITH_OPEN"
2,17,448,679,"Direct product generalized",TRUE,FALSE,21,22,694,710,-15,-31,"ARITH_OPEN"
2,17,462,680,"Direct product generalized",TRUE,FALSE,21,22,694,710,-14,-30,"ARITH_OPEN"
2,17,469,692,"Direct product generalized",TRUE,FALSE,22,22,697,713,-5,-21,"ARITH_OPEN"
2,17,484,695,"Direct product generalized",TRUE,FALSE,22,22,697,713,-2,-18,"ARITH_OPEN"
2,17,485,724,"Direct product generalized",TRUE,FALSE,18,27,745,761,-21,-37,"ARITH_OPEN"
2,17,486,725,"Direct product generalized",TRUE,FALSE,18,27,745,761,-20,-36,"ARITH_OPEN"
2,17,505,728,"Direct product generalized",TRUE,FALSE,18,29,749,765,-21,-37,"ARITH_OPEN"
2,17,528,731,"Direct product generalized",TRUE,FALSE,18,30,751,767,-20,-36,"ARITH_OPEN"
2,17,530,745,"Direct product generalized",TRUE,FALSE,18,30,751,767,-6,-22,"ARITH_OPEN"
2,17,533,746,"Direct product generalized",TRUE,FALSE,18,30,751,767,-5,-21,"ARITH_OPEN"
2,17,540,747,"Direct product generalized",TRUE,FALSE,18,30,751,767,-4,-20,"ARITH_OPEN"
2,17,550,748,"Direct product generalized",TRUE,FALSE,18,31,769,785,-21,-37,"ARITH_OPEN"
2,17,554,759,"Direct product generalized",TRUE,FALSE,18,31,769,785,-10,-26,"ARITH_OPEN"
2,17,560,760,"Direct product generalized",TRUE,FALSE,18,32,785,801,-25,-41,"ARITH_OPEN"
2,17,564,761,"Direct product generalized",TRUE,FALSE,18,32,785,801,-24,-40,"ARITH_OPEN"
2,17,569,762,"Direct product generalized",TRUE,FALSE,18,32,785,801,-23,-39,"ARITH_OPEN"
2,17,571,763,"Direct product generalized",TRUE,FALSE,18,32,785,801,-22,-38,"ARITH_OPEN"
2,17,572,764,"Direct product generalized",TRUE,FALSE,18,32,785,801,-21,-37,"ARITH_OPEN"
2,17,577,772,"Direct product generalized",TRUE,FALSE,15,39,789,805,-17,-33,"ARITH_OPEN"
2,17,583,773,"Direct product generalized",TRUE,FALSE,15,39,789,805,-16,-32,"ARITH_OPEN"
2,17,587,774,"Direct product generalized",TRUE,FALSE,16,37,789,805,-15,-31,"ARITH_OPEN"
2,17,590,775,"Direct product generalized",TRUE,FALSE,16,37,789,805,-14,-30,"ARITH_OPEN"
2,17,593,776,"Direct product generalized",TRUE,FALSE,16,38,789,805,-13,-29,"ARITH_OPEN"
2,17,594,777,"Direct product generalized",TRUE,FALSE,16,38,789,805,-12,-28,"ARITH_OPEN"
2,17,600,784,"Direct product",FALSE,FALSE,16,38,789,805,-5,-21,"ARITH_OPEN"
2,17,605,786,"Direct product generalized",TRUE,FALSE,16,38,789,805,-3,-19,"ARITH_OPEN"
2,17,609,788,"Direct product generalized",TRUE,FALSE,16,39,789,805,-1,-17,"ARITH_OPEN"
2,17,5814,848,"Direct product",FALSE,FALSE,18,323,833,849,15,-1,"ARITH_OPEN"
2,17,5832,863,"Direct product",FALSE,FALSE,18,324,848,864,15,-1,"ARITH_OPEN"
2,17,6120,866,"Direct product",FALSE,FALSE,18,340,866,882,0,-16,"ARITHMETIC"
2,17,6137,881,"Direct product generalized",TRUE,FALSE,18,341,881,897,0,-16,"ARITH_INFERRED"
2,17,6477,884,"Direct product generalized",TRUE,FALSE,18,360,882,898,2,-14,"ARITH_OPEN"
2,17,6480,897,"Direct product",FALSE,FALSE,18,360,882,898,15,-1,"ARITH_OPEN"
2,17,6783,898,"Direct product",FALSE,FALSE,18,377,898,914,0,-16,"ARITHMETIC"
2,17,6885,900,"Direct product generalized",TRUE,FALSE,18,383,901,917,-1,-17,"ARITH_OPEN"
2,17,7106,901,"Direct product",FALSE,FALSE,18,395,901,917,0,-16,"ARITHMETIC"
2,17,7175,915,"Direct product generalized",TRUE,FALSE,18,399,917,933,-2,-18,"ARITH_OPEN"
2,17,7217,916,"Direct product generalized",TRUE,FALSE,18,401,917,933,-1,-17,"ARITH_OPEN"
2,17,7311,917,"Direct product generalized",TRUE,FALSE,18,407,930,946,-13,-29,"ARITH_OPEN"
2,17,7328,919,"Direct product generalized",TRUE,FALSE,18,408,930,946,-11,-27,"ARITH_OPEN"
2,17,7330,920,"Direct product generalized",TRUE,FALSE,18,408,930,946,-10,-26,"ARITH_OPEN"
2,17,7600,932,"Direct product",FALSE,FALSE,18,423,934,950,-2,-18,"ARITH_OPEN"
2,17,7644,933,"Direct product generalized",TRUE,FALSE,18,425,934,950,-1,-17,"ARITH_OPEN"
2,17,8051,950,"Direct product generalized",TRUE,FALSE,18,448,951,967,-1,-17,"ARITH_OPEN"
2,17,8082,951,"Direct product generalized",TRUE,FALSE,18,449,952,968,-1,-17,"ARITH_OPEN"
2,17,8521,965,"Direct product generalized",TRUE,FALSE,18,474,967,983,-2,-18,"ARITH_OPEN"
2,17,8553,966,"Direct product generalized",TRUE,FALSE,18,476,967,983,-1,-17,"ARITH_OPEN"
2,17,8800,968,"Direct product",FALSE,FALSE,22,400,985,1001,-17,-33,"ARITH_OPEN"
2,17,8904,981,"Direct product generalized",TRUE,FALSE,22,405,997,1013,-16,-32,"ARITH_OPEN"
2,17,8920,982,"Direct product generalized",TRUE,FALSE,22,406,997,1013,-15,-31,"ARITH_OPEN"
2,17,8998,983,"Direct product generalized",TRUE,FALSE,22,409,998,1014,-15,-31,"ARITH_OPEN"
2,17,9029,984,"Direct product generalized",TRUE,FALSE,21,430,999,1015,-15,-31,"ARITH_OPEN"
2,17,9240,985,"Direct product",FALSE,FALSE,21,440,999,1015,-14,-30,"ARITH_OPEN"
2,17,9306,986,"Direct product generalized",TRUE,FALSE,22,423,1002,1018,-16,-32,"ARITH_OPEN"
2,17,9428,997,"Direct product generalized",TRUE,FALSE,22,429,1002,1018,-5,-21,"ARITH_OPEN"
2,17,9456,998,"Direct product generalized",TRUE,FALSE,22,430,1002,1018,-4,-20,"ARITH_OPEN"
2,17,9515,999,"Direct product generalized",TRUE,FALSE,22,433,1002,1018,-3,-19,"ARITH_OPEN"
2,17,9680,1000,"Direct product",FALSE,FALSE,22,440,1002,1018,-2,-18,"ARITH_OPEN"
2,17,9858,1001,"Direct product generalized",TRUE,FALSE,18,548,1020,1036,-19,-35,"ARITH_OPEN"
2,17,9864,1002,"Direct product generalized",TRUE,FALSE,18,548,1020,1036,-18,-34,"ARITH_OPEN"
2,17,9900,1003,"Direct product generalized",TRUE,FALSE,18,550,1020,1036,-17,-33,"ARITH_OPEN"
2,17,9906,1014,"Direct product generalized",TRUE,FALSE,22,451,1020,1036,-6,-22,"ARITH_OPEN"
2,17,9928,1015,"Direct product generalized",TRUE,FALSE,22,452,1020,1036,-5,-21,"ARITH_OPEN"
2,17,9943,1016,"Direct product generalized",TRUE,FALSE,22,452,1020,1036,-4,-20,"ARITH_OPEN"
2,17,10093,1017,"Direct product generalized",TRUE,FALSE,22,459,1020,1036,-3,-19,"ARITH_OPEN"
2,17,10318,1018,"Direct product generalized",TRUE,FALSE,22,469,1032,1048,-14,-30,"ARITH_OPEN"
2,17,10358,1020,"Direct product generalized",TRUE,FALSE,22,471,1035,1051,-15,-31,"ARITH_OPEN"
2,17,10406,1021,"Direct product generalized",TRUE,FALSE,22,473,1035,1051,-14,-30,"ARITH_OPEN"
2,17,10423,1030,"Direct product generalized",TRUE,FALSE,22,474,1035,1051,-5,-21,"ARITH_OPEN"
2,17,10511,1032,"Direct product generalized",TRUE,FALSE,22,478,1035,1051,-3,-19,"ARITH_OPEN"
2,17,10648,1033,"Direct product generalized",TRUE,FALSE,22,484,1035,1051,-2,-18,"ARITH_OPEN"
2,17,10728,1034,"Direct product generalized",TRUE,FALSE,18,596,1056,1072,-22,-38,"ARITH_OPEN"
2,17,10796,1035,"Direct product generalized",TRUE,FALSE,18,600,1056,1072,-21,-37,"ARITH_OPEN"
2,17,10808,1036,"Direct product generalized",TRUE,FALSE,18,601,1058,1074,-22,-38,"ARITH_OPEN"
2,17,10840,1037,"Direct product generalized",TRUE,FALSE,18,603,1058,1074,-21,-37,"ARITH_OPEN"
2,17,10888,1038,"Direct product generalized",TRUE,FALSE,18,605,1058,1074,-20,-36,"ARITH_OPEN"
2,17,10912,1039,"Direct product generalized",TRUE,FALSE,18,607,1060,1076,-21,-37,"ARITH_OPEN"
2,17,11000,1053,"Direct product",FALSE,FALSE,16,688,1061,1077,-8,-24,"ARITH_OPEN"
2,17,11088,1054,"Direct product generalized",TRUE,FALSE,17,653,1061,1077,-7,-23,"ARITH_OPEN"
2,17,11154,1055,"Direct product generalized",TRUE,FALSE,17,657,1061,1077,-6,-22,"ARITH_OPEN"
2,17,13260,1094,"Direct product",FALSE,FALSE,39,340,1094,1110,0,-16,"ARITHMETIC"
2,17,20000,1105,"Direct product",FALSE,FALSE,4,5000,1105,1121,0,-16,"ARITHMETIC"
2,18,49,630,"Direct product",FALSE,FALSE,7,7,630,647,0,-17,"ARITHMETIC"
2,18,120,648,"Direct product",FALSE,FALSE,6,20,663,680,-15,-32,"ARITH_OPEN"
2,18,140,650,"Direct product generalized",TRUE,FALSE,7,20,663,680,-13,-30,"ARITH_OPEN"
2,18,147,666,"Direct product",FALSE,FALSE,7,21,666,683,0,-17,"ARITHMETIC"
2,18,161,669,"Direct product generalized",TRUE,FALSE,13,13,682,699,-13,-30,"ARITH_OPEN"
2,18,180,670,"Direct product generalized",TRUE,FALSE,9,20,685,702,-15,-32,"ARITH_OPEN"
2,18,200,673,"Direct product generalized",TRUE,FALSE,10,20,688,705,-15,-32,"ARITH_OPEN"
2,18,260,674,"Direct product generalized",TRUE,FALSE,13,20,689,706,-15,-32,"ARITH_OPEN"
2,18,280,679,"Direct product generalized",TRUE,FALSE,14,20,694,711,-15,-32,"ARITH_OPEN"
2,18,323,680,"Direct product generalized",TRUE,FALSE,17,19,695,712,-15,-32,"ARITH_OPEN"
2,18,380,681,"Direct product",FALSE,FALSE,19,20,696,713,-15,-32,"ARITH_OPEN"
2,18,401,683,"Direct product generalized",TRUE,FALSE,20,21,699,716,-16,-33,"ARITH_OPEN"
2,18,421,684,"Direct product generalized",TRUE,FALSE,21,21,702,719,-18,-35,"ARITH_OPEN"
2,18,440,701,"Direct product generalized",TRUE,FALSE,21,21,702,719,-1,-18,"ARITH_OPEN"
2,18,441,702,"Direct product",FALSE,FALSE,21,21,702,719,0,-17,"ARITHMETIC"
2,18,442,749,"Direct product generalized",TRUE,FALSE,21,22,784,801,-35,-52,"ARITH_OPEN"
2,18,458,753,"Direct product generalized",TRUE,FALSE,21,22,784,801,-31,-48,"ARITH_OPEN"
2,18,481,755,"Direct product generalized",TRUE,FALSE,21,23,824,841,-69,-86,"ARITH_OPEN"
2,18,504,756,"Direct product generalized",TRUE,FALSE,21,24,825,842,-69,-86,"ARITH_OPEN"
2,18,511,773,"Direct product generalized",TRUE,FALSE,20,26,829,846,-56,-73,"ARITH_OPEN"
2,18,525,774,"Direct product generalized",TRUE,FALSE,20,27,830,847,-56,-73,"ARITH_OPEN"
2,18,535,788,"Direct product generalized",TRUE,FALSE,20,27,830,847,-42,-59,"ARITH_OPEN"
2,18,542,789,"Direct product generalized",TRUE,FALSE,21,26,832,849,-43,-60,"ARITH_OPEN"
2,18,545,790,"Direct product generalized",TRUE,FALSE,21,26,832,849,-42,-59,"ARITH_OPEN"
2,18,546,791,"Direct product generalized",TRUE,FALSE,21,26,832,849,-41,-58,"ARITH_OPEN"
2,18,548,803,"Direct product generalized",TRUE,FALSE,20,28,833,850,-30,-47,"ARITH_OPEN"
2,18,558,804,"Direct product generalized",TRUE,FALSE,20,28,833,850,-29,-46,"ARITH_OPEN"
2,18,566,805,"Direct product generalized",TRUE,FALSE,21,27,833,850,-28,-45,"ARITH_OPEN"
2,18,567,806,"Direct product generalized",TRUE,FALSE,21,27,833,850,-27,-44,"ARITH_OPEN"
2,18,576,819,"Direct product generalized",TRUE,FALSE,20,29,835,852,-16,-33,"ARITH_OPEN"
2,18,584,820,"Direct product generalized",TRUE,FALSE,21,28,836,853,-16,-33,"ARITH_OPEN"
2,18,587,821,"Direct product generalized",TRUE,FALSE,21,28,836,853,-15,-32,"ARITH_OPEN"
2,18,588,822,"Direct product generalized",TRUE,FALSE,21,28,836,853,-14,-31,"ARITH_OPEN"
2,18,589,835,"Direct product generalized",TRUE,FALSE,21,29,838,855,-3,-20,"ARITH_OPEN"
2,18,591,836,"Direct product generalized",TRUE,FALSE,21,29,838,855,-2,-19,"ARITH_OPEN"
2,18,608,837,"Direct product generalized",TRUE,FALSE,21,29,838,855,-1,-18,"ARITH_OPEN"
2,18,609,838,"Direct product",FALSE,FALSE,21,29,838,855,0,-17,"ARITHMETIC"
2,18,611,851,"Direct product generalized",TRUE,FALSE,20,31,884,901,-33,-50,"ARITH_OPEN"
2,18,614,853,"Direct product generalized",TRUE,FALSE,20,31,884,901,-31,-48,"ARITH_OPEN"
2,18,620,854,"Direct product generalized",TRUE,FALSE,20,31,884,901,-30,-47,"ARITH_OPEN"
2,18,627,855,"Direct product generalized",TRUE,FALSE,20,32,884,901,-29,-46,"ARITH_OPEN"
2,18,628,856,"Direct product generalized",TRUE,FALSE,20,32,884,901,-28,-45,"ARITH_OPEN"
2,18,629,857,"Direct product generalized",TRUE,FALSE,20,32,884,901,-27,-44,"ARITH_OPEN"
2,18,630,858,"Direct product generalized",TRUE,FALSE,20,32,884,901,-26,-43,"ARITH_OPEN"
2,18,639,867,"Direct product generalized",TRUE,FALSE,20,32,884,901,-17,-34,"ARITH_OPEN"
2,18,643,868,"Direct product generalized",TRUE,FALSE,21,31,887,904,-19,-36,"ARITH_OPEN"
2,18,648,869,"Direct product generalized",TRUE,FALSE,21,31,887,904,-18,-35,"ARITH_OPEN"
2,18,651,870,"Direct product generalized",TRUE,FALSE,21,31,887,904,-17,-34,"ARITH_OPEN"
2,18,660,882,"Direct product",FALSE,FALSE,21,32,887,904,-5,-22,"ARITH_OPEN"
2,18,664,883,"Direct product generalized",TRUE,FALSE,21,32,887,904,-4,-21,"ARITH_OPEN"
2,18,670,884,"Direct product generalized",TRUE,FALSE,21,32,887,904,-3,-20,"ARITH_OPEN"
2,18,672,885,"Direct product generalized",TRUE,FALSE,21,32,887,904,-2,-19,"ARITH_OPEN"
2,18,673,890,"Direct product generalized",TRUE,FALSE,21,33,900,917,-10,-27,"ARITH_OPEN"
2,18,696,892,"Direct product generalized",TRUE,FALSE,21,34,921,938,-29,-46,"ARITH_OPEN"
2,18,703,908,"Direct product generalized",TRUE,FALSE,21,34,921,938,-13,-30,"ARITH_OPEN"
2,18,711,909,"Direct product generalized",TRUE,FALSE,21,34,921,938,-12,-29,"ARITH_OPEN"
2,18,725,910,"Direct product generalized",TRUE,FALSE,19,39,931,948,-21,-38,"ARITH_OPEN"
2,18,731,922,"Direct product generalized",TRUE,FALSE,19,39,931,948,-9,-26,"ARITH_OPEN"
2,18,740,923,"Direct product generalized",TRUE,FALSE,19,39,931,948,-8,-25,"ARITH_OPEN"
2,18,745,924,"Direct product generalized",TRUE,FALSE,19,40,931,948,-7,-24,"ARITH_OPEN"
2,18,751,925,"Direct product generalized",TRUE,FALSE,19,40,931,948,-6,-23,"ARITH_OPEN"
2,18,753,926,"Direct product generalized",TRUE,FALSE,19,40,931,948,-5,-22,"ARITH_OPEN"
2,18,754,927,"Direct product generalized",TRUE,FALSE,19,40,931,948,-4,-21,"ARITH_OPEN"
2,18,760,931,"Direct product",FALSE,FALSE,19,40,931,948,0,-17,"ARITHMETIC"
2,18,800,932,"Direct product",FALSE,FALSE,20,40,931,948,1,-16,"ARITH_OPEN"
2,18,840,934,"Direct product",FALSE,FALSE,20,42,934,951,0,-17,"ARITHMETIC"
2,18,882,937,"Direct product",FALSE,FALSE,21,42,937,954,0,-17,"ARITHMETIC"
2,18,924,945,"Direct product",FALSE,FALSE,21,44,945,962,0,-17,"ARITHMETIC"
2,18,962,954,"Direct product generalized",TRUE,FALSE,7,138,956,973,-2,-19,"ARITH_OPEN"
2,18,1017,957,"Direct product generalized",TRUE,FALSE,7,146,972,989,-15,-32,"ARITH_OPEN"
2,18,1020,958,"Direct product generalized",TRUE,FALSE,7,146,972,989,-14,-31,"ARITH_OPEN"
2,18,1028,960,"Direct product generalized",TRUE,FALSE,7,147,972,989,-12,-29,"ARITH_OPEN"
2,18,1046,969,"Direct product generalized",TRUE,FALSE,7,150,975,992,-6,-23,"ARITH_OPEN"
2,18,1047,971,"Direct product generalized",TRUE,FALSE,7,150,975,992,-4,-21,"ARITH_OPEN"
2,18,2394,972,"Direct product generalized",TRUE,FALSE,7,342,987,1004,-15,-32,"ARITH_OPEN"
2,18,2793,974,"Direct product generalized",TRUE,FALSE,7,399,989,1006,-15,-32,"ARITH_OPEN"
2,18,2807,989,"Direct product",FALSE,FALSE,7,401,989,1006,0,-17,"ARITHMETIC"
2,18,3159,993,"Direct product generalized",TRUE,FALSE,13,243,1006,1023,-13,-30,"ARITH_OPEN"
2,18,3591,994,"Direct product generalized",TRUE,FALSE,20,180,1009,1026,-15,-32,"ARITH_OPEN"
2,18,3990,997,"Direct product generalized",TRUE,FALSE,13,307,1012,1029,-15,-32,"ARITH_OPEN"
2,18,5187,998,"Direct product generalized",TRUE,FALSE,20,260,1013,1030,-15,-32,"ARITH_OPEN"
2,18,5586,1003,"Direct product generalized",TRUE,FALSE,20,280,1018,1035,-15,-32,"ARITH_OPEN"
2,18,6384,1004,"Direct product generalized",TRUE,FALSE,17,376,1019,1036,-15,-32,"ARITH_OPEN"
2,18,7581,1005,"Direct product generalized",TRUE,FALSE,20,380,1020,1037,-15,-32,"ARITH_OPEN"
2,18,7714,1006,"Direct product generalized",TRUE,FALSE,20,386,1022,1039,-16,-33,"ARITH_OPEN"
2,18,8002,1007,"Direct product generalized",TRUE,FALSE,20,401,1022,1039,-15,-32,"ARITH_OPEN"
2,18,8420,1008,"Direct product",FALSE,FALSE,20,421,1023,1040,-15,-32,"ARITH_OPEN"
2,18,8439,1024,"Direct product generalized",TRUE,FALSE,21,402,1026,1043,-2,-19,"ARITH_OPEN"
2,18,8857,1025,"Direct product generalized",TRUE,FALSE,21,422,1043,1060,-18,-35,"ARITH_OPEN"
2,18,8901,1026,"Direct product generalized",TRUE,FALSE,21,424,1043,1060,-17,-34,"ARITH_OPEN"
2,18,9223,1042,"Direct product generalized",TRUE,FALSE,21,440,1043,1060,-1,-18,"ARITH_OPEN"
2,18,9260,1043,"Direct product generalized",TRUE,FALSE,21,441,1044,1061,-1,-18,"ARITH_OPEN"
2,18,9261,1044,"Direct product",FALSE,FALSE,21,441,1044,1061,0,-17,"ARITHMETIC"
2,18,9276,1060,"Direct product generalized",TRUE,FALSE,21,442,1091,1108,-31,-48,"ARITH_OPEN"
2,18,9324,1062,"Direct product generalized",TRUE,FALSE,20,467,1094,1111,-32,-49,"ARITH_OPEN"
2,18,9576,1077,"Direct product generalized",TRUE,FALSE,20,479,1094,1111,-17,-34,"ARITH_OPEN"
2,18,9598,1079,"Direct product generalized",TRUE,FALSE,20,480,1094,1111,-15,-32,"ARITH_OPEN"
2,18,10104,1080,"Direct product generalized",TRUE,FALSE,21,482,1098,1115,-18,-35,"ARITH_OPEN"
2,18,10123,1092,"Direct product generalized",TRUE,FALSE,21,483,1098,1115,-6,-23,"ARITH_OPEN"
2,18,10124,1093,"Direct product generalized",TRUE,FALSE,21,483,1098,1115,-5,-22,"ARITH_OPEN"
2,18,10561,1097,"Direct product generalized",TRUE,FALSE,21,503,1098,1115,-1,-18,"ARITH_OPEN"
2,18,10668,1098,"Direct product generalized",TRUE,FALSE,21,508,1115,1132,-17,-34,"ARITH_OPEN"
2,18,10780,1112,"Direct product generalized",TRUE,FALSE,21,514,1116,1133,-4,-21,"ARITH_OPEN"
2,18,10945,1113,"Direct product generalized",TRUE,FALSE,21,522,1116,1133,-3,-20,"ARITH_OPEN"
2,18,11004,1114,"Direct product generalized",TRUE,FALSE,21,524,1116,1133,-2,-19,"ARITH_OPEN"
2,18,11053,1115,"Direct product generalized",TRUE,FALSE,21,527,1130,1147,-15,-32,"ARITH_OPEN"
2,18,11109,1116,"Direct product generalized",TRUE,FALSE,21,529,1130,1147,-14,-31,"ARITH_OPEN"
2,18,11125,1125,"Direct product generalized",TRUE,FALSE,21,530,1130,1147,-5,-22,"ARITH_OPEN"
2,18,11126,1126,"Direct product generalized",TRUE,FALSE,21,530,1130,1147,-4,-21,"ARITH_OPEN"
2,18,11164,1127,"Direct product generalized",TRUE,FALSE,21,532,1130,1147,-3,-20,"ARITH_OPEN"
2,18,11242,1128,"Direct product generalized",TRUE,FALSE,21,536,1131,1148,-3,-20,"ARITH_OPEN"
2,18,11384,1129,"Direct product generalized",TRUE,FALSE,21,543,1132,1149,-3,-20,"ARITH_OPEN"
2,18,11426,1130,"Direct product generalized",TRUE,FALSE,21,545,1132,1149,-2,-19,"ARITH_OPEN"
2,18,11444,1131,"Direct product generalized",TRUE,FALSE,21,545,1132,1149,-1,-18,"ARITH_OPEN"
2,18,11487,1132,"Direct product generalized",TRUE,FALSE,21,547,1145,1162,-13,-30,"ARITH_OPEN"
2,18,11550,1133,"Direct product generalized",TRUE,FALSE,21,550,1146,1163,-13,-30,"ARITH_OPEN"
2,18,11566,1141,"Direct product generalized",TRUE,FALSE,21,551,1146,1163,-5,-22,"ARITH_OPEN"
2,18,11605,1142,"Direct product generalized",TRUE,FALSE,21,553,1146,1163,-4,-21,"ARITH_OPEN"
2,18,11683,1143,"Direct product generalized",TRUE,FALSE,21,557,1146,1163,-3,-20,"ARITH_OPEN"
2,18,11725,1144,"Direct product generalized",TRUE,FALSE,21,559,1147,1164,-3,-20,"ARITH_OPEN"
2,18,11784,1145,"Direct product generalized",TRUE,FALSE,21,562,1147,1164,-2,-19,"ARITH_OPEN"
2,18,11880,1146,"Direct product generalized",TRUE,FALSE,21,566,1147,1164,-1,-18,"ARITH_OPEN"
2,18,11928,1147,"Direct product generalized",TRUE,FALSE,21,568,1161,1178,-14,-31,"ARITH_OPEN"
2,18,11991,1148,"Direct product generalized",TRUE,FALSE,21,571,1161,1178,-13,-30,"ARITH_OPEN"
2,18,12096,1152,"Direct product generalized",TRUE,FALSE,21,576,1161,1178,-9,-26,"ARITH_OPEN"
2,18,12163,1159,"Direct product generalized",TRUE,FALSE,21,580,1162,1179,-3,-20,"ARITH_OPEN"
2,18,12168,1160,"Direct product generalized",TRUE,FALSE,21,580,1162,1179,-2,-19,"ARITH_OPEN"
2,18,12282,1161,"Direct product generalized",TRUE,FALSE,21,585,1163,1180,-2,-19,"ARITH_OPEN"
2,18,12326,1162,"Direct product generalized",TRUE,FALSE,21,587,1163,1180,-1,-18,"ARITH_OPEN"
2,18,12375,1163,"Direct product generalized",TRUE,FALSE,21,590,1178,1195,-15,-32,"ARITH_OPEN"
2,18,12432,1164,"Direct product generalized",TRUE,FALSE,21,592,1179,1196,-15,-32,"ARITH_OPEN"
2,18,12663,1170,"Direct product generalized",TRUE,FALSE,21,603,1179,1196,-9,-26,"ARITH_OPEN"
2,18,12752,1178,"Direct product generalized",TRUE,FALSE,21,608,1179,1196,-1,-18,"ARITH_OPEN"
2,18,12813,1179,"Direct product generalized",TRUE,FALSE,21,611,1193,1210,-14,-31,"ARITH_OPEN"
2,18,12831,1180,"Direct product generalized",TRUE,FALSE,21,611,1193,1210,-13,-30,"ARITH_OPEN"
2,18,12873,1182,"Direct product generalized",TRUE,FALSE,21,613,1195,1212,-13,-30,"ARITH_OPEN"
2,18,13030,1185,"Direct product generalized",TRUE,FALSE,21,621,1197,1214,-12,-29,"ARITH_OPEN"
2,18,13140,1186,"Direct product generalized",TRUE,FALSE,21,626,1197,1214,-11,-28,"ARITH_OPEN"
2,18,13188,1187,"Direct product generalized",TRUE,FALSE,21,628,1198,1215,-11,-28,"ARITH_OPEN"
2,18,13195,1188,"Direct product generalized",TRUE,FALSE,21,629,1199,1216,-11,-28,"ARITH_OPEN"
2,18,13209,1189,"Direct product generalized",TRUE,FALSE,21,629,1199,1216,-10,-27,"ARITH_OPEN"
2,18,13216,1191,"Direct product generalized",TRUE,FALSE,21,630,1200,1217,-9,-26,"ARITH_OPEN"
2,18,13230,1192,"Direct product generalized",TRUE,FALSE,21,630,1200,1217,-8,-25,"ARITH_OPEN"
2,18,13251,1195,"Direct product generalized",TRUE,FALSE,21,631,1209,1226,-14,-31,"ARITH_OPEN"
2,18,13265,1196,"Direct product generalized",TRUE,FALSE,21,632,1209,1226,-13,-30,"ARITH_OPEN"
2,18,13300,1197,"Direct product generalized",TRUE,FALSE,21,634,1209,1226,-12,-29,"ARITH_OPEN"
2,18,13314,1198,"Direct product generalized",TRUE,FALSE,21,634,1209,1226,-11,-28,"ARITH_OPEN"
2,18,13328,1199,"Direct product generalized",TRUE,FALSE,21,635,1209,1226,-10,-27,"ARITH_OPEN"
2,18,13426,1200,"Direct product generalized",TRUE,FALSE,21,640,1210,1227,-10,-27,"ARITH_OPEN"
2,18,13588,1201,"Direct product generalized",TRUE,FALSE,21,648,1211,1228,-10,-27,"ARITH_OPEN"
2,18,13657,1202,"Direct product generalized",TRUE,FALSE,21,651,1212,1229,-10,-27,"ARITH_OPEN"
2,18,13685,1203,"Direct product generalized",TRUE,FALSE,21,652,1224,1241,-21,-38,"ARITH_OPEN"
2,18,13720,1204,"Direct product generalized",TRUE,FALSE,21,654,1224,1241,-20,-37,"ARITH_OPEN"
2,18,13734,1205,"Direct product generalized",TRUE,FALSE,21,654,1224,1241,-19,-36,"ARITH_OPEN"
2,18,13755,1206,"Direct product generalized",TRUE,FALSE,21,655,1224,1241,-18,-35,"ARITH_OPEN"
2,18,13762,1207,"Direct product generalized",TRUE,FALSE,21,656,1224,1241,-17,-34,"ARITH_OPEN"
2,18,13776,1208,"Direct product generalized",TRUE,FALSE,21,656,1224,1241,-16,-33,"ARITH_OPEN"
2,18,13797,1210,"Direct product generalized",TRUE,FALSE,21,657,1224,1241,-14,-31,"ARITH_OPEN"
2,18,13825,1213,"Direct product generalized",TRUE,FALSE,21,659,1224,1241,-11,-28,"ARITH_OPEN"
2,18,13846,1214,"Direct product generalized",TRUE,FALSE,21,660,1224,1241,-10,-27,"ARITH_OPEN"
2,18,13902,1215,"Direct product generalized",TRUE,FALSE,21,662,1225,1242,-10,-27,"ARITH_OPEN"
2,18,13968,1216,"Direct product generalized",TRUE,FALSE,21,666,1226,1243,-10,-27,"ARITH_OPEN"
2,18,14112,1217,"Direct product generalized",TRUE,FALSE,21,672,1227,1244,-10,-27,"ARITH_OPEN"
2,18,14133,1218,"Direct product generalized",TRUE,FALSE,21,673,1232,1249,-14,-31,"ARITH_OPEN"
2,18,14203,1219,"Direct product generalized",TRUE,FALSE,21,677,1234,1251,-15,-32,"ARITH_OPEN"
2,18,14238,1220,"Direct product generalized",TRUE,FALSE,21,678,1234,1251,-14,-31,"ARITH_OPEN"
2,18,14280,1221,"Direct product generalized",TRUE,FALSE,21,680,1234,1251,-13,-30,"ARITH_OPEN"
2,18,14301,1222,"Direct product generalized",TRUE,FALSE,21,681,1234,1251,-12,-29,"ARITH_OPEN"
2,18,14328,1224,"Direct product generalized",TRUE,FALSE,21,683,1234,1251,-10,-27,"ARITH_OPEN"
2,18,14343,1225,"Direct product generalized",TRUE,FALSE,21,683,1234,1251,-9,-26,"ARITH_OPEN"
2,18,14364,1228,"Direct product generalized",TRUE,FALSE,21,684,1234,1251,-6,-23,"ARITH_OPEN"
2,18,14397,1229,"Direct product generalized",TRUE,FALSE,21,686,1234,1251,-5,-22,"ARITH_OPEN"
2,18,14418,1230,"Direct product generalized",TRUE,FALSE,21,687,1234,1251,-4,-21,"ARITH_OPEN"
2,18,14448,1231,"Direct product generalized",TRUE,FALSE,21,688,1234,1251,-3,-20,"ARITH_OPEN"
2,18,14511,1232,"Direct product generalized",TRUE,FALSE,21,691,1234,1251,-2,-19,"ARITH_OPEN"
2,18,14593,1233,"Direct product generalized",TRUE,FALSE,21,695,1234,1251,-1,-18,"ARITH_OPEN"
2,18,14658,1234,"Direct product generalized",TRUE,FALSE,21,698,1250,1267,-16,-33,"ARITH_OPEN"
2,18,14769,1235,"Direct product generalized",TRUE,FALSE,21,704,1251,1268,-16,-33,"ARITH_OPEN"
2,18,14811,1236,"Direct product generalized",TRUE,FALSE,21,706,1251,1268,-15,-32,"ARITH_OPEN"
2,18,14868,1237,"Direct product generalized",TRUE,FALSE,21,708,1251,1268,-14,-31,"ARITH_OPEN"
2,18,14889,1239,"Direct product generalized",TRUE,FALSE,21,709,1251,1268,-12,-29,"ARITH_OPEN"
2,18,14910,1240,"Direct product generalized",TRUE,FALSE,21,710,1251,1268,-11,-28,"ARITH_OPEN"
2,18,14916,1242,"Direct product generalized",TRUE,FALSE,21,711,1251,1268,-9,-26,"ARITH_OPEN"
2,18,14952,1244,"Direct product generalized",TRUE,FALSE,21,712,1252,1269,-8,-25,"ARITH_OPEN"
2,18,15004,1246,"Direct product generalized",TRUE,FALSE,21,715,1252,1269,-6,-23,"ARITH_OPEN"
2,18,15031,1247,"Direct product generalized",TRUE,FALSE,21,716,1252,1269,-5,-22,"ARITH_OPEN"
2,18,15080,1248,"Direct product generalized",TRUE,FALSE,21,719,1252,1269,-4,-21,"ARITH_OPEN"
2,18,15188,1249,"Direct product generalized",TRUE,FALSE,21,724,1252,1269,-3,-20,"ARITH_OPEN"
2,18,15247,1250,"Direct product generalized",TRUE,FALSE,40,382,1256,1273,-6,-23,"ARITH_OPEN"
2,18,15369,1251,"Direct product generalized",TRUE,FALSE,40,385,1256,1273,-5,-22,"ARITH_OPEN"
2,18,15440,1252,"Direct product generalized",TRUE,FALSE,39,396,1257,1274,-5,-22,"ARITH_OPEN"
2,18,15482,1253,"Direct product generalized",TRUE,FALSE,39,397,1257,1274,-4,-21,"ARITH_OPEN"
2,18,15960,1256,"Direct product generalized",TRUE,FALSE,40,399,1257,1274,-1,-18,"ARITH_OPEN"
2,18,16842,1260,"Direct product generalized",TRUE,FALSE,42,401,1260,1277,0,-17,"ARITH_INFERRED"
2,18,19222,1278,"Direct product generalized",TRUE,FALSE,7,2746,1280,1297,-2,-19,"ARITH_OPEN"
2,18,20000,1279,"Direct product generalized",TRUE,FALSE,7,2858,1296,1313,-17,-34,"ARITH_OPEN"
2,19,400,720,"Direct product",FALSE,FALSE,20,20,703,721,17,-1,"ARITH_OPEN"
2,19,456,776,"Direct product",FALSE,FALSE,19,24,841,859,-65,-83,"ARITH_OPEN"
2,19,457,793,"Direct product generalized",TRUE,FALSE,20,23,841,859,-48,-66,"ARITH_OPEN"
2,19,480,794,"Direct product",FALSE,FALSE,20,24,841,859,-47,-65,"ARITH_OPEN"
2,19,500,815,"Direct product generalized",TRUE,FALSE,20,25,844,862,-29,-47,"ARITH_OPEN"
2,19,501,826,"Direct product generalized",TRUE,FALSE,20,26,846,864,-20,-38,"ARITH_OPEN"
2,19,503,827,"Direct product generalized",TRUE,FALSE,20,26,846,864,-19,-37,"ARITH_OPEN"
2,19,505,829,"Direct product generalized",TRUE,FALSE,20,26,846,864,-17,-35,"ARITH_OPEN"
2,19,509,830,"Direct product generalized",TRUE,FALSE,20,26,846,864,-16,-34,"ARITH_OPEN"
2,19,512,831,"Direct product generalized",TRUE,FALSE,20,26,846,864,-15,-33,"ARITH_OPEN"
2,19,517,832,"Direct product generalized",TRUE,FALSE,20,26,846,864,-14,-32,"ARITH_OPEN"
2,19,519,833,"Direct product generalized",TRUE,FALSE,20,26,846,864,-13,-31,"ARITH_OPEN"
2,19,520,834,"Direct product generalized",TRUE,FALSE,20,26,846,864,-12,-30,"ARITH_OPEN"
2,19,521,845,"Direct product generalized",TRUE,FALSE,20,27,849,867,-4,-22,"ARITH_OPEN"
2,19,522,846,"Direct product generalized",TRUE,FALSE,20,27,849,867,-3,-21,"ARITH_OPEN"
2,19,524,848,"Direct product generalized",TRUE,FALSE,20,27,849,867,-1,-19,"ARITH_OPEN"
2,19,540,849,"Direct product",FALSE,FALSE,20,27,849,867,0,-18,"ARITHMETIC"
2,19,560,851,"Direct product",FALSE,FALSE,20,28,851,869,0,-18,"ARITHMETIC"
2,19,561,879,"Direct product generalized",TRUE,FALSE,20,29,914,932,-35,-53,"ARITH_OPEN"
2,19,562,880,"Direct product generalized",TRUE,FALSE,20,29,914,932,-34,-52,"ARITH_OPEN"
2,19,564,881,"Direct product generalized",TRUE,FALSE,20,29,914,932,-33,-51,"ARITH_OPEN"
2,19,565,882,"Direct product generalized",TRUE,FALSE,20,29,914,932,-32,-50,"ARITH_OPEN"
2,19,570,883,"Direct product generalized",TRUE,FALSE,20,29,914,932,-31,-49,"ARITH_OPEN"
2,19,576,884,"Direct product generalized",TRUE,FALSE,20,29,914,932,-30,-48,"ARITH_OPEN"
2,19,577,885,"Direct product generalized",TRUE,FALSE,20,29,914,932,-29,-47,"ARITH_OPEN"
2,19,578,886,"Direct product generalized",TRUE,FALSE,20,29,914,932,-28,-46,"ARITH_OPEN"
2,19,580,887,"Direct product generalized",TRUE,FALSE,20,29,914,932,-27,-45,"ARITH_OPEN"
2,19,583,897,"Direct product generalized",TRUE,FALSE,20,30,916,934,-19,-37,"ARITH_OPEN"
2,19,585,898,"Direct product generalized",TRUE,FALSE,20,30,916,934,-18,-36,"ARITH_OPEN"
2,19,586,899,"Direct product generalized",TRUE,FALSE,20,30,916,934,-17,-35,"ARITH_OPEN"
2,19,589,901,"Direct product generalized",TRUE,FALSE,20,30,916,934,-15,-33,"ARITH_OPEN"
2,19,593,902,"Direct product generalized",TRUE,FALSE,20,30,916,934,-14,-32,"ARITH_OPEN"
2,19,596,903,"Direct product generalized",TRUE,FALSE,20,30,916,934,-13,-31,"ARITH_OPEN"
2,19,599,904,"Direct product generalized",TRUE,FALSE,20,30,916,934,-12,-30,"ARITH_OPEN"
2,19,600,907,"Direct product generalized",TRUE,FALSE,20,30,916,934,-9,-27,"ARITH_OPEN"
2,19,603,917,"Direct product generalized",TRUE,FALSE,20,31,918,936,-1,-19,"ARITH_OPEN"
2,19,620,918,"Direct product",FALSE,FALSE,20,31,918,936,0,-18,"ARITHMETIC"
2,19,640,919,"Direct product",FALSE,FALSE,20,32,919,937,0,-18,"ARITHMETIC"
2,19,648,922,"Direct product",FALSE,FALSE,20,33,979,997,-57,-75,"ARITH_OPEN"
2,19,672,924,"Direct product",FALSE,FALSE,20,34,980,998,-56,-74,"ARITH_OPEN"
2,19,678,944,"Direct product generalized",TRUE,FALSE,20,34,980,998,-36,-54,"ARITH_OPEN"
2,19,684,945,"Direct product generalized",TRUE,FALSE,20,35,982,1000,-37,-55,"ARITH_OPEN"
2,19,700,946,"Direct product generalized",TRUE,FALSE,20,35,982,1000,-36,-54,"ARITH_OPEN"
2,19,705,959,"Direct product generalized",TRUE,FALSE,20,36,987,1005,-28,-46,"ARITH_OPEN"
2,19,714,960,"Direct product generalized",TRUE,FALSE,20,36,987,1005,-27,-45,"ARITH_OPEN"
2,19,719,961,"Direct product generalized",TRUE,FALSE,20,36,987,1005,-26,-44,"ARITH_OPEN"
2,19,725,962,"Direct product generalized",TRUE,FALSE,26,28,994,1012,-32,-50,"ARITH_OPEN"
2,19,727,963,"Direct product generalized",TRUE,FALSE,26,28,994,1012,-31,-49,"ARITH_OPEN"
2,19,728,964,"Direct product generalized",TRUE,FALSE,26,28,994,1012,-30,-48,"ARITH_OPEN"
2,19,729,978,"Direct product generalized",TRUE,FALSE,27,27,995,1013,-17,-35,"ARITH_OPEN"
2,19,742,979,"Direct product generalized",TRUE,FALSE,27,28,997,1015,-18,-36,"ARITH_OPEN"
2,19,745,980,"Direct product generalized",TRUE,FALSE,27,28,997,1015,-17,-35,"ARITH_OPEN"
2,19,755,981,"Direct product generalized",TRUE,FALSE,27,28,997,1015,-16,-34,"ARITH_OPEN"
2,19,756,982,"Direct product generalized",TRUE,FALSE,27,28,997,1015,-15,-33,"ARITH_OPEN"
2,19,768,992,"Direct product",FALSE,FALSE,28,28,999,1017,-7,-25,"ARITH_OPEN"
2,19,770,998,"Direct product generalized",TRUE,FALSE,28,28,999,1017,-1,-19,"ARITH_OPEN"
2,19,784,999,"Direct product",FALSE,FALSE,28,28,999,1017,0,-18,"ARITHMETIC"
2,19,900,1014,"Direct product",FALSE,FALSE,20,45,1002,1020,12,-6,"ARITH_OPEN"
2,19,920,1027,"Direct product",FALSE,FALSE,20,46,1015,1033,12,-6,"ARITH_OPEN"
2,19,7980,1062,"Direct product",FALSE,FALSE,20,399,1045,1063,17,-1,"ARITH_OPEN"
2,19,8000,1079,"Direct product",FALSE,FALSE,20,400,1062,1080,17,-1,"ARITH_OPEN"
2,19,9120,1118,"Direct product",FALSE,FALSE,20,456,1118,1136,0,-18,"ARITHMETIC"
2,19,9139,1135,"Direct product generalized",TRUE,FALSE,20,457,1135,1153,0,-18,"ARITH_INFERRED"
2,19,9600,1153,"Direct product",FALSE,FALSE,20,480,1136,1154,17,-1,"ARITH_OPEN"
2,19,10014,1168,"Direct product generalized",TRUE,FALSE,20,501,1168,1186,0,-18,"ARITH_INFERRED"
2,19,10052,1169,"Direct product generalized",TRUE,FALSE,20,503,1169,1187,0,-18,"ARITH_INFERRED"
2,19,10091,1171,"Direct product generalized",TRUE,FALSE,20,505,1171,1189,0,-18,"ARITH_INFERRED"
2,19,10168,1172,"Direct product generalized",TRUE,FALSE,20,509,1172,1190,0,-18,"ARITH_INFERRED"
2,19,10225,1173,"Direct product generalized",TRUE,FALSE,20,512,1173,1191,0,-18,"ARITH_INFERRED"
2,19,10320,1174,"Direct product generalized",TRUE,FALSE,20,516,1174,1192,0,-18,"ARITH_INFERRED"
2,19,10359,1175,"Direct product generalized",TRUE,FALSE,20,518,1175,1193,0,-18,"ARITH_INFERRED"
2,19,10378,1176,"Direct product generalized",TRUE,FALSE,20,519,1175,1193,1,-17,"ARITH_OPEN"
2,19,10379,1177,"Direct product generalized",TRUE,FALSE,20,519,1175,1193,2,-16,"ARITH_OPEN"
2,19,10412,1187,"Direct product generalized",TRUE,FALSE,20,521,1187,1205,0,-18,"ARITH_INFERRED"
2,19,10431,1188,"Direct product generalized",TRUE,FALSE,20,522,1188,1206,0,-18,"ARITH_INFERRED"
2,19,10469,1190,"Direct product generalized",TRUE,FALSE,20,524,1190,1208,0,-18,"ARITH_INFERRED"
2,19,10944,1191,"Direct product",FALSE,FALSE,20,548,1193,1211,-2,-20,"ARITH_OPEN"
2,19,11172,1193,"Direct product",FALSE,FALSE,20,559,1193,1211,0,-18,"ARITHMETIC"
2,19,11418,1213,"Direct product generalized",TRUE,FALSE,20,571,1226,1244,-13,-31,"ARITH_OPEN"
2,19,11500,1214,"Direct product generalized",TRUE,FALSE,20,575,1226,1244,-12,-30,"ARITH_OPEN"
2,19,11520,1227,"Direct product",FALSE,FALSE,20,576,1226,1244,1,-17,"ARITH_OPEN"
2,19,11534,1228,"Direct product generalized",TRUE,FALSE,20,577,1227,1245,1,-17,"ARITH_OPEN"
2,19,11719,1229,"Direct product generalized",TRUE,FALSE,20,586,1241,1259,-12,-30,"ARITH_OPEN"
2,19,11831,1230,"Direct product generalized",TRUE,FALSE,20,592,1244,1262,-14,-32,"ARITH_OPEN"
2,19,12000,1231,"Direct product",FALSE,FALSE,20,600,1249,1267,-18,-36,"ARITH_OPEN"
2,19,12020,1233,"Direct product generalized",TRUE,FALSE,20,601,1259,1277,-26,-44,"ARITH_OPEN"
2,19,12038,1238,"Direct product generalized",TRUE,FALSE,20,602,1259,1277,-21,-39,"ARITH_OPEN"
2,19,12067,1245,"Direct product generalized",TRUE,FALSE,20,604,1260,1278,-15,-33,"ARITH_OPEN"
2,19,12128,1246,"Direct product generalized",TRUE,FALSE,20,607,1260,1278,-14,-32,"ARITH_OPEN"
2,19,12158,1247,"Direct product generalized",TRUE,FALSE,20,608,1260,1278,-13,-31,"ARITH_OPEN"
2,19,12256,1248,"Direct product generalized",TRUE,FALSE,20,613,1260,1278,-12,-30,"ARITH_OPEN"
2,19,12318,1249,"Direct product generalized",TRUE,FALSE,20,616,1260,1278,-11,-29,"ARITH_OPEN"
2,19,12346,1250,"Direct product generalized",TRUE,FALSE,20,618,1260,1278,-10,-28,"ARITH_OPEN"
2,19,12480,1251,"Direct product generalized",TRUE,FALSE,20,624,1261,1279,-10,-28,"ARITH_OPEN"
2,19,12500,1252,"Direct product generalized",TRUE,FALSE,20,625,1261,1279,-9,-27,"ARITH_OPEN"
2,19,12539,1253,"Direct product generalized",TRUE,FALSE,20,627,1261,1279,-8,-26,"ARITH_OPEN"
2,19,12542,1254,"Direct product generalized",TRUE,FALSE,20,628,1261,1279,-7,-25,"ARITH_OPEN"
2,19,12560,1255,"Direct product generalized",TRUE,FALSE,20,628,1261,1279,-6,-24,"ARITH_OPEN"
2,19,12564,1257,"Direct product generalized",TRUE,FALSE,20,629,1261,1279,-4,-22,"ARITH_OPEN"
2,19,12580,1258,"Direct product generalized",TRUE,FALSE,20,629,1261,1279,-3,-21,"ARITH_OPEN"
2,19,12581,1259,"Direct product generalized",TRUE,FALSE,20,630,1261,1279,-2,-20,"ARITH_OPEN"
2,19,12583,1260,"Direct product generalized",TRUE,FALSE,20,630,1261,1279,-1,-19,"ARITH_OPEN"
2,19,12768,1261,"Direct product",FALSE,FALSE,20,639,1261,1279,0,-18,"ARITHMETIC"
2,19,15552,1338,"Direct product",FALSE,FALSE,20,778,1341,1359,-3,-21,"ARITH_OPEN"
2,19,16128,1341,"Direct product",FALSE,FALSE,19,849,1344,1362,-3,-21,"ARITH_OPEN"
2,19,17955,1356,"Direct product",FALSE,FALSE,45,399,1344,1362,12,-6,"ARITH_OPEN"
2,19,18354,1369,"Direct product",FALSE,FALSE,46,399,1357,1375,12,-6,"ARITH_OPEN"
2,19,20000,1387,"Direct product",FALSE,FALSE,3,6667,1387,1405,0,-18,"ARITHMETIC"
2,20,130,836,"Direct product",FALSE,FALSE,10,13,836,855,0,-19,"ARITHMETIC"
2,20,169,838,"Direct product",FALSE,FALSE,13,13,838,857,0,-19,"ARITHMETIC"
2,20,182,843,"Direct product",FALSE,FALSE,13,14,843,862,0,-19,"ARITHMETIC"
2,20,208,844,"Direct product",FALSE,FALSE,13,16,844,863,0,-19,"ARITHMETIC"
2,20,224,849,"Direct product",FALSE,FALSE,14,16,849,868,0,-19,"ARITHMETIC"
2,20,256,850,"Direct product",FALSE,FALSE,16,16,850,869,0,-19,"ARITHMETIC"
2,20,272,855,"Direct product",FALSE,FALSE,16,17,855,874,0,-19,"ARITHMETIC"
2,20,288,858,"Direct product",FALSE,FALSE,16,18,858,877,0,-19,"ARITHMETIC"
2,20,289,860,"Direct product",FALSE,FALSE,17,17,860,879,0,-19,"ARITHMETIC"
2,20,304,862,"Direct product",FALSE,FALSE,16,19,862,881,0,-19,"ARITHMETIC"
2,20,306,863,"Direct product",FALSE,FALSE,17,18,863,882,0,-19,"ARITHMETIC"
2,20,324,866,"Direct product",FALSE,FALSE,18,18,866,885,0,-19,"ARITHMETIC"
2,20,342,870,"Direct product",FALSE,FALSE,18,19,870,889,0,-19,"ARITHMETIC"
2,20,384,874,"Direct product",FALSE,FALSE,20,20,882,901,-8,-27,"ARITH_OPEN"
2,20,385,878,"Direct product generalized",TRUE,FALSE,20,20,882,901,-4,-23,"ARITH_OPEN"
2,20,408,879,"Direct product",FALSE,FALSE,17,24,926,945,-47,-66,"ARITH_OPEN"
2,20,409,881,"Direct product generalized",TRUE,FALSE,18,23,929,948,-48,-67,"ARITH_OPEN"
2,20,432,882,"Direct product",FALSE,FALSE,18,24,929,948,-47,-66,"ARITH_OPEN"
2,20,433,885,"Direct product generalized",TRUE,FALSE,19,23,933,952,-48,-67,"ARITH_OPEN"
2,20,456,886,"Direct product",FALSE,FALSE,19,24,933,952,-47,-66,"ARITH_OPEN"
2,20,457,889,"Direct product generalized",TRUE,FALSE,20,23,937,956,-48,-67,"ARITH_OPEN"
2,20,480,890,"Direct product",FALSE,FALSE,20,24,937,956,-47,-66,"ARITH_OPEN"
2,20,500,911,"Direct product generalized",TRUE,FALSE,20,25,943,962,-32,-51,"ARITH_OPEN"
2,20,502,926,"Direct product generalized",TRUE,FALSE,19,27,947,966,-21,-40,"ARITH_OPEN"
2,20,506,927,"Direct product generalized",TRUE,FALSE,19,27,947,966,-20,-39,"ARITH_OPEN"
2,20,512,928,"Direct product generalized",TRUE,FALSE,19,27,947,966,-19,-38,"ARITH_OPEN"
2,20,516,929,"Direct product generalized",TRUE,FALSE,20,26,948,967,-19,-38,"ARITH_OPEN"
2,20,518,930,"Direct product generalized",TRUE,FALSE,20,26,948,967,-18,-37,"ARITH_OPEN"
2,20,519,931,"Direct product generalized",TRUE,FALSE,20,26,948,967,-17,-36,"ARITH_OPEN"
2,20,520,932,"Direct product generalized",TRUE,FALSE,20,26,948,967,-16,-35,"ARITH_OPEN"
2,20,528,943,"Direct product",FALSE,FALSE,20,27,951,970,-8,-27,"ARITH_OPEN"
2,20,533,944,"Direct product generalized",TRUE,FALSE,20,27,951,970,-7,-26,"ARITH_OPEN"
2,20,552,945,"Direct product",FALSE,FALSE,23,24,992,1011,-47,-66,"ARITH_OPEN"
2,20,553,948,"Direct product generalized",TRUE,FALSE,24,24,992,1011,-44,-63,"ARITH_OPEN"
2,20,576,949,"Direct product",FALSE,FALSE,24,24,992,1011,-43,-62,"ARITH_OPEN"
2,20,600,951,"Direct product",FALSE,FALSE,24,25,998,1017,-47,-66,"ARITH_OPEN"
2,20,601,954,"Direct product generalized",TRUE,FALSE,24,26,1003,1022,-49,-68,"ARITH_OPEN"
2,20,624,955,"Direct product",FALSE,FALSE,24,26,1003,1022,-48,-67,"ARITH_OPEN"
2,20,625,957,"Direct product generalized",TRUE,FALSE,25,25,1004,1023,-47,-66,"ARITH_OPEN"
2,20,648,958,"Direct product",FALSE,FALSE,24,27,1006,1025,-48,-67,"ARITH_OPEN"
2,20,653,977,"Direct product generalized",TRUE,FALSE,25,27,1012,1031,-35,-54,"ARITH_OPEN"
2,20,659,979,"Direct product generalized",TRUE,FALSE,25,27,1012,1031,-33,-52,"ARITH_OPEN"
2,20,675,980,"Direct product generalized",TRUE,FALSE,25,27,1012,1031,-32,-51,"ARITH_OPEN"
2,20,682,994,"Direct product generalized",TRUE,FALSE,26,27,1017,1036,-23,-42,"ARITH_OPEN"
2,20,687,995,"Direct product generalized",TRUE,FALSE,26,27,1017,1036,-22,-41,"ARITH_OPEN"
2,20,693,996,"Direct product generalized",TRUE,FALSE,26,27,1017,1036,-21,-40,"ARITH_OPEN"
2,20,698,997,"Direct product generalized",TRUE,FALSE,26,27,1017,1036,-20,-39,"ARITH_OPEN"
2,20,700,998,"Direct product generalized",TRUE,FALSE,26,27,1017,1036,-19,-38,"ARITH_OPEN"
2,20,701,999,"Direct product generalized",TRUE,FALSE,26,27,1017,1036,-18,-37,"ARITH_OPEN"
2,20,702,1000,"Direct product generalized",TRUE,FALSE,26,27,1017,1036,-17,-36,"ARITH_OPEN"
2,20,713,1013,"Direct product generalized",TRUE,FALSE,27,27,1020,1039,-7,-26,"ARITH_OPEN"
2,20,715,1014,"Direct product generalized",TRUE,FALSE,27,27,1020,1039,-6,-25,"ARITH_OPEN"
2,20,729,1017,"Direct product generalized",TRUE,FALSE,27,27,1020,1039,-3,-22,"ARITH_OPEN"
2,20,741,1020,"Direct product generalized",TRUE,FALSE,24,31,1078,1097,-58,-77,"ARITH_OPEN"
2,20,745,1026,"Direct product generalized",TRUE,FALSE,25,30,1082,1101,-56,-75,"ARITH_OPEN"
2,20,749,1029,"Direct product generalized",TRUE,FALSE,25,30,1082,1101,-53,-72,"ARITH_OPEN"
2,20,753,1030,"Direct product generalized",TRUE,FALSE,25,31,1084,1103,-54,-73,"ARITH_OPEN"
2,20,757,1032,"Direct product generalized",TRUE,FALSE,25,31,1084,1103,-52,-71,"ARITH_OPEN"
2,20,760,1046,"Direct product generalized",TRUE,FALSE,25,31,1084,1103,-38,-57,"ARITH_OPEN"
2,20,764,1049,"Direct product generalized",TRUE,FALSE,25,31,1084,1103,-35,-54,"ARITH_OPEN"
2,20,766,1050,"Direct product generalized",TRUE,FALSE,25,31,1084,1103,-34,-53,"ARITH_OPEN"
2,20,768,1051,"Direct product generalized",TRUE,FALSE,25,31,1084,1103,-33,-52,"ARITH_OPEN"
2,20,775,1052,"Direct product generalized",TRUE,FALSE,25,31,1084,1103,-32,-51,"ARITH_OPEN"
2,20,777,1054,"Direct product generalized",TRUE,FALSE,26,30,1087,1106,-33,-52,"ARITH_OPEN"
2,20,780,1055,"Direct product generalized",TRUE,FALSE,26,30,1087,1106,-32,-51,"ARITH_OPEN"
2,20,781,1056,"Direct product generalized",TRUE,FALSE,26,31,1089,1108,-33,-52,"ARITH_OPEN"
2,20,783,1057,"Direct product generalized",TRUE,FALSE,26,31,1089,1108,-32,-51,"ARITH_OPEN"
2,20,787,1067,"Direct product generalized",TRUE,FALSE,26,31,1089,1108,-22,-41,"ARITH_OPEN"
2,20,795,1068,"Direct product generalized",TRUE,FALSE,26,31,1089,1108,-21,-40,"ARITH_OPEN"
2,20,801,1069,"Direct product generalized",TRUE,FALSE,26,31,1089,1108,-20,-39,"ARITH_OPEN"
2,20,804,1070,"Direct product generalized",TRUE,FALSE,26,31,1089,1108,-19,-38,"ARITH_OPEN"
2,20,805,1071,"Direct product generalized",TRUE,FALSE,26,31,1089,1108,-18,-37,"ARITH_OPEN"
2,20,806,1072,"Direct product generalized",TRUE,FALSE,26,31,1089,1108,-17,-36,"ARITH_OPEN"
2,20,808,1075,"Direct product generalized",TRUE,FALSE,27,30,1090,1109,-15,-34,"ARITH_OPEN"
2,20,810,1076,"Direct product generalized",TRUE,FALSE,27,30,1090,1109,-14,-33,"ARITH_OPEN"
2,20,823,1087,"Direct product generalized",TRUE,FALSE,27,31,1092,1111,-5,-24,"ARITH_OPEN"
2,20,837,1089,"Direct product generalized",TRUE,FALSE,27,31,1092,1111,-3,-22,"ARITH_OPEN"
2,20,849,1092,"Direct product generalized",TRUE,FALSE,25,34,1155,1174,-63,-82,"ARITH_OPEN"
2,20,852,1099,"Direct product generalized",TRUE,FALSE,25,35,1158,1177,-59,-78,"ARITH_OPEN"
2,20,856,1100,"Direct product generalized",TRUE,FALSE,25,35,1158,1177,-58,-77,"ARITH_OPEN"
2,20,860,1102,"Direct product generalized",TRUE,FALSE,25,35,1158,1177,-56,-75,"ARITH_OPEN"
2,20,864,1104,"Direct product generalized",TRUE,FALSE,25,35,1158,1177,-54,-73,"ARITH_OPEN"
2,20,867,1105,"Direct product generalized",TRUE,FALSE,25,35,1158,1177,-53,-72,"ARITH_OPEN"
2,20,871,1108,"Direct product generalized",TRUE,FALSE,25,35,1158,1177,-50,-69,"ARITH_OPEN"
2,20,875,1119,"Direct product generalized",TRUE,FALSE,25,35,1158,1177,-39,-58,"ARITH_OPEN"
2,20,878,1120,"Direct product generalized",TRUE,FALSE,26,34,1160,1179,-40,-59,"ARITH_OPEN"
2,20,881,1122,"Direct product generalized",TRUE,FALSE,26,34,1160,1179,-38,-57,"ARITH_OPEN"
2,20,888,1123,"Direct product",FALSE,FALSE,30,30,1160,1179,-37,-56,"ARITH_OPEN"
2,20,891,1126,"Direct product generalized",TRUE,FALSE,30,30,1160,1179,-34,-53,"ARITH_OPEN"
2,20,896,1127,"Direct product generalized",TRUE,FALSE,30,30,1160,1179,-33,-52,"ARITH_OPEN"
2,20,897,1128,"Direct product generalized",TRUE,FALSE,30,30,1160,1179,-32,-51,"ARITH_OPEN"
2,20,899,1129,"Direct product generalized",TRUE,FALSE,30,30,1160,1179,-31,-50,"ARITH_OPEN"
2,20,903,1139,"Direct product generalized",TRUE,FALSE,30,31,1162,1181,-23,-42,"ARITH_OPEN"
2,20,909,1144,"Direct product generalized",TRUE,FALSE,30,31,1162,1181,-18,-37,"ARITH_OPEN"
2,20,925,1145,"Direct product generalized",TRUE,FALSE,30,31,1162,1181,-17,-36,"ARITH_OPEN"
2,20,928,1147,"Direct product generalized",TRUE,FALSE,30,31,1162,1181,-15,-34,"ARITH_OPEN"
2,20,930,1148,"Direct product generalized",TRUE,FALSE,30,31,1162,1181,-14,-33,"ARITH_OPEN"
2,20,934,1155,"Direct product generalized",TRUE,FALSE,31,31,1164,1183,-9,-28,"ARITH_OPEN"
2,20,938,1156,"Direct product generalized",TRUE,FALSE,31,31,1164,1183,-8,-27,"ARITH_OPEN"
2,20,941,1157,"Direct product generalized",TRUE,FALSE,31,31,1164,1183,-7,-26,"ARITH_OPEN"
2,20,942,1158,"Direct product generalized",TRUE,FALSE,31,31,1164,1183,-6,-25,"ARITH_OPEN"
2,20,946,1159,"Direct product generalized",TRUE,FALSE,31,31,1164,1183,-5,-24,"ARITH_OPEN"
2,20,949,1160,"Direct product generalized",TRUE,FALSE,31,31,1164,1183,-4,-23,"ARITH_OPEN"
2,20,954,1161,"Direct product generalized",TRUE,FALSE,31,31,1164,1183,-3,-22,"ARITH_OPEN"
2,20,958,1162,"Direct product generalized",TRUE,FALSE,31,31,1164,1183,-2,-21,"ARITH_OPEN"
2,20,960,1163,"Direct product generalized",TRUE,FALSE,31,31,1164,1183,-1,-20,"ARITH_OPEN"
2,20,963,1164,"Direct product generalized",TRUE,FALSE,27,36,1179,1198,-15,-34,"ARITH_OPEN"
2,20,974,1165,"Direct product generalized",TRUE,FALSE,27,37,1185,1204,-20,-39,"ARITH_OPEN"
2,20,975,1167,"Direct product generalized",TRUE,FALSE,27,37,1185,1204,-18,-37,"ARITH_OPEN"
2,20,978,1168,"Direct product generalized",TRUE,FALSE,27,37,1185,1204,-17,-36,"ARITH_OPEN"
2,20,989,1176,"Direct product generalized",TRUE,FALSE,27,37,1185,1204,-9,-28,"ARITH_OPEN"
2,20,992,1179,"Direct product generalized",TRUE,FALSE,27,37,1185,1204,-6,-25,"ARITH_OPEN"
2,20,993,1180,"Direct product generalized",TRUE,FALSE,27,37,1185,1204,-5,-24,"ARITH_OPEN"
2,20,1015,1182,"Direct product generalized",TRUE,FALSE,27,38,1207,1226,-25,-44,"ARITH_OPEN"
2,20,1016,1185,"Direct product generalized",TRUE,FALSE,27,38,1207,1226,-22,-41,"ARITH_OPEN"
2,20,1028,1190,"Direct product generalized",TRUE,FALSE,6,172,1223,1242,-33,-52,"ARITH_OPEN"
2,20,1040,1194,"Direct product generalized",TRUE,FALSE,6,174,1223,1242,-29,-48,"ARITH_OPEN"
2,20,1046,1199,"Direct product generalized",TRUE,FALSE,6,175,1223,1242,-24,-43,"ARITH_OPEN"
2,20,1066,1207,"Direct product generalized",TRUE,FALSE,6,178,1223,1242,-16,-35,"ARITH_OPEN"
2,20,1082,1210,"Direct product generalized",TRUE,FALSE,6,181,1223,1242,-13,-32,"ARITH_OPEN"
2,20,1128,1212,"Direct product",FALSE,FALSE,6,188,1224,1243,-12,-31,"ARITH_OPEN"
2,20,1130,1216,"Direct product generalized",TRUE,FALSE,6,189,1224,1243,-8,-27,"ARITH_OPEN"
2,20,1176,1217,"Direct product",FALSE,FALSE,6,196,1224,1243,-7,-26,"ARITH_OPEN"
2,20,2197,1247,"Direct product",FALSE,FALSE,13,169,1247,1266,0,-19,"ARITHMETIC"
2,20,2366,1252,"Direct product",FALSE,FALSE,13,182,1252,1271,0,-19,"ARITHMETIC"
2,20,2704,1253,"Direct product",FALSE,FALSE,13,208,1253,1272,0,-19,"ARITHMETIC"
2,20,2912,1258,"Direct product",FALSE,FALSE,13,224,1258,1277,0,-19,"ARITHMETIC"
2,20,3328,1259,"Direct product",FALSE,FALSE,13,256,1259,1278,0,-19,"ARITHMETIC"
2,20,3584,1264,"Direct product",FALSE,FALSE,14,256,1264,1283,0,-19,"ARITHMETIC"
2,20,4096,1265,"Direct product",FALSE,FALSE,16,256,1265,1284,0,-19,"ARITHMETIC"
2,20,4352,1270,"Direct product",FALSE,FALSE,16,272,1270,1289,0,-19,"ARITHMETIC"
2,20,4608,1273,"Direct product",FALSE,FALSE,16,288,1273,1292,0,-19,"ARITHMETIC"
2,20,4624,1275,"Direct product",FALSE,FALSE,16,289,1275,1294,0,-19,"ARITHMETIC"
2,20,4864,1277,"Direct product",FALSE,FALSE,16,304,1277,1296,0,-19,"ARITHMETIC"
2,20,4896,1278,"Direct product",FALSE,FALSE,16,306,1278,1297,0,-19,"ARITHMETIC"
2,20,4913,1280,"Direct product",FALSE,FALSE,17,289,1280,1299,0,-19,"ARITHMETIC"
2,20,5184,1281,"Direct product",FALSE,FALSE,16,324,1281,1300,0,-19,"ARITHMETIC"
2,20,5202,1283,"Direct product",FALSE,FALSE,17,306,1283,1302,0,-19,"ARITHMETIC"
2,20,5472,1285,"Direct product",FALSE,FALSE,16,342,1285,1304,0,-19,"ARITHMETIC"
2,20,5508,1286,"Direct product",FALSE,FALSE,17,324,1286,1305,0,-19,"ARITHMETIC"
2,20,6144,1289,"Direct product",FALSE,FALSE,16,384,1289,1308,0,-19,"ARITHMETIC"
2,20,6160,1293,"Direct product",FALSE,FALSE,16,385,1293,1312,0,-19,"ARITHMETIC"
2,20,6528,1294,"Direct product",FALSE,FALSE,16,408,1294,1313,0,-19,"ARITHMETIC"
2,20,6544,1296,"Direct product",FALSE,FALSE,16,409,1296,1315,0,-19,"ARITHMETIC"
2,20,6912,1297,"Direct product",FALSE,FALSE,16,432,1297,1316,0,-19,"ARITHMETIC"
2,20,6936,1299,"Direct product",FALSE,FALSE,17,408,1299,1318,0,-19,"ARITHMETIC"
2,20,7296,1301,"Direct product",FALSE,FALSE,16,456,1301,1320,0,-19,"ARITHMETIC"
2,20,7344,1302,"Direct product",FALSE,FALSE,17,432,1302,1321,0,-19,"ARITHMETIC"
2,20,7362,1304,"Direct product",FALSE,FALSE,18,409,1304,1323,0,-19,"ARITHMETIC"
2,20,7776,1305,"Direct product",FALSE,FALSE,18,432,1305,1324,0,-19,"ARITHMETIC"
2,20,7794,1308,"Direct product",FALSE,FALSE,18,433,1308,1327,0,-19,"ARITHMETIC"
2,20,8208,1309,"Direct product",FALSE,FALSE,18,456,1309,1328,0,-19,"ARITHMETIC"
2,20,8880,1312,"Direct product",FALSE,FALSE,19,468,1317,1336,-5,-24,"ARITH_OPEN"
2,20,9200,1315,"Direct product generalized",TRUE,FALSE,20,460,1321,1340,-6,-25,"ARITH_OPEN"
2,20,9432,1317,"Direct product",FALSE,FALSE,20,472,1321,1340,-4,-23,"ARITH_OPEN"
2,20,9455,1319,"Direct product generalized",TRUE,FALSE,20,473,1321,1340,-2,-21,"ARITH_OPEN"
2,20,9984,1320,"Direct product",FALSE,FALSE,20,500,1342,1361,-22,-41,"ARITH_OPEN"
2,20,10350,1323,"Direct product generalized",TRUE,FALSE,20,518,1361,1380,-38,-57,"ARITH_OPEN"
2,20,10536,1324,"Direct product",FALSE,FALSE,24,439,1372,1391,-48,-67,"ARITH_OPEN"
2,20,10925,1327,"Direct product generalized",TRUE,FALSE,24,456,1372,1391,-45,-64,"ARITH_OPEN"
2,20,11088,1328,"Direct product",FALSE,FALSE,24,462,1376,1395,-48,-67,"ARITH_OPEN"
2,20,11500,1331,"Direct product generalized",TRUE,FALSE,24,480,1376,1395,-45,-64,"ARITH_OPEN"
2,20,11520,1347,"Direct product",FALSE,FALSE,24,480,1376,1395,-29,-48,"ARITH_OPEN"
2,20,11616,1349,"Direct product",FALSE,FALSE,18,646,1381,1400,-32,-51,"ARITH_OPEN"
2,20,12000,1350,"Direct product",FALSE,FALSE,20,600,1382,1401,-32,-51,"ARITH_OPEN"
2,20,12020,1351,"Direct product generalized",TRUE,FALSE,19,633,1385,1404,-34,-53,"ARITH_OPEN"
2,20,12027,1367,"Direct product generalized",TRUE,FALSE,19,633,1385,1404,-18,-37,"ARITH_OPEN"
2,20,12115,1368,"Direct product generalized",TRUE,FALSE,19,638,1385,1404,-17,-36,"ARITH_OPEN"
2,20,12207,1369,"Direct product generalized",TRUE,FALSE,19,643,1385,1404,-16,-35,"ARITH_OPEN"
2,20,12480,1370,"Direct product generalized",TRUE,FALSE,20,624,1386,1405,-16,-35,"ARITH_OPEN"
2,20,12500,1371,"Direct product generalized",TRUE,FALSE,20,625,1388,1407,-17,-36,"ARITH_OPEN"
2,20,12503,1372,"Direct product generalized",TRUE,FALSE,20,626,1389,1408,-17,-36,"ARITH_OPEN"
2,20,12560,1373,"Direct product generalized",TRUE,FALSE,20,628,1389,1408,-16,-35,"ARITH_OPEN"
2,20,12572,1382,"Direct product generalized",TRUE,FALSE,20,629,1389,1408,-7,-26,"ARITH_OPEN"
2,20,12768,1383,"Direct product",FALSE,FALSE,20,639,1389,1408,-6,-25,"ARITH_OPEN"
2,20,12912,1385,"Direct product",FALSE,FALSE,20,646,1389,1408,-4,-23,"ARITH_OPEN"
2,20,13248,1386,"Direct product",FALSE,FALSE,20,663,1411,1430,-25,-44,"ARITH_OPEN"
2,20,13392,1387,"Direct product",FALSE,FALSE,20,670,1411,1430,-24,-43,"ARITH_OPEN"
2,20,13824,1388,"Direct product",FALSE,FALSE,20,692,1427,1446,-39,-58,"ARITH_OPEN"
2,20,13848,1389,"Direct product",FALSE,FALSE,20,693,1427,1446,-38,-57,"ARITH_OPEN"
2,20,14400,1391,"Direct product",FALSE,FALSE,24,600,1437,1456,-46,-65,"ARITH_OPEN"
2,20,14424,1394,"Direct product generalized",TRUE,FALSE,24,601,1440,1459,-46,-65,"ARITH_OPEN"
2,20,14976,1395,"Direct product",FALSE,FALSE,24,624,1441,1460,-46,-65,"ARITH_OPEN"
2,20,15000,1397,"Direct product generalized",TRUE,FALSE,24,625,1443,1462,-46,-65,"ARITH_OPEN"
2,20,15552,1398,"Direct product",FALSE,FALSE,24,648,1444,1463,-46,-65,"ARITH_OPEN"
2,20,15555,1414,"Direct product generalized",TRUE,FALSE,25,623,1447,1466,-33,-52,"ARITH_OPEN"
2,20,15624,1415,"Direct product",FALSE,FALSE,25,625,1449,1468,-34,-53,"ARITH_OPEN"
2,20,15648,1416,"Direct product",FALSE,FALSE,25,626,1450,1469,-34,-53,"ARITH_OPEN"
2,20,15816,1417,"Direct product",FALSE,FALSE,25,633,1450,1469,-33,-52,"ARITH_OPEN"
2,20,16200,1418,"Direct product",FALSE,FALSE,25,648,1450,1469,-32,-51,"ARITH_OPEN"
2,20,16281,1420,"Direct product generalized",TRUE,FALSE,26,627,1455,1474,-35,-54,"ARITH_OPEN"
2,20,16374,1434,"Direct product generalized",TRUE,FALSE,26,630,1455,1474,-21,-40,"ARITH_OPEN"
2,20,16496,1435,"Direct product generalized",TRUE,FALSE,26,635,1455,1474,-20,-39,"ARITH_OPEN"
2,20,16654,1436,"Direct product generalized",TRUE,FALSE,26,641,1455,1474,-19,-38,"ARITH_OPEN"
2,20,16809,1437,"Direct product generalized",TRUE,FALSE,26,647,1455,1474,-18,-37,"ARITH_OPEN"
2,20,16858,1438,"Direct product generalized",TRUE,FALSE,27,625,1457,1476,-19,-38,"ARITH_OPEN"
2,20,16892,1439,"Direct product generalized",TRUE,FALSE,27,626,1458,1477,-19,-38,"ARITH_OPEN"
2,20,16936,1440,"Direct product generalized",TRUE,FALSE,27,628,1458,1477,-18,-37,"ARITH_OPEN"
2,20,16956,1441,"Direct product generalized",TRUE,FALSE,27,628,1458,1477,-17,-36,"ARITH_OPEN"
2,20,16967,1442,"Direct product generalized",TRUE,FALSE,27,629,1458,1477,-16,-35,"ARITH_OPEN"
2,20,16983,1443,"Direct product generalized",TRUE,FALSE,27,629,1458,1477,-15,-34,"ARITH_OPEN"
2,20,16986,1444,"Direct product generalized",TRUE,FALSE,27,630,1458,1477,-14,-33,"ARITH_OPEN"
2,20,16987,1445,"Direct product generalized",TRUE,FALSE,27,630,1458,1477,-13,-32,"ARITH_OPEN"
2,20,16994,1446,"Direct product generalized",TRUE,FALSE,27,630,1458,1477,-12,-31,"ARITH_OPEN"
2,20,17010,1447,"Direct product generalized",TRUE,FALSE,27,630,1458,1477,-11,-30,"ARITH_OPEN"
2,20,17013,1449,"Direct product generalized",TRUE,FALSE,27,631,1458,1477,-9,-28,"ARITH_OPEN"
2,20,17014,1450,"Direct product generalized",TRUE,FALSE,27,631,1458,1477,-8,-27,"ARITH_OPEN"
2,20,17030,1451,"Direct product generalized",TRUE,FALSE,27,631,1458,1477,-7,-26,"ARITH_OPEN"
2,20,17160,1452,"Direct product",FALSE,FALSE,27,636,1458,1477,-6,-25,"ARITH_OPEN"
2,20,17193,1453,"Direct product generalized",TRUE,FALSE,27,637,1458,1477,-5,-24,"ARITH_OPEN"
2,20,17454,1454,"Direct product generalized",TRUE,FALSE,27,647,1458,1477,-4,-23,"ARITH_OPEN"
2,20,17496,1455,"Direct product",FALSE,FALSE,27,648,1458,1477,-3,-22,"ARITH_OPEN"
2,20,18030,1457,"Direct product generalized",TRUE,FALSE,27,668,1480,1499,-23,-42,"ARITH_OPEN"
2,20,18135,1460,"Direct product generalized",TRUE,FALSE,27,672,1480,1499,-20,-39,"ARITH_OPEN"
2,20,18144,1461,"Direct product generalized",TRUE,FALSE,27,672,1480,1499,-19,-38,"ARITH_OPEN"
2,20,18171,1466,"Direct product generalized",TRUE,FALSE,27,673,1480,1499,-14,-33,"ARITH_OPEN"
2,20,18180,1468,"Direct product generalized",TRUE,FALSE,27,674,1480,1499,-12,-31,"ARITH_OPEN"
2,20,18216,1469,"Direct product generalized",TRUE,FALSE,27,675,1480,1499,-11,-30,"ARITH_OPEN"
2,20,18243,1470,"Direct product generalized",TRUE,FALSE,27,676,1494,1513,-24,-43,"ARITH_OPEN"
2,20,18252,1471,"Direct product generalized",TRUE,FALSE,27,676,1494,1513,-23,-42,"ARITH_OPEN"
2,20,18297,1472,"Direct product generalized",TRUE,FALSE,27,678,1494,1513,-22,-41,"ARITH_OPEN"
2,20,18336,1474,"Direct product generalized",TRUE,FALSE,27,680,1494,1513,-20,-39,"ARITH_OPEN"
2,20,18515,1476,"Direct product generalized",TRUE,FALSE,27,686,1495,1514,-19,-38,"ARITH_OPEN"
2,20,18867,1477,"Direct product generalized",TRUE,FALSE,27,699,1498,1517,-21,-40,"ARITH_OPEN"
2,20,18975,1480,"Direct product generalized",TRUE,FALSE,27,703,1513,1532,-33,-52,"ARITH_OPEN"
2,20,19030,1492,"Direct product generalized",TRUE,FALSE,27,705,1513,1532,-21,-40,"ARITH_OPEN"
2,20,19090,1493,"Direct product generalized",TRUE,FALSE,27,708,1513,1532,-20,-39,"ARITH_OPEN"
2,20,19117,1495,"Direct product generalized",TRUE,FALSE,27,709,1513,1532,-18,-37,"ARITH_OPEN"
2,20,19187,1496,"Direct product generalized",TRUE,FALSE,27,711,1513,1532,-17,-36,"ARITH_OPEN"
2,20,19204,1497,"Direct product generalized",TRUE,FALSE,27,712,1513,1532,-16,-35,"ARITH_OPEN"
2,20,19467,1498,"Direct product generalized",TRUE,FALSE,27,721,1517,1536,-19,-38,"ARITH_OPEN"
2,20,19491,1499,"Direct product generalized",TRUE,FALSE,27,722,1517,1536,-18,-37,"ARITH_OPEN"
2,20,19602,1501,"Direct product generalized",TRUE,FALSE,27,726,1517,1536,-16,-35,"ARITH_OPEN"
2,20,19656,1506,"Direct product generalized",TRUE,FALSE,27,728,1517,1536,-11,-30,"ARITH_OPEN"
2,20,19695,1507,"Direct product generalized",TRUE,FALSE,27,730,1520,1539,-13,-32,"ARITH_OPEN"
2,20,19791,1509,"Direct product generalized",TRUE,FALSE,27,733,1520,1539,-11,-30,"ARITH_OPEN"
2,20,19845,1510,"Direct product generalized",TRUE,FALSE,27,735,1520,1539,-10,-29,"ARITH_OPEN"
2,20,19904,1511,"Direct product generalized",TRUE,FALSE,27,738,1520,1539,-9,-28,"ARITH_OPEN"
2,20,19920,1512,"Direct product generalized",TRUE,FALSE,27,738,1520,1539,-8,-27,"ARITH_OPEN"
2,20,19980,1513,"Direct product generalized",TRUE,FALSE,27,740,1520,1539,-7,-26,"ARITH_OPEN"
2,20,20000,1514,"Direct product generalized",TRUE,FALSE,27,741,1520,1539,-6,-25,"ARITH_OPEN"
2,21,144,902,"Direct product",FALSE,FALSE,7,21,936,956,-34,-54,"ARITH_OPEN"
2,21,145,906,"Direct product generalized",TRUE,FALSE,7,21,936,956,-30,-50,"ARITH_OPEN"
2,21,168,907,"Direct product",FALSE,FALSE,7,24,938,958,-31,-51,"ARITH_OPEN"
2,21,175,928,"Direct product generalized",TRUE,FALSE,7,25,943,963,-15,-35,"ARITH_OPEN"
2,21,192,943,"Direct product",FALSE,FALSE,8,24,977,997,-34,-54,"ARITH_OPEN"
2,21,193,949,"Direct product generalized",TRUE,FALSE,8,25,982,1002,-33,-53,"ARITH_OPEN"
2,21,216,950,"Direct product",FALSE,FALSE,9,24,984,1004,-34,-54,"ARITH_OPEN"
2,21,217,955,"Direct product generalized",TRUE,FALSE,9,25,989,1009,-34,-54,"ARITH_OPEN"
2,21,240,956,"Direct product",FALSE,FALSE,10,24,990,1010,-34,-54,"ARITH_OPEN"
2,21,241,964,"Direct product generalized",TRUE,FALSE,10,25,995,1015,-31,-51,"ARITH_OPEN"
2,21,264,965,"Direct product",FALSE,FALSE,11,24,999,1019,-34,-54,"ARITH_OPEN"
2,21,265,971,"Direct product generalized",TRUE,FALSE,12,23,1003,1023,-32,-52,"ARITH_OPEN"
2,21,288,972,"Direct product",FALSE,FALSE,12,24,1004,1024,-32,-52,"ARITH_OPEN"
2,21,312,973,"Direct product",FALSE,FALSE,13,24,1005,1025,-32,-52,"ARITH_OPEN"
2,21,336,974,"Direct product",FALSE,FALSE,14,24,1007,1027,-33,-53,"ARITH_OPEN"
2,21,360,975,"Direct product",FALSE,FALSE,15,24,1008,1028,-33,-53,"ARITH_OPEN"
2,21,384,976,"Direct product",FALSE,FALSE,16,24,1009,1029,-33,-53,"ARITH_OPEN"
2,21,432,977,"Direct product",FALSE,FALSE,18,24,1011,1031,-34,-54,"ARITH_OPEN"
2,21,480,978,"Direct product",FALSE,FALSE,20,24,1012,1032,-34,-54,"ARITH_OPEN"
2,21,528,979,"Direct product",FALSE,FALSE,23,23,1013,1033,-34,-54,"ARITH_OPEN"
2,21,552,980,"Direct product",FALSE,FALSE,23,24,1014,1034,-34,-54,"ARITH_OPEN"
2,21,553,981,"Direct product generalized",TRUE,FALSE,24,24,1015,1035,-34,-54,"ARITH_OPEN"
2,21,576,982,"Direct product",FALSE,FALSE,24,24,1015,1035,-33,-53,"ARITH_OPEN"
2,21,577,983,"Direct product generalized",TRUE,FALSE,24,25,1020,1040,-37,-57,"ARITH_OPEN"
2,21,600,984,"Direct product",FALSE,FALSE,24,25,1020,1040,-36,-56,"ARITH_OPEN"
2,21,601,986,"Direct product generalized",TRUE,FALSE,24,26,1023,1043,-37,-57,"ARITH_OPEN"
2,21,624,987,"Direct product",FALSE,FALSE,24,26,1023,1043,-36,-56,"ARITH_OPEN"
2,21,628,1006,"Direct product generalized",TRUE,FALSE,25,26,1028,1048,-22,-42,"ARITH_OPEN"
2,21,633,1008,"Direct product generalized",TRUE,FALSE,25,26,1028,1048,-20,-40,"ARITH_OPEN"
2,21,650,1009,"Direct product generalized",TRUE,FALSE,25,26,1028,1048,-19,-39,"ARITH_OPEN"
2,21,657,1025,"Direct product generalized",TRUE,FALSE,26,26,1031,1051,-6,-26,"ARITH_OPEN"
2,21,676,1027,"Direct product",FALSE,FALSE,26,26,1031,1051,-4,-24,"ARITH_OPEN"
2,21,678,1039,"Direct product generalized",TRUE,FALSE,24,29,1102,1122,-63,-83,"ARITH_OPEN"
2,21,680,1042,"Direct product generalized",TRUE,FALSE,24,29,1102,1122,-60,-80,"ARITH_OPEN"
2,21,682,1046,"Direct product generalized",TRUE,FALSE,24,29,1102,1122,-56,-76,"ARITH_OPEN"
2,21,684,1050,"Direct product generalized",TRUE,FALSE,24,29,1102,1122,-52,-72,"ARITH_OPEN"
2,21,702,1051,"Direct product generalized",TRUE,FALSE,26,27,1103,1123,-52,-72,"ARITH_OPEN"
2,21,708,1067,"Direct product generalized",TRUE,FALSE,24,30,1106,1126,-39,-59,"ARITH_OPEN"
2,21,718,1068,"Direct product generalized",TRUE,FALSE,24,30,1106,1126,-38,-58,"ARITH_OPEN"
2,21,722,1069,"Direct product generalized",TRUE,FALSE,26,28,1106,1126,-37,-57,"ARITH_OPEN"
2,21,727,1070,"Direct product generalized",TRUE,FALSE,26,28,1106,1126,-36,-56,"ARITH_OPEN"
2,21,728,1071,"Direct product generalized",TRUE,FALSE,26,28,1106,1126,-35,-55,"ARITH_OPEN"
2,21,729,1087,"Direct product generalized",TRUE,FALSE,26,29,1110,1130,-23,-43,"ARITH_OPEN"
2,21,734,1088,"Direct product generalized",TRUE,FALSE,26,29,1110,1130,-22,-42,"ARITH_OPEN"
2,21,740,1089,"Direct product generalized",TRUE,FALSE,26,29,1110,1130,-21,-41,"ARITH_OPEN"
2,21,749,1090,"Direct product generalized",TRUE,FALSE,26,29,1110,1130,-20,-40,"ARITH_OPEN"
2,21,752,1091,"Direct product generalized",TRUE,FALSE,26,29,1110,1130,-19,-39,"ARITH_OPEN"
2,21,754,1092,"Direct product generalized",TRUE,FALSE,26,29,1110,1130,-18,-38,"ARITH_OPEN"
2,21,761,1107,"Direct product generalized",TRUE,FALSE,26,30,1114,1134,-7,-27,"ARITH_OPEN"
2,21,767,1108,"Direct product generalized",TRUE,FALSE,26,30,1114,1134,-6,-26,"ARITH_OPEN"
2,21,775,1109,"Direct product generalized",TRUE,FALSE,26,30,1114,1134,-5,-25,"ARITH_OPEN"
2,21,780,1110,"Direct product",FALSE,FALSE,26,30,1114,1134,-4,-24,"ARITH_OPEN"
2,21,782,1118,"Direct product generalized",TRUE,FALSE,24,33,1177,1197,-59,-79,"ARITH_OPEN"
2,21,784,1121,"Direct product generalized",TRUE,FALSE,24,33,1177,1197,-56,-76,"ARITH_OPEN"
2,21,786,1122,"Direct product generalized",TRUE,FALSE,24,33,1177,1197,-55,-75,"ARITH_OPEN"
2,21,788,1124,"Direct product generalized",TRUE,FALSE,24,33,1177,1197,-53,-73,"ARITH_OPEN"
2,21,796,1126,"Direct product generalized",TRUE,FALSE,24,34,1180,1200,-54,-74,"ARITH_OPEN"
2,21,800,1127,"Direct product generalized",TRUE,FALSE,24,34,1180,1200,-53,-73,"ARITH_OPEN"
2,21,803,1128,"Direct product generalized",TRUE,FALSE,24,34,1180,1200,-52,-72,"ARITH_OPEN"
2,21,806,1129,"Direct product generalized",TRUE,FALSE,24,34,1180,1200,-51,-71,"ARITH_OPEN"
2,21,810,1134,"Direct product generalized",TRUE,FALSE,24,34,1180,1200,-46,-66,"ARITH_OPEN"
2,21,816,1144,"Direct product",FALSE,FALSE,24,34,1180,1200,-36,-56,"ARITH_OPEN"
2,21,820,1148,"Direct product generalized",TRUE,FALSE,25,33,1182,1202,-34,-54,"ARITH_OPEN"
2,21,822,1149,"Direct product generalized",TRUE,FALSE,25,33,1182,1202,-33,-53,"ARITH_OPEN"
2,21,826,1150,"Direct product generalized",TRUE,FALSE,25,34,1185,1205,-35,-55,"ARITH_OPEN"
2,21,830,1151,"Direct product generalized",TRUE,FALSE,25,34,1185,1205,-34,-54,"ARITH_OPEN"
2,21,834,1152,"Direct product generalized",TRUE,FALSE,25,34,1185,1205,-33,-53,"ARITH_OPEN"
2,21,839,1153,"Direct product generalized",TRUE,FALSE,25,34,1185,1205,-32,-52,"ARITH_OPEN"
2,21,840,1154,"Direct product generalized",TRUE,FALSE,25,34,1185,1205,-31,-51,"ARITH_OPEN"
2,21,841,1164,"Direct product generalized",TRUE,FALSE,25,34,1185,1205,-21,-41,"ARITH_OPEN"
2,21,848,1165,"Direct product generalized",TRUE,FALSE,25,34,1185,1205,-20,-40,"ARITH_OPEN"
2,21,853,1166,"Direct product generalized",TRUE,FALSE,26,33,1185,1205,-19,-39,"ARITH_OPEN"
2,21,858,1167,"Direct product generalized",TRUE,FALSE,26,33,1185,1205,-18,-38,"ARITH_OPEN"
2,21,865,1173,"Direct product generalized",TRUE,FALSE,26,34,1188,1208,-15,-35,"ARITH_OPEN"
2,21,868,1174,"Direct product generalized",TRUE,FALSE,26,34,1188,1208,-14,-34,"ARITH_OPEN"
2,21,870,1175,"Direct product generalized",TRUE,FALSE,26,34,1188,1208,-13,-33,"ARITH_OPEN"
2,21,884,1184,"Direct product",FALSE,FALSE,26,34,1188,1208,-4,-24,"ARITH_OPEN"
2,21,887,1191,"Direct product generalized",TRUE,FALSE,30,30,1197,1217,-6,-26,"ARITH_OPEN"
2,21,895,1192,"Direct product generalized",TRUE,FALSE,30,30,1197,1217,-5,-25,"ARITH_OPEN"
2,21,900,1193,"Direct product generalized",TRUE,FALSE,30,30,1197,1217,-4,-24,"ARITH_OPEN"
2,21,905,1206,"Direct product generalized",TRUE,FALSE,26,35,1257,1277,-51,-71,"ARITH_OPEN"
2,21,910,1207,"Direct product generalized",TRUE,FALSE,26,35,1257,1277,-50,-70,"ARITH_OPEN"
2,21,918,1208,"Direct product generalized",TRUE,FALSE,25,37,1259,1279,-51,-71,"ARITH_OPEN"
2,21,920,1209,"Direct product generalized",TRUE,FALSE,25,37,1259,1279,-50,-70,"ARITH_OPEN"
2,21,924,1210,"Direct product generalized",TRUE,FALSE,25,37,1259,1279,-49,-69,"ARITH_OPEN"
2,21,927,1211,"Direct product generalized",TRUE,FALSE,26,36,1259,1279,-48,-68,"ARITH_OPEN"
2,21,930,1212,"Direct product generalized",TRUE,FALSE,26,36,1259,1279,-47,-67,"ARITH_OPEN"
2,21,931,1224,"Direct product generalized",TRUE,FALSE,26,36,1259,1279,-35,-55,"ARITH_OPEN"
2,21,941,1225,"Direct product generalized",TRUE,FALSE,26,37,1262,1282,-37,-57,"ARITH_OPEN"
2,21,946,1226,"Direct product generalized",TRUE,FALSE,26,37,1262,1282,-36,-56,"ARITH_OPEN"
2,21,951,1227,"Direct product generalized",TRUE,FALSE,26,37,1262,1282,-35,-55,"ARITH_OPEN"
2,21,952,1228,"Direct product generalized",TRUE,FALSE,26,37,1262,1282,-34,-54,"ARITH_OPEN"
2,21,954,1233,"Direct product generalized",TRUE,FALSE,26,37,1262,1282,-29,-49,"ARITH_OPEN"
2,21,957,1234,"Direct product generalized",TRUE,FALSE,26,37,1262,1282,-28,-48,"ARITH_OPEN"
2,21,958,1235,"Direct product generalized",TRUE,FALSE,26,37,1262,1282,-27,-47,"ARITH_OPEN"
2,21,960,1236,"Direct product generalized",TRUE,FALSE,26,37,1262,1282,-26,-46,"ARITH_OPEN"
2,21,969,1246,"Direct product generalized",TRUE,FALSE,26,38,1266,1286,-20,-40,"ARITH_OPEN"
2,21,981,1247,"Direct product generalized",TRUE,FALSE,26,38,1266,1286,-19,-39,"ARITH_OPEN"
2,21,984,1248,"Direct product generalized",TRUE,FALSE,26,38,1266,1286,-18,-38,"ARITH_OPEN"
2,21,986,1249,"Direct product generalized",TRUE,FALSE,26,38,1266,1286,-17,-37,"ARITH_OPEN"
2,21,990,1250,"Direct product generalized",TRUE,FALSE,30,33,1268,1288,-18,-38,"ARITH_OPEN"
2,21,996,1264,"Direct product generalized",TRUE,FALSE,30,34,1271,1291,-7,-27,"ARITH_OPEN"
2,21,1007,1265,"Direct product generalized",TRUE,FALSE,30,34,1271,1291,-6,-26,"ARITH_OPEN"
2,21,1015,1266,"Direct product generalized",TRUE,FALSE,30,34,1271,1291,-5,-25,"ARITH_OPEN"
2,21,1020,1267,"Direct product generalized",TRUE,FALSE,30,34,1271,1291,-4,-24,"ARITH_OPEN"
2,21,1021,1281,"Direct product generalized",TRUE,FALSE,26,40,1315,1335,-34,-54,"ARITH_OPEN"
2,21,1029,1282,"Direct product generalized",TRUE,FALSE,26,40,1315,1335,-33,-53,"ARITH_OPEN"
2,21,1041,1283,"Direct product generalized",TRUE,FALSE,7,149,1327,1347,-44,-64,"ARITH_OPEN"
2,21,1048,1284,"Direct product generalized",TRUE,FALSE,7,150,1327,1347,-43,-63,"ARITH_OPEN"
2,21,1051,1285,"Direct product generalized",TRUE,FALSE,7,151,1327,1347,-42,-62,"ARITH_OPEN"
2,21,1054,1286,"Direct product generalized",TRUE,FALSE,7,151,1327,1347,-41,-61,"ARITH_OPEN"
2,21,1055,1303,"Direct product generalized",TRUE,FALSE,7,151,1327,1347,-24,-44,"ARITH_OPEN"
2,21,1063,1304,"Direct product generalized",TRUE,FALSE,7,152,1327,1347,-23,-43,"ARITH_OPEN"
2,21,1070,1305,"Direct product generalized",TRUE,FALSE,7,153,1327,1347,-22,-42,"ARITH_OPEN"
2,21,1075,1306,"Direct product generalized",TRUE,FALSE,7,154,1327,1347,-21,-41,"ARITH_OPEN"
2,21,1080,1307,"Direct product generalized",TRUE,FALSE,7,155,1327,1347,-20,-40,"ARITH_OPEN"
2,21,1085,1308,"Direct product generalized",TRUE,FALSE,7,155,1327,1347,-19,-39,"ARITH_OPEN"
2,21,1086,1309,"Direct product generalized",TRUE,FALSE,7,156,1327,1347,-18,-38,"ARITH_OPEN"
2,21,1088,1310,"Direct product generalized",TRUE,FALSE,7,156,1327,1347,-17,-37,"ARITH_OPEN"
2,21,1100,1321,"Direct product generalized",TRUE,FALSE,7,158,1327,1347,-6,-26,"ARITH_OPEN"
2,21,1296,1322,"Direct product",FALSE,FALSE,24,54,1344,1364,-22,-42,"ARITH_OPEN"
2,21,1297,1335,"Direct product generalized",TRUE,FALSE,25,52,1349,1369,-14,-34,"ARITH_OPEN"
2,21,1320,1336,"Direct product",FALSE,FALSE,25,53,1349,1369,-13,-33,"ARITH_OPEN"
2,21,1335,1343,"Direct product generalized",TRUE,FALSE,25,54,1349,1369,-6,-26,"ARITH_OPEN"
2,21,1357,1344,"Direct product generalized",TRUE,FALSE,26,53,1352,1372,-8,-28,"ARITH_OPEN"
2,21,1395,1348,"Direct product generalized",TRUE,FALSE,26,54,1352,1372,-4,-24,"ARITH_OPEN"
2,21,1404,1352,"Direct product",FALSE,FALSE,26,54,1352,1372,0,-20,"ARITHMETIC"
2,21,1406,1353,"Direct product generalized",TRUE,FALSE,26,55,1366,1386,-13,-33,"ARITH_OPEN"
2,21,1410,1358,"Direct product generalized",TRUE,FALSE,26,55,1366,1386,-8,-28,"ARITH_OPEN"
2,21,1432,1362,"Direct product generalized",TRUE,FALSE,7,205,1370,1390,-8,-28,"ARITH_OPEN"
2,21,3456,1363,"Direct product",FALSE,FALSE,7,494,1399,1419,-36,-56,"ARITH_OPEN"
2,21,3475,1367,"Direct product generalized",TRUE,FALSE,7,497,1399,1419,-32,-52,"ARITH_OPEN"
2,21,3912,1368,"Direct product",FALSE,FALSE,7,559,1402,1422,-34,-54,"ARITH_OPEN"
2,21,4025,1369,"Direct product generalized",TRUE,FALSE,7,575,1402,1422,-33,-53,"ARITH_OPEN"
2,21,4032,1373,"Direct product",FALSE,FALSE,7,576,1402,1422,-29,-49,"ARITH_OPEN"
2,21,4039,1389,"Direct product generalized",TRUE,FALSE,7,577,1403,1423,-14,-34,"ARITH_OPEN"
2,21,4207,1390,"Direct product generalized",TRUE,FALSE,7,601,1406,1426,-16,-36,"ARITH_OPEN"
2,21,4221,1395,"Direct product generalized",TRUE,FALSE,7,603,1407,1427,-12,-32,"ARITH_OPEN"
2,21,4464,1404,"Direct product",FALSE,FALSE,7,638,1429,1449,-25,-45,"ARITH_OPEN"
2,21,4600,1405,"Direct product generalized",TRUE,FALSE,24,192,1440,1460,-35,-55,"ARITH_OPEN"
2,21,4602,1410,"Direct product generalized",TRUE,FALSE,24,192,1440,1460,-30,-50,"ARITH_OPEN"
2,21,5016,1411,"Direct product",FALSE,FALSE,24,209,1447,1467,-36,-56,"ARITH_OPEN"
2,21,5175,1412,"Direct product generalized",TRUE,FALSE,24,216,1447,1467,-35,-55,"ARITH_OPEN"
2,21,5568,1417,"Direct product",FALSE,FALSE,9,619,1453,1473,-36,-56,"ARITH_OPEN"
2,21,5750,1418,"Direct product generalized",TRUE,FALSE,24,240,1453,1473,-35,-55,"ARITH_OPEN"
2,21,6120,1426,"Direct product",FALSE,FALSE,10,612,1459,1479,-33,-53,"ARITH_OPEN"
2,21,6325,1427,"Direct product generalized",TRUE,FALSE,24,264,1462,1482,-35,-55,"ARITH_OPEN"
2,21,6672,1433,"Direct product",FALSE,FALSE,13,514,1466,1486,-33,-53,"ARITH_OPEN"
2,21,7224,1434,"Direct product",FALSE,FALSE,14,516,1468,1488,-34,-54,"ARITH_OPEN"
2,21,7776,1435,"Direct product",FALSE,FALSE,15,519,1469,1489,-34,-54,"ARITH_OPEN"
2,21,8640,1436,"Direct product",FALSE,FALSE,16,540,1471,1491,-35,-55,"ARITH_OPEN"
2,21,8880,1437,"Direct product",FALSE,FALSE,17,523,1471,1491,-34,-54,"ARITH_OPEN"
2,21,9984,1438,"Direct product",FALSE,FALSE,19,526,1473,1493,-35,-55,"ARITH_OPEN"
2,21,11088,1439,"Direct product",FALSE,FALSE,21,528,1474,1494,-35,-55,"ARITH_OPEN"
2,21,12192,1440,"Direct product",FALSE,FALSE,23,531,1476,1496,-36,-56,"ARITH_OPEN"
2,21,13248,1441,"Direct product",FALSE,FALSE,24,552,1477,1497,-36,-56,"ARITH_OPEN"
2,21,13272,1442,"Direct product generalized",TRUE,FALSE,24,553,1478,1498,-36,-56,"ARITH_OPEN"
2,21,13824,1443,"Direct product",FALSE,FALSE,24,576,1479,1499,-36,-56,"ARITH_OPEN"
2,21,13848,1444,"Direct product generalized",TRUE,FALSE,24,577,1480,1500,-36,-56,"ARITH_OPEN"
2,21,14400,1445,"Direct product",FALSE,FALSE,24,600,1481,1501,-36,-56,"ARITH_OPEN"
2,21,14424,1448,"Direct product generalized",TRUE,FALSE,24,601,1483,1503,-35,-55,"ARITH_OPEN"
2,21,14976,1449,"Direct product",FALSE,FALSE,24,624,1484,1504,-35,-55,"ARITH_OPEN"
2,21,14978,1466,"Direct product generalized",TRUE,FALSE,25,600,1486,1506,-20,-40,"ARITH_OPEN"
2,21,15072,1467,"Direct product generalized",TRUE,FALSE,25,603,1489,1509,-22,-42,"ARITH_OPEN"
2,21,15078,1468,"Direct product generalized",TRUE,FALSE,25,604,1489,1509,-21,-41,"ARITH_OPEN"
2,21,15192,1469,"Direct product",FALSE,FALSE,25,608,1489,1509,-20,-40,"ARITH_OPEN"
2,21,15600,1470,"Direct product",FALSE,FALSE,25,624,1489,1509,-19,-39,"ARITH_OPEN"
2,21,15678,1471,"Direct product generalized",TRUE,FALSE,26,603,1492,1512,-21,-41,"ARITH_OPEN"
2,21,15824,1486,"Direct product generalized",TRUE,FALSE,26,609,1492,1512,-6,-26,"ARITH_OPEN"
2,21,15852,1487,"Direct product generalized",TRUE,FALSE,26,610,1492,1512,-5,-25,"ARITH_OPEN"
2,21,15923,1488,"Direct product generalized",TRUE,FALSE,26,613,1492,1512,-4,-24,"ARITH_OPEN"
2,21,16224,1489,"Direct product",FALSE,FALSE,26,624,1492,1512,-3,-23,"ARITH_OPEN"
2,21,16434,1490,"Direct product generalized",TRUE,FALSE,26,633,1513,1533,-23,-43,"ARITH_OPEN"
2,21,16441,1491,"Direct product generalized",TRUE,FALSE,26,633,1513,1533,-22,-42,"ARITH_OPEN"
2,21,16534,1492,"Direct product generalized",TRUE,FALSE,26,636,1514,1534,-22,-42,"ARITH_OPEN"
2,21,16536,1493,"Direct product generalized",TRUE,FALSE,26,636,1514,1534,-21,-41,"ARITH_OPEN"
2,21,16564,1508,"Direct product generalized",TRUE,FALSE,26,638,1514,1534,-6,-26,"ARITH_OPEN"
2,21,16900,1510,"Direct product",FALSE,FALSE,26,650,1514,1534,-4,-24,"ARITH_OPEN"
2,21,17084,1511,"Direct product generalized",TRUE,FALSE,26,658,1532,1552,-21,-41,"ARITH_OPEN"
2,21,17098,1512,"Direct product generalized",TRUE,FALSE,26,658,1532,1552,-20,-40,"ARITH_OPEN"
2,21,17194,1513,"Direct product generalized",TRUE,FALSE,26,662,1532,1552,-19,-39,"ARITH_OPEN"
2,21,17211,1514,"Direct product generalized",TRUE,FALSE,26,662,1532,1552,-18,-38,"ARITH_OPEN"
2,21,17212,1515,"Direct product generalized",TRUE,FALSE,26,662,1532,1552,-17,-37,"ARITH_OPEN"
2,21,17281,1527,"Direct product generalized",TRUE,FALSE,26,665,1532,1552,-5,-25,"ARITH_OPEN"
2,21,17576,1529,"Direct product",FALSE,FALSE,26,676,1532,1552,-3,-23,"ARITH_OPEN"
2,21,17680,1530,"Direct product generalized",TRUE,FALSE,26,680,1547,1567,-17,-37,"ARITH_OPEN"
2,21,17681,1531,"Direct product generalized",TRUE,FALSE,26,681,1551,1571,-20,-40,"ARITH_OPEN"
2,21,17768,1532,"Direct product generalized",TRUE,FALSE,26,684,1555,1575,-23,-43,"ARITH_OPEN"
2,21,17838,1533,"Direct product generalized",TRUE,FALSE,26,687,1556,1576,-23,-43,"ARITH_OPEN"
2,21,17880,1534,"Direct product generalized",TRUE,FALSE,26,688,1556,1576,-22,-42,"ARITH_OPEN"
2,21,17888,1535,"Direct product generalized",TRUE,FALSE,26,688,1556,1576,-21,-41,"ARITH_OPEN"
2,21,17902,1548,"Direct product generalized",TRUE,FALSE,26,689,1556,1576,-8,-28,"ARITH_OPEN"
2,21,18040,1551,"Direct product generalized",TRUE,FALSE,26,694,1556,1576,-5,-25,"ARITH_OPEN"
2,21,18226,1552,"Direct product",FALSE,FALSE,26,701,1556,1576,-4,-24,"ARITH_OPEN"
2,21,18367,1553,"Direct product generalized",TRUE,FALSE,26,707,1572,1592,-19,-39,"ARITH_OPEN"
2,21,18470,1554,"Direct product generalized",TRUE,FALSE,26,711,1573,1593,-19,-39,"ARITH_OPEN"
2,21,18541,1555,"Direct product generalized",TRUE,FALSE,26,714,1573,1593,-18,-38,"ARITH_OPEN"
2,21,18564,1556,"Direct product generalized",TRUE,FALSE,26,714,1573,1593,-17,-37,"ARITH_OPEN"
2,21,18578,1569,"Direct product generalized",TRUE,FALSE,26,715,1573,1593,-4,-24,"ARITH_OPEN"
2,21,18739,1570,"Direct product generalized",TRUE,FALSE,26,721,1574,1594,-4,-24,"ARITH_OPEN"
2,21,18823,1571,"Direct product generalized",TRUE,FALSE,26,724,1575,1595,-4,-24,"ARITH_OPEN"
2,21,18935,1572,"Direct product generalized",TRUE,FALSE,26,729,1592,1612,-20,-40,"ARITH_OPEN"
2,21,18968,1573,"Direct product generalized",TRUE,FALSE,26,730,1593,1613,-20,-40,"ARITH_OPEN"
2,21,19141,1574,"Direct product generalized",TRUE,FALSE,26,737,1594,1614,-20,-40,"ARITH_OPEN"
2,21,19158,1575,"Direct product generalized",TRUE,FALSE,26,737,1594,1614,-19,-39,"ARITH_OPEN"
2,21,19248,1576,"Direct product generalized",TRUE,FALSE,26,741,1595,1615,-19,-39,"ARITH_OPEN"
2,21,19260,1587,"Direct product generalized",TRUE,FALSE,26,741,1595,1615,-8,-28,"ARITH_OPEN"
2,21,19304,1589,"Direct product generalized",TRUE,FALSE,26,743,1595,1615,-6,-26,"ARITH_OPEN"
2,21,19376,1590,"Direct product generalized",TRUE,FALSE,26,746,1595,1615,-5,-25,"ARITH_OPEN"
2,21,19461,1591,"Direct product generalized",TRUE,FALSE,26,749,1595,1615,-4,-24,"ARITH_OPEN"
2,21,19509,1592,"Direct product generalized",TRUE,FALSE,26,751,1596,1616,-4,-24,"ARITH_OPEN"
2,21,19573,1593,"Direct product generalized",TRUE,FALSE,26,753,1597,1617,-4,-24,"ARITH_OPEN"
2,21,19762,1594,"Direct product generalized",TRUE,FALSE,26,761,1612,1632,-18,-38,"ARITH_OPEN"
2,21,19838,1595,"Direct product generalized",TRUE,FALSE,26,763,1613,1633,-18,-38,"ARITH_OPEN"
2,21,19856,1596,"Direct product generalized",TRUE,FALSE,26,764,1613,1633,-17,-37,"ARITH_OPEN"
2,21,19943,1597,"Direct product generalized",TRUE,FALSE,26,768,1614,1634,-17,-37,"ARITH_OPEN"
2,21,19944,1598,"Direct product generalized",TRUE,FALSE,26,768,1614,1634,-16,-36,"ARITH_OPEN"
2,21,19964,1607,"Direct product generalized",TRUE,FALSE,26,768,1614,1634,-7,-27,"ARITH_OPEN"
2,21,19976,1608,"Direct product generalized",TRUE,FALSE,26,769,1614,1634,-6,-26,"ARITH_OPEN"
2,21,20000,1609,"Direct product generalized",TRUE,FALSE,26,770,1614,1634,-5,-25,"ARITH_OPEN"
2,22,120,968,"Direct product",FALSE,FALSE,5,24,987,1008,-19,-40,"ARITH_OPEN"
2,22,121,969,"Direct product generalized",TRUE,FALSE,5,25,990,1011,-21,-42,"ARITH_OPEN"
2,22,144,972,"Direct product",FALSE,FALSE,6,24,990,1011,-18,-39,"ARITH_OPEN"
2,22,145,973,"Direct product generalized",TRUE,FALSE,6,25,993,1014,-20,-41,"ARITH_OPEN"
2,22,169,990,"Direct product generalized",TRUE,FALSE,7,25,1012,1033,-22,-43,"ARITH_OPEN"
2,22,171,994,"Direct product generalized",TRUE,FALSE,7,25,1012,1033,-18,-39,"ARITH_OPEN"
2,22,193,1004,"Direct product generalized",TRUE,FALSE,9,22,1022,1043,-18,-39,"ARITH_OPEN"
2,22,217,1005,"Direct product generalized",TRUE,FALSE,10,22,1023,1044,-18,-39,"ARITH_OPEN"
2,22,241,1006,"Direct product generalized",TRUE,FALSE,11,22,1024,1045,-18,-39,"ARITH_OPEN"
2,22,336,1007,"Direct product generalized",TRUE,FALSE,14,24,1026,1047,-19,-40,"ARITH_OPEN"
2,22,504,1009,"Direct product generalized",TRUE,FALSE,21,24,1028,1049,-19,-40,"ARITH_OPEN"
2,22,577,1011,"Direct product generalized",TRUE,FALSE,24,25,1031,1052,-20,-41,"ARITH_OPEN"
2,22,601,1012,"Direct product generalized",TRUE,FALSE,25,25,1034,1055,-22,-43,"ARITH_OPEN"
2,22,624,1033,"Direct product generalized",TRUE,FALSE,25,25,1034,1055,-1,-22,"ARITH_OPEN"
2,22,625,1034,"Direct product",FALSE,FALSE,25,25,1034,1055,0,-21,"ARITHMETIC"
2,22,650,1054,"Direct product",FALSE,FALSE,25,26,1115,1136,-61,-82,"ARITH_OPEN"
2,22,653,1077,"Direct product generalized",TRUE,FALSE,24,28,1116,1137,-39,-60,"ARITH_OPEN"
2,22,675,1078,"Direct product generalized",TRUE,FALSE,25,27,1117,1138,-39,-60,"ARITH_OPEN"
2,22,678,1097,"Direct product generalized",TRUE,FALSE,25,28,1119,1140,-22,-43,"ARITH_OPEN"
2,22,693,1098,"Direct product generalized",TRUE,FALSE,25,28,1119,1140,-21,-42,"ARITH_OPEN"
2,22,700,1099,"Direct product generalized",TRUE,FALSE,25,28,1119,1140,-20,-41,"ARITH_OPEN"
2,22,709,1118,"Direct product generalized",TRUE,FALSE,25,29,1123,1144,-5,-26,"ARITH_OPEN"
2,22,725,1119,"Direct product generalized",TRUE,FALSE,25,29,1123,1144,-4,-25,"ARITH_OPEN"
2,22,734,1122,"Direct product generalized",TRUE,FALSE,25,30,1197,1218,-75,-96,"ARITH_OPEN"
2,22,737,1123,"Direct product generalized",TRUE,FALSE,25,30,1197,1218,-74,-95,"ARITH_OPEN"
2,22,741,1137,"Direct product generalized",TRUE,FALSE,25,30,1197,1218,-60,-81,"ARITH_OPEN"
2,22,745,1139,"Direct product generalized",TRUE,FALSE,25,30,1197,1218,-58,-79,"ARITH_OPEN"
2,22,750,1140,"Direct product generalized",TRUE,FALSE,25,30,1197,1218,-57,-78,"ARITH_OPEN"
2,22,754,1143,"Direct product",FALSE,FALSE,24,32,1201,1222,-58,-79,"ARITH_OPEN"
2,22,756,1159,"Direct product generalized",TRUE,FALSE,24,32,1201,1222,-42,-63,"ARITH_OPEN"
2,22,767,1160,"Direct product generalized",TRUE,FALSE,24,32,1201,1222,-41,-62,"ARITH_OPEN"
2,22,772,1161,"Direct product generalized",TRUE,FALSE,24,33,1202,1223,-41,-62,"ARITH_OPEN"
2,22,775,1162,"Direct product generalized",TRUE,FALSE,24,33,1202,1223,-40,-61,"ARITH_OPEN"
2,22,783,1167,"Direct product generalized",TRUE,FALSE,24,33,1202,1223,-35,-56,"ARITH_OPEN"
2,22,792,1184,"Direct product",FALSE,FALSE,24,33,1202,1223,-18,-39,"ARITH_OPEN"
2,22,798,1186,"Direct product generalized",TRUE,FALSE,25,32,1204,1225,-18,-39,"ARITH_OPEN"
2,22,805,1187,"Direct product generalized",TRUE,FALSE,25,33,1205,1226,-18,-39,"ARITH_OPEN"
2,22,812,1188,"Direct product generalized",TRUE,FALSE,25,33,1205,1226,-17,-38,"ARITH_OPEN"
2,22,825,1205,"Direct product",FALSE,FALSE,25,33,1205,1226,0,-21,"ARITHMETIC"
2,22,841,1208,"Direct product generalized",TRUE,FALSE,29,29,1212,1233,-4,-25,"ARITH_OPEN"
2,22,853,1211,"Direct product generalized",TRUE,FALSE,25,35,1285,1306,-74,-95,"ARITH_OPEN"
2,22,857,1220,"Direct product generalized",TRUE,FALSE,25,35,1285,1306,-65,-86,"ARITH_OPEN"
2,22,861,1225,"Direct product generalized",TRUE,FALSE,25,35,1285,1306,-60,-81,"ARITH_OPEN"
2,22,865,1226,"Direct product generalized",TRUE,FALSE,25,35,1285,1306,-59,-80,"ARITH_OPEN"
2,22,869,1228,"Direct product generalized",TRUE,FALSE,25,35,1285,1306,-57,-78,"ARITH_OPEN"
2,22,870,1229,"Direct product generalized",TRUE,FALSE,25,35,1285,1306,-56,-77,"ARITH_OPEN"
2,22,872,1242,"Direct product generalized",TRUE,FALSE,25,35,1285,1306,-43,-64,"ARITH_OPEN"
2,22,877,1246,"Direct product generalized",TRUE,FALSE,24,37,1288,1309,-42,-63,"ARITH_OPEN"
2,22,879,1247,"Direct product generalized",TRUE,FALSE,24,37,1288,1309,-41,-62,"ARITH_OPEN"
2,22,886,1248,"Direct product generalized",TRUE,FALSE,24,37,1288,1309,-40,-61,"ARITH_OPEN"
2,22,894,1249,"Direct product generalized",TRUE,FALSE,25,36,1289,1310,-40,-61,"ARITH_OPEN"
2,22,896,1250,"Direct product generalized",TRUE,FALSE,25,36,1289,1310,-39,-60,"ARITH_OPEN"
2,22,899,1251,"Direct product generalized",TRUE,FALSE,25,36,1289,1310,-38,-59,"ARITH_OPEN"
2,22,900,1265,"Direct product generalized",TRUE,FALSE,25,36,1289,1310,-24,-45,"ARITH_OPEN"
2,22,909,1269,"Direct product generalized",TRUE,FALSE,28,33,1290,1311,-21,-42,"ARITH_OPEN"
2,22,917,1270,"Direct product generalized",TRUE,FALSE,28,33,1290,1311,-20,-41,"ARITH_OPEN"
2,22,924,1271,"Direct product generalized",TRUE,FALSE,28,33,1290,1311,-19,-40,"ARITH_OPEN"
2,22,926,1275,"Direct product generalized",TRUE,FALSE,29,32,1293,1314,-18,-39,"ARITH_OPEN"
2,22,928,1276,"Direct product generalized",TRUE,FALSE,29,32,1293,1314,-17,-38,"ARITH_OPEN"
2,22,941,1289,"Direct product generalized",TRUE,FALSE,29,33,1294,1315,-5,-26,"ARITH_OPEN"
2,22,957,1291,"Direct product generalized",TRUE,FALSE,29,33,1294,1315,-3,-24,"ARITH_OPEN"
2,22,969,1294,"Direct product generalized",TRUE,FALSE,25,39,1366,1387,-72,-93,"ARITH_OPEN"
2,22,973,1305,"Direct product generalized",TRUE,FALSE,25,39,1366,1387,-61,-82,"ARITH_OPEN"
2,22,977,1307,"Direct product generalized",TRUE,FALSE,25,40,1368,1389,-61,-82,"ARITH_OPEN"
2,22,985,1311,"Direct product generalized",TRUE,FALSE,25,40,1368,1389,-57,-78,"ARITH_OPEN"
2,22,990,1312,"Direct product generalized",TRUE,FALSE,25,40,1368,1389,-56,-77,"ARITH_OPEN"
2,22,991,1329,"Direct product generalized",TRUE,FALSE,25,40,1368,1389,-39,-60,"ARITH_OPEN"
2,22,998,1330,"Direct product generalized",TRUE,FALSE,25,40,1368,1389,-38,-59,"ARITH_OPEN"
2,22,1007,1331,"Direct product generalized",TRUE,FALSE,31,33,1373,1394,-42,-63,"ARITH_OPEN"
2,22,1018,1332,"Direct product generalized",TRUE,FALSE,31,33,1373,1394,-41,-62,"ARITH_OPEN"
2,22,1020,1333,"Direct product generalized",TRUE,FALSE,31,33,1373,1394,-40,-61,"ARITH_OPEN"
2,22,1023,1334,"Direct product generalized",TRUE,FALSE,31,33,1373,1394,-39,-60,"ARITH_OPEN"
2,22,1027,1351,"Direct product generalized",TRUE,FALSE,32,33,1375,1396,-24,-45,"ARITH_OPEN"
2,22,1034,1352,"Direct product generalized",TRUE,FALSE,32,33,1375,1396,-23,-44,"ARITH_OPEN"
2,22,1040,1353,"Direct product generalized",TRUE,FALSE,32,33,1375,1396,-22,-43,"ARITH_OPEN"
2,22,1044,1354,"Direct product generalized",TRUE,FALSE,32,33,1375,1396,-21,-42,"ARITH_OPEN"
2,22,1045,1356,"Direct product generalized",TRUE,FALSE,32,33,1375,1396,-19,-40,"ARITH_OPEN"
2,22,1050,1357,"Direct product generalized",TRUE,FALSE,32,33,1375,1396,-18,-39,"ARITH_OPEN"
2,22,1054,1358,"Direct product generalized",TRUE,FALSE,32,33,1375,1396,-17,-38,"ARITH_OPEN"
2,22,1056,1359,"Direct product generalized",TRUE,FALSE,32,33,1375,1396,-16,-37,"ARITH_OPEN"
2,22,1057,1374,"Direct product generalized",TRUE,FALSE,33,33,1376,1397,-2,-23,"ARITH_OPEN"
2,22,1058,1375,"Direct product generalized",TRUE,FALSE,33,33,1376,1397,-1,-22,"ARITH_OPEN"
2,22,1073,1376,"Direct product generalized",TRUE,FALSE,33,33,1376,1397,0,-21,"ARITH_INFERRED"
2,22,1093,1388,"Direct product generalized",TRUE,FALSE,25,44,1431,1452,-43,-64,"ARITH_OPEN"
2,22,1097,1390,"Direct product generalized",TRUE,FALSE,25,44,1431,1452,-41,-62,"ARITH_OPEN"
2,22,1099,1395,"Direct product generalized",TRUE,FALSE,25,44,1431,1452,-36,-57,"ARITH_OPEN"
2,22,1108,1396,"Direct product generalized",TRUE,FALSE,21,53,1443,1464,-47,-68,"ARITH_OPEN"
2,22,1113,1397,"Direct product generalized",TRUE,FALSE,21,53,1443,1464,-46,-67,"ARITH_OPEN"
2,22,1119,1398,"Direct product generalized",TRUE,FALSE,21,54,1443,1464,-45,-66,"ARITH_OPEN"
2,22,1120,1399,"Direct product generalized",TRUE,FALSE,21,54,1443,1464,-44,-65,"ARITH_OPEN"
2,22,1122,1400,"Direct product generalized",TRUE,FALSE,21,54,1443,1464,-43,-64,"ARITH_OPEN"
2,22,1128,1414,"Direct product generalized",TRUE,FALSE,21,54,1443,1464,-29,-50,"ARITH_OPEN"
2,22,1138,1415,"Direct product generalized",TRUE,FALSE,22,52,1443,1464,-28,-49,"ARITH_OPEN"
2,22,1145,1416,"Direct product generalized",TRUE,FALSE,22,53,1443,1464,-27,-48,"ARITH_OPEN"
2,22,1151,1417,"Direct product generalized",TRUE,FALSE,22,53,1443,1464,-26,-47,"ARITH_OPEN"
2,22,1154,1418,"Direct product generalized",TRUE,FALSE,22,53,1443,1464,-25,-46,"ARITH_OPEN"
2,22,1155,1419,"Direct product generalized",TRUE,FALSE,22,53,1443,1464,-24,-45,"ARITH_OPEN"
2,22,1157,1432,"Direct product generalized",TRUE,FALSE,22,53,1443,1464,-11,-32,"ARITH_OPEN"
2,22,1158,1433,"Direct product generalized",TRUE,FALSE,22,53,1443,1464,-10,-31,"ARITH_OPEN"
2,22,1174,1434,"Direct product generalized",TRUE,FALSE,22,54,1443,1464,-9,-30,"ARITH_OPEN"
2,22,1179,1435,"Direct product generalized",TRUE,FALSE,22,54,1443,1464,-8,-29,"ARITH_OPEN"
2,22,1184,1436,"Direct product generalized",TRUE,FALSE,22,54,1443,1464,-7,-28,"ARITH_OPEN"
2,22,1188,1437,"Direct product generalized",TRUE,FALSE,22,54,1443,1464,-6,-27,"ARITH_OPEN"
2,22,1296,1440,"Direct product",FALSE,FALSE,24,54,1443,1464,-3,-24,"ARITH_OPEN"
2,22,1350,1446,"Direct product",FALSE,FALSE,25,54,1446,1467,0,-21,"ARITHMETIC"
2,22,1368,1450,"Direct product",FALSE,FALSE,24,57,1449,1470,1,-20,"ARITH_OPEN"
2,22,1428,1451,"Direct product generalized",TRUE,FALSE,25,58,1467,1488,-16,-37,"ARITH_OPEN"
2,22,2875,1452,"Direct product generalized",TRUE,FALSE,24,120,1471,1492,-19,-40,"ARITH_OPEN"
2,22,2904,1453,"Direct product",FALSE,FALSE,24,121,1472,1493,-19,-40,"ARITH_OPEN"
2,22,2923,1455,"Direct product generalized",TRUE,FALSE,5,585,1474,1495,-19,-40,"ARITH_OPEN"
2,22,3450,1456,"Direct product generalized",TRUE,FALSE,24,144,1475,1496,-19,-40,"ARITH_OPEN"
2,22,3480,1457,"Direct product",FALSE,FALSE,24,145,1476,1497,-19,-40,"ARITH_OPEN"
2,22,3504,1473,"Direct product generalized",TRUE,FALSE,6,584,1477,1498,-4,-25,"ARITH_OPEN"
2,22,4056,1474,"Direct product",FALSE,FALSE,24,169,1493,1514,-19,-40,"ARITH_OPEN"
2,22,4129,1479,"Direct product generalized",TRUE,FALSE,7,590,1496,1517,-17,-38,"ARITH_OPEN"
2,22,4600,1488,"Direct product generalized",TRUE,FALSE,8,575,1507,1528,-19,-40,"ARITH_OPEN"
2,22,5184,1489,"Direct product generalized",TRUE,FALSE,9,576,1508,1529,-19,-40,"ARITH_OPEN"
2,22,5760,1490,"Direct product generalized",TRUE,FALSE,10,576,1509,1530,-19,-40,"ARITH_OPEN"
2,22,8050,1491,"Direct product generalized",TRUE,FALSE,24,336,1510,1531,-19,-40,"ARITH_OPEN"
2,22,8366,1492,"Direct product generalized",TRUE,FALSE,17,493,1511,1532,-19,-40,"ARITH_OPEN"
2,22,12075,1493,"Direct product generalized",TRUE,FALSE,24,504,1512,1533,-19,-40,"ARITH_OPEN"
2,22,13225,1494,"Direct product generalized",TRUE,FALSE,24,552,1513,1534,-19,-40,"ARITH_OPEN"
2,22,13826,1495,"Direct product generalized",TRUE,FALSE,24,577,1514,1535,-19,-40,"ARITH_OPEN"
2,22,14424,1496,"Direct product",FALSE,FALSE,24,601,1515,1536,-19,-40,"ARITH_OPEN"
2,22,14447,1516,"Direct product generalized",TRUE,FALSE,25,578,1518,1539,-2,-23,"ARITH_OPEN"
2,22,15045,1517,"Direct product generalized",TRUE,FALSE,25,602,1539,1560,-22,-43,"ARITH_OPEN"
2,22,15122,1518,"Direct product generalized",TRUE,FALSE,25,605,1539,1560,-21,-42,"ARITH_OPEN"
2,22,15629,1538,"Direct product generalized",TRUE,FALSE,25,626,1560,1581,-22,-43,"ARITH_OPEN"
2,22,15679,1539,"Direct product generalized",TRUE,FALSE,25,628,1560,1581,-21,-42,"ARITH_OPEN"
2,22,15725,1540,"Direct product generalized",TRUE,FALSE,25,629,1560,1581,-20,-41,"ARITH_OPEN"
2,22,16225,1559,"Direct product generalized",TRUE,FALSE,25,649,1560,1581,-1,-22,"ARITH_OPEN"
2,22,16275,1560,"Direct product generalized",TRUE,FALSE,25,651,1583,1604,-23,-44,"ARITH_OPEN"
2,22,16300,1561,"Direct product generalized",TRUE,FALSE,25,652,1583,1604,-22,-43,"ARITH_OPEN"
2,22,16350,1562,"Direct product generalized",TRUE,FALSE,25,654,1584,1605,-22,-43,"ARITH_OPEN"
2,22,16900,1580,"Direct product",FALSE,FALSE,25,676,1603,1624,-23,-44,"ARITH_OPEN"
2,22,16928,1583,"Direct product generalized",TRUE,FALSE,25,678,1603,1624,-20,-41,"ARITH_OPEN"
2,22,16975,1584,"Direct product generalized",TRUE,FALSE,25,679,1604,1625,-20,-41,"ARITH_OPEN"
2,22,16984,1596,"Direct product generalized",TRUE,FALSE,25,680,1604,1625,-8,-29,"ARITH_OPEN"
2,22,16987,1599,"Direct product generalized",TRUE,FALSE,25,680,1604,1625,-5,-26,"ARITH_OPEN"
2,22,17184,1602,"Direct product generalized",TRUE,FALSE,25,688,1604,1625,-2,-23,"ARITH_OPEN"
2,22,17819,1603,"Direct product generalized",TRUE,FALSE,25,713,1625,1646,-22,-43,"ARITH_OPEN"
2,22,17845,1604,"Direct product generalized",TRUE,FALSE,25,714,1625,1646,-21,-42,"ARITH_OPEN"
2,22,18025,1606,"Direct product generalized",TRUE,FALSE,25,721,1625,1646,-19,-40,"ARITH_OPEN"
2,22,18509,1624,"Direct product generalized",TRUE,FALSE,25,741,1643,1664,-19,-40,"ARITH_OPEN"
2,22,18525,1625,"Direct product generalized",TRUE,FALSE,25,741,1643,1664,-18,-39,"ARITH_OPEN"
2,22,18709,1627,"Direct product generalized",TRUE,FALSE,25,749,1646,1667,-19,-40,"ARITH_OPEN"
2,22,18725,1628,"Direct product generalized",TRUE,FALSE,25,749,1646,1667,-18,-39,"ARITH_OPEN"
2,22,18752,1640,"Direct product generalized",TRUE,FALSE,25,751,1649,1670,-9,-30,"ARITH_OPEN"
2,22,18761,1643,"Direct product generalized",TRUE,FALSE,25,751,1649,1670,-6,-27,"ARITH_OPEN"
2,22,19250,1645,"Direct product generalized",TRUE,FALSE,25,770,1667,1688,-22,-43,"ARITH_OPEN"
2,22,19304,1646,"Direct product generalized",TRUE,FALSE,25,773,1668,1689,-22,-43,"ARITH_OPEN"
2,22,19400,1647,"Direct product generalized",TRUE,FALSE,25,776,1673,1694,-26,-47,"ARITH_OPEN"
2,22,19525,1648,"Direct product generalized",TRUE,FALSE,25,781,1673,1694,-25,-46,"ARITH_OPEN"
2,22,19600,1649,"Direct product generalized",TRUE,FALSE,33,594,1689,1710,-40,-61,"ARITH_OPEN"
2,22,19652,1668,"Direct product generalized",TRUE,FALSE,33,596,1689,1710,-21,-42,"ARITH_OPEN"
2,22,20000,1669,"Direct product generalized",TRUE,FALSE,25,800,1693,1714,-24,-45,"ARITH_OPEN"
2,23,576,1056,"Direct product",FALSE,FALSE,24,24,1035,1057,21,-1,"ARITH_OPEN"
2,23,598,1080,"Direct product",FALSE,FALSE,23,26,1122,1144,-42,-64,"ARITH_OPEN"
2,23,599,1101,"Direct product generalized",TRUE,FALSE,24,25,1122,1144,-21,-43,"ARITH_OPEN"
2,23,624,1102,"Direct product",FALSE,FALSE,24,26,1122,1144,-20,-42,"ARITH_OPEN"
2,23,644,1124,"Direct product",FALSE,FALSE,24,27,1125,1147,-1,-23,"ARITH_OPEN"
2,23,650,1125,"Direct product generalized",TRUE,FALSE,24,28,1128,1150,-3,-25,"ARITH_OPEN"
2,23,651,1126,"Direct product generalized",TRUE,FALSE,24,28,1128,1150,-2,-24,"ARITH_OPEN"
2,23,672,1128,"Direct product",FALSE,FALSE,24,28,1128,1150,0,-22,"ARITHMETIC"
2,23,678,1149,"Direct product generalized",TRUE,FALSE,24,29,1212,1234,-63,-85,"ARITH_OPEN"
2,23,680,1151,"Direct product generalized",TRUE,FALSE,24,29,1212,1234,-61,-83,"ARITH_OPEN"
2,23,684,1168,"Direct product generalized",TRUE,FALSE,24,29,1212,1234,-44,-66,"ARITH_OPEN"
2,23,686,1169,"Direct product generalized",TRUE,FALSE,24,29,1212,1234,-43,-65,"ARITH_OPEN"
2,23,702,1170,"Direct product",FALSE,FALSE,26,27,1212,1234,-42,-64,"ARITH_OPEN"
2,23,703,1172,"Direct product generalized",TRUE,FALSE,24,30,1214,1236,-42,-64,"ARITH_OPEN"
2,23,728,1173,"Direct product",FALSE,FALSE,26,28,1215,1237,-42,-64,"ARITH_OPEN"
2,23,732,1194,"Direct product generalized",TRUE,FALSE,24,31,1218,1240,-24,-46,"ARITH_OPEN"
2,23,734,1196,"Direct product generalized",TRUE,FALSE,24,31,1218,1240,-22,-44,"ARITH_OPEN"
2,23,756,1197,"Direct product generalized",TRUE,FALSE,27,28,1218,1240,-21,-43,"ARITH_OPEN"
2,23,763,1215,"Direct product generalized",TRUE,FALSE,24,32,1220,1242,-5,-27,"ARITH_OPEN"
2,23,784,1217,"Direct product",FALSE,FALSE,28,28,1221,1243,-4,-26,"ARITH_OPEN"
2,23,786,1235,"Direct product generalized",TRUE,FALSE,24,33,1299,1321,-64,-86,"ARITH_OPEN"
2,23,788,1237,"Direct product generalized",TRUE,FALSE,24,33,1299,1321,-62,-84,"ARITH_OPEN"
2,23,790,1241,"Direct product generalized",TRUE,FALSE,24,33,1299,1321,-58,-80,"ARITH_OPEN"
2,23,792,1243,"Direct product generalized",TRUE,FALSE,24,33,1299,1321,-56,-78,"ARITH_OPEN"
2,23,794,1251,"Direct product generalized",TRUE,FALSE,24,34,1299,1321,-48,-70,"ARITH_OPEN"
2,23,797,1252,"Direct product generalized",TRUE,FALSE,24,34,1299,1321,-47,-69,"ARITH_OPEN"
2,23,801,1253,"Direct product generalized",TRUE,FALSE,24,34,1299,1321,-46,-68,"ARITH_OPEN"
2,23,808,1254,"Direct product generalized",TRUE,FALSE,24,34,1299,1321,-45,-67,"ARITH_OPEN"
2,23,810,1255,"Direct product generalized",TRUE,FALSE,24,34,1299,1321,-44,-66,"ARITH_OPEN"
2,23,811,1258,"Direct product generalized",TRUE,FALSE,24,34,1299,1321,-41,-63,"ARITH_OPEN"
2,23,819,1259,"Direct product generalized",TRUE,FALSE,24,35,1302,1324,-43,-65,"ARITH_OPEN"
2,23,825,1260,"Direct product generalized",TRUE,FALSE,24,35,1302,1324,-42,-64,"ARITH_OPEN"
2,23,832,1261,"Direct product generalized",TRUE,FALSE,24,35,1302,1324,-41,-63,"ARITH_OPEN"
2,23,839,1262,"Direct product generalized",TRUE,FALSE,24,35,1302,1324,-40,-62,"ARITH_OPEN"
2,23,840,1263,"Direct product generalized",TRUE,FALSE,24,35,1302,1324,-39,-61,"ARITH_OPEN"
2,23,845,1284,"Direct product generalized",TRUE,FALSE,24,36,1304,1326,-20,-42,"ARITH_OPEN"
2,23,850,1285,"Direct product generalized",TRUE,FALSE,24,36,1304,1326,-19,-41,"ARITH_OPEN"
2,23,856,1286,"Direct product generalized",TRUE,FALSE,24,36,1304,1326,-18,-40,"ARITH_OPEN"
2,23,865,1287,"Direct product generalized",TRUE,FALSE,28,31,1311,1333,-24,-46,"ARITH_OPEN"
2,23,868,1288,"Direct product generalized",TRUE,FALSE,28,31,1311,1333,-23,-45,"ARITH_OPEN"
2,23,875,1308,"Direct product generalized",TRUE,FALSE,28,32,1313,1335,-5,-27,"ARITH_OPEN"
2,23,896,1309,"Direct product",FALSE,FALSE,28,32,1313,1335,-4,-26,"ARITH_OPEN"
2,23,898,1322,"Direct product generalized",TRUE,FALSE,24,38,1384,1406,-62,-84,"ARITH_OPEN"
2,23,900,1324,"Direct product generalized",TRUE,FALSE,24,38,1384,1406,-60,-82,"ARITH_OPEN"
2,23,902,1325,"Direct product generalized",TRUE,FALSE,24,38,1384,1406,-59,-81,"ARITH_OPEN"
2,23,904,1327,"Direct product generalized",TRUE,FALSE,24,38,1384,1406,-57,-79,"ARITH_OPEN"
2,23,914,1344,"Direct product generalized",TRUE,FALSE,24,39,1385,1407,-41,-63,"ARITH_OPEN"
2,23,918,1345,"Direct product generalized",TRUE,FALSE,24,39,1385,1407,-40,-62,"ARITH_OPEN"
2,23,925,1346,"Direct product generalized",TRUE,FALSE,24,39,1385,1407,-39,-61,"ARITH_OPEN"
2,23,926,1347,"Direct product generalized",TRUE,FALSE,24,39,1385,1407,-38,-60,"ARITH_OPEN"
2,23,936,1349,"Direct product",FALSE,FALSE,24,39,1385,1407,-36,-58,"ARITH_OPEN"
2,23,944,1352,"Direct product generalized",TRUE,FALSE,24,40,1387,1409,-35,-57,"ARITH_OPEN"
2,23,952,1353,"Direct product generalized",TRUE,FALSE,24,40,1387,1409,-34,-56,"ARITH_OPEN"
2,23,959,1354,"Direct product generalized",TRUE,FALSE,24,40,1387,1409,-33,-55,"ARITH_OPEN"
2,23,960,1355,"Direct product generalized",TRUE,FALSE,24,40,1387,1409,-32,-54,"ARITH_OPEN"
2,23,972,1373,"Direct product generalized",TRUE,FALSE,27,36,1394,1416,-21,-43,"ARITH_OPEN"
2,23,977,1375,"Direct product generalized",TRUE,FALSE,28,35,1395,1417,-20,-42,"ARITH_OPEN"
2,23,980,1376,"Direct product generalized",TRUE,FALSE,28,35,1395,1417,-19,-41,"ARITH_OPEN"
2,23,989,1379,"Direct product generalized",TRUE,FALSE,28,36,1397,1419,-18,-40,"ARITH_OPEN"
2,23,992,1380,"Direct product generalized",TRUE,FALSE,28,36,1397,1419,-17,-39,"ARITH_OPEN"
2,23,1008,1393,"Direct product",FALSE,FALSE,28,36,1397,1419,-4,-26,"ARITH_OPEN"
2,23,1024,1405,"Direct product",FALSE,FALSE,32,32,1405,1427,0,-22,"ARITHMETIC"
2,23,1029,1428,"Direct product generalized",TRUE,FALSE,26,40,1474,1496,-46,-68,"ARITH_OPEN"
2,23,1033,1429,"Direct product generalized",TRUE,FALSE,26,40,1474,1496,-45,-67,"ARITH_OPEN"
2,23,1040,1430,"Direct product generalized",TRUE,FALSE,26,40,1474,1496,-44,-66,"ARITH_OPEN"
2,23,1041,1432,"Direct product generalized",TRUE,FALSE,27,39,1475,1497,-43,-65,"ARITH_OPEN"
2,23,1042,1434,"Direct product generalized",TRUE,FALSE,27,39,1475,1497,-41,-63,"ARITH_OPEN"
2,23,1051,1435,"Direct product generalized",TRUE,FALSE,27,39,1475,1497,-40,-62,"ARITH_OPEN"
2,23,1064,1436,"Direct product generalized",TRUE,FALSE,27,40,1477,1499,-41,-63,"ARITH_OPEN"
2,23,1072,1437,"Direct product generalized",TRUE,FALSE,27,40,1477,1499,-40,-62,"ARITH_OPEN"
2,23,1079,1438,"Direct product generalized",TRUE,FALSE,27,40,1477,1499,-39,-61,"ARITH_OPEN"
2,23,1080,1439,"Direct product generalized",TRUE,FALSE,27,40,1477,1499,-38,-60,"ARITH_OPEN"
2,23,1082,1446,"Direct product generalized",TRUE,FALSE,28,39,1478,1500,-32,-54,"ARITH_OPEN"
2,23,1086,1447,"Direct product generalized",TRUE,FALSE,28,39,1478,1500,-31,-53,"ARITH_OPEN"
2,23,1088,1448,"Direct product generalized",TRUE,FALSE,28,39,1478,1500,-30,-52,"ARITH_OPEN"
2,23,1095,1461,"Direct product generalized",TRUE,FALSE,28,40,1480,1502,-19,-41,"ARITH_OPEN"
2,23,1104,1462,"Direct product generalized",TRUE,FALSE,28,40,1480,1502,-18,-40,"ARITH_OPEN"
2,23,1113,1463,"Direct product generalized",TRUE,FALSE,28,40,1480,1502,-17,-39,"ARITH_OPEN"
2,23,1116,1464,"Direct product generalized",TRUE,FALSE,28,40,1480,1502,-16,-38,"ARITH_OPEN"
2,23,1117,1467,"Direct product generalized",TRUE,FALSE,28,40,1480,1502,-13,-35,"ARITH_OPEN"
2,23,1120,1468,"Direct product generalized",TRUE,FALSE,28,40,1480,1502,-12,-34,"ARITH_OPEN"
2,23,1128,1477,"Direct product generalized",TRUE,FALSE,32,36,1489,1511,-12,-34,"ARITH_OPEN"
2,23,1130,1479,"Direct product generalized",TRUE,FALSE,32,36,1489,1511,-10,-32,"ARITH_OPEN"
2,23,1152,1489,"Direct product",FALSE,FALSE,32,36,1489,1511,0,-22,"ARITHMETIC"
2,23,1156,1513,"Direct product generalized",TRUE,FALSE,28,42,1522,1544,-9,-31,"ARITH_OPEN"
2,23,1157,1516,"Direct product generalized",TRUE,FALSE,28,42,1522,1544,-6,-28,"ARITH_OPEN"
2,23,1176,1518,"Direct product",FALSE,FALSE,28,42,1522,1544,-4,-26,"ARITH_OPEN"
2,23,1183,1519,"Direct product generalized",TRUE,FALSE,21,57,1525,1547,-6,-28,"ARITH_OPEN"
2,23,1192,1520,"Direct product generalized",TRUE,FALSE,21,57,1525,1547,-5,-27,"ARITH_OPEN"
2,23,1199,1521,"Direct product generalized",TRUE,FALSE,21,58,1525,1547,-4,-26,"ARITH_OPEN"
2,23,1200,1522,"Direct product generalized",TRUE,FALSE,21,58,1525,1547,-3,-25,"ARITH_OPEN"
2,23,1334,1525,"Direct product",FALSE,FALSE,23,58,1525,1547,0,-22,"ARITHMETIC"
2,23,13800,1562,"Direct product",FALSE,FALSE,24,575,1541,1563,21,-1,"ARITH_OPEN"
2,23,13824,1582,"Direct product",FALSE,FALSE,24,576,1562,1584,20,-2,"ARITH_OPEN"
2,23,14352,1586,"Direct product",FALSE,FALSE,24,598,1586,1608,0,-22,"ARITHMETIC"
2,23,14375,1607,"Direct product generalized",TRUE,FALSE,24,599,1607,1629,0,-22,"ARITH_INFERRED"
2,23,14973,1610,"Direct product generalized",TRUE,FALSE,24,624,1608,1630,2,-20,"ARITH_OPEN"
2,23,14976,1628,"Direct product",FALSE,FALSE,24,624,1608,1630,20,-2,"ARITH_OPEN"
2,23,15456,1630,"Direct product",FALSE,FALSE,24,644,1630,1652,0,-22,"ARITHMETIC"
2,23,15663,1632,"Direct product generalized",TRUE,FALSE,24,653,1634,1656,-2,-24,"ARITH_OPEN"
2,23,15732,1633,"Direct product generalized",TRUE,FALSE,24,656,1634,1656,-1,-23,"ARITH_OPEN"
2,23,16100,1634,"Direct product",FALSE,FALSE,24,671,1634,1656,0,-22,"ARITHMETIC"
2,23,16193,1653,"Direct product generalized",TRUE,FALSE,24,675,1655,1677,-2,-24,"ARITH_OPEN"
2,23,16247,1654,"Direct product generalized",TRUE,FALSE,24,677,1655,1677,-1,-23,"ARITH_OPEN"
2,23,16371,1655,"Direct product generalized",TRUE,FALSE,24,683,1674,1696,-19,-41,"ARITH_OPEN"
2,23,16394,1657,"Direct product generalized",TRUE,FALSE,24,684,1674,1696,-17,-39,"ARITH_OPEN"
2,23,16438,1658,"Direct product generalized",TRUE,FALSE,24,685,1675,1697,-17,-39,"ARITH_OPEN"
2,23,16744,1675,"Direct product",FALSE,FALSE,24,698,1676,1698,-1,-23,"ARITH_OPEN"
2,23,16928,1676,"Direct product generalized",TRUE,FALSE,24,706,1679,1701,-3,-25,"ARITH_OPEN"
2,23,16956,1677,"Direct product generalized",TRUE,FALSE,24,707,1679,1701,-2,-24,"ARITH_OPEN"
2,23,17050,1678,"Direct product generalized",TRUE,FALSE,24,711,1679,1701,-1,-23,"ARITH_OPEN"
2,23,17472,1680,"Direct product",FALSE,FALSE,24,728,1679,1701,1,-21,"ARITH_OPEN"
2,23,17478,1699,"Direct product generalized",TRUE,FALSE,24,729,1700,1722,-1,-23,"ARITH_OPEN"
2,23,17639,1700,"Direct product generalized",TRUE,FALSE,24,735,1703,1725,-3,-25,"ARITH_OPEN"
2,23,17682,1701,"Direct product generalized",TRUE,FALSE,24,737,1703,1725,-2,-24,"ARITH_OPEN"
2,23,17721,1702,"Direct product generalized",TRUE,FALSE,24,739,1703,1725,-1,-23,"ARITH_OPEN"
2,23,18244,1720,"Direct product generalized",TRUE,FALSE,24,761,1721,1743,-1,-23,"ARITH_OPEN"
2,23,18370,1721,"Direct product generalized",TRUE,FALSE,24,766,1723,1745,-2,-24,"ARITH_OPEN"
2,23,18453,1722,"Direct product generalized",TRUE,FALSE,24,769,1723,1745,-1,-23,"ARITH_OPEN"
2,23,18816,1724,"Direct product",FALSE,FALSE,24,784,1723,1745,1,-21,"ARITH_OPEN"
2,23,18936,1725,"Direct product generalized",TRUE,FALSE,24,789,1747,1769,-22,-44,"ARITH_OPEN"
2,23,19040,1726,"Direct product generalized",TRUE,FALSE,28,680,1750,1772,-24,-46,"ARITH_OPEN"
2,23,19152,1727,"Direct product generalized",TRUE,FALSE,24,798,1759,1781,-32,-54,"ARITH_OPEN"
2,23,19166,1744,"Direct product generalized",TRUE,FALSE,24,799,1759,1781,-15,-37,"ARITH_OPEN"
2,23,19174,1745,"Direct product generalized",TRUE,FALSE,24,799,1759,1781,-14,-36,"ARITH_OPEN"
2,23,19218,1747,"Direct product generalized",TRUE,FALSE,24,801,1759,1781,-12,-34,"ARITH_OPEN"
2,23,19656,1748,"Direct product",FALSE,FALSE,24,819,1765,1787,-17,-39,"ARITH_OPEN"
2,23,19740,1749,"Direct product generalized",TRUE,FALSE,24,823,1766,1788,-17,-39,"ARITH_OPEN"
2,23,19898,1766,"Direct product generalized",TRUE,FALSE,24,830,1767,1789,-1,-23,"ARITH_OPEN"
2,23,19926,1767,"Direct product generalized",TRUE,FALSE,24,831,1767,1789,0,-22,"ARITH_INFERRED"
2,23,20000,1768,"Direct product generalized",TRUE,FALSE,24,834,1768,1790,0,-22,"ARITH_INFERRED"
2,24,81,1128,"Direct product",FALSE,FALSE,9,9,1128,1151,0,-23,"ARITHMETIC"
2,24,209,1152,"Direct product generalized",TRUE,FALSE,9,24,1174,1197,-22,-45,"ARITH_OPEN"
2,24,234,1160,"Direct product generalized",TRUE,FALSE,9,26,1174,1197,-14,-37,"ARITH_OPEN"
2,24,235,1170,"Direct product generalized",TRUE,FALSE,9,27,1176,1199,-6,-29,"ARITH_OPEN"
2,24,243,1176,"Direct product",FALSE,FALSE,9,27,1176,1199,0,-23,"ARITHMETIC"
2,24,260,1184,"Direct product generalized",TRUE,FALSE,10,26,1206,1229,-22,-45,"ARITH_OPEN"
2,24,263,1185,"Direct product generalized",TRUE,FALSE,10,27,1208,1231,-23,-46,"ARITH_OPEN"
2,24,286,1187,"Direct product generalized",TRUE,FALSE,11,26,1209,1232,-22,-45,"ARITH_OPEN"
2,24,312,1188,"Direct product generalized",TRUE,FALSE,12,26,1210,1233,-22,-45,"ARITH_OPEN"
2,24,338,1190,"Direct product generalized",TRUE,FALSE,13,26,1212,1235,-22,-45,"ARITH_OPEN"
2,24,342,1195,"Direct product generalized",TRUE,FALSE,13,27,1214,1237,-19,-42,"ARITH_OPEN"
2,24,447,1196,"Direct product generalized",TRUE,FALSE,18,25,1218,1241,-22,-45,"ARITH_OPEN"
2,24,575,1197,"Direct product generalized",TRUE,FALSE,23,25,1220,1243,-23,-46,"ARITH_OPEN"
2,24,651,1198,"Direct product generalized",TRUE,FALSE,26,26,1220,1243,-22,-45,"ARITH_OPEN"
2,24,677,1199,"Direct product generalized",TRUE,FALSE,26,27,1222,1245,-23,-46,"ARITH_OPEN"
2,24,703,1200,"Direct product generalized",TRUE,FALSE,27,27,1224,1247,-24,-47,"ARITH_OPEN"
2,24,728,1223,"Direct product generalized",TRUE,FALSE,27,27,1224,1247,-1,-24,"ARITH_OPEN"
2,24,729,1224,"Direct product",FALSE,FALSE,27,27,1224,1247,0,-23,"ARITHMETIC"
2,24,756,1246,"Direct product",FALSE,FALSE,27,28,1313,1336,-67,-90,"ARITH_OPEN"
2,24,758,1287,"Direct product generalized",TRUE,FALSE,26,30,1316,1339,-29,-52,"ARITH_OPEN"
2,24,765,1288,"Direct product generalized",TRUE,FALSE,26,30,1316,1339,-28,-51,"ARITH_OPEN"
2,24,773,1289,"Direct product generalized",TRUE,FALSE,26,30,1316,1339,-27,-50,"ARITH_OPEN"
2,24,778,1290,"Direct product generalized",TRUE,FALSE,26,30,1316,1339,-26,-49,"ARITH_OPEN"
2,24,781,1291,"Direct product generalized",TRUE,FALSE,27,29,1316,1339,-25,-48,"ARITH_OPEN"
2,24,798,1292,"Direct product generalized",TRUE,FALSE,27,30,1318,1341,-26,-49,"ARITH_OPEN"
2,24,806,1293,"Direct product generalized",TRUE,FALSE,27,30,1318,1341,-25,-48,"ARITH_OPEN"
2,24,809,1294,"Direct product generalized",TRUE,FALSE,27,30,1318,1341,-24,-47,"ARITH_OPEN"
2,24,810,1295,"Direct product generalized",TRUE,FALSE,27,30,1318,1341,-23,-46,"ARITH_OPEN"
2,24,811,1317,"Direct product generalized",TRUE,FALSE,27,31,1322,1345,-5,-28,"ARITH_OPEN"
2,24,813,1318,"Direct product generalized",TRUE,FALSE,27,31,1322,1345,-4,-27,"ARITH_OPEN"
2,24,836,1321,"Direct product generalized",TRUE,FALSE,27,31,1322,1345,-1,-24,"ARITH_OPEN"
2,24,837,1322,"Direct product",FALSE,FALSE,27,31,1322,1345,0,-23,"ARITHMETIC"
2,24,840,1340,"Direct product",FALSE,FALSE,27,32,1406,1429,-66,-89,"ARITH_OPEN"
2,24,841,1343,"Direct product generalized",TRUE,FALSE,27,32,1406,1429,-63,-86,"ARITH_OPEN"
2,24,868,1344,"Direct product",FALSE,FALSE,26,34,1410,1433,-66,-89,"ARITH_OPEN"
2,24,870,1382,"Direct product generalized",TRUE,FALSE,26,34,1410,1433,-28,-51,"ARITH_OPEN"
2,24,877,1383,"Direct product generalized",TRUE,FALSE,26,34,1410,1433,-27,-50,"ARITH_OPEN"
2,24,884,1384,"Direct product generalized",TRUE,FALSE,26,34,1410,1433,-26,-49,"ARITH_OPEN"
2,24,890,1385,"Direct product generalized",TRUE,FALSE,27,33,1410,1433,-25,-48,"ARITH_OPEN"
2,24,899,1386,"Direct product generalized",TRUE,FALSE,26,35,1412,1435,-26,-49,"ARITH_OPEN"
2,24,907,1387,"Direct product generalized",TRUE,FALSE,26,35,1412,1435,-25,-48,"ARITH_OPEN"
2,24,911,1388,"Direct product generalized",TRUE,FALSE,27,34,1412,1435,-24,-47,"ARITH_OPEN"
2,24,917,1389,"Direct product generalized",TRUE,FALSE,27,34,1412,1435,-23,-46,"ARITH_OPEN"
2,24,924,1390,"Direct product generalized",TRUE,FALSE,27,35,1414,1437,-24,-47,"ARITH_OPEN"
2,24,927,1391,"Direct product generalized",TRUE,FALSE,27,35,1414,1437,-23,-46,"ARITH_OPEN"
2,24,929,1392,"Direct product generalized",TRUE,FALSE,27,35,1414,1437,-22,-45,"ARITH_OPEN"
2,24,930,1393,"Direct product generalized",TRUE,FALSE,27,35,1414,1437,-21,-44,"ARITH_OPEN"
2,24,944,1413,"Direct product generalized",TRUE,FALSE,27,35,1414,1437,-1,-24,"ARITH_OPEN"
2,24,945,1414,"Direct product",FALSE,FALSE,27,35,1414,1437,0,-23,"ARITHMETIC"
2,24,961,1420,"Direct product",FALSE,FALSE,31,31,1420,1443,0,-23,"ARITHMETIC"
2,24,980,1436,"Direct product",FALSE,FALSE,27,37,1496,1519,-60,-83,"ARITH_OPEN"
2,24,989,1475,"Direct product generalized",TRUE,FALSE,27,37,1496,1519,-21,-44,"ARITH_OPEN"
2,24,996,1476,"Direct product generalized",TRUE,FALSE,27,37,1496,1519,-20,-43,"ARITH_OPEN"
2,24,1005,1477,"Direct product generalized",TRUE,FALSE,27,38,1504,1527,-27,-50,"ARITH_OPEN"
2,24,1008,1478,"Direct product generalized",TRUE,FALSE,27,38,1504,1527,-26,-49,"ARITH_OPEN"
2,24,1014,1479,"Direct product generalized",TRUE,FALSE,27,38,1504,1527,-25,-48,"ARITH_OPEN"
2,24,1025,1480,"Direct product generalized",TRUE,FALSE,27,38,1504,1527,-24,-47,"ARITH_OPEN"
2,24,1034,1481,"Direct product generalized",TRUE,FALSE,27,39,1507,1530,-26,-49,"ARITH_OPEN"
2,24,1043,1482,"Direct product generalized",TRUE,FALSE,27,39,1507,1530,-25,-48,"ARITH_OPEN"
2,24,1047,1483,"Direct product generalized",TRUE,FALSE,27,39,1507,1530,-24,-47,"ARITH_OPEN"
2,24,1049,1484,"Direct product generalized",TRUE,FALSE,27,39,1507,1530,-23,-46,"ARITH_OPEN"
2,24,1050,1485,"Direct product generalized",TRUE,FALSE,27,39,1507,1530,-22,-45,"ARITH_OPEN"
2,24,1054,1490,"Direct product generalized",TRUE,FALSE,31,34,1510,1533,-20,-43,"ARITH_OPEN"
2,24,1055,1507,"Direct product generalized",TRUE,FALSE,31,35,1512,1535,-5,-28,"ARITH_OPEN"
2,24,1057,1511,"Direct product generalized",TRUE,FALSE,31,35,1512,1535,-1,-24,"ARITH_OPEN"
2,24,1085,1512,"Direct product",FALSE,FALSE,31,35,1512,1535,0,-23,"ARITHMETIC"
2,24,1092,1529,"Direct product",FALSE,FALSE,27,41,1555,1578,-26,-49,"ARITH_OPEN"
2,24,1106,1554,"Direct product generalized",TRUE,FALSE,27,41,1555,1578,-1,-24,"ARITH_OPEN"
2,24,1107,1555,"Direct product",FALSE,FALSE,27,41,1555,1578,0,-23,"ARITHMETIC"
2,24,1110,1565,"Direct product generalized",TRUE,FALSE,30,37,1590,1613,-25,-48,"ARITH_OPEN"
2,24,1116,1566,"Direct product generalized",TRUE,FALSE,31,36,1594,1617,-28,-51,"ARITH_OPEN"
2,24,1118,1567,"Direct product generalized",TRUE,FALSE,31,37,1594,1617,-27,-50,"ARITH_OPEN"
2,24,1121,1568,"Direct product generalized",TRUE,FALSE,31,37,1594,1617,-26,-49,"ARITH_OPEN"
2,24,1125,1569,"Direct product generalized",TRUE,FALSE,31,37,1594,1617,-25,-48,"ARITH_OPEN"
2,24,1127,1570,"Direct product generalized",TRUE,FALSE,31,37,1594,1617,-24,-47,"ARITH_OPEN"
2,24,1133,1571,"Direct product generalized",TRUE,FALSE,31,37,1594,1617,-23,-46,"ARITH_OPEN"
2,24,1144,1572,"Direct product generalized",TRUE,FALSE,31,37,1594,1617,-22,-45,"ARITH_OPEN"
2,24,1149,1573,"Direct product generalized",TRUE,FALSE,33,35,1600,1623,-27,-50,"ARITH_OPEN"
2,24,1156,1574,"Direct product generalized",TRUE,FALSE,34,34,1600,1623,-26,-49,"ARITH_OPEN"
2,24,1164,1575,"Direct product generalized",TRUE,FALSE,30,39,1601,1624,-26,-49,"ARITH_OPEN"
2,24,1167,1576,"Direct product generalized",TRUE,FALSE,30,39,1601,1624,-25,-48,"ARITH_OPEN"
2,24,1169,1577,"Direct product generalized",TRUE,FALSE,30,39,1601,1624,-24,-47,"ARITH_OPEN"
2,24,1170,1578,"Direct product generalized",TRUE,FALSE,30,39,1601,1624,-23,-46,"ARITH_OPEN"
2,24,1180,1580,"Direct product generalized",TRUE,FALSE,34,35,1602,1625,-22,-45,"ARITH_OPEN"
2,24,1184,1581,"Direct product generalized",TRUE,FALSE,34,35,1602,1625,-21,-44,"ARITH_OPEN"
2,24,1190,1582,"Direct product generalized",TRUE,FALSE,34,35,1602,1625,-20,-43,"ARITH_OPEN"
2,24,1195,1602,"Direct product generalized",TRUE,FALSE,35,35,1604,1627,-2,-25,"ARITH_OPEN"
2,24,1196,1603,"Direct product generalized",TRUE,FALSE,35,35,1604,1627,-1,-24,"ARITH_OPEN"
2,24,1225,1604,"Direct product",FALSE,FALSE,35,35,1604,1627,0,-23,"ARITHMETIC"
2,24,1226,1621,"Direct product generalized",TRUE,FALSE,30,41,1649,1672,-28,-51,"ARITH_OPEN"
2,24,1234,1622,"Direct product generalized",TRUE,FALSE,31,40,1649,1672,-27,-50,"ARITH_OPEN"
2,24,1238,1623,"Direct product generalized",TRUE,FALSE,31,40,1649,1672,-26,-49,"ARITH_OPEN"
2,24,1240,1624,"Direct product generalized",TRUE,FALSE,31,40,1649,1672,-25,-48,"ARITH_OPEN"
2,24,1241,1650,"Direct product generalized",TRUE,FALSE,31,41,1653,1676,-3,-26,"ARITH_OPEN"
2,24,1243,1651,"Direct product generalized",TRUE,FALSE,31,41,1653,1676,-2,-25,"ARITH_OPEN"
2,24,1271,1653,"Direct product",FALSE,FALSE,31,41,1653,1676,0,-23,"ARITHMETIC"
2,24,1279,1664,"Direct product generalized",TRUE,FALSE,35,37,1686,1709,-22,-45,"ARITH_OPEN"
2,24,1289,1665,"Direct product generalized",TRUE,FALSE,35,37,1686,1709,-21,-44,"ARITH_OPEN"
2,24,1291,1666,"Direct product generalized",TRUE,FALSE,35,37,1686,1709,-20,-43,"ARITH_OPEN"
2,24,1295,1667,"Direct product generalized",TRUE,FALSE,35,37,1686,1709,-19,-42,"ARITH_OPEN"
2,24,1303,1669,"Direct product generalized",TRUE,FALSE,35,38,1694,1717,-25,-48,"ARITH_OPEN"
2,24,1313,1670,"Direct product generalized",TRUE,FALSE,35,38,1694,1717,-24,-47,"ARITH_OPEN"
2,24,1320,1671,"Direct product generalized",TRUE,FALSE,35,38,1694,1717,-23,-46,"ARITH_OPEN"
2,24,1324,1672,"Direct product generalized",TRUE,FALSE,35,38,1694,1717,-22,-45,"ARITH_OPEN"
2,24,1329,1673,"Direct product generalized",TRUE,FALSE,35,38,1694,1717,-21,-44,"ARITH_OPEN"
2,24,1330,1674,"Direct product generalized",TRUE,FALSE,35,38,1694,1717,-20,-43,"ARITH_OPEN"
2,24,1334,1694,"Direct product generalized",TRUE,FALSE,35,39,1697,1720,-3,-26,"ARITH_OPEN"
2,24,1335,1695,"Direct product generalized",TRUE,FALSE,35,39,1697,1720,-2,-25,"ARITH_OPEN"
2,24,1341,1696,"Direct product generalized",TRUE,FALSE,35,39,1697,1720,-1,-24,"ARITH_OPEN"
2,24,1365,1697,"Direct product",FALSE,FALSE,35,39,1697,1720,0,-23,"ARITHMETIC"
2,24,1881,1704,"Direct product",FALSE,FALSE,9,209,1704,1727,0,-23,"ARITHMETIC"
2,24,2066,1707,"Direct product generalized postop TJ-SA",TRUE,TRUE,9,230,1712,1735,-5,-28,"ARITH_BOUND_ONLY"
2,24,2106,1713,"Direct product",FALSE,FALSE,9,234,1712,1735,1,-22,"ARITH_OPEN"
2,24,2115,1722,"Direct product",FALSE,FALSE,9,235,1722,1745,0,-23,"ARITHMETIC"
2,24,2234,1727,"Direct product generalized",TRUE,FALSE,9,249,1736,1759,-9,-32,"ARITH_OPEN"
2,24,5434,1728,"Direct product",FALSE,FALSE,9,604,1750,1773,-22,-45,"ARITH_OPEN"
2,24,6075,1736,"Direct product generalized",TRUE,FALSE,9,675,1751,1774,-15,-38,"ARITH_OPEN"
2,24,6085,1745,"Direct product generalized",TRUE,FALSE,9,677,1751,1774,-6,-29,"ARITH_OPEN"
2,24,6110,1746,"Direct product",FALSE,FALSE,9,679,1752,1775,-6,-29,"ARITH_OPEN"
2,24,6118,1751,"Direct product generalized",TRUE,FALSE,9,680,1752,1775,-1,-24,"ARITH_OPEN"
2,24,6750,1760,"Direct product generalized",TRUE,FALSE,26,260,1782,1805,-22,-45,"ARITH_OPEN"
2,24,7425,1763,"Direct product generalized",TRUE,FALSE,26,286,1785,1808,-22,-45,"ARITH_OPEN"
2,24,8100,1764,"Direct product generalized",TRUE,FALSE,26,312,1786,1809,-22,-45,"ARITH_OPEN"
2,24,8775,1766,"Direct product generalized",TRUE,FALSE,26,338,1788,1811,-22,-45,"ARITH_OPEN"
2,24,8975,1771,"Direct product generalized",TRUE,FALSE,13,691,1790,1813,-19,-42,"ARITH_OPEN"
2,24,11725,1772,"Direct product generalized",TRUE,FALSE,19,618,1794,1817,-22,-45,"ARITH_OPEN"
2,24,15000,1773,"Direct product generalized",TRUE,FALSE,24,625,1796,1819,-23,-46,"ARITH_OPEN"
2,24,16925,1774,"Direct product generalized",TRUE,FALSE,26,651,1796,1819,-22,-45,"ARITH_OPEN"
2,24,17600,1775,"Direct product generalized",TRUE,FALSE,26,677,1797,1820,-22,-45,"ARITH_OPEN"
2,24,18278,1776,"Direct product",FALSE,FALSE,26,703,1798,1821,-22,-45,"ARITH_OPEN"
2,24,18303,1798,"Direct product generalized",TRUE,FALSE,27,678,1800,1823,-2,-25,"ARITH_OPEN"
2,24,19003,1799,"Direct product generalized",TRUE,FALSE,27,704,1823,1846,-24,-47,"ARITH_OPEN"
2,24,19086,1800,"Direct product generalized",TRUE,FALSE,27,707,1823,1846,-23,-46,"ARITH_OPEN"
2,24,19687,1822,"Direct product generalized",TRUE,FALSE,27,730,1846,1869,-24,-47,"ARITH_OPEN"
2,24,19740,1823,"Direct product generalized",TRUE,FALSE,27,732,1846,1869,-23,-46,"ARITH_OPEN"
2,24,19764,1824,"Direct product generalized",TRUE,FALSE,27,732,1846,1869,-22,-45,"ARITH_OPEN"
2,24,20000,1845,"Direct product generalized",TRUE,FALSE,27,741,1846,1869,-1,-24,"ARITH_OPEN"
2,25,676,1248,"Direct product",FALSE,FALSE,26,26,1225,1249,23,-1,"ARITH_OPEN"
2,25,700,1274,"Direct product",FALSE,FALSE,25,28,1319,1343,-45,-69,"ARITH_OPEN"
2,25,701,1297,"Direct product generalized",TRUE,FALSE,26,27,1319,1343,-22,-46,"ARITH_OPEN"
2,25,728,1298,"Direct product",FALSE,FALSE,26,28,1319,1343,-21,-45,"ARITH_OPEN"
2,25,754,1325,"Direct product",FALSE,FALSE,26,29,1325,1349,0,-24,"ARITHMETIC"
2,25,780,1326,"Direct product",FALSE,FALSE,26,30,1326,1350,0,-24,"ARITHMETIC"
2,25,784,1371,"Direct product",FALSE,FALSE,28,28,1413,1437,-42,-66,"ARITH_OPEN"
2,25,785,1373,"Direct product generalized",TRUE,FALSE,28,29,1419,1443,-46,-70,"ARITH_OPEN"
2,25,812,1374,"Direct product",FALSE,FALSE,28,29,1419,1443,-45,-69,"ARITH_OPEN"
2,25,840,1375,"Direct product",FALSE,FALSE,28,30,1420,1444,-45,-69,"ARITH_OPEN"
2,25,843,1423,"Direct product generalized",TRUE,FALSE,26,33,1426,1450,-3,-27,"ARITH_OPEN"
2,25,844,1424,"Direct product generalized",TRUE,FALSE,26,33,1426,1450,-2,-26,"ARITH_OPEN"
2,25,853,1425,"Direct product generalized",TRUE,FALSE,26,33,1426,1450,-1,-25,"ARITH_OPEN"
2,25,876,1426,"Direct product generalized",TRUE,FALSE,30,30,1427,1451,-1,-25,"ARITH_OPEN"
2,25,900,1427,"Direct product",FALSE,FALSE,30,30,1427,1451,0,-24,"ARITHMETIC"
2,25,924,1475,"Direct product",FALSE,FALSE,26,36,1517,1541,-42,-66,"ARITH_OPEN"
2,25,925,1476,"Direct product generalized",TRUE,FALSE,26,36,1517,1541,-41,-65,"ARITH_OPEN"
2,25,952,1477,"Direct product",FALSE,FALSE,26,37,1519,1543,-42,-66,"ARITH_OPEN"
2,25,962,1519,"Direct product",FALSE,FALSE,26,37,1519,1543,0,-24,"ARITHMETIC"
2,25,963,1524,"Direct product generalized",TRUE,FALSE,26,38,1523,1547,1,-23,"ARITH_OPEN"
2,25,988,1525,"Direct product",FALSE,FALSE,26,38,1523,1547,2,-22,"ARITH_OPEN"
2,25,992,1527,"Direct product generalized",TRUE,FALSE,30,34,1529,1553,-2,-26,"ARITH_OPEN"
2,25,996,1528,"Direct product generalized",TRUE,FALSE,30,34,1529,1553,-1,-25,"ARITH_OPEN"
2,25,1020,1529,"Direct product",FALSE,FALSE,30,34,1529,1553,0,-24,"ARITHMETIC"
2,25,1036,1568,"Direct product",FALSE,FALSE,26,40,1570,1594,-2,-26,"ARITH_OPEN"
2,25,1040,1570,"Direct product",FALSE,FALSE,26,40,1570,1594,0,-24,"ARITHMETIC"
2,25,1064,1574,"Direct product",FALSE,FALSE,28,38,1617,1641,-43,-67,"ARITH_OPEN"
2,25,1065,1615,"Direct product generalized",TRUE,FALSE,30,36,1618,1642,-3,-27,"ARITH_OPEN"
2,25,1092,1616,"Direct product",FALSE,FALSE,30,37,1620,1644,-4,-28,"ARITH_OPEN"
2,25,1093,1618,"Direct product generalized",TRUE,FALSE,30,37,1620,1644,-2,-26,"ARITH_OPEN"
2,25,1120,1619,"Direct product",FALSE,FALSE,30,38,1624,1648,-5,-29,"ARITH_OPEN"
2,25,1156,1631,"Direct product",FALSE,FALSE,34,34,1631,1655,0,-24,"ARITHMETIC"
2,25,1172,1668,"Direct product generalized",TRUE,FALSE,30,40,1671,1695,-3,-27,"ARITH_OPEN"
2,25,1176,1670,"Direct product generalized",TRUE,FALSE,30,40,1671,1695,-1,-25,"ARITH_OPEN"
2,25,1200,1671,"Direct product",FALSE,FALSE,30,40,1671,1695,0,-24,"ARITHMETIC"
2,25,1202,1719,"Direct product generalized",TRUE,FALSE,33,37,1720,1744,-1,-25,"ARITH_OPEN"
2,25,1227,1720,"Direct product generalized",TRUE,FALSE,34,37,1722,1746,-2,-26,"ARITH_OPEN"
2,25,1230,1721,"Direct product generalized",TRUE,FALSE,34,37,1722,1746,-1,-25,"ARITH_OPEN"
2,25,1259,1722,"Direct product generalized",TRUE,FALSE,34,38,1726,1750,-4,-28,"ARITH_OPEN"
2,25,1260,1725,"Direct product generalized",TRUE,FALSE,34,38,1726,1750,-1,-25,"ARITH_OPEN"
2,25,1293,1747,"Direct product generalized",TRUE,FALSE,34,39,1770,1794,-23,-47,"ARITH_OPEN"
2,25,1294,1750,"Direct product generalized",TRUE,FALSE,34,39,1770,1794,-20,-44,"ARITH_OPEN"
2,25,1295,1767,"Direct product generalized",TRUE,FALSE,34,39,1770,1794,-3,-27,"ARITH_OPEN"
2,25,1296,1768,"Direct product generalized",TRUE,FALSE,34,39,1770,1794,-2,-26,"ARITH_OPEN"
2,25,1297,1769,"Direct product generalized",TRUE,FALSE,34,39,1770,1794,-1,-25,"ARITH_OPEN"
2,25,1327,1770,"Direct product generalized",TRUE,FALSE,34,40,1773,1797,-3,-27,"ARITH_OPEN"
2,25,1329,1771,"Direct product generalized",TRUE,FALSE,34,40,1773,1797,-2,-26,"ARITH_OPEN"
2,25,1330,1772,"Direct product generalized",TRUE,FALSE,34,40,1773,1797,-1,-25,"ARITH_OPEN"
2,25,1360,1773,"Direct product",FALSE,FALSE,34,40,1773,1797,0,-24,"ARITHMETIC"
2,25,1370,1813,"Direct product generalized",TRUE,FALSE,37,38,1817,1841,-4,-28,"ARITH_OPEN"
2,25,17550,1848,"Direct product",FALSE,FALSE,26,675,1825,1849,23,-1,"ARITH_OPEN"
2,25,17576,1871,"Direct product",FALSE,FALSE,26,676,1848,1872,23,-1,"ARITH_OPEN"
2,25,18200,1874,"Direct product",FALSE,FALSE,26,700,1874,1898,0,-24,"ARITHMETIC"
2,25,18225,1897,"Direct product generalized",TRUE,FALSE,26,701,1897,1921,0,-24,"ARITH_INFERRED"
2,25,18928,1921,"Direct product",FALSE,FALSE,26,728,1898,1922,23,-1,"ARITH_OPEN"
2,25,18952,1922,"Direct product generalized",TRUE,FALSE,26,729,1925,1949,-3,-27,"ARITH_OPEN"
2,25,19600,1923,"Direct product",FALSE,FALSE,26,754,1925,1949,-2,-26,"ARITH_OPEN"
2,25,20000,1926,"Direct product",FALSE,FALSE,26,770,1926,1950,0,-24,"ARITHMETIC"
