"family","t","v","k","N","Source","m","base_tag","N_pred","tier"
"fuse",6,4,320,234359,"Restricted CPHF Sim Annealing (TJ-IM) fuse",1,"Restricted CPHF Sim Annealing (TJ-IM)",234359,"ARITHMETIC"
"fuse",6,4,410,249983,"Restricted CPHF Sim Annealing (TJ-IM) fuse",1,"Restricted CPHF Sim Annealing (TJ-IM)",249983,"ARITHMETIC"
"fuse",6,4,550,265607,"Restricted CPHF Sim Annealing (TJ-IM) fuse",1,"Restricted CPHF Sim Annealing (TJ-IM)",265607,"ARITHMETIC"
"fuse",6,4,640,281231,"Restricted CPHF Sim Annealing (TJ-IM) fuse",1,"Restricted CPHF Sim Annealing (TJ-IM)",281231,"ARITHMETIC"
"fuse",6,4,720,296855,"Restricted CPHF Sim Annealing (TJ-IM) fuse",1,"Restricted CPHF Sim Annealing (TJ-IM)",296855,"ARITHMETIC"
"fuse",4,6,30,6851,"3-Restricted SCPHF RE (CL) fuse",1,"3-Restricted SCPHF RE (CL)",6851,"ARITHMETIC"
"fuse",4,6,33,7145,"2-Restricted SCPHF RE (CL) fuse",1,"2-Restricted SCPHF RE (CL)",7145,"ARITHMETIC"
"fuse",4,6,34,7187,"SCPHF Random Extension (CLS) fuse",1,"SCPHF Random Extension (CLS)",7187,"ARITHMETIC"
"fuse",4,6,64,9599,"CPHF IPO 4 (WCS) fuse",1,"CPHF IPO 4 (WCS)",9599,"ARITHMETIC"
"fuse",4,6,99,11891,"2,2-Restricted SCPHF RE (CL) fuse",1,"2,2-Restricted SCPHF RE (CL)",11891,"ARITHMETIC"
"fuse",4,6,117,11999,"CPHF IPO 5 (WCS) fuse",1,"CPHF IPO 5 (WCS)",11999,"ARITHMETIC"
"fuse",4,6,166,14327,"2-Restricted SCPHF RE (CL) fuse",1,"2-Restricted SCPHF RE (CL)",14327,"ARITHMETIC"
"fuse",4,6,174,14369,"SCPHF Conditional Expectation (CLS) fuse",1,"SCPHF Conditional Expectation (CLS)",14369,"ARITHMETIC"
"fuse",4,6,225,14399,"CPHF IPO 6 (WCS) fuse",1,"CPHF IPO 6 (WCS)",14399,"ARITHMETIC"
"fuse",5,6,47,83627,"3,2-restricted SCPHF RE (CL) fuse",1,"3,2-restricted SCPHF RE (CL)",83627,"ARITHMETIC"
"fuse",5,6,52,84029,"CPHF IPO 5 (WCS) fuse",1,"CPHF IPO 5 (WCS)",84029,"ARITHMETIC"
"fuse",5,6,54,95681,"SCPHF CLS - other fuse",1,"SCPHF CLS - other",95681,"ARITHMETIC"
"fuse",5,6,59,96017,"4,4-Restricted SCPHF RE (CL) fuse",1,"4,4-Restricted SCPHF RE (CL)",96017,"ARITHMETIC"
"fuse",5,6,61,98411,"4-Restricted SCPHF RE (CL) fuse",1,"4-Restricted SCPHF RE (CL)",98411,"ARITHMETIC"
"fuse",5,6,67,100469,"3-Restricted SCPHF RE (CL) fuse",1,"3-Restricted SCPHF RE (CL)",100469,"ARITHMETIC"
"fuse",5,6,68,100763,"2-Restricted SCPHF RE (CL) fuse",1,"2-Restricted SCPHF RE (CL)",100763,"ARITHMETIC"
"fuse",5,6,69,100805,"SCPHF Random Extension (CLS) fuse",1,"SCPHF Random Extension (CLS)",100805,"ARITHMETIC"
"fuse",5,6,78,100835,"CPHF IPO 6 (WCS) fuse",1,"CPHF IPO 6 (WCS)",100835,"ARITHMETIC"
"fuse",5,6,82,112817,"4,4-Restricted SCPHF RE (CL) fuse",1,"4,4-Restricted SCPHF RE (CL)",112817,"ARITHMETIC"
"fuse",5,6,93,115211,"4-Restricted SCPHF RE (CL) fuse",1,"4-Restricted SCPHF RE (CL)",115211,"ARITHMETIC"
"fuse",5,6,96,117269,"3-Restricted SCPHF RE (CL) fuse",1,"3-Restricted SCPHF RE (CL)",117269,"ARITHMETIC"
"fuse",5,6,99,117563,"2-Restricted SCPHF RE (CL) fuse",1,"2-Restricted SCPHF RE (CL)",117563,"ARITHMETIC"
"fuse",5,6,101,117605,"SCPHF Random Extension (CLS) fuse",1,"SCPHF Random Extension (CLS)",117605,"ARITHMETIC"
"fuse",5,6,118,117641,"CPHF IPO 7 (WCS) fuse",1,"CPHF IPO 7 (WCS)",117641,"ARITHMETIC"
"fuse",5,6,121,129617,"4,4-Restricted SCPHF RE (CL) fuse",1,"4,4-Restricted SCPHF RE (CL)",129617,"ARITHMETIC"
"fuse",5,6,132,132011,"4-Restricted SCPHF RE (CL) fuse",1,"4-Restricted SCPHF RE (CL)",132011,"ARITHMETIC"
"fuse",5,6,140,134069,"3-Restricted SCPHF RE (CL) fuse",1,"3-Restricted SCPHF RE (CL)",134069,"ARITHMETIC"
"fuse",5,6,148,134363,"2-Restricted SCPHF RE (CL) fuse",1,"2-Restricted SCPHF RE (CL)",134363,"ARITHMETIC"
"fuse",5,6,149,134405,"SCPHF Random Extension (CLS) fuse",1,"SCPHF Random Extension (CLS)",134405,"ARITHMETIC"
"fuse",5,6,188,134447,"CPHF IPO 8 (WCS) fuse",1,"CPHF IPO 8 (WCS)",134447,"ARITHMETIC"
"fuse",5,6,195,148811,"4-Restricted SCPHF RE (CL) fuse",1,"4-Restricted SCPHF RE (CL)",148811,"ARITHMETIC"
"fuse",5,6,201,150869,"3-Restricted SCPHF RE (CL) fuse",1,"3-Restricted SCPHF RE (CL)",150869,"ARITHMETIC"
"fuse",5,6,205,151163,"2-Restricted SCPHF RE (CL) fuse",1,"2-Restricted SCPHF RE (CL)",151163,"ARITHMETIC"
"fuse",5,6,209,151205,"SCPHF Random Extension (CLS) fuse",1,"SCPHF Random Extension (CLS)",151205,"ARITHMETIC"
"fuse",5,6,277,151253,"CPHF IPO 9 (WCS) fuse",1,"CPHF IPO 9 (WCS)",151253,"ARITHMETIC"
"fuse",5,6,284,165611,"4-Restricted SCPHF RE (CL) fuse",1,"4-Restricted SCPHF RE (CL)",165611,"ARITHMETIC"
"fuse",5,6,315,167669,"3-Restricted SCPHF RE (CL) fuse",1,"3-Restricted SCPHF RE (CL)",167669,"ARITHMETIC"
"fuse",5,6,318,168059,"CPHF Random Extension (CLS) fuse",1,"CPHF Random Extension (CLS)",168059,"ARITHMETIC"
"fuse",5,6,341,177623,"4,4,4-Restricted SCPHF RE (CL) fuse",1,"4,4,4-Restricted SCPHF RE (CL)",177623,"ARITHMETIC"
"fuse",5,6,361,180017,"4,4-Restricted SCPHF RE (CL) fuse",1,"4,4-Restricted SCPHF RE (CL)",180017,"ARITHMETIC"
"fuse",5,6,418,182411,"4-Restricted SCPHF RE (CL) fuse",1,"4-Restricted SCPHF RE (CL)",182411,"ARITHMETIC"
"fuse",5,6,447,184469,"3-Restricted SCPHF RE (CL) fuse",1,"3-Restricted SCPHF RE (CL)",184469,"ARITHMETIC"
"fuse",5,6,451,184763,"2-Restricted SCPHF RE (CL) fuse",1,"2-Restricted SCPHF RE (CL)",184763,"ARITHMETIC"
"fuse",5,6,454,184805,"SCPHF Random Extension (CLS) fuse",1,"SCPHF Random Extension (CLS)",184805,"ARITHMETIC"
"fuse",5,6,455,184865,"CPHF Random Extension (CLS) fuse",1,"CPHF Random Extension (CLS)",184865,"ARITHMETIC"
"fuse",5,6,495,194423,"4,4,4-Restricted SCPHF RE (CL) fuse",1,"4,4,4-Restricted SCPHF RE (CL)",194423,"ARITHMETIC"
"fuse",5,6,546,196817,"4,4-Restricted SCPHF RE (CL) fuse",1,"4,4-Restricted SCPHF RE (CL)",196817,"ARITHMETIC"
"fuse",5,6,592,199211,"4-Restricted SCPHF RE (CL) fuse",1,"4-Restricted SCPHF RE (CL)",199211,"ARITHMETIC"
"fuse",5,6,628,201269,"3-Restricted SCPHF RE (CL) fuse",1,"3-Restricted SCPHF RE (CL)",201269,"ARITHMETIC"
"fuse",5,6,660,201563,"2-Restricted SCPHF RE (CL) fuse",1,"2-Restricted SCPHF RE (CL)",201563,"ARITHMETIC"
"fuse",5,6,661,201605,"SCPHF Random Extension (CLS) fuse",1,"SCPHF Random Extension (CLS)",201605,"ARITHMETIC"
"fuse",5,6,679,211223,"4,4,4-Restricted SCPHF RE (CL) fuse",1,"4,4,4-Restricted SCPHF RE (CL)",211223,"ARITHMETIC"
"fuse",5,6,702,213617,"4,4-Restricted SCPHF RE (CL) fuse",1,"4,4-Restricted SCPHF RE (CL)",213617,"ARITHMETIC"
"fuse",6,6,17,350537,"4-Restricted SCPHF RE (CL) fuse",1,"4-Restricted SCPHF RE (CL)",350537,"ARITHMETIC"
"fuse",6,6,18,352943,"CPHF IPO 3 (WCS) fuse",1,"CPHF IPO 3 (WCS)",352943,"ARITHMETIC"
"fuse",6,6,20,436973,"5,5-Restricted SCPHF RE (CL) fuse",1,"5,5-Restricted SCPHF RE (CL)",436973,"ARITHMETIC"
"fuse",6,6,21,453773,"5-Restricted SCPHF RE (CL) fuse",1,"5-Restricted SCPHF RE (CL)",453773,"ARITHMETIC"
"fuse",6,6,22,468179,"4-Restricted SCPHF RE (CL) fuse",1,"4-Restricted SCPHF RE (CL)",468179,"ARITHMETIC"
"fuse",6,6,23,470573,"SCPHF Random Extension (CLS) fuse",1,"SCPHF Random Extension (CLS)",470573,"ARITHMETIC"
"fuse",6,6,25,470591,"CPHF IPO 4 (WCS) fuse",1,"CPHF IPO 4 (WCS)",470591,"ARITHMETIC"
"fuse",6,6,29,585821,"4-Restricted SCPHF RE (CL) fuse",1,"4-Restricted SCPHF RE (CL)",585821,"ARITHMETIC"
"fuse",6,6,31,587879,"3-Restricted SCPHF RE (CL) fuse",1,"3-Restricted SCPHF RE (CL)",587879,"ARITHMETIC"
"fuse",6,6,34,588239,"CPHF IPO 5 (WCS) fuse",1,"CPHF IPO 5 (WCS)",588239,"ARITHMETIC"
"fuse",6,6,36,672257,"5,5-Restricted SCPHF RE (CL) fuse",1,"5,5-Restricted SCPHF RE (CL)",672257,"ARITHMETIC"
"fuse",6,6,38,689057,"5-Restricted SCPHF RE (CL) fuse",1,"5-Restricted SCPHF RE (CL)",689057,"ARITHMETIC"
"fuse",6,6,39,705521,"3-Restricted SCPHF RE (CL) fuse",1,"3-Restricted SCPHF RE (CL)",705521,"ARITHMETIC"
"fuse",6,6,40,705815,"2-Restricted SCPHF RE (CL) fuse",1,"2-Restricted SCPHF RE (CL)",705815,"ARITHMETIC"
"fuse",6,6,41,705857,"SCPHF Random Extension (CLS) fuse",1,"SCPHF Random Extension (CLS)",705857,"ARITHMETIC"
"fuse",6,6,49,705887,"CPHF IPO 6 (WCS) fuse",1,"CPHF IPO 6 (WCS)",705887,"ARITHMETIC"
"fuse",6,6,51,821105,"4-Restricted SCPHF RE (CL) fuse",1,"4-Restricted SCPHF RE (CL)",821105,"ARITHMETIC"
"fuse",6,6,52,823163,"3-Restricted SCPHF RE (CL) fuse",1,"3-Restricted SCPHF RE (CL)",823163,"ARITHMETIC"
"fuse",6,6,55,823457,"2-Restricted SCPHF RE (CL) fuse",1,"2-Restricted SCPHF RE (CL)",823457,"ARITHMETIC"
"fuse",6,6,67,823535,"CPHF IPO 7 (WCS) fuse",1,"CPHF IPO 7 (WCS)",823535,"ARITHMETIC"
"fuse",6,6,68,924341,"5-Restricted SCPHF RE (CL) fuse",1,"5-Restricted SCPHF RE (CL)",924341,"ARITHMETIC"
"fuse",6,6,70,938747,"4-Restricted SCPHF RE (CL) fuse",1,"4-Restricted SCPHF RE (CL)",938747,"ARITHMETIC"
"fuse",6,6,75,940805,"3-Restricted SCPHF RE (CL) fuse",1,"3-Restricted SCPHF RE (CL)",940805,"ARITHMETIC"
"fuse",6,6,76,941099,"2-Restricted SCPHF RE (CL) fuse",1,"2-Restricted SCPHF RE (CL)",941099,"ARITHMETIC"
"fuse",6,6,93,941183,"CPHF IPO 8 (WCS) fuse",1,"CPHF IPO 8 (WCS)",941183,"ARITHMETIC"
"fuse",6,6,95,1056389,"4-Restricted SCPHF RE (CL) fuse",1,"4-Restricted SCPHF RE (CL)",1056389,"ARITHMETIC"
"fuse",6,6,101,1058447,"3-Restricted SCPHF RE (CL) fuse",1,"3-Restricted SCPHF RE (CL)",1058447,"ARITHMETIC"
"fuse",6,6,103,1058741,"2-Restricted SCPHF RE (CL) fuse",1,"2-Restricted SCPHF RE (CL)",1058741,"ARITHMETIC"
"fuse",6,6,106,1126025,"5,5,5-Restricted SCPHF RE (CL) fuse",1,"5,5,5-Restricted SCPHF RE (CL)",1126025,"ARITHMETIC"
"fuse",6,6,116,1142825,"5,5-Restricted SCPHF RE (CL) fuse",1,"5,5-Restricted SCPHF RE (CL)",1142825,"ARITHMETIC"
"fuse",6,6,127,1159625,"5-Restricted SCPHF RE (CL) fuse",1,"5-Restricted SCPHF RE (CL)",1159625,"ARITHMETIC"
"fuse",6,6,132,1174031,"4-Restricted SCPHF RE (CL) fuse",1,"4-Restricted SCPHF RE (CL)",1174031,"ARITHMETIC"
"fuse",6,6,135,1176089,"3-Restricted SCPHF RE (CL) fuse",1,"3-Restricted SCPHF RE (CL)",1176089,"ARITHMETIC"
"fuse",6,6,138,1176383,"2-Restricted SCPHF RE (CL) fuse",1,"2-Restricted SCPHF RE (CL)",1176383,"ARITHMETIC"
"fuse",6,6,140,1176425,"SCPHF Random Extension (CLS) fuse",1,"SCPHF Random Extension (CLS)",1176425,"ARITHMETIC"
"fuse",6,6,193,1294067,"SCPHF Random Extension (CLS) fuse",1,"SCPHF Random Extension (CLS)",1294067,"ARITHMETIC"
"fuse",6,6,195,1294127,"CPHF Random Extension (CLS) fuse",1,"CPHF Random Extension (CLS)",1294127,"ARITHMETIC"
"fuse",6,6,244,1411709,"SCPHF Random Extension (CLS) fuse",1,"SCPHF Random Extension (CLS)",1411709,"ARITHMETIC"
"fuse",3,7,64,1014,"SCPHF Conditional Expectation (CLS) fuse",1,"SCPHF Conditional Expectation (CLS)",1014,"ARITHMETIC"
"fuse",5,7,749,384950,"4,4-Restricted SCPHF RE (CL) fuse",1,"4,4-Restricted SCPHF RE (CL)",384950,"ARITHMETIC"
"fuse",5,7,812,389038,"4-Restricted SCPHF RE (CL) fuse",1,"4-Restricted SCPHF RE (CL)",389038,"ARITHMETIC"
"fuse",3,8,75,1447,"SCPHF LFSR (TJ-IM) fuse",1,"SCPHF LFSR (TJ-IM)",1447,"ARITHMETIC"
"fuse",3,8,91,1455,"Raaphorst-Moura-Stevens fuse",1,"Raaphorst-Moura-Stevens",1455,"ARITHMETIC"
"fuse",5,8,818,648727,"3-Restricted SCPHF RE (CL) fuse",1,"3-Restricted SCPHF RE (CL)",648727,"ARITHMETIC"
"fuse",3,10,113,2649,"SCPHF LFSR (TJ-IM) fuse",1,"SCPHF LFSR (TJ-IM)",2649,"ARITHMETIC"
"fuse",3,10,133,2659,"Raaphorst-Moura-Stevens fuse",1,"Raaphorst-Moura-Stevens",2659,"ARITHMETIC"
"fuse",3,10,398,4376,"Cyclotomy (Colbourn) fuse",1,"Cyclotomy (Colbourn)",4376,"ARITHMETIC"
"fuse",3,10,428,5179,"Path-Restricted SCPHF RE (CLS) fuse",1,"Path-Restricted SCPHF RE (CLS)",5179,"ARITHMETIC"
"fuse",3,10,550,5289,"SCPHF Conditional Expectation (CLS) fuse",1,"SCPHF Conditional Expectation (CLS)",5289,"ARITHMETIC"
"fuse",3,10,557,5309,"Restricted CPHF Ext  4( 0, 2) WCS fuse",1,"Restricted CPHF Ext  4( 0, 2) WCS",5309,"ARITHMETIC"
"fuse",3,10,564,5319,"Restricted CPHF Ext  4( 0, 0) WCS fuse",1,"Restricted CPHF Ext  4( 0, 0) WCS",5319,"ARITHMETIC"
"fuse",3,10,1802,6609,"Restricted CPHF Ext  5( 0, 5) WCS fuse",1,"Restricted CPHF Ext  5( 0, 5) WCS",6609,"ARITHMETIC"
"fuse",3,10,1836,6619,"Restricted CPHF Ext  5( 0, 4) WCS fuse",1,"Restricted CPHF Ext  5( 0, 4) WCS",6619,"ARITHMETIC"
"fuse",3,10,1844,6629,"Restricted CPHF Ext  5( 0, 3) WCS fuse",1,"Restricted CPHF Ext  5( 0, 3) WCS",6629,"ARITHMETIC"
"fuse",3,10,1854,6639,"Restricted CPHF Ext  5( 0, 2) WCS fuse",1,"Restricted CPHF Ext  5( 0, 2) WCS",6639,"ARITHMETIC"
"fuse",3,10,1890,6649,"Restricted CPHF Ext  5( 0, 0) WCS fuse",1,"Restricted CPHF Ext  5( 0, 0) WCS",6649,"ARITHMETIC"
"fuse",3,10,2480,7489,"Restricted CPHF Ext  6( 4, 6) WCS fuse",1,"Restricted CPHF Ext  6( 4, 6) WCS",7489,"ARITHMETIC"
"fuse",3,10,2499,7499,"Restricted CPHF Ext  6( 4, 5) WCS fuse",1,"Restricted CPHF Ext  6( 4, 5) WCS",7499,"ARITHMETIC"
"fuse",3,10,3032,7599,"Restricted CPHF Ext  6( 3, 6) WCS fuse",1,"Restricted CPHF Ext  6( 3, 6) WCS",7599,"ARITHMETIC"
"fuse",3,10,3101,7609,"Restricted CPHF Ext  6( 3, 5) WCS fuse",1,"Restricted CPHF Ext  6( 3, 5) WCS",7609,"ARITHMETIC"
"fuse",3,10,3102,7619,"Restricted CPHF Ext  6( 3, 4) WCS fuse",1,"Restricted CPHF Ext  6( 3, 4) WCS",7619,"ARITHMETIC"
"fuse",3,10,3682,7709,"Restricted CPHF Ext  6( 2, 6) WCS fuse",1,"Restricted CPHF Ext  6( 2, 6) WCS",7709,"ARITHMETIC"
"fuse",3,10,3772,7719,"Restricted CPHF Ext  6( 2, 5) WCS fuse",1,"Restricted CPHF Ext  6( 2, 5) WCS",7719,"ARITHMETIC"
"fuse",3,10,3826,7729,"Restricted CPHF Ext  6( 2, 4) WCS fuse",1,"Restricted CPHF Ext  6( 2, 4) WCS",7729,"ARITHMETIC"
"fuse",3,10,3861,7739,"Restricted CPHF Ext  6( 2, 3) WCS fuse",1,"Restricted CPHF Ext  6( 2, 3) WCS",7739,"ARITHMETIC"
"fuse",3,10,4372,7819,"Restricted CPHF Ext  6( 1, 6) WCS fuse",1,"Restricted CPHF Ext  6( 1, 6) WCS",7819,"ARITHMETIC"
"fuse",3,10,4442,7829,"Restricted CPHF Ext  6( 1, 5) WCS fuse",1,"Restricted CPHF Ext  6( 1, 5) WCS",7829,"ARITHMETIC"
"fuse",3,10,4477,7839,"Restricted CPHF Ext  6( 1, 4) WCS fuse",1,"Restricted CPHF Ext  6( 1, 4) WCS",7839,"ARITHMETIC"
"fuse",3,10,4586,7849,"Restricted CPHF Ext  6( 1, 3) WCS fuse",1,"Restricted CPHF Ext  6( 1, 3) WCS",7849,"ARITHMETIC"
"fuse",3,10,4605,7859,"Restricted CPHF Ext  6( 1, 2) WCS fuse",1,"Restricted CPHF Ext  6( 1, 2) WCS",7859,"ARITHMETIC"
"fuse",3,10,5588,7929,"Restricted CPHF Ext  6( 0, 6) WCS fuse",1,"Restricted CPHF Ext  6( 0, 6) WCS",7929,"ARITHMETIC"
"fuse",3,10,5691,7939,"Restricted CPHF Ext  6( 0, 5) WCS fuse",1,"Restricted CPHF Ext  6( 0, 5) WCS",7939,"ARITHMETIC"
"fuse",3,10,5824,7949,"Restricted CPHF Ext  6( 0, 4) WCS fuse",1,"Restricted CPHF Ext  6( 0, 4) WCS",7949,"ARITHMETIC"
"fuse",3,10,5941,7959,"Restricted CPHF Ext  6( 0, 3) WCS fuse",1,"Restricted CPHF Ext  6( 0, 3) WCS",7959,"ARITHMETIC"
"fuse",3,10,6122,7969,"Restricted CPHF Ext  6( 0, 2) WCS fuse",1,"Restricted CPHF Ext  6( 0, 2) WCS",7969,"ARITHMETIC"
"fuse",3,10,6389,7979,"CPHF IPO 6 (WCS) fuse",1,"CPHF IPO 6 (WCS)",7979,"ARITHMETIC"
"fuse",3,10,7807,8809,"Restricted CPHF Ext  7( 4, 7) WCS fuse",1,"Restricted CPHF Ext  7( 4, 7) WCS",8809,"ARITHMETIC"
"fuse",3,10,7903,8819,"Restricted CPHF Ext  7( 4, 6) WCS fuse",1,"Restricted CPHF Ext  7( 4, 6) WCS",8819,"ARITHMETIC"
"fuse",3,10,7919,8829,"Restricted CPHF Ext  7( 4, 5) WCS fuse",1,"Restricted CPHF Ext  7( 4, 5) WCS",8829,"ARITHMETIC"
"fuse",3,10,9894,8919,"Restricted CPHF Ext  7( 3, 7) WCS fuse",1,"Restricted CPHF Ext  7( 3, 7) WCS",8919,"ARITHMETIC"
"fuse",3,10,10000,8929,"Restricted CPHF Ext  7( 3, 6) WCS fuse",1,"Restricted CPHF Ext  7( 3, 6) WCS",8929,"ARITHMETIC"
"fuse",4,10,20,27949,"3-Restricted SCPHF RE (CL) fuse",1,"3-Restricted SCPHF RE (CL)",27949,"ARITHMETIC"
"fuse",4,10,24,29159,"2-Restricted SCPHF RE (CL) fuse",1,"2-Restricted SCPHF RE (CL)",29159,"ARITHMETIC"
"fuse",4,10,43,42579,"3-Restricted SCPHF RE (CL) fuse",1,"3-Restricted SCPHF RE (CL)",42579,"ARITHMETIC"
"fuse",4,10,47,43789,"2-Restricted SCPHF RE (CL) fuse",1,"2-Restricted SCPHF RE (CL)",43789,"ARITHMETIC"
"fuse",4,10,49,43899,"SCPHF Random Extension (CLS) fuse",1,"SCPHF Random Extension (CLS)",43899,"ARITHMETIC"
"fuse",4,10,51,43919,"CPHF IPO 3 (WCS) fuse",1,"CPHF IPO 3 (WCS)",43919,"ARITHMETIC"
"fuse",4,10,80,55889,"3,3-Restricted SCPHF RE (CL) fuse",1,"3,3-Restricted SCPHF RE (CL)",55889,"ARITHMETIC"
"fuse",4,10,84,57099,"3,2-Restricted SCPHF RE (CL) fuse",1,"3,2-Restricted SCPHF RE (CL)",57099,"ARITHMETIC"
"fuse",4,10,89,57209,"3-Restricted SCPHF RE (CL) fuse",1,"3-Restricted SCPHF RE (CL)",57209,"ARITHMETIC"
"fuse",4,10,95,58309,"2,2-Restricted SCPHF RE (CL) fuse",1,"2,2-Restricted SCPHF RE (CL)",58309,"ARITHMETIC"
"fuse",4,10,96,58419,"2-Restricted SCPHF RE (CL) fuse",1,"2-Restricted SCPHF RE (CL)",58419,"ARITHMETIC"
"fuse",4,10,99,58529,"SCPHF Random Extension (CLS) fuse",1,"SCPHF Random Extension (CLS)",58529,"ARITHMETIC"
"fuse",4,10,114,58559,"CPHF IPO 4 (WCS) fuse",1,"CPHF IPO 4 (WCS)",58559,"ARITHMETIC"
"fuse",4,10,121,69089,"Colbourn-Martirosyan-TVT-Walker fuse",1,"Colbourn-Martirosyan-TVT-Walker",69089,"ARITHMETIC"
"fuse",4,10,141,70519,"3,3-Restricted SCPHF RE (CL) fuse",1,"3,3-Restricted SCPHF RE (CL)",70519,"ARITHMETIC"
"fuse",4,10,160,71729,"3,2-Restricted SCPHF RE (CL) fuse",1,"3,2-Restricted SCPHF RE (CL)",71729,"ARITHMETIC"
"fuse",4,10,170,71839,"3-Restricted SCPHF RE (CL) fuse",1,"3-Restricted SCPHF RE (CL)",71839,"ARITHMETIC"
"fuse",4,10,193,72939,"2,2-Restricted SCPHF RE (CL) fuse",1,"2,2-Restricted SCPHF RE (CL)",72939,"ARITHMETIC"
"fuse",4,10,199,73049,"2-Restricted SCPHF RE (CL) fuse",1,"2-Restricted SCPHF RE (CL)",73049,"ARITHMETIC"
"fuse",4,10,203,73159,"SCPHF Random Extension (CLS) fuse",1,"SCPHF Random Extension (CLS)",73159,"ARITHMETIC"
"fuse",4,10,239,73199,"CPHF IPO 5 (WCS) fuse",1,"CPHF IPO 5 (WCS)",73199,"ARITHMETIC"
"fuse",4,10,242,83829,"3,3,3-Restricted SCPHF RE (CL) fuse",1,"3,3,3-Restricted SCPHF RE (CL)",83829,"ARITHMETIC"
"fuse",4,10,287,85149,"3,3-Restricted SCPHF RE (CL) fuse",1,"3,3-Restricted SCPHF RE (CL)",85149,"ARITHMETIC"
"fuse",4,10,309,86359,"3,2-Restricted SCPHF RE (CL) fuse",1,"3,2-Restricted SCPHF RE (CL)",86359,"ARITHMETIC"
"fuse",4,10,329,86469,"3-Restricted SCPHF RE (CL) fuse",1,"3-Restricted SCPHF RE (CL)",86469,"ARITHMETIC"
"fuse",4,10,377,87569,"2,2-Restricted SCPHF RE (CL) fuse",1,"2,2-Restricted SCPHF RE (CL)",87569,"ARITHMETIC"
"fuse",4,10,383,87679,"2-Restricted SCPHF RE (CL) fuse",1,"2-Restricted SCPHF RE (CL)",87679,"ARITHMETIC"
"fuse",4,10,394,87789,"SCPHF Random Extension (CLS) fuse",1,"SCPHF Random Extension (CLS)",87789,"ARITHMETIC"
"fuse",4,10,514,87839,"CPHF IPO 6 (WCS) fuse",1,"CPHF IPO 6 (WCS)",87839,"ARITHMETIC"
"fuse",4,10,518,99779,"3,3-Restricted SCPHF RE (CL) fuse",1,"3,3-Restricted SCPHF RE (CL)",99779,"ARITHMETIC"
"fuse",4,10,606,100989,"3,2-Restricted SCPHF RE (CL) fuse",1,"3,2-Restricted SCPHF RE (CL)",100989,"ARITHMETIC"
"fuse",4,10,613,101099,"3-Restricted SCPHF RE (CL) fuse",1,"3-Restricted SCPHF RE (CL)",101099,"ARITHMETIC"
"fuse",4,10,719,102199,"2,2-Restricted SCPHF RE (CL) fuse",1,"2,2-Restricted SCPHF RE (CL)",102199,"ARITHMETIC"
"fuse",4,10,761,102309,"2-Restricted SCPHF RE (CL) fuse",1,"2-Restricted SCPHF RE (CL)",102309,"ARITHMETIC"
"fuse",4,10,781,102419,"SCPHF Random Extension (CLS) fuse",1,"SCPHF Random Extension (CLS)",102419,"ARITHMETIC"
"fuse",4,10,1017,102479,"CPHF IPO 7 (WCS) fuse",1,"CPHF IPO 7 (WCS)",102479,"ARITHMETIC"
"fuse",4,10,1046,114409,"3,3-Restricted SCPHF RE (CL) fuse",1,"3,3-Restricted SCPHF RE (CL)",114409,"ARITHMETIC"
"fuse",4,10,1184,115619,"3,2-Restricted SCPHF RE (CL) fuse",1,"3,2-Restricted SCPHF RE (CL)",115619,"ARITHMETIC"
"fuse",4,10,1202,115729,"3-Restricted SCPHF RE (CL) fuse",1,"3-Restricted SCPHF RE (CL)",115729,"ARITHMETIC"
"fuse",4,10,1253,116829,"2,2-Restricted SCPHF RE (CL) fuse",1,"2,2-Restricted SCPHF RE (CL)",116829,"ARITHMETIC"
"fuse",4,10,1480,116939,"2-Restricted SCPHF RE (CL) fuse",1,"2-Restricted SCPHF RE (CL)",116939,"ARITHMETIC"
"fuse",4,10,1507,117049,"SCPHF Random Extension (CLS) fuse",1,"SCPHF Random Extension (CLS)",117049,"ARITHMETIC"
"fuse",4,10,1508,117119,"CPHF Random Extension (CLS) fuse",1,"CPHF Random Extension (CLS)",117119,"ARITHMETIC"
"fuse",4,10,2556,131679,"SCPHF Random Extension (CLS) fuse",1,"SCPHF Random Extension (CLS)",131679,"ARITHMETIC"
"fuse",4,10,2595,131759,"CPHF Random Extension (CLS) fuse",1,"CPHF Random Extension (CLS)",131759,"ARITHMETIC"
"fuse",4,10,4378,211479,"Colbourn-Martirosyan-TVT-Walker fuse",1,"Colbourn-Martirosyan-TVT-Walker",211479,"ARITHMETIC"
"fuse",4,10,5654,220609,"Colbourn-Martirosyan-TVT-Walker fuse",1,"Colbourn-Martirosyan-TVT-Walker",220609,"ARITHMETIC"
"fuse",4,10,6204,234059,"Colbourn-Martirosyan-TVT-Walker fuse",1,"Colbourn-Martirosyan-TVT-Walker",234059,"ARITHMETIC"
"fuse",4,10,10000,244049,"Colbourn-Martirosyan-TVT-Walker fuse",1,"Colbourn-Martirosyan-TVT-Walker",244049,"ARITHMETIC"
"fuse",5,10,15,307459,"4-Restricted SCPHF RE (CL) fuse",1,"4-Restricted SCPHF RE (CL)",307459,"ARITHMETIC"
"fuse",5,10,16,320769,"3-Restricted SCPHF RE (CL) fuse",1,"3-Restricted SCPHF RE (CL)",320769,"ARITHMETIC"
"fuse",5,10,17,321979,"2-Restricted SCPHF RE (CL) fuse",1,"2-Restricted SCPHF RE (CL)",321979,"ARITHMETIC"
"fuse",5,10,26,468499,"4-Restricted SCPHF RE (CL) fuse",1,"4-Restricted SCPHF RE (CL)",468499,"ARITHMETIC"
"fuse",5,10,28,481809,"3-Restricted SCPHF RE (CL) fuse",1,"3-Restricted SCPHF RE (CL)",481809,"ARITHMETIC"
"fuse",5,10,29,483129,"SCPHF Random Extension (CLS) fuse",1,"SCPHF Random Extension (CLS)",483129,"ARITHMETIC"
"fuse",5,10,30,483149,"CPHF IPO 3 (WCS) fuse",1,"CPHF IPO 3 (WCS)",483149,"ARITHMETIC"
"fuse",5,10,38,614909,"4,4-Restricted SCPHF RE (CL) fuse",1,"4,4-Restricted SCPHF RE (CL)",614909,"ARITHMETIC"
"fuse",5,10,39,628219,"4,3-restricted SCPHF RE (CL) fuse",1,"4,3-restricted SCPHF RE (CL)",628219,"ARITHMETIC"
"fuse",5,10,42,629539,"4-Restricted SCPHF RE (CL) fuse",1,"4-Restricted SCPHF RE (CL)",629539,"ARITHMETIC"
"fuse",5,10,44,641529,"3,3-Restricted SCPHF RE (CL) fuse",1,"3,3-Restricted SCPHF RE (CL)",641529,"ARITHMETIC"
"fuse",5,10,46,642739,"3,2-restricted SCPHF RE (CL) fuse",1,"3,2-restricted SCPHF RE (CL)",642739,"ARITHMETIC"
"fuse",5,10,47,642849,"3-Restricted SCPHF RE (CL) fuse",1,"3-Restricted SCPHF RE (CL)",642849,"ARITHMETIC"
"fuse",5,10,51,644199,"CPHF IPO 4 (WCS) fuse",1,"CPHF IPO 4 (WCS)",644199,"ARITHMETIC"
"fuse",5,10,61,775949,"4,4-Restricted SCPHF RE (CL) fuse",1,"4,4-Restricted SCPHF RE (CL)",775949,"ARITHMETIC"
"fuse",5,10,69,790579,"4-Restricted SCPHF RE (CL) fuse",1,"4-Restricted SCPHF RE (CL)",790579,"ARITHMETIC"
"fuse",5,10,77,803889,"3-Restricted SCPHF RE (CL) fuse",1,"3-Restricted SCPHF RE (CL)",803889,"ARITHMETIC"
"fuse",5,10,79,805099,"2-Restricted SCPHF RE (CL) fuse",1,"2-Restricted SCPHF RE (CL)",805099,"ARITHMETIC"
"fuse",5,10,89,805249,"CPHF IPO 5 (WCS) fuse",1,"CPHF IPO 5 (WCS)",805249,"ARITHMETIC"
"fuse",5,10,90,922359,"4,4,4-Restricted SCPHF RE (CL) fuse",1,"4,4,4-Restricted SCPHF RE (CL)",922359,"ARITHMETIC"
"fuse",5,10,100,936989,"4,4-Restricted SCPHF RE (CL) fuse",1,"4,4-Restricted SCPHF RE (CL)",936989,"ARITHMETIC"
"fuse",5,10,109,951619,"4-Restricted SCPHF RE (CL) fuse",1,"4-Restricted SCPHF RE (CL)",951619,"ARITHMETIC"
"fuse",5,10,120,964929,"3-Restricted SCPHF RE (CL) fuse",1,"3-Restricted SCPHF RE (CL)",964929,"ARITHMETIC"
"fuse",5,10,125,966139,"2-Restricted SCPHF RE (CL) fuse",1,"2-Restricted SCPHF RE (CL)",966139,"ARITHMETIC"
"fuse",5,10,159,966299,"CPHF IPO 6 (WCS) fuse",1,"CPHF IPO 6 (WCS)",966299,"ARITHMETIC"
"fuse",5,10,161,1098029,"4,4-Restricted SCPHF RE (CL) fuse",1,"4,4-Restricted SCPHF RE (CL)",1098029,"ARITHMETIC"
"fuse",5,10,182,1112659,"4-Restricted SCPHF RE (CL) fuse",1,"4-Restricted SCPHF RE (CL)",1112659,"ARITHMETIC"
"fuse",5,10,196,1125969,"3-Restricted SCPHF RE (CL) fuse",1,"3-Restricted SCPHF RE (CL)",1125969,"ARITHMETIC"
"fuse",5,10,209,1127179,"2-Restricted SCPHF RE (CL) fuse",1,"2-Restricted SCPHF RE (CL)",1127179,"ARITHMETIC"
"fuse",5,10,228,1244439,"4,4,4-Restricted SCPHF RE (CL) fuse",1,"4,4,4-Restricted SCPHF RE (CL)",1244439,"ARITHMETIC"
"fuse",5,10,248,1259069,"4,4-Restricted SCPHF RE (CL) fuse",1,"4,4-Restricted SCPHF RE (CL)",1259069,"ARITHMETIC"
"fuse",5,10,289,1273699,"4-Restricted SCPHF RE (CL) fuse",1,"4-Restricted SCPHF RE (CL)",1273699,"ARITHMETIC"
"fuse",5,10,328,1287009,"3-Restricted SCPHF RE (CL) fuse",1,"3-Restricted SCPHF RE (CL)",1287009,"ARITHMETIC"
"fuse",5,10,332,1288219,"2-Restricted SCPHF RE (CL) fuse",1,"2-Restricted SCPHF RE (CL)",1288219,"ARITHMETIC"
"fuse",5,10,340,1288329,"SCPHF Random Extension (CLS) fuse",1,"SCPHF Random Extension (CLS)",1288329,"ARITHMETIC"
"fuse",5,10,342,1288399,"CPHF Random Extension (CLS) fuse",1,"CPHF Random Extension (CLS)",1288399,"ARITHMETIC"
"fuse",5,10,389,1405479,"4,4,4-Restricted SCPHF RE (CL) fuse",1,"4,4,4-Restricted SCPHF RE (CL)",1405479,"ARITHMETIC"
"fuse",5,10,425,1420109,"4,4-Restricted SCPHF RE (CL) fuse",1,"4,4-Restricted SCPHF RE (CL)",1420109,"ARITHMETIC"
"fuse",5,10,472,1434739,"4-Restricted SCPHF RE (CL) fuse",1,"4-Restricted SCPHF RE (CL)",1434739,"ARITHMETIC"
"fuse",5,10,505,1448049,"3-Restricted SCPHF RE (CL) fuse",1,"3-Restricted SCPHF RE (CL)",1448049,"ARITHMETIC"
"fuse",5,10,524,1449259,"2-Restricted SCPHF RE (CL) fuse",1,"2-Restricted SCPHF RE (CL)",1449259,"ARITHMETIC"
"fuse",5,10,529,1449369,"SCPHF Random Extension (CLS) fuse",1,"SCPHF Random Extension (CLS)",1449369,"ARITHMETIC"
"fuse",5,10,533,1449449,"CPHF Random Extension (CLS) fuse",1,"CPHF Random Extension (CLS)",1449449,"ARITHMETIC"
"fuse",5,10,614,1566519,"4,4,4-Restricted SCPHF RE (CL) fuse",1,"4,4,4-Restricted SCPHF RE (CL)",1566519,"ARITHMETIC"
"fuse",5,10,680,1581149,"4,4-Restricted SCPHF RE (CL) fuse",1,"4,4-Restricted SCPHF RE (CL)",1581149,"ARITHMETIC"
"fuse",5,10,730,1595779,"4-Restricted SCPHF RE (CL) fuse",1,"4-Restricted SCPHF RE (CL)",1595779,"ARITHMETIC"
"fuse",5,10,827,1609089,"3-Restricted SCPHF RE (CL) fuse",1,"3-Restricted SCPHF RE (CL)",1609089,"ARITHMETIC"
"fuse",6,10,12,1771559,"orthogonal array fuse",1,"orthogonal array",1771559,"ARITHMETIC"
"fuse",6,10,13,2928200,"extended OA (Colbourn) special fuse",1,"extended OA (Colbourn) special",3367428,"ARITH_OPEN"
"fuse",6,10,15,3528479,"4-Restricted SCPHF RE (CL) fuse",1,"4-Restricted SCPHF RE (CL)",3528479,"ARITHMETIC"
"fuse",6,10,19,5153619,"5-Restricted SCPHF RE (CL) fuse",1,"5-Restricted SCPHF RE (CL)",5153619,"ARITHMETIC"
"fuse",6,10,21,5300029,"4-Restricted SCPHF RE (CL) fuse",1,"4-Restricted SCPHF RE (CL)",5300029,"ARITHMETIC"
"fuse",6,10,22,5313339,"3-Restricted SCPHF RE (CL) fuse",1,"3-Restricted SCPHF RE (CL)",5313339,"ARITHMETIC"
"fuse",6,10,23,5314679,"CPHF IPO 3 (WCS) fuse",1,"CPHF IPO 3 (WCS)",5314679,"ARITHMETIC"
"fuse",6,10,26,6764129,"5,5-Restricted SCPHF RE (CL) fuse",1,"5,5-Restricted SCPHF RE (CL)",6764129,"ARITHMETIC"
"fuse",6,10,28,6925169,"5-Restricted SCPHF RE (CL) fuse",1,"5-Restricted SCPHF RE (CL)",6925169,"ARITHMETIC"
"fuse",6,10,30,7071579,"4-Restricted SCPHF RE (CL) fuse",1,"4-Restricted SCPHF RE (CL)",7071579,"ARITHMETIC"
"fuse",6,10,31,7086099,"2-Restricted SCPHF RE (CL) fuse",1,"2-Restricted SCPHF RE (CL)",7086099,"ARITHMETIC"
"fuse",6,10,35,7086239,"CPHF IPO 4 (WCS) fuse",1,"CPHF IPO 4 (WCS)",7086239,"ARITHMETIC"
"fuse",6,10,41,8696719,"5-Restricted SCPHF RE (CL) fuse",1,"5-Restricted SCPHF RE (CL)",8696719,"ARITHMETIC"
"fuse",6,10,43,8843129,"4-Restricted SCPHF RE (CL) fuse",1,"4-Restricted SCPHF RE (CL)",8843129,"ARITHMETIC"
"fuse",6,10,44,8856439,"3-Restricted SCPHF RE (CL) fuse",1,"3-Restricted SCPHF RE (CL)",8856439,"ARITHMETIC"
"fuse",6,10,45,8857649,"2-Restricted SCPHF RE (CL) fuse",1,"2-Restricted SCPHF RE (CL)",8857649,"ARITHMETIC"
"fuse",6,10,46,8857759,"SCPHF Random Extension (CLS) fuse",1,"SCPHF Random Extension (CLS)",8857759,"ARITHMETIC"
"fuse",6,10,48,8857799,"CPHF IPO 5 (WCS) fuse",1,"CPHF IPO 5 (WCS)",8857799,"ARITHMETIC"
"fuse",6,10,54,10307229,"5,5-Restricted SCPHF RE (CL) fuse",1,"5,5-Restricted SCPHF RE (CL)",10307229,"ARITHMETIC"
"fuse",6,10,60,10468269,"5-Restricted SCPHF RE (CL) fuse",1,"5-Restricted SCPHF RE (CL)",10468269,"ARITHMETIC"
"fuse",6,10,61,10614679,"4-Restricted SCPHF RE (CL) fuse",1,"4-Restricted SCPHF RE (CL)",10614679,"ARITHMETIC"
"fuse",6,10,66,10627989,"3-Restricted SCPHF RE (CL) fuse",1,"3-Restricted SCPHF RE (CL)",10627989,"ARITHMETIC"
"fuse",6,10,67,10629309,"SCPHF Random Extension (CLS) fuse",1,"SCPHF Random Extension (CLS)",10629309,"ARITHMETIC"
"fuse",6,10,68,10629359,"CPHF Random Extension (CLS) fuse",1,"CPHF Random Extension (CLS)",10629359,"ARITHMETIC"
"fuse",6,10,74,11917739,"5,5,5-Restricted SCPHF RE (CL) fuse",1,"5,5,5-Restricted SCPHF RE (CL)",11917739,"ARITHMETIC"
"fuse",6,10,83,12078779,"5,5-Restricted SCPHF RE (CL) fuse",1,"5,5-Restricted SCPHF RE (CL)",12078779,"ARITHMETIC"
"fuse",6,10,88,12239819,"5-Restricted SCPHF RE (CL) fuse",1,"5-Restricted SCPHF RE (CL)",12239819,"ARITHMETIC"
"fuse",6,10,95,12386229,"4-Restricted SCPHF RE (CL) fuse",1,"4-Restricted SCPHF RE (CL)",12386229,"ARITHMETIC"
"fuse",6,10,97,12399539,"3-Restricted SCPHF RE (CL) fuse",1,"3-Restricted SCPHF RE (CL)",12399539,"ARITHMETIC"
"fuse",6,10,100,12400749,"2-Restricted SCPHF RE (CL) fuse",1,"2-Restricted SCPHF RE (CL)",12400749,"ARITHMETIC"
"fuse",6,10,107,13689289,"5,5,5-Restricted SCPHF RE (CL) fuse",1,"5,5,5-Restricted SCPHF RE (CL)",13689289,"ARITHMETIC"
"fuse",6,10,121,13850329,"5,5-Restricted SCPHF RE (CL) fuse",1,"5,5-Restricted SCPHF RE (CL)",13850329,"ARITHMETIC"
"fuse",6,10,132,14011369,"5-Restricted SCPHF RE (CL) fuse",1,"5-Restricted SCPHF RE (CL)",14011369,"ARITHMETIC"
"fuse",6,10,141,14157779,"4-Restricted SCPHF RE (CL) fuse",1,"4-Restricted SCPHF RE (CL)",14157779,"ARITHMETIC"
"fuse",6,10,145,14171089,"3-Restricted SCPHF RE (CL) fuse",1,"3-Restricted SCPHF RE (CL)",14171089,"ARITHMETIC"
"fuse",6,10,147,14172299,"2-Restricted SCPHF RE (CL) fuse",1,"2-Restricted SCPHF RE (CL)",14172299,"ARITHMETIC"
"fuse",6,10,150,14172409,"SCPHF Random Extension (CLS) fuse",1,"SCPHF Random Extension (CLS)",14172409,"ARITHMETIC"
"fuse",6,10,208,15943959,"SCPHF Random Extension (CLS) fuse",1,"SCPHF Random Extension (CLS)",15943959,"ARITHMETIC"
"fuse",6,10,250,43441171,"SCPHF Random Extension (CLS) fuse fuse fuse",3,"SCPHF Random Extension (CLS)",43441171,"ARITHMETIC"
"fuse",6,11,250,43441173,"SCPHF Random Extension (CLS) fuse fuse",2,"SCPHF Random Extension (CLS)",43441173,"ARITHMETIC"
"fuse",3,12,159,4379,"SCPHF LFSR (TJ-IM) fuse",1,"SCPHF LFSR (TJ-IM)",4379,"ARITHMETIC"
"fuse",3,12,183,4391,"Raaphorst-Moura-Stevens fuse",1,"Raaphorst-Moura-Stevens",4391,"ARITHMETIC"
"fuse",3,12,235,6563,"SCPHF Conditional Expectation (CLS) fuse",1,"SCPHF Conditional Expectation (CLS)",6563,"ARITHMETIC"
"fuse",3,12,242,6587,"CPHF Sim Annealing (TJ-IM) fuse",1,"CPHF Sim Annealing (TJ-IM)",6587,"ARITHMETIC"
"fuse",3,12,773,8747,"Restricted CPHF Ext  4( 0, 4) WCS fuse",1,"Restricted CPHF Ext  4( 0, 4) WCS",8747,"ARITHMETIC"
"fuse",3,12,780,8759,"Restricted CPHF Ext  4( 0, 3) WCS fuse",1,"Restricted CPHF Ext  4( 0, 3) WCS",8759,"ARITHMETIC"
"fuse",3,12,785,8771,"Restricted CPHF Ext  4( 0, 2) WCS fuse",1,"Restricted CPHF Ext  4( 0, 2) WCS",8771,"ARITHMETIC"
"fuse",3,12,791,8783,"Restricted CPHF Ext  4( 0, 0) WCS fuse",1,"Restricted CPHF Ext  4( 0, 0) WCS",8783,"ARITHMETIC"
"fuse",3,12,2380,10330,"Cohen-Colbourn-Ling fuse",1,"Cohen-Colbourn-Ling",10330,"ARITHMETIC"
"fuse",3,12,2758,10931,"Restricted CPHF Ext  5( 0, 5) WCS fuse",1,"Restricted CPHF Ext  5( 0, 5) WCS",10931,"ARITHMETIC"
"fuse",3,12,2794,10943,"Restricted CPHF Ext  5( 0, 4) WCS fuse",1,"Restricted CPHF Ext  5( 0, 4) WCS",10943,"ARITHMETIC"
"fuse",3,12,2823,10955,"Restricted CPHF Ext  5( 0, 3) WCS fuse",1,"Restricted CPHF Ext  5( 0, 3) WCS",10955,"ARITHMETIC"
"fuse",3,12,2855,10967,"Restricted CPHF Ext  5( 0, 2) WCS fuse",1,"Restricted CPHF Ext  5( 0, 2) WCS",10967,"ARITHMETIC"
"fuse",3,12,2904,10979,"Restricted CPHF Ext  5( 0, 0) WCS fuse",1,"Restricted CPHF Ext  5( 0, 0) WCS",10979,"ARITHMETIC"
"fuse",3,12,2925,12335,"Restricted CPHF Ext  6( 5, 6) WCS fuse",1,"Restricted CPHF Ext  6( 5, 6) WCS",12335,"ARITHMETIC"
"fuse",3,12,3858,12491,"Restricted CPHF Ext  6( 4, 6) WCS fuse",1,"Restricted CPHF Ext  6( 4, 6) WCS",12491,"ARITHMETIC"
"fuse",3,12,4005,12503,"Restricted CPHF Ext  6( 4, 5) WCS fuse",1,"Restricted CPHF Ext  6( 4, 5) WCS",12503,"ARITHMETIC"
"fuse",3,12,4978,12647,"Restricted CPHF Ext  6( 3, 6) WCS fuse",1,"Restricted CPHF Ext  6( 3, 6) WCS",12647,"ARITHMETIC"
"fuse",3,12,5029,12659,"Restricted CPHF Ext  6( 3, 5) WCS fuse",1,"Restricted CPHF Ext  6( 3, 5) WCS",12659,"ARITHMETIC"
"fuse",3,12,5086,12671,"Restricted CPHF Ext  6( 3, 4) WCS fuse",1,"Restricted CPHF Ext  6( 3, 4) WCS",12671,"ARITHMETIC"
"fuse",3,12,6159,12803,"Restricted CPHF Ext  6( 2, 6) WCS fuse",1,"Restricted CPHF Ext  6( 2, 6) WCS",12803,"ARITHMETIC"
"fuse",3,12,6170,12815,"Restricted CPHF Ext  6( 2, 5) WCS fuse",1,"Restricted CPHF Ext  6( 2, 5) WCS",12815,"ARITHMETIC"
"fuse",3,12,6244,12827,"Restricted CPHF Ext  6( 2, 4) WCS fuse",1,"Restricted CPHF Ext  6( 2, 4) WCS",12827,"ARITHMETIC"
"fuse",3,12,6266,12839,"Restricted CPHF Ext  6( 2, 3) WCS fuse",1,"Restricted CPHF Ext  6( 2, 3) WCS",12839,"ARITHMETIC"
"fuse",3,12,7295,12959,"Restricted CPHF Ext  6( 1, 6) WCS fuse",1,"Restricted CPHF Ext  6( 1, 6) WCS",12959,"ARITHMETIC"
"fuse",3,12,7365,12971,"Restricted CPHF Ext  6( 1, 5) WCS fuse",1,"Restricted CPHF Ext  6( 1, 5) WCS",12971,"ARITHMETIC"
"fuse",3,12,7396,12983,"Restricted CPHF Ext  6( 1, 4) WCS fuse",1,"Restricted CPHF Ext  6( 1, 4) WCS",12983,"ARITHMETIC"
"fuse",3,12,7461,12995,"Restricted CPHF Ext  6( 1, 3) WCS fuse",1,"Restricted CPHF Ext  6( 1, 3) WCS",12995,"ARITHMETIC"
"fuse",3,12,7469,13007,"Restricted CPHF Ext  6( 1, 2) WCS fuse",1,"Restricted CPHF Ext  6( 1, 2) WCS",13007,"ARITHMETIC"
"fuse",3,12,9393,13115,"Restricted CPHF Ext  6( 0, 6) WCS fuse",1,"Restricted CPHF Ext  6( 0, 6) WCS",13115,"ARITHMETIC"
"fuse",3,12,9753,13127,"Restricted CPHF Ext  6( 0, 5) WCS fuse",1,"Restricted CPHF Ext  6( 0, 5) WCS",13127,"ARITHMETIC"
"fuse",3,12,9938,13139,"Restricted CPHF Ext  6( 0, 4) WCS fuse",1,"Restricted CPHF Ext  6( 0, 4) WCS",13139,"ARITHMETIC"
"fuse",3,12,10000,13151,"Restricted CPHF Ext  6( 0, 3) WCS fuse",1,"Restricted CPHF Ext  6( 0, 3) WCS",13151,"ARITHMETIC"
"fuse",4,12,15,48672,"extended OA (Colbourn) special fuse",1,"extended OA (Colbourn) special",54754,"ARITH_OPEN"
"fuse",4,12,21,54923,"3-Restricted SCPHF RE (CL) fuse",1,"3-Restricted SCPHF RE (CL)",54923,"ARITHMETIC"
"fuse",4,12,27,56951,"2-Restricted SCPHF RE (CL) fuse",1,"2-Restricted SCPHF RE (CL)",56951,"ARITHMETIC"
"fuse",4,12,28,57119,"CPHF Random Extension (CLS) fuse",1,"CPHF Random Extension (CLS)",57119,"ARITHMETIC"
"fuse",4,12,51,83471,"3-Restricted SCPHF RE (CL) fuse",1,"3-Restricted SCPHF RE (CL)",83471,"ARITHMETIC"
"fuse",4,12,55,85499,"2-Restricted SCPHF RE (CL) fuse",1,"2-Restricted SCPHF RE (CL)",85499,"ARITHMETIC"
"fuse",4,12,57,85655,"SCPHF Random Extension (CLS) fuse",1,"SCPHF Random Extension (CLS)",85655,"ARITHMETIC"
"fuse",4,12,62,85679,"CPHF IPO 3 (WCS) fuse",1,"CPHF IPO 3 (WCS)",85679,"ARITHMETIC"
"fuse",4,12,94,109835,"3,3-Restricted SCPHF RE (CL) fuse",1,"3,3-Restricted SCPHF RE (CL)",109835,"ARITHMETIC"
"fuse",4,12,105,111863,"3,2-Restricted SCPHF RE (CL) fuse",1,"3,2-Restricted SCPHF RE (CL)",111863,"ARITHMETIC"
"fuse",4,12,106,112019,"3-Restricted SCPHF RE (CL) fuse",1,"3-Restricted SCPHF RE (CL)",112019,"ARITHMETIC"
"fuse",4,12,119,113891,"2,2-Restricted SCPHF RE (CL) fuse",1,"2,2-Restricted SCPHF RE (CL)",113891,"ARITHMETIC"
"fuse",4,12,121,114047,"2-Restricted SCPHF RE (CL) fuse",1,"2-Restricted SCPHF RE (CL)",114047,"ARITHMETIC"
"fuse",4,12,124,114203,"SCPHF Random Extension (CLS) fuse",1,"SCPHF Random Extension (CLS)",114203,"ARITHMETIC"
"fuse",4,12,143,114239,"CPHF IPO 4 (WCS) fuse",1,"CPHF IPO 4 (WCS)",114239,"ARITHMETIC"
"fuse",4,12,169,136043,"Colbourn-Martirosyan-TVT-Walker fuse",1,"Colbourn-Martirosyan-TVT-Walker",136043,"ARITHMETIC"
"fuse",4,12,177,138383,"3,3-Restricted SCPHF RE (CL) fuse",1,"3,3-Restricted SCPHF RE (CL)",138383,"ARITHMETIC"
"fuse",4,12,205,140411,"3,2-Restricted SCPHF RE (CL) fuse",1,"3,2-Restricted SCPHF RE (CL)",140411,"ARITHMETIC"
"fuse",4,12,217,140567,"3-Restricted SCPHF RE (CL) fuse",1,"3-Restricted SCPHF RE (CL)",140567,"ARITHMETIC"
"fuse",4,12,249,142439,"2,2-Restricted SCPHF RE (CL) fuse",1,"2,2-Restricted SCPHF RE (CL)",142439,"ARITHMETIC"
"fuse",4,12,262,142595,"2-Restricted SCPHF RE (CL) fuse",1,"2-Restricted SCPHF RE (CL)",142595,"ARITHMETIC"
"fuse",4,12,265,142751,"SCPHF Random Extension (CLS) fuse",1,"SCPHF Random Extension (CLS)",142751,"ARITHMETIC"
"fuse",4,12,313,142799,"CPHF IPO 5 (WCS) fuse",1,"CPHF IPO 5 (WCS)",142799,"ARITHMETIC"
"fuse",4,12,324,164747,"3,3,3-Restricted SCPHF RE (CL) fuse",1,"3,3,3-Restricted SCPHF RE (CL)",164747,"ARITHMETIC"
"fuse",4,12,375,166931,"3,3-Restricted SCPHF RE (CL) fuse",1,"3,3-Restricted SCPHF RE (CL)",166931,"ARITHMETIC"
"fuse",4,12,421,168959,"3,2-Restricted SCPHF RE (CL) fuse",1,"3,2-Restricted SCPHF RE (CL)",168959,"ARITHMETIC"
"fuse",4,12,434,169115,"3-Restricted SCPHF RE (CL) fuse",1,"3-Restricted SCPHF RE (CL)",169115,"ARITHMETIC"
"fuse",4,12,505,170987,"2,2-Restricted SCPHF RE (CL) fuse",1,"2,2-Restricted SCPHF RE (CL)",170987,"ARITHMETIC"
"fuse",4,12,514,171143,"2-Restricted SCPHF RE (CL) fuse",1,"2-Restricted SCPHF RE (CL)",171143,"ARITHMETIC"
"fuse",4,12,533,171299,"SCPHF Random Extension (CLS) fuse",1,"SCPHF Random Extension (CLS)",171299,"ARITHMETIC"
"fuse",4,12,712,171359,"CPHF IPO 6 (WCS) fuse",1,"CPHF IPO 6 (WCS)",171359,"ARITHMETIC"
"fuse",4,12,745,195479,"3,3-Restricted SCPHF RE (CL) fuse",1,"3,3-Restricted SCPHF RE (CL)",195479,"ARITHMETIC"
"fuse",4,12,850,197507,"3,2-Restricted SCPHF RE (CL) fuse",1,"3,2-Restricted SCPHF RE (CL)",197507,"ARITHMETIC"
"fuse",4,12,878,197663,"3-Restricted SCPHF RE (CL) fuse",1,"3-Restricted SCPHF RE (CL)",197663,"ARITHMETIC"
"fuse",4,12,1017,199535,"2,2-Restricted SCPHF RE (CL) fuse",1,"2,2-Restricted SCPHF RE (CL)",199535,"ARITHMETIC"
"fuse",4,12,1077,199691,"2-Restricted SCPHF RE (CL) fuse",1,"2-Restricted SCPHF RE (CL)",199691,"ARITHMETIC"
"fuse",4,12,1083,199847,"SCPHF Random Extension (CLS) fuse",1,"SCPHF Random Extension (CLS)",199847,"ARITHMETIC"
"fuse",4,12,1104,199919,"CPHF Random Extension (CLS) fuse",1,"CPHF Random Extension (CLS)",199919,"ARITHMETIC"
"fuse",4,12,1990,228395,"SCPHF Random Extension (CLS) fuse",1,"SCPHF Random Extension (CLS)",228395,"ARITHMETIC"
"fuse",4,12,2040,228479,"CPHF Random Extension (CLS) fuse",1,"CPHF Random Extension (CLS)",228479,"ARITHMETIC"
"fuse",4,12,3067,256943,"SCPHF Random Extension (CLS) fuse",1,"SCPHF Random Extension (CLS)",256943,"ARITHMETIC"
"fuse",4,12,3112,257039,"CPHF Random Extension (CLS) fuse",1,"CPHF Random Extension (CLS)",257039,"ARITHMETIC"
"fuse",4,12,3146,355217,"Colbourn-Martirosyan-TVT-Walker fuse",1,"Colbourn-Martirosyan-TVT-Walker",355217,"ARITHMETIC"
"fuse",4,12,9256,434531,"Colbourn-Martirosyan-TVT-Walker fuse",1,"Colbourn-Martirosyan-TVT-Walker",434531,"ARITHMETIC"
"fuse",4,12,10000,460679,"Colbourn-Martirosyan-TVT-Walker fuse",1,"Colbourn-Martirosyan-TVT-Walker",460679,"ARITHMETIC"
"fuse",5,12,15,632736,"extended OA (Colbourn) special fuse",1,"extended OA (Colbourn) special",711826,"ARITH_OPEN"
"fuse",5,12,16,714023,"4-Restricted SCPHF RE (CL) fuse",1,"4-Restricted SCPHF RE (CL)",714023,"ARITHMETIC"
"fuse",5,12,18,740387,"3-Restricted SCPHF RE (CL) fuse",1,"3-Restricted SCPHF RE (CL)",740387,"ARITHMETIC"
"fuse",5,12,19,742571,"SCPHF Random Extension (CLS) fuse",1,"SCPHF Random Extension (CLS)",742571,"ARITHMETIC"
"fuse",5,12,29,1085303,"4-Restricted SCPHF RE (CL) fuse",1,"4-Restricted SCPHF RE (CL)",1085303,"ARITHMETIC"
"fuse",5,12,31,1111667,"3-Restricted SCPHF RE (CL) fuse",1,"3-Restricted SCPHF RE (CL)",1111667,"ARITHMETIC"
"fuse",5,12,33,1113875,"CPHF IPO 3 (WCS) fuse",1,"CPHF IPO 3 (WCS)",1113875,"ARITHMETIC"
"fuse",5,12,44,1428035,"4,4-Restricted SCPHF RE (CL) fuse",1,"4,4-Restricted SCPHF RE (CL)",1428035,"ARITHMETIC"
"fuse",5,12,47,1454399,"4,3-restricted SCPHF RE (CL) fuse",1,"4,3-restricted SCPHF RE (CL)",1454399,"ARITHMETIC"
"fuse",5,12,48,1456583,"4-Restricted SCPHF RE (CL) fuse",1,"4-Restricted SCPHF RE (CL)",1456583,"ARITHMETIC"
"fuse",5,12,51,1480763,"3,3-Restricted SCPHF RE (CL) fuse",1,"3,3-Restricted SCPHF RE (CL)",1480763,"ARITHMETIC"
"fuse",5,12,52,1482791,"3,2-restricted SCPHF RE (CL) fuse",1,"3,2-restricted SCPHF RE (CL)",1482791,"ARITHMETIC"
"fuse",5,12,53,1482947,"3-Restricted SCPHF RE (CL) fuse",1,"3-Restricted SCPHF RE (CL)",1482947,"ARITHMETIC"
"fuse",5,12,55,1484975,"2-Restricted SCPHF RE (CL) fuse",1,"2-Restricted SCPHF RE (CL)",1484975,"ARITHMETIC"
"fuse",5,12,62,1485167,"CPHF IPO 4 (WCS) fuse",1,"CPHF IPO 4 (WCS)",1485167,"ARITHMETIC"
"fuse",5,12,75,1799315,"4,4-Restricted SCPHF RE (CL) fuse",1,"4,4-Restricted SCPHF RE (CL)",1799315,"ARITHMETIC"
"fuse",5,12,84,1827863,"4-Restricted SCPHF RE (CL) fuse",1,"4-Restricted SCPHF RE (CL)",1827863,"ARITHMETIC"
"fuse",5,12,88,1854227,"3-Restricted SCPHF RE (CL) fuse",1,"3-Restricted SCPHF RE (CL)",1854227,"ARITHMETIC"
"fuse",5,12,92,1856255,"2-Restricted SCPHF RE (CL) fuse",1,"2-Restricted SCPHF RE (CL)",1856255,"ARITHMETIC"
"fuse",5,12,93,1856411,"SCPHF Random Extension (CLS) fuse",1,"SCPHF Random Extension (CLS)",1856411,"ARITHMETIC"
"fuse",5,12,111,1856459,"CPHF IPO 5 (WCS) fuse",1,"CPHF IPO 5 (WCS)",1856459,"ARITHMETIC"
"fuse",5,12,120,2170595,"4,4-Restricted SCPHF RE (CL) fuse",1,"4,4-Restricted SCPHF RE (CL)",2170595,"ARITHMETIC"
"fuse",5,12,140,2199143,"4-Restricted SCPHF RE (CL) fuse",1,"4-Restricted SCPHF RE (CL)",2199143,"ARITHMETIC"
"fuse",5,12,153,2225507,"3-Restricted SCPHF RE (CL) fuse",1,"3-Restricted SCPHF RE (CL)",2225507,"ARITHMETIC"
"fuse",5,12,156,2227535,"2-Restricted SCPHF RE (CL) fuse",1,"2-Restricted SCPHF RE (CL)",2227535,"ARITHMETIC"
"fuse",5,12,157,2227691,"SCPHF Random Extension (CLS) fuse",1,"SCPHF Random Extension (CLS)",2227691,"ARITHMETIC"
"fuse",5,12,188,2227751,"CPHF IPO 6 (WCS) fuse",1,"CPHF IPO 6 (WCS)",2227751,"ARITHMETIC"
"fuse",5,12,209,2541875,"4,4-Restricted SCPHF RE (CL) fuse",1,"4,4-Restricted SCPHF RE (CL)",2541875,"ARITHMETIC"
"fuse",5,12,237,2570423,"4-Restricted SCPHF RE (CL) fuse",1,"4-Restricted SCPHF RE (CL)",2570423,"ARITHMETIC"
"fuse",5,12,261,2596787,"3-Restricted SCPHF RE (CL) fuse",1,"3-Restricted SCPHF RE (CL)",2596787,"ARITHMETIC"
"fuse",5,12,271,2598815,"2-Restricted SCPHF RE (CL) fuse",1,"2-Restricted SCPHF RE (CL)",2598815,"ARITHMETIC"
"fuse",5,12,272,2598971,"SCPHF Random Extension (CLS) fuse",1,"SCPHF Random Extension (CLS)",2598971,"ARITHMETIC"
"fuse",5,12,324,2884607,"4,4,4-Restricted SCPHF RE (CL) fuse",1,"4,4,4-Restricted SCPHF RE (CL)",2884607,"ARITHMETIC"
"fuse",5,12,349,2913155,"4,4-Restricted SCPHF RE (CL) fuse",1,"4,4-Restricted SCPHF RE (CL)",2913155,"ARITHMETIC"
"fuse",5,12,379,2941703,"4-Restricted SCPHF RE (CL) fuse",1,"4-Restricted SCPHF RE (CL)",2941703,"ARITHMETIC"
"fuse",5,12,442,2968067,"3-Restricted SCPHF RE (CL) fuse",1,"3-Restricted SCPHF RE (CL)",2968067,"ARITHMETIC"
"fuse",5,12,450,2970095,"2-Restricted SCPHF RE (CL) fuse",1,"2-Restricted SCPHF RE (CL)",2970095,"ARITHMETIC"
"fuse",5,12,452,2970251,"SCPHF Random Extension (CLS) fuse",1,"SCPHF Random Extension (CLS)",2970251,"ARITHMETIC"
"fuse",5,12,454,2970335,"CPHF Random Extension (CLS) fuse",1,"CPHF Random Extension (CLS)",2970335,"ARITHMETIC"
"fuse",5,12,523,3255887,"4,4,4-Restricted SCPHF RE (CL) fuse",1,"4,4,4-Restricted SCPHF RE (CL)",3255887,"ARITHMETIC"
"fuse",5,12,567,3284435,"4,4-Restricted SCPHF RE (CL) fuse",1,"4,4-Restricted SCPHF RE (CL)",3284435,"ARITHMETIC"
"fuse",5,12,653,3312983,"4-Restricted SCPHF RE (CL) fuse",1,"4-Restricted SCPHF RE (CL)",3312983,"ARITHMETIC"
"fuse",5,12,750,3339347,"3-Restricted SCPHF RE (CL) fuse",1,"3-Restricted SCPHF RE (CL)",3339347,"ARITHMETIC"
"fuse",5,12,764,3341375,"2-Restricted SCPHF RE (CL) fuse",1,"2-Restricted SCPHF RE (CL)",3341375,"ARITHMETIC"
"fuse",5,12,767,3341531,"SCPHF Random Extension (CLS) fuse",1,"SCPHF Random Extension (CLS)",3341531,"ARITHMETIC"
"fuse",6,12,14,4826807,"orthogonal array fuse",1,"orthogonal array",4826807,"ARITHMETIC"
"fuse",6,12,15,8225568,"extended OA (Colbourn) special fuse",1,"extended OA (Colbourn) special",9253762,"ARITH_OPEN"
"fuse",6,12,16,9651419,"3-Restricted SCPHF RE (CL) fuse",1,"3-Restricted SCPHF RE (CL)",9651419,"ARITHMETIC"
"fuse",6,12,20,14109119,"5-Restricted SCPHF RE (CL) fuse",1,"5-Restricted SCPHF RE (CL)",14109119,"ARITHMETIC"
"fuse",6,12,22,14451851,"4-Restricted SCPHF RE (CL) fuse",1,"4-Restricted SCPHF RE (CL)",14451851,"ARITHMETIC"
"fuse",6,12,23,14480399,"SCPHF Random Extension (CLS) fuse",1,"SCPHF Random Extension (CLS)",14480399,"ARITHMETIC"
"fuse",6,12,25,14480423,"CPHF IPO 3 (WCS) fuse",1,"CPHF IPO 3 (WCS)",14480423,"ARITHMETIC"
"fuse",6,12,29,18564635,"5,5-Restricted SCPHF RE (CL) fuse",1,"5,5-Restricted SCPHF RE (CL)",18564635,"ARITHMETIC"
"fuse",6,12,30,18935915,"5-Restricted SCPHF RE (CL) fuse",1,"5-Restricted SCPHF RE (CL)",18935915,"ARITHMETIC"
"fuse",6,12,33,19278647,"4-Restricted SCPHF RE (CL) fuse",1,"4-Restricted SCPHF RE (CL)",19278647,"ARITHMETIC"
"fuse",6,12,34,19307039,"2-Restricted SCPHF RE (CL) fuse",1,"2-Restricted SCPHF RE (CL)",19307039,"ARITHMETIC"
"fuse",6,12,39,19307231,"CPHF IPO 4 (WCS) fuse",1,"CPHF IPO 4 (WCS)",19307231,"ARITHMETIC"
"fuse",6,12,41,23391431,"5,5-Restricted SCPHF RE (CL) fuse",1,"5,5-Restricted SCPHF RE (CL)",23391431,"ARITHMETIC"
"fuse",6,12,49,23762711,"5-Restricted SCPHF RE (CL) fuse",1,"5-Restricted SCPHF RE (CL)",23762711,"ARITHMETIC"
"fuse",6,12,51,24105443,"4-Restricted SCPHF RE (CL) fuse",1,"4-Restricted SCPHF RE (CL)",24105443,"ARITHMETIC"
"fuse",6,12,52,24131807,"3-Restricted SCPHF RE (CL) fuse",1,"3-Restricted SCPHF RE (CL)",24131807,"ARITHMETIC"
"fuse",6,12,53,24133835,"2-Restricted SCPHF RE (CL) fuse",1,"2-Restricted SCPHF RE (CL)",24133835,"ARITHMETIC"
"fuse",6,12,54,24133991,"SCPHF Random Extension (CLS) fuse",1,"SCPHF Random Extension (CLS)",24133991,"ARITHMETIC"
"fuse",6,12,56,24134039,"CPHF IPO 5 (WCS) fuse",1,"CPHF IPO 5 (WCS)",24134039,"ARITHMETIC"
"fuse",6,12,59,27846947,"5,5,5-Restricted SCPHF RE (CL) fuse",1,"5,5,5-Restricted SCPHF RE (CL)",27846947,"ARITHMETIC"
"fuse",6,12,65,28218227,"5,5-Restricted SCPHF RE (CL) fuse",1,"5,5-Restricted SCPHF RE (CL)",28218227,"ARITHMETIC"
"fuse",6,12,71,28589507,"5-Restricted SCPHF RE (CL) fuse",1,"5-Restricted SCPHF RE (CL)",28589507,"ARITHMETIC"
"fuse",6,12,77,28932239,"4-Restricted SCPHF RE (CL) fuse",1,"4-Restricted SCPHF RE (CL)",28932239,"ARITHMETIC"
"fuse",6,12,81,28958603,"3-Restricted SCPHF RE (CL) fuse",1,"3-Restricted SCPHF RE (CL)",28958603,"ARITHMETIC"
"fuse",6,12,82,28960847,"CPHF Random Extension (CLS) fuse",1,"CPHF Random Extension (CLS)",28960847,"ARITHMETIC"
"fuse",6,12,91,32673743,"5,5,5-Restricted SCPHF RE (CL) fuse",1,"5,5,5-Restricted SCPHF RE (CL)",32673743,"ARITHMETIC"
"fuse",6,12,102,33045023,"5,5-Restricted SCPHF RE (CL) fuse",1,"5,5-Restricted SCPHF RE (CL)",33045023,"ARITHMETIC"
"fuse",6,12,111,33416303,"5-Restricted SCPHF RE (CL) fuse",1,"5-Restricted SCPHF RE (CL)",33416303,"ARITHMETIC"
"fuse",6,12,121,33759035,"4-Restricted SCPHF RE (CL) fuse",1,"4-Restricted SCPHF RE (CL)",33759035,"ARITHMETIC"
"fuse",6,12,124,33785399,"3-Restricted SCPHF RE (CL) fuse",1,"3-Restricted SCPHF RE (CL)",33785399,"ARITHMETIC"
"fuse",6,12,200,38614379,"SCPHF Random Extension (CLS) fuse",1,"SCPHF Random Extension (CLS)",38614379,"ARITHMETIC"
"fuse",6,12,202,38614463,"CPHF Random Extension (CLS) fuse",1,"CPHF Random Extension (CLS)",38614463,"ARITHMETIC"
"fuse",6,12,250,43441175,"SCPHF Random Extension (CLS) fuse",1,"SCPHF Random Extension (CLS)",43441175,"ARITHMETIC"
"fuse",3,13,243,8170,"SCPHF LFSR (TJ-IM) fuse fuse fuse",3,"SCPHF LFSR (TJ-IM)",8170,"ARITHMETIC"
"fuse",3,13,273,8185,"Raaphorst-Moura-Stevens fuse fuse fuse",3,"Raaphorst-Moura-Stevens",8185,"ARITHMETIC"
"fuse",3,14,243,8172,"SCPHF LFSR (TJ-IM) fuse fuse",2,"SCPHF LFSR (TJ-IM)",8172,"ARITHMETIC"
"fuse",3,14,273,8187,"Raaphorst-Moura-Stevens fuse fuse",2,"Raaphorst-Moura-Stevens",8187,"ARITHMETIC"
"fuse",3,14,275,9803,"SCPHF LFSR (TJ-IM) fuse fuse fuse",3,"SCPHF LFSR (TJ-IM)",9803,"ARITHMETIC"
"fuse",3,14,307,9819,"Raaphorst-Moura-Stevens fuse fuse fuse",3,"Raaphorst-Moura-Stevens",9819,"ARITHMETIC"
"fuse",3,14,340,12282,"CPHF Sim Annealing (TJ-IM) fuse fuse",2,"CPHF Sim Annealing (TJ-IM)",12282,"ARITHMETIC"
"fuse",3,14,1184,16332,"Restricted CPHF Ext  4( 0, 4) WCS fuse fuse",2,"Restricted CPHF Ext  4( 0, 4) WCS",16332,"ARITHMETIC"
"fuse",3,14,1190,16347,"Restricted CPHF Ext  4( 0, 3) WCS fuse fuse",2,"Restricted CPHF Ext  4( 0, 3) WCS",16347,"ARITHMETIC"
"fuse",3,14,1193,16362,"Restricted CPHF Ext  4( 0, 2) WCS fuse fuse",2,"Restricted CPHF Ext  4( 0, 2) WCS",16362,"ARITHMETIC"
"fuse",3,14,1205,16377,"Restricted CPHF Ext  4( 0, 0) WCS fuse fuse",2,"Restricted CPHF Ext  4( 0, 0) WCS",16377,"ARITHMETIC"
"fuse",3,14,4370,19481,"Cohen-Colbourn-Ling fuse fuse",2,"Cohen-Colbourn-Ling",19481,"ARITHMETIC"
"fuse",3,14,4591,19664,"Cohen-Colbourn-Ling fuse",1,"Cohen-Colbourn-Ling",19664,"ARITHMETIC"
"fuse",3,14,4642,19680,"Cohen-Colbourn-Ling fuse",1,"Cohen-Colbourn-Ling",19680,"ARITHMETIC"
"fuse",3,14,4914,19952,"Cohen-Colbourn-Ling fuse",1,"Cohen-Colbourn-Ling",19952,"ARITHMETIC"
"fuse",3,14,4918,20472,"Restricted CPHF Ext  5( 0, 0) WCS fuse fuse",2,"Restricted CPHF Ext  5( 0, 0) WCS",20472,"ARITHMETIC"
"fuse",3,14,5220,21344,"Cohen-Colbourn-Ling fuse",1,"Cohen-Colbourn-Ling",21344,"ARITHMETIC"
"fuse",3,14,6677,23532,"Restricted CPHF Ext  6( 4, 6) WCS fuse fuse",2,"Restricted CPHF Ext  6( 4, 6) WCS",23532,"ARITHMETIC"
"fuse",3,14,7254,23547,"Restricted CPHF Ext  6( 4, 5) WCS fuse fuse",2,"Restricted CPHF Ext  6( 4, 5) WCS",23547,"ARITHMETIC"
"fuse",3,14,9132,23772,"Restricted CPHF Ext  6( 3, 6) WCS fuse fuse",2,"Restricted CPHF Ext  6( 3, 6) WCS",23772,"ARITHMETIC"
"fuse",3,14,9204,23787,"Restricted CPHF Ext  6( 3, 5) WCS fuse fuse",2,"Restricted CPHF Ext  6( 3, 5) WCS",23787,"ARITHMETIC"
"fuse",3,14,9437,23802,"Restricted CPHF Ext  6( 3, 4) WCS fuse fuse",2,"Restricted CPHF Ext  6( 3, 4) WCS",23802,"ARITHMETIC"
"fuse",3,14,10000,24012,"Restricted CPHF Ext  6( 2, 6) WCS fuse fuse",2,"Restricted CPHF Ext  6( 2, 6) WCS",24012,"ARITHMETIC"
"fuse",4,14,24,126972,"3-Restricted SCPHF RE (CL) fuse fuse",2,"3-Restricted SCPHF RE (CL)",126972,"ARITHMETIC"
"fuse",4,14,31,130812,"2-Restricted SCPHF RE (CL) fuse fuse",2,"2-Restricted SCPHF RE (CL)",130812,"ARITHMETIC"
"fuse",4,14,61,192492,"3-Restricted SCPHF RE (CL) fuse fuse",2,"3-Restricted SCPHF RE (CL)",192492,"ARITHMETIC"
"fuse",4,14,69,196332,"2-Restricted SCPHF RE (CL) fuse fuse",2,"2-Restricted SCPHF RE (CL)",196332,"ARITHMETIC"
"fuse",4,14,71,196572,"SCPHF Random Extension (CLS) fuse fuse",2,"SCPHF Random Extension (CLS)",196572,"ARITHMETIC"
"fuse",4,14,75,196602,"CPHF IPO 3 (WCS) fuse fuse",2,"CPHF IPO 3 (WCS)",196602,"ARITHMETIC"
"fuse",4,14,120,253932,"3,3-Restricted SCPHF RE (CL) fuse fuse",2,"3,3-Restricted SCPHF RE (CL)",253932,"ARITHMETIC"
"fuse",4,14,132,257772,"3,2-Restricted SCPHF RE (CL) fuse fuse",2,"3,2-Restricted SCPHF RE (CL)",257772,"ARITHMETIC"
"fuse",4,14,141,258012,"3-Restricted SCPHF RE (CL) fuse fuse",2,"3-Restricted SCPHF RE (CL)",258012,"ARITHMETIC"
"fuse",4,14,156,261612,"2,2-Restricted SCPHF RE (CL) fuse fuse",2,"2,2-Restricted SCPHF RE (CL)",261612,"ARITHMETIC"
"fuse",4,14,158,261852,"2-Restricted SCPHF RE (CL) fuse fuse",2,"2-Restricted SCPHF RE (CL)",261852,"ARITHMETIC"
"fuse",4,14,186,262137,"CPHF IPO 4 (WCS) fuse fuse",2,"CPHF IPO 4 (WCS)",262137,"ARITHMETIC"
"fuse",4,14,290,323292,"3,2-Restricted SCPHF RE (CL) fuse fuse",2,"3,2-Restricted SCPHF RE (CL)",323292,"ARITHMETIC"
"fuse",4,14,297,323532,"3-Restricted SCPHF RE (CL) fuse fuse",2,"3-Restricted SCPHF RE (CL)",323532,"ARITHMETIC"
"fuse",4,14,341,327132,"2,2-Restricted SCPHF RE (CL) fuse fuse",2,"2,2-Restricted SCPHF RE (CL)",327132,"ARITHMETIC"
"fuse",4,14,346,327372,"2-Restricted SCPHF RE (CL) fuse fuse",2,"2-Restricted SCPHF RE (CL)",327372,"ARITHMETIC"
"fuse",4,14,360,327612,"SCPHF Random Extension (CLS) fuse fuse",2,"SCPHF Random Extension (CLS)",327612,"ARITHMETIC"
"fuse",4,14,451,327672,"CPHF IPO 5 (WCS) fuse fuse",2,"CPHF IPO 5 (WCS)",327672,"ARITHMETIC"
"fuse",4,14,470,380892,"3,3,3-Restricted SCPHF RE (CL) fuse fuse",2,"3,3,3-Restricted SCPHF RE (CL)",380892,"ARITHMETIC"
"fuse",4,14,519,384972,"3,3-Restricted SCPHF RE (CL) fuse fuse",2,"3,3-Restricted SCPHF RE (CL)",384972,"ARITHMETIC"
"fuse",4,14,634,388812,"3,2-Restricted SCPHF RE (CL) fuse fuse",2,"3,2-Restricted SCPHF RE (CL)",388812,"ARITHMETIC"
"fuse",4,14,636,389052,"3-Restricted SCPHF RE (CL) fuse fuse",2,"3-Restricted SCPHF RE (CL)",389052,"ARITHMETIC"
"fuse",4,14,745,392652,"2,2-Restricted SCPHF RE (CL) fuse fuse",2,"2,2-Restricted SCPHF RE (CL)",392652,"ARITHMETIC"
"fuse",4,14,764,392892,"2-Restricted SCPHF RE (CL) fuse fuse",2,"2-Restricted SCPHF RE (CL)",392892,"ARITHMETIC"
"fuse",4,14,791,393132,"SCPHF Random Extension (CLS) fuse fuse",2,"SCPHF Random Extension (CLS)",393132,"ARITHMETIC"
"fuse",4,14,871,393207,"CPHF IPO 6 (WCS) fuse fuse",2,"CPHF IPO 6 (WCS)",393207,"ARITHMETIC"
"fuse",4,14,1049,446412,"3,3,3-Restricted SCPHF RE (CL) fuse fuse",2,"3,3,3-Restricted SCPHF RE (CL)",446412,"ARITHMETIC"
"fuse",4,14,1164,450492,"3,3-Restricted SCPHF RE (CL) fuse fuse",2,"3,3-Restricted SCPHF RE (CL)",450492,"ARITHMETIC"
"fuse",4,14,1341,454332,"3,2-Restricted SCPHF RE (CL) fuse fuse",2,"3,2-Restricted SCPHF RE (CL)",454332,"ARITHMETIC"
"fuse",4,14,1376,454572,"3-Restricted SCPHF RE (CL) fuse fuse",2,"3-Restricted SCPHF RE (CL)",454572,"ARITHMETIC"
"fuse",4,14,1428,458172,"2,2-Restricted SCPHF RE (CL) fuse fuse",2,"2,2-Restricted SCPHF RE (CL)",458172,"ARITHMETIC"
"fuse",4,14,1581,458412,"2-Restricted SCPHF RE (CL) fuse fuse",2,"2-Restricted SCPHF RE (CL)",458412,"ARITHMETIC"
"fuse",4,14,1625,458652,"SCPHF Random Extension (CLS) fuse fuse",2,"SCPHF Random Extension (CLS)",458652,"ARITHMETIC"
"fuse",4,14,1666,458742,"CPHF Random Extension (CLS) fuse fuse",2,"CPHF Random Extension (CLS)",458742,"ARITHMETIC"
"fuse",4,14,2748,524172,"SCPHF Random Extension (CLS) fuse fuse",2,"SCPHF Random Extension (CLS)",524172,"ARITHMETIC"
"fuse",4,14,2833,524277,"CPHF Random Extension (CLS) fuse fuse",2,"CPHF Random Extension (CLS)",524277,"ARITHMETIC"
"fuse",4,14,2976,630537,"Colbourn-Martirosyan-TVT-Walker fuse fuse",2,"Colbourn-Martirosyan-TVT-Walker",630537,"ARITHMETIC"
"fuse",4,14,3162,646565,"Colbourn-Martirosyan-TVT-Walker fuse",1,"Colbourn-Martirosyan-TVT-Walker",646565,"ARITHMETIC"
"fuse",4,14,4096,683757,"Colbourn-Martirosyan-TVT-Walker fuse fuse",2,"Colbourn-Martirosyan-TVT-Walker",683757,"ARITHMETIC"
"fuse",4,14,4352,699800,"Colbourn-Martirosyan-TVT-Walker fuse",1,"Colbourn-Martirosyan-TVT-Walker",699800,"ARITHMETIC"
"fuse",4,14,4368,706664,"Colbourn-Martirosyan-TVT-Walker fuse fuse",2,"Colbourn-Martirosyan-TVT-Walker",706664,"ARITHMETIC"
"fuse",4,14,4369,715632,"Colbourn-Martirosyan-TVT-Walker fuse",1,"Colbourn-Martirosyan-TVT-Walker",715632,"ARITHMETIC"
"fuse",4,14,4437,715637,"Colbourn-Martirosyan-TVT-Walker fuse",1,"Colbourn-Martirosyan-TVT-Walker",715637,"ARITHMETIC"
"fuse",4,14,4471,716149,"Colbourn-Martirosyan-TVT-Walker fuse",1,"Colbourn-Martirosyan-TVT-Walker",716149,"ARITHMETIC"
"fuse",4,14,4488,719251,"Colbourn-Martirosyan-TVT-Walker fuse",1,"Colbourn-Martirosyan-TVT-Walker",719251,"ARITHMETIC"
"fuse",4,14,4624,719263,"Colbourn-Martirosyan-TVT-Walker fuse",1,"Colbourn-Martirosyan-TVT-Walker",719263,"ARITHMETIC"
"fuse",4,14,4641,719743,"Colbourn-Martirosyan-TVT-Walker fuse",1,"Colbourn-Martirosyan-TVT-Walker",719743,"ARITHMETIC"
"fuse",4,14,4930,758597,"Colbourn-Martirosyan-TVT-Walker fuse",1,"Colbourn-Martirosyan-TVT-Walker",758597,"ARITHMETIC"
"fuse",4,14,4947,758837,"Colbourn-Martirosyan-TVT-Walker fuse",1,"Colbourn-Martirosyan-TVT-Walker",758837,"ARITHMETIC"
"fuse",4,14,5049,762119,"Colbourn-Martirosyan-TVT-Walker fuse",1,"Colbourn-Martirosyan-TVT-Walker",762119,"ARITHMETIC"
"fuse",4,14,5151,765719,"Colbourn-Martirosyan-TVT-Walker fuse",1,"Colbourn-Martirosyan-TVT-Walker",765719,"ARITHMETIC"
"fuse",4,14,5219,767947,"Colbourn-Martirosyan-TVT-Walker fuse",1,"Colbourn-Martirosyan-TVT-Walker",767947,"ARITHMETIC"
"fuse",4,14,5559,827945,"Colbourn-Martirosyan-TVT-Walker fuse",1,"Colbourn-Martirosyan-TVT-Walker",827945,"ARITHMETIC"
"fuse",4,14,5695,830269,"Colbourn-Martirosyan-TVT-Walker fuse",1,"Colbourn-Martirosyan-TVT-Walker",830269,"ARITHMETIC"
"fuse",4,14,5780,838655,"Colbourn-Martirosyan-TVT-Walker fuse",1,"Colbourn-Martirosyan-TVT-Walker",838655,"ARITHMETIC"
"fuse",4,14,5872,848882,"Colbourn-Martirosyan-TVT-Walker fuse fuse",2,"Colbourn-Martirosyan-TVT-Walker",848882,"ARITHMETIC"
"fuse",5,14,17,1048572,"orthogonal array fuse fuse",2,"orthogonal array",1048572,"ARITHMETIC"
"fuse",5,14,18,1419851,"orthogonal array fuse fuse fuse",3,"orthogonal array",1419851,"ARITHMETIC"
"fuse",5,14,20,2093052,"3-Restricted SCPHF RE (CL) fuse fuse",2,"3-Restricted SCPHF RE (CL)",2093052,"ARITHMETIC"
"fuse",5,14,21,2097147,"CPHF IPO 2 (WCS) fuse fuse",2,"CPHF IPO 2 (WCS)",2097147,"ARITHMETIC"
"fuse",5,14,33,3080172,"4-Restricted SCPHF RE (CL) fuse fuse",2,"4-Restricted SCPHF RE (CL)",3080172,"ARITHMETIC"
"fuse",5,14,36,3141612,"3-Restricted SCPHF RE (CL) fuse fuse",2,"3-Restricted SCPHF RE (CL)",3141612,"ARITHMETIC"
"fuse",5,14,38,3145452,"2-Restricted SCPHF RE (CL) fuse fuse",2,"2-Restricted SCPHF RE (CL)",3145452,"ARITHMETIC"
"fuse",5,14,39,3145722,"CPHF IPO 3 (WCS) fuse fuse",2,"CPHF IPO 3 (WCS)",3145722,"ARITHMETIC"
"fuse",5,14,53,4063212,"4,4-Restricted SCPHF RE (CL) fuse fuse",2,"4,4-Restricted SCPHF RE (CL)",4063212,"ARITHMETIC"
"fuse",5,14,56,4128732,"4-Restricted SCPHF RE (CL) fuse fuse",2,"4-Restricted SCPHF RE (CL)",4128732,"ARITHMETIC"
"fuse",5,14,62,4186092,"3,3-Restricted SCPHF RE (CL) fuse fuse",2,"3,3-Restricted SCPHF RE (CL)",4186092,"ARITHMETIC"
"fuse",5,14,64,4190172,"3-Restricted SCPHF RE (CL) fuse fuse",2,"3-Restricted SCPHF RE (CL)",4190172,"ARITHMETIC"
"fuse",5,14,66,4194252,"SCPHF Random Extension (CLS) fuse fuse",2,"SCPHF Random Extension (CLS)",4194252,"ARITHMETIC"
"fuse",5,14,73,4194297,"CPHF IPO 4 (WCS) fuse fuse",2,"CPHF IPO 4 (WCS)",4194297,"ARITHMETIC"
"fuse",5,14,92,5111772,"4,4-Restricted SCPHF RE (CL) fuse fuse",2,"4,4-Restricted SCPHF RE (CL)",5111772,"ARITHMETIC"
"fuse",5,14,103,5177292,"4-Restricted SCPHF RE (CL) fuse fuse",2,"4-Restricted SCPHF RE (CL)",5177292,"ARITHMETIC"
"fuse",5,14,111,5238732,"3-Restricted SCPHF RE (CL) fuse fuse",2,"3-Restricted SCPHF RE (CL)",5238732,"ARITHMETIC"
"fuse",5,14,119,5242572,"2-Restricted SCPHF RE (CL) fuse fuse",2,"2-Restricted SCPHF RE (CL)",5242572,"ARITHMETIC"
"fuse",5,14,145,5242872,"CPHF IPO 5 (WCS) fuse fuse",2,"CPHF IPO 5 (WCS)",5242872,"ARITHMETIC"
"fuse",5,14,146,6094812,"4,4,4-Restricted SCPHF RE (CL) fuse fuse",2,"4,4,4-Restricted SCPHF RE (CL)",6094812,"ARITHMETIC"
"fuse",5,14,165,6160332,"4,4-Restricted SCPHF RE (CL) fuse fuse",2,"4,4-Restricted SCPHF RE (CL)",6160332,"ARITHMETIC"
"fuse",5,14,185,6225852,"4-Restricted SCPHF RE (CL) fuse fuse",2,"4-Restricted SCPHF RE (CL)",6225852,"ARITHMETIC"
"fuse",5,14,197,6287292,"3-Restricted SCPHF RE (CL) fuse fuse",2,"3-Restricted SCPHF RE (CL)",6287292,"ARITHMETIC"
"fuse",5,14,206,6291132,"2-Restricted SCPHF RE (CL) fuse fuse",2,"2-Restricted SCPHF RE (CL)",6291132,"ARITHMETIC"
"fuse",5,14,207,6291372,"SCPHF Random Extension (CLS) fuse fuse",2,"SCPHF Random Extension (CLS)",6291372,"ARITHMETIC"
"fuse",5,14,210,6291447,"CPHF Random Extension (CLS) fuse fuse",2,"CPHF Random Extension (CLS)",6291447,"ARITHMETIC"
"fuse",5,14,248,7143372,"4,4,4-Restricted SCPHF RE (CL) fuse fuse",2,"4,4,4-Restricted SCPHF RE (CL)",7143372,"ARITHMETIC"
"fuse",5,14,284,7208892,"4,4-Restricted SCPHF RE (CL) fuse fuse",2,"4,4-Restricted SCPHF RE (CL)",7208892,"ARITHMETIC"
"fuse",5,14,336,7274412,"4-Restricted SCPHF RE (CL) fuse fuse",2,"4-Restricted SCPHF RE (CL)",7274412,"ARITHMETIC"
"fuse",5,14,360,7335852,"3-Restricted SCPHF RE (CL) fuse fuse",2,"3-Restricted SCPHF RE (CL)",7335852,"ARITHMETIC"
"fuse",5,14,376,7339692,"2-Restricted SCPHF RE (CL) fuse fuse",2,"2-Restricted SCPHF RE (CL)",7339692,"ARITHMETIC"
"fuse",5,14,379,7339932,"SCPHF Random Extension (CLS) fuse fuse",2,"SCPHF Random Extension (CLS)",7339932,"ARITHMETIC"
"fuse",5,14,454,8191932,"4,4,4-Restricted SCPHF RE (CL) fuse fuse",2,"4,4,4-Restricted SCPHF RE (CL)",8191932,"ARITHMETIC"
"fuse",5,14,515,8257452,"4,4-Restricted SCPHF RE (CL) fuse fuse",2,"4,4-Restricted SCPHF RE (CL)",8257452,"ARITHMETIC"
"fuse",5,14,582,8322972,"4-Restricted SCPHF RE (CL) fuse fuse",2,"4-Restricted SCPHF RE (CL)",8322972,"ARITHMETIC"
"fuse",5,14,641,8384412,"3-Restricted SCPHF RE (CL) fuse fuse",2,"3-Restricted SCPHF RE (CL)",8384412,"ARITHMETIC"
"fuse",5,14,650,8388252,"2-Restricted SCPHF RE (CL) fuse fuse",2,"2-Restricted SCPHF RE (CL)",8388252,"ARITHMETIC"
"fuse",5,14,656,8388492,"SCPHF Random Extension (CLS) fuse fuse",2,"SCPHF Random Extension (CLS)",8388492,"ARITHMETIC"
"fuse",5,14,766,9240492,"4,4,4-Restricted SCPHF RE (CL) fuse fuse",2,"4,4,4-Restricted SCPHF RE (CL)",9240492,"ARITHMETIC"
"fuse",5,14,838,19801809,"3-Restricted SCPHF RE (CL) fuse fuse fuse fuse fuse",5,"3-Restricted SCPHF RE (CL)",19801809,"ARITHMETIC"
"fuse",5,14,851,19808307,"2-Restricted SCPHF RE (CL) fuse fuse fuse fuse fuse",5,"2-Restricted SCPHF RE (CL)",19808307,"ARITHMETIC"
"fuse",6,14,17,16777212,"orthogonal array fuse fuse",2,"orthogonal array",16777212,"ARITHMETIC"
"fuse",6,14,18,24137563,"orthogonal array fuse fuse fuse",3,"orthogonal array",24137563,"ARITHMETIC"
"fuse",6,14,22,49283052,"5-Restricted SCPHF RE (CL) fuse fuse",2,"5-Restricted SCPHF RE (CL)",49283052,"ARITHMETIC"
"fuse",6,14,25,50266092,"4-Restricted SCPHF RE (CL) fuse fuse",2,"4-Restricted SCPHF RE (CL)",50266092,"ARITHMETIC"
"fuse",6,14,26,50331612,"SCPHF Random Extension (CLS) fuse fuse",2,"SCPHF Random Extension (CLS)",50331612,"ARITHMETIC"
"fuse",6,14,28,50331642,"CPHF IPO 3 (WCS) fuse fuse",2,"CPHF IPO 3 (WCS)",50331642,"ARITHMETIC"
"fuse",6,14,33,65011692,"5,5-Restricted SCPHF RE (CL) fuse fuse",2,"5,5-Restricted SCPHF RE (CL)",65011692,"ARITHMETIC"
"fuse",6,14,35,66060252,"5-Restricted SCPHF RE (CL) fuse fuse",2,"5-Restricted SCPHF RE (CL)",66060252,"ARITHMETIC"
"fuse",6,14,39,67043292,"4-Restricted SCPHF RE (CL) fuse fuse",2,"4-Restricted SCPHF RE (CL)",67043292,"ARITHMETIC"
"fuse",6,14,40,67108812,"SCPHF Random Extension (CLS) fuse fuse",2,"SCPHF Random Extension (CLS)",67108812,"ARITHMETIC"
"fuse",6,14,46,67108857,"CPHF IPO 4 (WCS) fuse fuse",2,"CPHF IPO 4 (WCS)",67108857,"ARITHMETIC"
"fuse",6,14,51,81788892,"5,5-Restricted SCPHF RE (CL) fuse fuse",2,"5,5-Restricted SCPHF RE (CL)",81788892,"ARITHMETIC"
"fuse",6,14,56,82837452,"5-Restricted SCPHF RE (CL) fuse fuse",2,"5-Restricted SCPHF RE (CL)",82837452,"ARITHMETIC"
"fuse",6,14,58,83820492,"4-Restricted SCPHF RE (CL) fuse fuse",2,"4-Restricted SCPHF RE (CL)",83820492,"ARITHMETIC"
"fuse",6,14,63,83881932,"3-Restricted SCPHF RE (CL) fuse fuse",2,"3-Restricted SCPHF RE (CL)",83881932,"ARITHMETIC"
"fuse",6,14,64,83885772,"2-Restricted SCPHF RE (CL) fuse fuse",2,"2-Restricted SCPHF RE (CL)",83885772,"ARITHMETIC"
"fuse",6,14,66,83886012,"SCPHF Random Extension (CLS) fuse fuse",2,"SCPHF Random Extension (CLS)",83886012,"ARITHMETIC"
"fuse",6,14,73,97517532,"5,5,5-Restricted SCPHF RE (CL) fuse fuse",2,"5,5,5-Restricted SCPHF RE (CL)",97517532,"ARITHMETIC"
"fuse",6,14,82,98566092,"5,5-Restricted SCPHF RE (CL) fuse fuse",2,"5,5-Restricted SCPHF RE (CL)",98566092,"ARITHMETIC"
"fuse",6,14,89,99614652,"5-Restricted SCPHF RE (CL) fuse fuse",2,"5-Restricted SCPHF RE (CL)",99614652,"ARITHMETIC"
"fuse",6,14,98,100597692,"4-Restricted SCPHF RE (CL) fuse fuse",2,"4-Restricted SCPHF RE (CL)",100597692,"ARITHMETIC"
"fuse",6,14,103,100659132,"3-Restricted SCPHF RE (CL) fuse fuse",2,"3-Restricted SCPHF RE (CL)",100659132,"ARITHMETIC"
"fuse",6,14,104,100662972,"2-Restricted SCPHF RE (CL) fuse fuse",2,"2-Restricted SCPHF RE (CL)",100662972,"ARITHMETIC"
"fuse",6,14,113,114294732,"5,5,5-Restricted SCPHF RE (CL) fuse fuse",2,"5,5,5-Restricted SCPHF RE (CL)",114294732,"ARITHMETIC"
"fuse",6,14,127,115343292,"5,5-Restricted SCPHF RE (CL) fuse fuse",2,"5,5-Restricted SCPHF RE (CL)",115343292,"ARITHMETIC"
"fuse",6,14,141,116391852,"5-Restricted SCPHF RE (CL) fuse fuse",2,"5-Restricted SCPHF RE (CL)",116391852,"ARITHMETIC"
"fuse",6,14,150,117374892,"4-Restricted SCPHF RE (CL) fuse fuse",2,"4-Restricted SCPHF RE (CL)",117374892,"ARITHMETIC"
"fuse",6,14,156,117436332,"3-Restricted SCPHF RE (CL) fuse fuse",2,"3-Restricted SCPHF RE (CL)",117436332,"ARITHMETIC"
"fuse",6,14,159,117440172,"2-Restricted SCPHF RE (CL) fuse fuse",2,"2-Restricted SCPHF RE (CL)",117440172,"ARITHMETIC"
"fuse",6,14,163,117440412,"SCPHF Random Extension (CLS) fuse fuse",2,"SCPHF Random Extension (CLS)",117440412,"ARITHMETIC"
"fuse",6,14,164,117440502,"CPHF Random Extension (CLS) fuse fuse",2,"CPHF Random Extension (CLS)",117440502,"ARITHMETIC"
"fuse",6,14,236,134217612,"SCPHF Random Extension (CLS) fuse fuse",2,"SCPHF Random Extension (CLS)",134217612,"ARITHMETIC"
"fuse",6,14,268,193100427,"SCPHF Random Extension (CLS) fuse fuse fuse",3,"SCPHF Random Extension (CLS)",193100427,"ARITHMETIC"
"fuse",6,14,512,536870412,"perfect hash family32,512,16,c fuse fuse",2,"perfect hash family32,512,16,c",536870412,"ARITHMETIC"
"fuse",3,15,243,8174,"SCPHF LFSR (TJ-IM) fuse",1,"SCPHF LFSR (TJ-IM)",8174,"ARITHMETIC"
"fuse",3,15,273,8189,"Raaphorst-Moura-Stevens fuse",1,"Raaphorst-Moura-Stevens",8189,"ARITHMETIC"
"fuse",3,15,275,9805,"SCPHF LFSR (TJ-IM) fuse fuse",2,"SCPHF LFSR (TJ-IM)",9805,"ARITHMETIC"
"fuse",3,15,307,9821,"Raaphorst-Moura-Stevens fuse fuse",2,"Raaphorst-Moura-Stevens",9821,"ARITHMETIC"
"fuse",3,15,313,12254,"SCPHF Conditional Expectation (CLS) fuse",1,"SCPHF Conditional Expectation (CLS)",12254,"ARITHMETIC"
"fuse",3,15,340,12284,"CPHF Sim Annealing (TJ-IM) fuse",1,"CPHF Sim Annealing (TJ-IM)",12284,"ARITHMETIC"
"fuse",3,15,345,13691,"SCPHF LFSR (TJ-IM) fuse fuse fuse fuse",4,"SCPHF LFSR (TJ-IM)",13691,"ARITHMETIC"
"fuse",3,15,381,13709,"Raaphorst-Moura-Stevens fuse fuse fuse fuse",4,"Raaphorst-Moura-Stevens",13709,"ARITHMETIC"
"fuse",3,15,706,15854,"Path-Restricted SCPHF RE (CLS) fuse",1,"Path-Restricted SCPHF RE (CLS)",15854,"ARITHMETIC"
"fuse",3,15,866,16094,"Restricted CPHF Ext  4( 1, 4) WCS fuse",1,"Restricted CPHF Ext  4( 1, 4) WCS",16094,"ARITHMETIC"
"fuse",3,15,870,16109,"Restricted CPHF Ext  4( 1, 3) WCS fuse",1,"Restricted CPHF Ext  4( 1, 3) WCS",16109,"ARITHMETIC"
"fuse",3,15,876,16124,"Restricted CPHF Ext  4( 1, 2) WCS fuse",1,"Restricted CPHF Ext  4( 1, 2) WCS",16124,"ARITHMETIC"
"fuse",3,15,1184,16334,"Restricted CPHF Ext  4( 0, 4) WCS fuse",1,"Restricted CPHF Ext  4( 0, 4) WCS",16334,"ARITHMETIC"
"fuse",3,15,1190,16349,"Restricted CPHF Ext  4( 0, 3) WCS fuse",1,"Restricted CPHF Ext  4( 0, 3) WCS",16349,"ARITHMETIC"
"fuse",3,15,1193,16364,"Restricted CPHF Ext  4( 0, 2) WCS fuse",1,"Restricted CPHF Ext  4( 0, 2) WCS",16364,"ARITHMETIC"
"fuse",3,15,1205,16379,"Restricted CPHF Ext  4( 0, 0) WCS fuse",1,"Restricted CPHF Ext  4( 0, 0) WCS",16379,"ARITHMETIC"
"fuse",3,15,4370,19483,"Cohen-Colbourn-Ling fuse",1,"Cohen-Colbourn-Ling",19483,"ARITHMETIC"
"fuse",3,15,4918,20474,"Restricted CPHF Ext  5( 0, 0) WCS fuse",1,"Restricted CPHF Ext  5( 0, 0) WCS",20474,"ARITHMETIC"
"fuse",3,15,6677,23534,"Restricted CPHF Ext  6( 4, 6) WCS fuse",1,"Restricted CPHF Ext  6( 4, 6) WCS",23534,"ARITHMETIC"
"fuse",3,15,7254,23549,"Restricted CPHF Ext  6( 4, 5) WCS fuse",1,"Restricted CPHF Ext  6( 4, 5) WCS",23549,"ARITHMETIC"
"fuse",3,15,9132,23774,"Restricted CPHF Ext  6( 3, 6) WCS fuse",1,"Restricted CPHF Ext  6( 3, 6) WCS",23774,"ARITHMETIC"
"fuse",3,15,9204,23789,"Restricted CPHF Ext  6( 3, 5) WCS fuse",1,"Restricted CPHF Ext  6( 3, 5) WCS",23789,"ARITHMETIC"
"fuse",3,15,9437,23804,"Restricted CPHF Ext  6( 3, 4) WCS fuse",1,"Restricted CPHF Ext  6( 3, 4) WCS",23804,"ARITHMETIC"
"fuse",3,15,10000,24014,"Restricted CPHF Ext  6( 2, 6) WCS fuse",1,"Restricted CPHF Ext  6( 2, 6) WCS",24014,"ARITHMETIC"
"fuse",4,15,17,65534,"orthogonal array fuse",1,"orthogonal array",65534,"ARITHMETIC"
"fuse",4,15,24,126974,"3-Restricted SCPHF RE (CL) fuse",1,"3-Restricted SCPHF RE (CL)",126974,"ARITHMETIC"
"fuse",4,15,31,130814,"2-Restricted SCPHF RE (CL) fuse",1,"2-Restricted SCPHF RE (CL)",130814,"ARITHMETIC"
"fuse",4,15,32,166749,"2-Restricted SCPHF RE (CL) fuse fuse",2,"2-Restricted SCPHF RE (CL)",166749,"ARITHMETIC"
"fuse",4,15,34,167021,"SCPHF Random Extension (CLS) fuse fuse",2,"SCPHF Random Extension (CLS)",167021,"ARITHMETIC"
"fuse",4,15,61,192494,"3-Restricted SCPHF RE (CL) fuse",1,"3-Restricted SCPHF RE (CL)",192494,"ARITHMETIC"
"fuse",4,15,69,196334,"2-Restricted SCPHF RE (CL) fuse",1,"2-Restricted SCPHF RE (CL)",196334,"ARITHMETIC"
"fuse",4,15,71,196574,"SCPHF Random Extension (CLS) fuse",1,"SCPHF Random Extension (CLS)",196574,"ARITHMETIC"
"fuse",4,15,75,196604,"CPHF IPO 3 (WCS) fuse",1,"CPHF IPO 3 (WCS)",196604,"ARITHMETIC"
"fuse",4,15,80,250557,"CPHF IPO 3 (WCS) fuse fuse",2,"CPHF IPO 3 (WCS)",250557,"ARITHMETIC"
"fuse",4,15,120,253934,"3,3-Restricted SCPHF RE (CL) fuse",1,"3,3-Restricted SCPHF RE (CL)",253934,"ARITHMETIC"
"fuse",4,15,132,257774,"3,2-Restricted SCPHF RE (CL) fuse",1,"3,2-Restricted SCPHF RE (CL)",257774,"ARITHMETIC"
"fuse",4,15,141,258014,"3-Restricted SCPHF RE (CL) fuse",1,"3-Restricted SCPHF RE (CL)",258014,"ARITHMETIC"
"fuse",4,15,156,261614,"2,2-Restricted SCPHF RE (CL) fuse",1,"2,2-Restricted SCPHF RE (CL)",261614,"ARITHMETIC"
"fuse",4,15,158,261854,"2-Restricted SCPHF RE (CL) fuse",1,"2-Restricted SCPHF RE (CL)",261854,"ARITHMETIC"
"fuse",4,15,186,262139,"CPHF IPO 4 (WCS) fuse",1,"CPHF IPO 4 (WCS)",262139,"ARITHMETIC"
"fuse",4,15,256,315134,"Colbourn-Martirosyan-TVT-Walker fuse",1,"Colbourn-Martirosyan-TVT-Walker",315134,"ARITHMETIC"
"fuse",4,15,272,322814,"Colbourn-Martirosyan-TVT-Walker fuse",1,"Colbourn-Martirosyan-TVT-Walker",322814,"ARITHMETIC"
"fuse",4,15,290,323294,"3,2-Restricted SCPHF RE (CL) fuse",1,"3,2-Restricted SCPHF RE (CL)",323294,"ARITHMETIC"
"fuse",4,15,297,323534,"3-Restricted SCPHF RE (CL) fuse",1,"3-Restricted SCPHF RE (CL)",323534,"ARITHMETIC"
"fuse",4,15,341,327134,"2,2-Restricted SCPHF RE (CL) fuse",1,"2,2-Restricted SCPHF RE (CL)",327134,"ARITHMETIC"
"fuse",4,15,346,327374,"2-Restricted SCPHF RE (CL) fuse",1,"2-Restricted SCPHF RE (CL)",327374,"ARITHMETIC"
"fuse",4,15,360,327614,"SCPHF Random Extension (CLS) fuse",1,"SCPHF Random Extension (CLS)",327614,"ARITHMETIC"
"fuse",4,15,451,327674,"CPHF IPO 5 (WCS) fuse",1,"CPHF IPO 5 (WCS)",327674,"ARITHMETIC"
"fuse",4,15,470,380894,"3,3,3-Restricted SCPHF RE (CL) fuse",1,"3,3,3-Restricted SCPHF RE (CL)",380894,"ARITHMETIC"
"fuse",4,15,519,384974,"3,3-Restricted SCPHF RE (CL) fuse",1,"3,3-Restricted SCPHF RE (CL)",384974,"ARITHMETIC"
"fuse",4,15,634,388814,"3,2-Restricted SCPHF RE (CL) fuse",1,"3,2-Restricted SCPHF RE (CL)",388814,"ARITHMETIC"
"fuse",4,15,636,389054,"3-Restricted SCPHF RE (CL) fuse",1,"3-Restricted SCPHF RE (CL)",389054,"ARITHMETIC"
"fuse",4,15,745,392654,"2,2-Restricted SCPHF RE (CL) fuse",1,"2,2-Restricted SCPHF RE (CL)",392654,"ARITHMETIC"
"fuse",4,15,764,392894,"2-Restricted SCPHF RE (CL) fuse",1,"2-Restricted SCPHF RE (CL)",392894,"ARITHMETIC"
"fuse",4,15,791,393134,"SCPHF Random Extension (CLS) fuse",1,"SCPHF Random Extension (CLS)",393134,"ARITHMETIC"
"fuse",4,15,871,393209,"CPHF IPO 6 (WCS) fuse",1,"CPHF IPO 6 (WCS)",393209,"ARITHMETIC"
"fuse",4,15,1049,446414,"3,3,3-Restricted SCPHF RE (CL) fuse",1,"3,3,3-Restricted SCPHF RE (CL)",446414,"ARITHMETIC"
"fuse",4,15,1164,450494,"3,3-Restricted SCPHF RE (CL) fuse",1,"3,3-Restricted SCPHF RE (CL)",450494,"ARITHMETIC"
"fuse",4,15,1341,454334,"3,2-Restricted SCPHF RE (CL) fuse",1,"3,2-Restricted SCPHF RE (CL)",454334,"ARITHMETIC"
"fuse",4,15,1376,454574,"3-Restricted SCPHF RE (CL) fuse",1,"3-Restricted SCPHF RE (CL)",454574,"ARITHMETIC"
"fuse",4,15,1428,458174,"2,2-Restricted SCPHF RE (CL) fuse",1,"2,2-Restricted SCPHF RE (CL)",458174,"ARITHMETIC"
"fuse",4,15,1581,458414,"2-Restricted SCPHF RE (CL) fuse",1,"2-Restricted SCPHF RE (CL)",458414,"ARITHMETIC"
"fuse",4,15,1625,458654,"SCPHF Random Extension (CLS) fuse",1,"SCPHF Random Extension (CLS)",458654,"ARITHMETIC"
"fuse",4,15,1666,458744,"CPHF Random Extension (CLS) fuse",1,"CPHF Random Extension (CLS)",458744,"ARITHMETIC"
"fuse",4,15,2748,524174,"SCPHF Random Extension (CLS) fuse",1,"SCPHF Random Extension (CLS)",524174,"ARITHMETIC"
"fuse",4,15,2833,524279,"CPHF Random Extension (CLS) fuse",1,"CPHF Random Extension (CLS)",524279,"ARITHMETIC"
"fuse",4,15,2976,630539,"Colbourn-Martirosyan-TVT-Walker fuse",1,"Colbourn-Martirosyan-TVT-Walker",630539,"ARITHMETIC"
"fuse",4,15,3888,683534,"Colbourn-Martirosyan-TVT-Walker fuse",1,"Colbourn-Martirosyan-TVT-Walker",683534,"ARITHMETIC"
"fuse",4,15,4096,683759,"Colbourn-Martirosyan-TVT-Walker fuse",1,"Colbourn-Martirosyan-TVT-Walker",683759,"ARITHMETIC"
"fuse",4,15,4112,699373,"Colbourn-Martirosyan-TVT-Walker fuse",1,"Colbourn-Martirosyan-TVT-Walker",699373,"ARITHMETIC"
"fuse",4,15,4368,706666,"Colbourn-Martirosyan-TVT-Walker fuse",1,"Colbourn-Martirosyan-TVT-Walker",706666,"ARITHMETIC"
"fuse",4,15,4752,743426,"Colbourn-Martirosyan-TVT-Walker fuse",1,"Colbourn-Martirosyan-TVT-Walker",743426,"ARITHMETIC"
"fuse",4,15,5872,848884,"Colbourn-Martirosyan-TVT-Walker fuse",1,"Colbourn-Martirosyan-TVT-Walker",848884,"ARITHMETIC"
"fuse",4,15,5936,850130,"Colbourn-Martirosyan-TVT-Walker fuse",1,"Colbourn-Martirosyan-TVT-Walker",850130,"ARITHMETIC"
"fuse",4,15,6064,852646,"Colbourn-Martirosyan-TVT-Walker fuse",1,"Colbourn-Martirosyan-TVT-Walker",852646,"ARITHMETIC"
"fuse",4,15,6512,894119,"Colbourn-Martirosyan-TVT-Walker fuse",1,"Colbourn-Martirosyan-TVT-Walker",894119,"ARITHMETIC"
"fuse",4,15,6656,898121,"Colbourn-Martirosyan-TVT-Walker fuse",1,"Colbourn-Martirosyan-TVT-Walker",898121,"ARITHMETIC"
"fuse",4,15,6704,901961,"Colbourn-Martirosyan-TVT-Walker fuse",1,"Colbourn-Martirosyan-TVT-Walker",901961,"ARITHMETIC"
"fuse",4,15,8192,987854,"Colbourn-Martirosyan-TVT-Walker fuse",1,"Colbourn-Martirosyan-TVT-Walker",987854,"ARITHMETIC"
"fuse",4,15,8304,988079,"Colbourn-Martirosyan-TVT-Walker fuse",1,"Colbourn-Martirosyan-TVT-Walker",988079,"ARITHMETIC"
"fuse",4,15,8736,991919,"Colbourn-Martirosyan-TVT-Walker fuse",1,"Colbourn-Martirosyan-TVT-Walker",991919,"ARITHMETIC"
"fuse",4,15,10000,995294,"Colbourn-Martirosyan-TVT-Walker fuse",1,"Colbourn-Martirosyan-TVT-Walker",995294,"ARITHMETIC"
"fuse",5,15,17,1048574,"orthogonal array fuse",1,"orthogonal array",1048574,"ARITHMETIC"
"fuse",5,15,18,1419853,"orthogonal array fuse fuse",2,"orthogonal array",1419853,"ARITHMETIC"
"fuse",5,15,20,2093054,"3-Restricted SCPHF RE (CL) fuse",1,"3-Restricted SCPHF RE (CL)",2093054,"ARITHMETIC"
"fuse",5,15,21,2097149,"CPHF IPO 2 (WCS) fuse",1,"CPHF IPO 2 (WCS)",2097149,"ARITHMETIC"
"fuse",5,15,33,3080174,"4-Restricted SCPHF RE (CL) fuse",1,"4-Restricted SCPHF RE (CL)",3080174,"ARITHMETIC"
"fuse",5,15,36,3141614,"3-Restricted SCPHF RE (CL) fuse",1,"3-Restricted SCPHF RE (CL)",3141614,"ARITHMETIC"
"fuse",5,15,38,3145454,"2-Restricted SCPHF RE (CL) fuse",1,"2-Restricted SCPHF RE (CL)",3145454,"ARITHMETIC"
"fuse",5,15,39,3145724,"CPHF IPO 3 (WCS) fuse",1,"CPHF IPO 3 (WCS)",3145724,"ARITHMETIC"
"fuse",5,15,53,4063214,"4,4-Restricted SCPHF RE (CL) fuse",1,"4,4-Restricted SCPHF RE (CL)",4063214,"ARITHMETIC"
"fuse",5,15,56,4128734,"4-Restricted SCPHF RE (CL) fuse",1,"4-Restricted SCPHF RE (CL)",4128734,"ARITHMETIC"
"fuse",5,15,62,4186094,"3,3-Restricted SCPHF RE (CL) fuse",1,"3,3-Restricted SCPHF RE (CL)",4186094,"ARITHMETIC"
"fuse",5,15,64,4190174,"3-Restricted SCPHF RE (CL) fuse",1,"3-Restricted SCPHF RE (CL)",4190174,"ARITHMETIC"
"fuse",5,15,66,4194254,"SCPHF Random Extension (CLS) fuse",1,"SCPHF Random Extension (CLS)",4194254,"ARITHMETIC"
"fuse",5,15,73,4194299,"CPHF IPO 4 (WCS) fuse",1,"CPHF IPO 4 (WCS)",4194299,"ARITHMETIC"
"fuse",5,15,92,5111774,"4,4-Restricted SCPHF RE (CL) fuse",1,"4,4-Restricted SCPHF RE (CL)",5111774,"ARITHMETIC"
"fuse",5,15,103,5177294,"4-Restricted SCPHF RE (CL) fuse",1,"4-Restricted SCPHF RE (CL)",5177294,"ARITHMETIC"
"fuse",5,15,111,5238734,"3-Restricted SCPHF RE (CL) fuse",1,"3-Restricted SCPHF RE (CL)",5238734,"ARITHMETIC"
"fuse",5,15,119,5242574,"2-Restricted SCPHF RE (CL) fuse",1,"2-Restricted SCPHF RE (CL)",5242574,"ARITHMETIC"
"fuse",5,15,145,5242874,"CPHF IPO 5 (WCS) fuse",1,"CPHF IPO 5 (WCS)",5242874,"ARITHMETIC"
"fuse",5,15,146,6094814,"4,4,4-Restricted SCPHF RE (CL) fuse",1,"4,4,4-Restricted SCPHF RE (CL)",6094814,"ARITHMETIC"
"fuse",5,15,165,6160334,"4,4-Restricted SCPHF RE (CL) fuse",1,"4,4-Restricted SCPHF RE (CL)",6160334,"ARITHMETIC"
"fuse",5,15,185,6225854,"4-Restricted SCPHF RE (CL) fuse",1,"4-Restricted SCPHF RE (CL)",6225854,"ARITHMETIC"
"fuse",5,15,197,6287294,"3-Restricted SCPHF RE (CL) fuse",1,"3-Restricted SCPHF RE (CL)",6287294,"ARITHMETIC"
"fuse",5,15,206,6291134,"2-Restricted SCPHF RE (CL) fuse",1,"2-Restricted SCPHF RE (CL)",6291134,"ARITHMETIC"
"fuse",5,15,207,6291374,"SCPHF Random Extension (CLS) fuse",1,"SCPHF Random Extension (CLS)",6291374,"ARITHMETIC"
"fuse",5,15,210,6291449,"CPHF Random Extension (CLS) fuse",1,"CPHF Random Extension (CLS)",6291449,"ARITHMETIC"
"fuse",5,15,248,7143374,"4,4,4-Restricted SCPHF RE (CL) fuse",1,"4,4,4-Restricted SCPHF RE (CL)",7143374,"ARITHMETIC"
"fuse",5,15,284,7208894,"4,4-Restricted SCPHF RE (CL) fuse",1,"4,4-Restricted SCPHF RE (CL)",7208894,"ARITHMETIC"
"fuse",5,15,336,7274414,"4-Restricted SCPHF RE (CL) fuse",1,"4-Restricted SCPHF RE (CL)",7274414,"ARITHMETIC"
"fuse",5,15,360,7335854,"3-Restricted SCPHF RE (CL) fuse",1,"3-Restricted SCPHF RE (CL)",7335854,"ARITHMETIC"
"fuse",5,15,376,7339694,"2-Restricted SCPHF RE (CL) fuse",1,"2-Restricted SCPHF RE (CL)",7339694,"ARITHMETIC"
"fuse",5,15,379,7339934,"SCPHF Random Extension (CLS) fuse",1,"SCPHF Random Extension (CLS)",7339934,"ARITHMETIC"
"fuse",5,15,454,8191934,"4,4,4-Restricted SCPHF RE (CL) fuse",1,"4,4,4-Restricted SCPHF RE (CL)",8191934,"ARITHMETIC"
"fuse",5,15,515,8257454,"4,4-Restricted SCPHF RE (CL) fuse",1,"4,4-Restricted SCPHF RE (CL)",8257454,"ARITHMETIC"
"fuse",5,15,582,8322974,"4-Restricted SCPHF RE (CL) fuse",1,"4-Restricted SCPHF RE (CL)",8322974,"ARITHMETIC"
"fuse",5,15,641,8384414,"3-Restricted SCPHF RE (CL) fuse",1,"3-Restricted SCPHF RE (CL)",8384414,"ARITHMETIC"
"fuse",5,15,650,8388254,"2-Restricted SCPHF RE (CL) fuse",1,"2-Restricted SCPHF RE (CL)",8388254,"ARITHMETIC"
"fuse",5,15,656,8388494,"SCPHF Random Extension (CLS) fuse",1,"SCPHF Random Extension (CLS)",8388494,"ARITHMETIC"
"fuse",5,15,766,9240494,"4,4,4-Restricted SCPHF RE (CL) fuse",1,"4,4,4-Restricted SCPHF RE (CL)",9240494,"ARITHMETIC"
"fuse",5,15,838,19801811,"3-Restricted SCPHF RE (CL) fuse fuse fuse fuse",4,"3-Restricted SCPHF RE (CL)",19801811,"ARITHMETIC"
"fuse",5,15,851,19808309,"2-Restricted SCPHF RE (CL) fuse fuse fuse fuse",4,"2-Restricted SCPHF RE (CL)",19808309,"ARITHMETIC"
"fuse",6,15,17,16777214,"orthogonal array fuse",1,"orthogonal array",16777214,"ARITHMETIC"
"fuse",6,15,18,24137565,"orthogonal array fuse fuse",2,"orthogonal array",24137565,"ARITHMETIC"
"fuse",6,15,20,47045873,"orthogonal array fuse fuse fuse fuse",4,"orthogonal array",47045873,"ARITHMETIC"
"fuse",6,15,22,49283054,"5-Restricted SCPHF RE (CL) fuse",1,"5-Restricted SCPHF RE (CL)",49283054,"ARITHMETIC"
"fuse",6,15,25,50266094,"4-Restricted SCPHF RE (CL) fuse",1,"4-Restricted SCPHF RE (CL)",50266094,"ARITHMETIC"
"fuse",6,15,26,50331614,"SCPHF Random Extension (CLS) fuse",1,"SCPHF Random Extension (CLS)",50331614,"ARITHMETIC"
"fuse",6,15,28,50331644,"CPHF IPO 3 (WCS) fuse",1,"CPHF IPO 3 (WCS)",50331644,"ARITHMETIC"
"fuse",6,15,33,65011694,"5,5-Restricted SCPHF RE (CL) fuse",1,"5,5-Restricted SCPHF RE (CL)",65011694,"ARITHMETIC"
"fuse",6,15,35,66060254,"5-Restricted SCPHF RE (CL) fuse",1,"5-Restricted SCPHF RE (CL)",66060254,"ARITHMETIC"
"fuse",6,15,39,67043294,"4-Restricted SCPHF RE (CL) fuse",1,"4-Restricted SCPHF RE (CL)",67043294,"ARITHMETIC"
"fuse",6,15,40,67108814,"SCPHF Random Extension (CLS) fuse",1,"SCPHF Random Extension (CLS)",67108814,"ARITHMETIC"
"fuse",6,15,46,67108859,"CPHF IPO 4 (WCS) fuse",1,"CPHF IPO 4 (WCS)",67108859,"ARITHMETIC"
"fuse",6,15,51,81788894,"5,5-Restricted SCPHF RE (CL) fuse",1,"5,5-Restricted SCPHF RE (CL)",81788894,"ARITHMETIC"
"fuse",6,15,56,82837454,"5-Restricted SCPHF RE (CL) fuse",1,"5-Restricted SCPHF RE (CL)",82837454,"ARITHMETIC"
"fuse",6,15,58,83820494,"4-Restricted SCPHF RE (CL) fuse",1,"4-Restricted SCPHF RE (CL)",83820494,"ARITHMETIC"
"fuse",6,15,63,83881934,"3-Restricted SCPHF RE (CL) fuse",1,"3-Restricted SCPHF RE (CL)",83881934,"ARITHMETIC"
"fuse",6,15,64,83885774,"2-Restricted SCPHF RE (CL) fuse",1,"2-Restricted SCPHF RE (CL)",83885774,"ARITHMETIC"
"fuse",6,15,66,83886014,"SCPHF Random Extension (CLS) fuse",1,"SCPHF Random Extension (CLS)",83886014,"ARITHMETIC"
"fuse",6,15,73,97517534,"5,5,5-Restricted SCPHF RE (CL) fuse",1,"5,5,5-Restricted SCPHF RE (CL)",97517534,"ARITHMETIC"
"fuse",6,15,82,98566094,"5,5-Restricted SCPHF RE (CL) fuse",1,"5,5-Restricted SCPHF RE (CL)",98566094,"ARITHMETIC"
"fuse",6,15,89,99614654,"5-Restricted SCPHF RE (CL) fuse",1,"5-Restricted SCPHF RE (CL)",99614654,"ARITHMETIC"
"fuse",6,15,98,100597694,"4-Restricted SCPHF RE (CL) fuse",1,"4-Restricted SCPHF RE (CL)",100597694,"ARITHMETIC"
"fuse",6,15,103,100659134,"3-Restricted SCPHF RE (CL) fuse",1,"3-Restricted SCPHF RE (CL)",100659134,"ARITHMETIC"
"fuse",6,15,104,100662974,"2-Restricted SCPHF RE (CL) fuse",1,"2-Restricted SCPHF RE (CL)",100662974,"ARITHMETIC"
"fuse",6,15,113,114294734,"5,5,5-Restricted SCPHF RE (CL) fuse",1,"5,5,5-Restricted SCPHF RE (CL)",114294734,"ARITHMETIC"
"fuse",6,15,127,115343294,"5,5-Restricted SCPHF RE (CL) fuse",1,"5,5-Restricted SCPHF RE (CL)",115343294,"ARITHMETIC"
"fuse",6,15,141,116391854,"5-Restricted SCPHF RE (CL) fuse",1,"5-Restricted SCPHF RE (CL)",116391854,"ARITHMETIC"
"fuse",6,15,150,117374894,"4-Restricted SCPHF RE (CL) fuse",1,"4-Restricted SCPHF RE (CL)",117374894,"ARITHMETIC"
"fuse",6,15,156,117436334,"3-Restricted SCPHF RE (CL) fuse",1,"3-Restricted SCPHF RE (CL)",117436334,"ARITHMETIC"
"fuse",6,15,159,117440174,"2-Restricted SCPHF RE (CL) fuse",1,"2-Restricted SCPHF RE (CL)",117440174,"ARITHMETIC"
"fuse",6,15,163,117440414,"SCPHF Random Extension (CLS) fuse",1,"SCPHF Random Extension (CLS)",117440414,"ARITHMETIC"
"fuse",6,15,164,117440504,"CPHF Random Extension (CLS) fuse",1,"CPHF Random Extension (CLS)",117440504,"ARITHMETIC"
"fuse",6,15,236,134217614,"SCPHF Random Extension (CLS) fuse",1,"SCPHF Random Extension (CLS)",134217614,"ARITHMETIC"
"fuse",6,15,268,193100429,"SCPHF Random Extension (CLS) fuse fuse",2,"SCPHF Random Extension (CLS)",193100429,"ARITHMETIC"
"fuse",6,15,512,536870414,"perfect hash family32,512,16,c fuse",1,"perfect hash family32,512,16,c",536870414,"ARITHMETIC"
"fuse",2,16,18,286,"orthogonal array fuse",1,"orthogonal array",287,"ARITH_OPEN"
"fuse",3,16,275,9807,"SCPHF LFSR (TJ-IM) fuse",1,"SCPHF LFSR (TJ-IM)",9807,"ARITHMETIC"
"fuse",3,16,307,9823,"Raaphorst-Moura-Stevens fuse",1,"Raaphorst-Moura-Stevens",9823,"ARITHMETIC"
"fuse",3,16,345,13693,"SCPHF LFSR (TJ-IM) fuse fuse fuse",3,"SCPHF LFSR (TJ-IM)",13693,"ARITHMETIC"
"fuse",3,16,381,13711,"Raaphorst-Moura-Stevens fuse fuse fuse",3,"Raaphorst-Moura-Stevens",13711,"ARITHMETIC"
"fuse",4,16,18,83519,"orthogonal array fuse",1,"orthogonal array",83519,"ARITHMETIC"
"fuse",4,16,32,166751,"2-Restricted SCPHF RE (CL) fuse",1,"2-Restricted SCPHF RE (CL)",166751,"ARITHMETIC"
"fuse",4,16,34,167023,"SCPHF Random Extension (CLS) fuse",1,"SCPHF Random Extension (CLS)",167023,"ARITHMETIC"
"fuse",4,16,80,250559,"CPHF IPO 3 (WCS) fuse",1,"CPHF IPO 3 (WCS)",250559,"ARITHMETIC"
"fuse",5,16,18,1419855,"orthogonal array fuse",1,"orthogonal array",1419855,"ARITHMETIC"
"fuse",5,16,838,19801813,"3-Restricted SCPHF RE (CL) fuse fuse fuse",3,"3-Restricted SCPHF RE (CL)",19801813,"ARITHMETIC"
"fuse",5,16,851,19808311,"2-Restricted SCPHF RE (CL) fuse fuse fuse",3,"2-Restricted SCPHF RE (CL)",19808311,"ARITHMETIC"
"fuse",6,16,18,24137567,"orthogonal array fuse",1,"orthogonal array",24137567,"ARITHMETIC"
"fuse",6,16,20,47045875,"orthogonal array fuse fuse fuse",3,"orthogonal array",47045875,"ARITHMETIC"
"fuse",6,16,268,193100431,"SCPHF Random Extension (CLS) fuse",1,"SCPHF Random Extension (CLS)",193100431,"ARITHMETIC"
"fuse",3,17,345,13695,"SCPHF LFSR (TJ-IM) fuse fuse",2,"SCPHF LFSR (TJ-IM)",13695,"ARITHMETIC"
"fuse",3,17,381,13713,"Raaphorst-Moura-Stevens fuse fuse",2,"Raaphorst-Moura-Stevens",13713,"ARITHMETIC"
"fuse",4,17,20,130317,"orthogonal array fuse fuse",2,"orthogonal array",130317,"ARITHMETIC"
"fuse",5,17,20,2476095,"orthogonal array fuse fuse",2,"orthogonal array",2476095,"ARITHMETIC"
"fuse",5,17,723,19678353,"4-Restricted SCPHF RE (CL) fuse fuse",2,"4-Restricted SCPHF RE (CL)",19678353,"ARITHMETIC"
"fuse",5,17,838,19801815,"3-Restricted SCPHF RE (CL) fuse fuse",2,"3-Restricted SCPHF RE (CL)",19801815,"ARITHMETIC"
"fuse",5,17,851,19808313,"2-Restricted SCPHF RE (CL) fuse fuse",2,"2-Restricted SCPHF RE (CL)",19808313,"ARITHMETIC"
"fuse",6,17,20,47045877,"orthogonal array fuse fuse",2,"orthogonal array",47045877,"ARITHMETIC"
"fuse",3,18,345,13697,"SCPHF LFSR (TJ-IM) fuse",1,"SCPHF LFSR (TJ-IM)",13697,"ARITHMETIC"
"fuse",3,18,381,13715,"Raaphorst-Moura-Stevens fuse",1,"Raaphorst-Moura-Stevens",13715,"ARITHMETIC"
"fuse",3,18,405,20573,"CPHF Random Extension (CLS) fuse",1,"CPHF Random Extension (CLS)",20573,"ARITHMETIC"
"fuse",3,18,1651,27377,"Restricted CPHF Ext  4( 0, 4) WCS fuse",1,"Restricted CPHF Ext  4( 0, 4) WCS",27377,"ARITHMETIC"
"fuse",3,18,1674,27395,"Restricted CPHF Ext  4( 0, 3) WCS fuse",1,"Restricted CPHF Ext  4( 0, 3) WCS",27395,"ARITHMETIC"
"fuse",3,18,1705,27413,"Restricted CPHF Ext  4( 0, 2) WCS fuse",1,"Restricted CPHF Ext  4( 0, 2) WCS",27413,"ARITHMETIC"
"fuse",3,18,1709,27431,"Restricted CPHF Ext  4( 0, 0) WCS fuse",1,"Restricted CPHF Ext  4( 0, 0) WCS",27431,"ARITHMETIC"
"fuse",3,18,6556,32866,"Cohen-Colbourn-Ling fuse",1,"Cohen-Colbourn-Ling",32866,"ARITHMETIC"
"fuse",3,18,8463,39347,"Restricted CPHF Ext  6( 5, 6) WCS fuse",1,"Restricted CPHF Ext  6( 5, 6) WCS",39347,"ARITHMETIC"
"fuse",3,18,10000,39689,"Restricted CPHF Ext  6( 4, 6) WCS fuse",1,"Restricted CPHF Ext  6( 4, 6) WCS",39689,"ARITHMETIC"
"fuse",4,18,20,130319,"orthogonal array fuse",1,"orthogonal array",130319,"ARITHMETIC"
"fuse",4,18,21,233928,"extended OA (Colbourn) special fuse",1,"extended OA (Colbourn) special",253420,"ARITH_OPEN"
"fuse",4,18,28,253781,"3-Restricted SCPHF RE (CL) fuse",1,"3-Restricted SCPHF RE (CL)",253781,"ARITHMETIC"
"fuse",4,18,35,260279,"2-Restricted SCPHF RE (CL) fuse",1,"2-Restricted SCPHF RE (CL)",260279,"ARITHMETIC"
"fuse",4,18,72,384083,"3-Restricted SCPHF RE (CL) fuse",1,"3-Restricted SCPHF RE (CL)",384083,"ARITHMETIC"
"fuse",4,18,79,390581,"2-Restricted SCPHF RE (CL) fuse",1,"2-Restricted SCPHF RE (CL)",390581,"ARITHMETIC"
"fuse",4,18,83,390923,"SCPHF Random Extension (CLS) fuse",1,"SCPHF Random Extension (CLS)",390923,"ARITHMETIC"
"fuse",4,18,89,390959,"CPHF IPO 3 (WCS) fuse",1,"CPHF IPO 3 (WCS)",390959,"ARITHMETIC"
"fuse",4,18,136,507545,"3,3-Restricted SCPHF RE (CL) fuse",1,"3,3-Restricted SCPHF RE (CL)",507545,"ARITHMETIC"
"fuse",4,18,157,514043,"3,2-Restricted SCPHF RE (CL) fuse",1,"3,2-Restricted SCPHF RE (CL)",514043,"ARITHMETIC"
"fuse",4,18,170,514385,"3-Restricted SCPHF RE (CL) fuse",1,"3-Restricted SCPHF RE (CL)",514385,"ARITHMETIC"
"fuse",4,18,191,520541,"2,2-Restricted SCPHF RE (CL) fuse",1,"2,2-Restricted SCPHF RE (CL)",520541,"ARITHMETIC"
"fuse",4,18,197,520883,"2-Restricted SCPHF RE (CL) fuse",1,"2-Restricted SCPHF RE (CL)",520883,"ARITHMETIC"
"fuse",4,18,199,521225,"SCPHF Random Extension (CLS) fuse",1,"SCPHF Random Extension (CLS)",521225,"ARITHMETIC"
"fuse",4,18,233,521279,"CPHF IPO 4 (WCS) fuse",1,"CPHF IPO 4 (WCS)",521279,"ARITHMETIC"
"fuse",4,18,361,630665,"Colbourn-Martirosyan-TVT-Walker fuse",1,"Colbourn-Martirosyan-TVT-Walker",630665,"ARITHMETIC"
"fuse",4,18,383,644687,"3-Restricted SCPHF RE (CL) fuse",1,"3-Restricted SCPHF RE (CL)",644687,"ARITHMETIC"
"fuse",4,18,449,650843,"2,2-Restricted SCPHF RE (CL) fuse",1,"2,2-Restricted SCPHF RE (CL)",650843,"ARITHMETIC"
"fuse",4,18,458,651185,"2-Restricted SCPHF RE (CL) fuse",1,"2-Restricted SCPHF RE (CL)",651185,"ARITHMETIC"
"fuse",4,18,462,651527,"SCPHF Random Extension (CLS) fuse",1,"SCPHF Random Extension (CLS)",651527,"ARITHMETIC"
"fuse",4,18,587,651599,"CPHF IPO 5 (WCS) fuse",1,"CPHF IPO 5 (WCS)",651599,"ARITHMETIC"
"fuse",4,18,643,761309,"3,3,3-Restricted SCPHF RE (CL) fuse",1,"3,3,3-Restricted SCPHF RE (CL)",761309,"ARITHMETIC"
"fuse",4,18,716,768149,"3,3-Restricted SCPHF RE (CL) fuse",1,"3,3-Restricted SCPHF RE (CL)",768149,"ARITHMETIC"
"fuse",4,18,855,774647,"3,2-Restricted SCPHF RE (CL) fuse",1,"3,2-Restricted SCPHF RE (CL)",774647,"ARITHMETIC"
"fuse",4,18,991,781145,"2,2-Restricted SCPHF RE (CL) fuse",1,"2,2-Restricted SCPHF RE (CL)",781145,"ARITHMETIC"
"fuse",4,18,1062,781487,"2-Restricted SCPHF RE (CL) fuse",1,"2-Restricted SCPHF RE (CL)",781487,"ARITHMETIC"
"fuse",4,18,1070,781829,"SCPHF Random Extension (CLS) fuse",1,"SCPHF Random Extension (CLS)",781829,"ARITHMETIC"
"fuse",4,18,1075,781919,"CPHF Random Extension (CLS) fuse",1,"CPHF Random Extension (CLS)",781919,"ARITHMETIC"
"fuse",4,18,2079,912131,"SCPHF Random Extension (CLS) fuse",1,"SCPHF Random Extension (CLS)",912131,"ARITHMETIC"
"fuse",4,18,2137,912239,"CPHF Random Extension (CLS) fuse",1,"CPHF Random Extension (CLS)",912239,"ARITHMETIC"
"fuse",4,18,3376,1042433,"SCPHF Random Extension (CLS) fuse",1,"SCPHF Random Extension (CLS)",1042433,"ARITHMETIC"
"fuse",4,18,3525,1042559,"CPHF Random Extension (CLS) fuse",1,"CPHF Random Extension (CLS)",1042559,"ARITHMETIC"
"fuse",4,18,3629,1260971,"Colbourn-Martirosyan-TVT-Walker fuse",1,"Colbourn-Martirosyan-TVT-Walker",1260971,"ARITHMETIC"
"fuse",4,18,3743,1261313,"Colbourn-Martirosyan-TVT-Walker fuse",1,"Colbourn-Martirosyan-TVT-Walker",1261313,"ARITHMETIC"
"fuse",4,18,3781,1261655,"Colbourn-Martirosyan-TVT-Walker fuse",1,"Colbourn-Martirosyan-TVT-Walker",1261655,"ARITHMETIC"
"fuse",4,18,4427,1261709,"Colbourn-Martirosyan-TVT-Walker fuse",1,"Colbourn-Martirosyan-TVT-Walker",1261709,"ARITHMETIC"
"fuse",4,18,6555,1371095,"Colbourn-Martirosyan-TVT-Walker fuse",1,"Colbourn-Martirosyan-TVT-Walker",1371095,"ARITHMETIC"
"fuse",4,18,6859,1371419,"Colbourn-Martirosyan-TVT-Walker fuse",1,"Colbourn-Martirosyan-TVT-Walker",1371419,"ARITHMETIC"
"fuse",4,18,8246,1681235,"Colbourn-Martirosyan-TVT-Walker fuse",1,"Colbourn-Martirosyan-TVT-Walker",1681235,"ARITHMETIC"
"fuse",4,18,8398,1684423,"Colbourn-Martirosyan-TVT-Walker fuse",1,"Colbourn-Martirosyan-TVT-Walker",1684423,"ARITHMETIC"
"fuse",4,18,8531,1690895,"Colbourn-Martirosyan-TVT-Walker fuse",1,"Colbourn-Martirosyan-TVT-Walker",1690895,"ARITHMETIC"
"fuse",4,18,8702,1691237,"Colbourn-Martirosyan-TVT-Walker fuse",1,"Colbourn-Martirosyan-TVT-Walker",1691237,"ARITHMETIC"
"fuse",4,18,8778,1699849,"Colbourn-Martirosyan-TVT-Walker fuse",1,"Colbourn-Martirosyan-TVT-Walker",1699849,"ARITHMETIC"
"fuse",4,18,9082,1699921,"Colbourn-Martirosyan-TVT-Walker fuse",1,"Colbourn-Martirosyan-TVT-Walker",1699921,"ARITHMETIC"
"fuse",4,18,9158,1701599,"Colbourn-Martirosyan-TVT-Walker fuse",1,"Colbourn-Martirosyan-TVT-Walker",1701599,"ARITHMETIC"
"fuse",4,18,9538,1710109,"Colbourn-Martirosyan-TVT-Walker fuse",1,"Colbourn-Martirosyan-TVT-Walker",1710109,"ARITHMETIC"
"fuse",4,18,9614,1711835,"Colbourn-Martirosyan-TVT-Walker fuse",1,"Colbourn-Martirosyan-TVT-Walker",1711835,"ARITHMETIC"
"fuse",4,18,9671,1717061,"Colbourn-Martirosyan-TVT-Walker fuse",1,"Colbourn-Martirosyan-TVT-Walker",1717061,"ARITHMETIC"
"fuse",4,18,9747,1717457,"Colbourn-Martirosyan-TVT-Walker fuse",1,"Colbourn-Martirosyan-TVT-Walker",1717457,"ARITHMETIC"
"fuse",5,18,20,2476097,"orthogonal array fuse",1,"orthogonal array",2476097,"ARITHMETIC"
"fuse",5,18,21,4444632,"extended OA (Colbourn) special fuse",1,"extended OA (Colbourn) special",4815016,"ARITH_OPEN"
"fuse",5,18,22,4945337,"3-Restricted SCPHF RE (CL) fuse",1,"3-Restricted SCPHF RE (CL)",4945337,"ARITHMETIC"
"fuse",5,18,23,4952195,"CPHF IPO 2 (WCS) fuse",1,"CPHF IPO 2 (WCS)",4952195,"ARITHMETIC"
"fuse",5,18,24,6436333,"orthogonal array fuse fuse fuse fuse fuse",5,"orthogonal array",6436333,"ARITHMETIC"
"fuse",5,18,37,7297955,"4-Restricted SCPHF RE (CL) fuse",1,"4-Restricted SCPHF RE (CL)",7297955,"ARITHMETIC"
"fuse",5,18,40,7421417,"3-Restricted SCPHF RE (CL) fuse",1,"3-Restricted SCPHF RE (CL)",7421417,"ARITHMETIC"
"fuse",5,18,41,7428257,"SCPHF Random Extension (CLS) fuse",1,"SCPHF Random Extension (CLS)",7428257,"ARITHMETIC"
"fuse",5,18,45,7428293,"CPHF IPO 3 (WCS) fuse",1,"CPHF IPO 3 (WCS)",7428293,"ARITHMETIC"
"fuse",5,18,60,9643733,"4,4-Restricted SCPHF RE (CL) fuse",1,"4,4-Restricted SCPHF RE (CL)",9643733,"ARITHMETIC"
"fuse",5,18,68,9774035,"4-Restricted SCPHF RE (CL) fuse",1,"4-Restricted SCPHF RE (CL)",9774035,"ARITHMETIC"
"fuse",5,18,75,9897497,"3-Restricted SCPHF RE (CL) fuse",1,"3-Restricted SCPHF RE (CL)",9897497,"ARITHMETIC"
"fuse",5,18,77,9903995,"2-Restricted SCPHF RE (CL) fuse",1,"2-Restricted SCPHF RE (CL)",9903995,"ARITHMETIC"
"fuse",5,18,78,9904337,"SCPHF Random Extension (CLS) fuse",1,"SCPHF Random Extension (CLS)",9904337,"ARITHMETIC"
"fuse",5,18,89,9904391,"CPHF IPO 4 (WCS) fuse",1,"CPHF IPO 4 (WCS)",9904391,"ARITHMETIC"
"fuse",5,18,107,12119813,"4,4-Restricted SCPHF RE (CL) fuse",1,"4,4-Restricted SCPHF RE (CL)",12119813,"ARITHMETIC"
"fuse",5,18,126,12250115,"4-Restricted SCPHF RE (CL) fuse",1,"4-Restricted SCPHF RE (CL)",12250115,"ARITHMETIC"
"fuse",5,18,136,12373577,"3-Restricted SCPHF RE (CL) fuse",1,"3-Restricted SCPHF RE (CL)",12373577,"ARITHMETIC"
"fuse",5,18,143,12380075,"2-Restricted SCPHF RE (CL) fuse",1,"2-Restricted SCPHF RE (CL)",12380075,"ARITHMETIC"
"fuse",5,18,180,14465591,"4,4,4-Restricted SCPHF RE (CL) fuse",1,"4,4,4-Restricted SCPHF RE (CL)",14465591,"ARITHMETIC"
"fuse",5,18,207,14595893,"4,4-Restricted SCPHF RE (CL) fuse",1,"4,4-Restricted SCPHF RE (CL)",14595893,"ARITHMETIC"
"fuse",5,18,233,14726195,"4-Restricted SCPHF RE (CL) fuse",1,"4-Restricted SCPHF RE (CL)",14726195,"ARITHMETIC"
"fuse",5,18,258,14849657,"3-Restricted SCPHF RE (CL) fuse",1,"3-Restricted SCPHF RE (CL)",14849657,"ARITHMETIC"
"fuse",5,18,262,14856155,"2-Restricted SCPHF RE (CL) fuse",1,"2-Restricted SCPHF RE (CL)",14856155,"ARITHMETIC"
"fuse",5,18,269,14856587,"CPHF Random Extension (CLS) fuse",1,"CPHF Random Extension (CLS)",14856587,"ARITHMETIC"
"fuse",5,18,343,16941671,"4,4,4-Restricted SCPHF RE (CL) fuse",1,"4,4,4-Restricted SCPHF RE (CL)",16941671,"ARITHMETIC"
"fuse",5,18,373,17071973,"4,4-Restricted SCPHF RE (CL) fuse",1,"4,4-Restricted SCPHF RE (CL)",17071973,"ARITHMETIC"
"fuse",5,18,446,17202275,"4-Restricted SCPHF RE (CL) fuse",1,"4-Restricted SCPHF RE (CL)",17202275,"ARITHMETIC"
"fuse",5,18,461,17325737,"3-Restricted SCPHF RE (CL) fuse",1,"3-Restricted SCPHF RE (CL)",17325737,"ARITHMETIC"
"fuse",5,18,466,17332235,"2-Restricted SCPHF RE (CL) fuse",1,"2-Restricted SCPHF RE (CL)",17332235,"ARITHMETIC"
"fuse",5,18,470,17332577,"SCPHF Random Extension (CLS) fuse",1,"SCPHF Random Extension (CLS)",17332577,"ARITHMETIC"
"fuse",5,18,473,17332685,"CPHF Random Extension (CLS) fuse",1,"CPHF Random Extension (CLS)",17332685,"ARITHMETIC"
"fuse",5,18,597,19417751,"4,4,4-Restricted SCPHF RE (CL) fuse",1,"4,4,4-Restricted SCPHF RE (CL)",19417751,"ARITHMETIC"
"fuse",5,18,671,19548053,"4,4-Restricted SCPHF RE (CL) fuse",1,"4,4-Restricted SCPHF RE (CL)",19548053,"ARITHMETIC"
"fuse",5,18,723,19678355,"4-Restricted SCPHF RE (CL) fuse",1,"4-Restricted SCPHF RE (CL)",19678355,"ARITHMETIC"
"fuse",5,18,838,19801817,"3-Restricted SCPHF RE (CL) fuse",1,"3-Restricted SCPHF RE (CL)",19801817,"ARITHMETIC"
"fuse",5,18,851,19808315,"2-Restricted SCPHF RE (CL) fuse",1,"2-Restricted SCPHF RE (CL)",19808315,"ARITHMETIC"
"fuse",6,18,20,47045879,"orthogonal array fuse",1,"orthogonal array",47045879,"ARITHMETIC"
"fuse",6,18,21,84448008,"extended OA (Colbourn) special fuse",1,"extended OA (Colbourn) special",91485340,"ARITH_OPEN"
"fuse",6,18,25,138661523,"5-Restricted SCPHF RE (CL) fuse",1,"5-Restricted SCPHF RE (CL)",138661523,"ARITHMETIC"
"fuse",6,18,27,141007301,"4-Restricted SCPHF RE (CL) fuse",1,"4-Restricted SCPHF RE (CL)",141007301,"ARITHMETIC"
"fuse",6,18,29,141137603,"SCPHF Random Extension (CLS) fuse",1,"SCPHF Random Extension (CLS)",141137603,"ARITHMETIC"
"fuse",6,18,31,141137639,"CPHF IPO 3 (WCS) fuse",1,"CPHF IPO 3 (WCS)",141137639,"ARITHMETIC"
"fuse",6,18,37,183231305,"5,5-Restricted SCPHF RE (CL) fuse",1,"5,5-Restricted SCPHF RE (CL)",183231305,"ARITHMETIC"
"fuse",6,18,41,185707385,"5-Restricted SCPHF RE (CL) fuse",1,"5-Restricted SCPHF RE (CL)",185707385,"ARITHMETIC"
"fuse",6,18,45,188053163,"4-Restricted SCPHF RE (CL) fuse",1,"4-Restricted SCPHF RE (CL)",188053163,"ARITHMETIC"
"fuse",6,18,46,188183519,"CPHF Random Extension (CLS) fuse",1,"CPHF Random Extension (CLS)",188183519,"ARITHMETIC"
"fuse",6,18,59,230277167,"5,5-Restricted SCPHF RE (CL) fuse",1,"5,5-Restricted SCPHF RE (CL)",230277167,"ARITHMETIC"
"fuse",6,18,65,232753247,"5-Restricted SCPHF RE (CL) fuse",1,"5-Restricted SCPHF RE (CL)",232753247,"ARITHMETIC"
"fuse",6,18,70,235099025,"4-Restricted SCPHF RE (CL) fuse",1,"4-Restricted SCPHF RE (CL)",235099025,"ARITHMETIC"
"fuse",6,18,74,235222487,"3-Restricted SCPHF RE (CL) fuse",1,"3-Restricted SCPHF RE (CL)",235222487,"ARITHMETIC"
"fuse",6,18,76,235229399,"CPHF Random Extension (CLS) fuse",1,"CPHF Random Extension (CLS)",235229399,"ARITHMETIC"
"fuse",6,18,87,274846949,"5,5,5-Restricted SCPHF RE (CL) fuse",1,"5,5,5-Restricted SCPHF RE (CL)",274846949,"ARITHMETIC"
"fuse",6,18,100,277323029,"5,5-Restricted SCPHF RE (CL) fuse",1,"5,5-Restricted SCPHF RE (CL)",277323029,"ARITHMETIC"
"fuse",6,18,110,279799109,"5-Restricted SCPHF RE (CL) fuse",1,"5-Restricted SCPHF RE (CL)",279799109,"ARITHMETIC"
"fuse",6,18,118,282144887,"4-Restricted SCPHF RE (CL) fuse",1,"4-Restricted SCPHF RE (CL)",282144887,"ARITHMETIC"
"fuse",6,18,122,282268349,"3-Restricted SCPHF RE (CL) fuse",1,"3-Restricted SCPHF RE (CL)",282268349,"ARITHMETIC"
"fuse",6,18,124,282274847,"2-Restricted SCPHF RE (CL) fuse",1,"2-Restricted SCPHF RE (CL)",282274847,"ARITHMETIC"
"fuse",6,18,201,329321051,"SCPHF Random Extension (CLS) fuse",1,"SCPHF Random Extension (CLS)",329321051,"ARITHMETIC"
"fuse",6,18,361,752733809,"perfect hash family16,361,19,c fuse",1,"perfect hash family16,361,19,c",752733809,"ARITHMETIC"
"fuse",6,18,515,1505467601,"perfect hash family32,515,19,c fuse",1,"perfect hash family32,515,19,c",1505467601,"ARITHMETIC"
"fuse",3,19,509,24303,"SCPHF LFSR (TJ-IM) fuse fuse fuse fuse",4,"SCPHF LFSR (TJ-IM)",24303,"ARITHMETIC"
"fuse",3,19,553,24325,"Raaphorst-Moura-Stevens fuse fuse fuse fuse",4,"Raaphorst-Moura-Stevens",24325,"ARITHMETIC"
"fuse",5,19,24,6436335,"orthogonal array fuse fuse fuse fuse",4,"orthogonal array",6436335,"ARITHMETIC"
"fuse",3,20,509,24305,"SCPHF LFSR (TJ-IM) fuse fuse fuse",3,"SCPHF LFSR (TJ-IM)",24305,"ARITHMETIC"
"fuse",3,20,553,24327,"Raaphorst-Moura-Stevens fuse fuse fuse",3,"Raaphorst-Moura-Stevens",24327,"ARITHMETIC"
"fuse",3,20,603,31215,"SCPHF LFSR (TJ-IM) fuse fuse fuse fuse fuse",5,"SCPHF LFSR (TJ-IM)",31215,"ARITHMETIC"
"fuse",3,20,651,31239,"Raaphorst-Moura-Stevens fuse fuse fuse fuse fuse",5,"Raaphorst-Moura-Stevens",31239,"ARITHMETIC"
"fuse",3,20,2492,48593,"Restricted CPHF Ext  4( 0, 4) WCS fuse fuse fuse",3,"Restricted CPHF Ext  4( 0, 4) WCS",48593,"ARITHMETIC"
"fuse",3,20,2516,48615,"Restricted CPHF Ext  4( 0, 3) WCS fuse fuse fuse",3,"Restricted CPHF Ext  4( 0, 3) WCS",48615,"ARITHMETIC"
"fuse",3,20,2534,48637,"Restricted CPHF Ext  4( 0, 2) WCS fuse fuse fuse",3,"Restricted CPHF Ext  4( 0, 2) WCS",48637,"ARITHMETIC"
"fuse",3,20,2542,48659,"Restricted CPHF Ext  4( 0, 0) WCS fuse fuse fuse",3,"Restricted CPHF Ext  4( 0, 0) WCS",48659,"ARITHMETIC"
"fuse",4,20,30,547509,"3-Restricted SCPHF RE (CL) fuse fuse fuse",3,"3-Restricted SCPHF RE (CL)",547509,"ARITHMETIC"
"fuse",4,20,39,559147,"2-Restricted SCPHF RE (CL) fuse fuse fuse",3,"2-Restricted SCPHF RE (CL)",559147,"ARITHMETIC"
"fuse",4,20,86,827327,"3-Restricted SCPHF RE (CL) fuse fuse fuse",3,"3-Restricted SCPHF RE (CL)",827327,"ARITHMETIC"
"fuse",4,20,98,838965,"2-Restricted SCPHF RE (CL) fuse fuse fuse",3,"2-Restricted SCPHF RE (CL)",838965,"ARITHMETIC"
"fuse",4,20,107,839515,"CPHF IPO 3 (WCS) fuse fuse fuse",3,"CPHF IPO 3 (WCS)",839515,"ARITHMETIC"
"fuse",4,20,170,1095001,"3,3-Restricted SCPHF RE (CL) fuse fuse fuse",3,"3,3-Restricted SCPHF RE (CL)",1095001,"ARITHMETIC"
"fuse",4,20,203,1106639,"3,2-Restricted SCPHF RE (CL) fuse fuse fuse",3,"3,2-Restricted SCPHF RE (CL)",1106639,"ARITHMETIC"
"fuse",4,20,204,1107145,"3-Restricted SCPHF RE (CL) fuse fuse fuse",3,"3-Restricted SCPHF RE (CL)",1107145,"ARITHMETIC"
"fuse",4,20,238,1118277,"2,2-Restricted SCPHF RE (CL) fuse fuse fuse",3,"2,2-Restricted SCPHF RE (CL)",1118277,"ARITHMETIC"
"fuse",4,20,242,1118783,"2-Restricted SCPHF RE (CL) fuse fuse fuse",3,"2-Restricted SCPHF RE (CL)",1118783,"ARITHMETIC"
"fuse",4,20,247,1119289,"SCPHF Random Extension (CLS) fuse fuse fuse",3,"SCPHF Random Extension (CLS)",1119289,"ARITHMETIC"
"fuse",4,20,302,1119355,"CPHF IPO 4 (WCS) fuse fuse fuse",3,"CPHF IPO 4 (WCS)",1119355,"ARITHMETIC"
"fuse",4,20,552,1386406,"Colbourn-Martirosyan-TVT-Walker fuse fuse",2,"Colbourn-Martirosyan-TVT-Walker",1386406,"ARITHMETIC"
"fuse",4,20,593,1398095,"2,2-Restricted SCPHF RE (CL) fuse fuse fuse",3,"2,2-Restricted SCPHF RE (CL)",1398095,"ARITHMETIC"
"fuse",4,20,610,1398601,"2-Restricted SCPHF RE (CL) fuse fuse fuse",3,"2-Restricted SCPHF RE (CL)",1398601,"ARITHMETIC"
"fuse",4,20,619,1399107,"SCPHF Random Extension (CLS) fuse fuse fuse",3,"SCPHF Random Extension (CLS)",1399107,"ARITHMETIC"
"fuse",4,20,658,1399195,"CPHF IPO 5 (WCS) fuse fuse fuse",3,"CPHF IPO 5 (WCS)",1399195,"ARITHMETIC"
"fuse",4,20,895,1642493,"3,3,3-Restricted SCPHF RE (CL) fuse fuse fuse",3,"3,3,3-Restricted SCPHF RE (CL)",1642493,"ARITHMETIC"
"fuse",4,20,1039,1654637,"3,3-Restricted SCPHF RE (CL) fuse fuse fuse",3,"3,3-Restricted SCPHF RE (CL)",1654637,"ARITHMETIC"
"fuse",4,20,1231,1666275,"3,2-Restricted SCPHF RE (CL) fuse fuse fuse",3,"3,2-Restricted SCPHF RE (CL)",1666275,"ARITHMETIC"
"fuse",4,20,1247,1666781,"3-Restricted SCPHF RE (CL) fuse fuse fuse",3,"3-Restricted SCPHF RE (CL)",1666781,"ARITHMETIC"
"fuse",4,20,1305,1677913,"2,2-Restricted SCPHF RE (CL) fuse fuse fuse",3,"2,2-Restricted SCPHF RE (CL)",1677913,"ARITHMETIC"
"fuse",4,20,1380,1678419,"2-Restricted SCPHF RE (CL) fuse fuse fuse",3,"2-Restricted SCPHF RE (CL)",1678419,"ARITHMETIC"
"fuse",4,20,1421,1678925,"SCPHF Random Extension (CLS) fuse fuse fuse",3,"SCPHF Random Extension (CLS)",1678925,"ARITHMETIC"
"fuse",4,20,1461,1679035,"CPHF Random Extension (CLS) fuse fuse fuse",3,"CPHF Random Extension (CLS)",1679035,"ARITHMETIC"
"fuse",4,20,2723,1958743,"SCPHF Random Extension (CLS) fuse fuse fuse",3,"SCPHF Random Extension (CLS)",1958743,"ARITHMETIC"
"fuse",4,20,2806,1958875,"CPHF Random Extension (CLS) fuse fuse fuse",3,"CPHF Random Extension (CLS)",1958875,"ARITHMETIC"
"fuse",4,20,6946,2724893,"Colbourn-Martirosyan-TVT-Walker fuse fuse fuse",3,"Colbourn-Martirosyan-TVT-Walker",2724893,"ARITHMETIC"
"fuse",4,20,7248,2772890,"Colbourn-Martirosyan-TVT-Walker fuse fuse",2,"Colbourn-Martirosyan-TVT-Walker",2772890,"ARITHMETIC"
"fuse",5,20,24,6436337,"orthogonal array fuse fuse fuse",3,"orthogonal array",6436337,"ARITHMETIC"
"fuse",5,20,26,9765615,"orthogonal array fuse fuse fuse fuse fuse",5,"orthogonal array",9765615,"ARITHMETIC"
"fuse",5,20,28,14348893,"orthogonal array fuse fuse fuse fuse fuse fuse fuse",7,"orthogonal array",NA,"INGREDIENT_OUTSIDE_TABLE"
"fuse",5,20,43,19029159,"4-Restricted SCPHF RE (CL) fuse fuse fuse",3,"4-Restricted SCPHF RE (CL)",19029159,"ARITHMETIC"
"fuse",5,20,46,19296833,"3-Restricted SCPHF RE (CL) fuse fuse fuse",3,"3-Restricted SCPHF RE (CL)",19296833,"ARITHMETIC"
"fuse",5,20,47,19308471,"2-Restricted SCPHF RE (CL) fuse fuse fuse",3,"2-Restricted SCPHF RE (CL)",19308471,"ARITHMETIC"
"fuse",5,20,48,19308977,"SCPHF Random Extension (CLS) fuse fuse fuse",3,"SCPHF Random Extension (CLS)",19308977,"ARITHMETIC"
"fuse",5,20,51,19309021,"CPHF IPO 3 (WCS) fuse fuse fuse",3,"CPHF IPO 3 (WCS)",19309021,"ARITHMETIC"
"fuse",5,20,72,25185661,"4,4-Restricted SCPHF RE (CL) fuse fuse fuse",3,"4,4-Restricted SCPHF RE (CL)",25185661,"ARITHMETIC"
"fuse",5,20,81,25465479,"4-Restricted SCPHF RE (CL) fuse fuse fuse",3,"4-Restricted SCPHF RE (CL)",25465479,"ARITHMETIC"
"fuse",5,20,87,25733153,"3-Restricted SCPHF RE (CL) fuse fuse fuse",3,"3-Restricted SCPHF RE (CL)",25733153,"ARITHMETIC"
"fuse",5,20,88,25744791,"2-Restricted SCPHF RE (CL) fuse fuse fuse",3,"2-Restricted SCPHF RE (CL)",25744791,"ARITHMETIC"
"fuse",5,20,90,25745297,"SCPHF Random Extension (CLS) fuse fuse fuse",3,"SCPHF Random Extension (CLS)",25745297,"ARITHMETIC"
"fuse",5,20,107,25745363,"CPHF IPO 4 (WCS) fuse fuse fuse",3,"CPHF IPO 4 (WCS)",25745363,"ARITHMETIC"
"fuse",5,20,136,31621981,"4,4-Restricted SCPHF RE (CL) fuse fuse fuse",3,"4,4-Restricted SCPHF RE (CL)",31621981,"ARITHMETIC"
"fuse",5,20,155,31901799,"4-Restricted SCPHF RE (CL) fuse fuse fuse",3,"4-Restricted SCPHF RE (CL)",31901799,"ARITHMETIC"
"fuse",5,20,171,32169473,"3-Restricted SCPHF RE (CL) fuse fuse fuse",3,"3-Restricted SCPHF RE (CL)",32169473,"ARITHMETIC"
"fuse",5,20,175,32181111,"2-Restricted SCPHF RE (CL) fuse fuse fuse",3,"2-Restricted SCPHF RE (CL)",32181111,"ARITHMETIC"
"fuse",5,20,178,32181617,"SCPHF Random Extension (CLS) fuse fuse fuse",3,"SCPHF Random Extension (CLS)",32181617,"ARITHMETIC"
"fuse",5,20,181,32181705,"CPHF Random Extension (CLS) fuse fuse fuse",3,"CPHF Random Extension (CLS)",32181705,"ARITHMETIC"
"fuse",5,20,228,37778483,"4,4,4-Restricted SCPHF RE (CL) fuse fuse fuse",3,"4,4,4-Restricted SCPHF RE (CL)",37778483,"ARITHMETIC"
"fuse",5,20,259,38058301,"4,4-Restricted SCPHF RE (CL) fuse fuse fuse",3,"4,4-Restricted SCPHF RE (CL)",38058301,"ARITHMETIC"
"fuse",5,20,299,38338119,"4-Restricted SCPHF RE (CL) fuse fuse fuse",3,"4-Restricted SCPHF RE (CL)",38338119,"ARITHMETIC"
"fuse",5,20,332,38605793,"3-Restricted SCPHF RE (CL) fuse fuse fuse",3,"3-Restricted SCPHF RE (CL)",38605793,"ARITHMETIC"
"fuse",5,20,342,38617431,"2-Restricted SCPHF RE (CL) fuse fuse fuse",3,"2-Restricted SCPHF RE (CL)",38617431,"ARITHMETIC"
"fuse",5,20,344,38617937,"SCPHF Random Extension (CLS) fuse fuse fuse",3,"SCPHF Random Extension (CLS)",38617937,"ARITHMETIC"
"fuse",5,20,345,38618047,"CPHF Random Extension (CLS) fuse fuse fuse",3,"CPHF Random Extension (CLS)",38618047,"ARITHMETIC"
"fuse",5,20,430,44214803,"4,4,4-Restricted SCPHF RE (CL) fuse fuse fuse",3,"4,4,4-Restricted SCPHF RE (CL)",44214803,"ARITHMETIC"
"fuse",5,20,493,44494621,"4,4-Restricted SCPHF RE (CL) fuse fuse fuse",3,"4,4-Restricted SCPHF RE (CL)",44494621,"ARITHMETIC"
"fuse",5,20,564,44774439,"4-Restricted SCPHF RE (CL) fuse fuse fuse",3,"4-Restricted SCPHF RE (CL)",44774439,"ARITHMETIC"
"fuse",5,20,648,45042113,"3-Restricted SCPHF RE (CL) fuse fuse fuse",3,"3-Restricted SCPHF RE (CL)",45042113,"ARITHMETIC"
"fuse",5,20,654,45053751,"2-Restricted SCPHF RE (CL) fuse fuse fuse",3,"2-Restricted SCPHF RE (CL)",45053751,"ARITHMETIC"
"fuse",5,20,656,45054257,"SCPHF Random Extension (CLS) fuse fuse fuse",3,"SCPHF Random Extension (CLS)",45054257,"ARITHMETIC"
"fuse",5,20,785,50651123,"4,4,4-Restricted SCPHF RE (CL) fuse fuse fuse",3,"4,4,4-Restricted SCPHF RE (CL)",50651123,"ARITHMETIC"
"fuse",5,20,2116,128726417,"perfect hash family20,2116,23,c fuse fuse fuse",3,"perfect hash family20,2116,23,c",128726417,"ARITHMETIC"
"fuse",6,20,24,148035883,"orthogonal array fuse fuse fuse",3,"orthogonal array",148035883,"ARITHMETIC"
"fuse",6,20,26,244140615,"orthogonal array fuse fuse fuse fuse fuse",5,"orthogonal array",244140615,"ARITHMETIC"
"fuse",6,20,28,387420475,"orthogonal array fuse fuse fuse fuse fuse fuse fuse",7,"orthogonal array",NA,"INGREDIENT_OUTSIDE_TABLE"
"fuse",6,20,29,443827797,"4-Restricted SCPHF RE (CL) fuse fuse fuse",3,"4-Restricted SCPHF RE (CL)",443827797,"ARITHMETIC"
"fuse",6,20,30,444107109,"2-Restricted SCPHF RE (CL) fuse fuse fuse",3,"2-Restricted SCPHF RE (CL)",444107109,"ARITHMETIC"
"fuse",6,20,31,444107615,"SCPHF Random Extension (CLS) fuse fuse fuse",3,"SCPHF Random Extension (CLS)",444107615,"ARITHMETIC"
"fuse",6,20,34,444107659,"CPHF IPO 3 (WCS) fuse fuse fuse",3,"CPHF IPO 3 (WCS)",444107659,"ARITHMETIC"
"fuse",6,20,41,579270841,"5,5-Restricted SCPHF RE (CL) fuse fuse fuse",3,"5,5-Restricted SCPHF RE (CL)",579270841,"ARITHMETIC"
"fuse",6,20,45,585707161,"5-Restricted SCPHF RE (CL) fuse fuse fuse",3,"5-Restricted SCPHF RE (CL)",585707161,"ARITHMETIC"
"fuse",6,20,51,591863663,"4-Restricted SCPHF RE (CL) fuse fuse fuse",3,"4-Restricted SCPHF RE (CL)",591863663,"ARITHMETIC"
"fuse",6,20,52,592142975,"2-Restricted SCPHF RE (CL) fuse fuse fuse",3,"2-Restricted SCPHF RE (CL)",592142975,"ARITHMETIC"
"fuse",6,20,70,727306707,"5,5-Restricted SCPHF RE (CL) fuse fuse fuse",3,"5,5-Restricted SCPHF RE (CL)",727306707,"ARITHMETIC"
"fuse",6,20,78,733743027,"5-Restricted SCPHF RE (CL) fuse fuse fuse",3,"5-Restricted SCPHF RE (CL)",733743027,"ARITHMETIC"
"fuse",6,20,85,739899529,"4-Restricted SCPHF RE (CL) fuse fuse fuse",3,"4-Restricted SCPHF RE (CL)",739899529,"ARITHMETIC"
"fuse",6,20,87,740167203,"3-Restricted SCPHF RE (CL) fuse fuse fuse",3,"3-Restricted SCPHF RE (CL)",740167203,"ARITHMETIC"
"fuse",6,20,106,868906253,"5,5,5-Restricted SCPHF RE (CL) fuse fuse fuse",3,"5,5,5-Restricted SCPHF RE (CL)",868906253,"ARITHMETIC"
"fuse",6,20,119,875342573,"5,5-Restricted SCPHF RE (CL) fuse fuse fuse",3,"5,5-Restricted SCPHF RE (CL)",875342573,"ARITHMETIC"
"fuse",6,20,133,881778893,"5-Restricted SCPHF RE (CL) fuse fuse fuse",3,"5-Restricted SCPHF RE (CL)",881778893,"ARITHMETIC"
"fuse",6,20,145,887935395,"4-Restricted SCPHF RE (CL) fuse fuse fuse",3,"4-Restricted SCPHF RE (CL)",887935395,"ARITHMETIC"
"fuse",6,20,146,888214707,"2-Restricted SCPHF RE (CL) fuse fuse fuse",3,"2-Restricted SCPHF RE (CL)",888214707,"ARITHMETIC"
"fuse",6,20,148,888215213,"SCPHF Random Extension (CLS) fuse fuse fuse",3,"SCPHF Random Extension (CLS)",888215213,"ARITHMETIC"
"fuse",6,20,249,1036251079,"SCPHF Random Extension (CLS) fuse fuse fuse",3,"SCPHF Random Extension (CLS)",1036251079,"ARITHMETIC"
"fuse",6,20,265,1708984215,"SCPHF Random Extension (CLS) fuse fuse fuse fuse fuse",5,"SCPHF Random Extension (CLS)",1708984215,"ARITHMETIC"
"fuse",6,20,529,2368573873,"perfect hash family16,529,23,c fuse fuse fuse",3,"perfect hash family16,529,23,c",2368573873,"ARITHMETIC"
"fuse",6,20,625,3906249615,"perfect hash family16,625,25,c fuse fuse fuse fuse fuse",5,"perfect hash family16,625,25,c",3906249615,"ARITHMETIC"
"fuse",3,21,509,24307,"SCPHF LFSR (TJ-IM) fuse fuse",2,"SCPHF LFSR (TJ-IM)",24307,"ARITHMETIC"
"fuse",3,21,553,24329,"Raaphorst-Moura-Stevens fuse fuse",2,"Raaphorst-Moura-Stevens",24329,"ARITHMETIC"
"fuse",3,21,603,31217,"SCPHF LFSR (TJ-IM) fuse fuse fuse fuse",4,"SCPHF LFSR (TJ-IM)",31217,"ARITHMETIC"
"fuse",3,21,651,31241,"Raaphorst-Moura-Stevens fuse fuse fuse fuse",4,"Raaphorst-Moura-Stevens",31241,"ARITHMETIC"
"fuse",3,21,705,39327,"SCPHF LFSR (TJ-IM) fuse fuse fuse fuse fuse fuse",6,"SCPHF LFSR (TJ-IM)",NA,"INGREDIENT_OUTSIDE_TABLE"
"fuse",3,21,757,39353,"Raaphorst-Moura-Stevens fuse fuse fuse fuse fuse fuse",6,"Raaphorst-Moura-Stevens",NA,"INGREDIENT_OUTSIDE_TABLE"
"fuse",3,21,1402,47583,"Restricted CPHF Ext  4( 2, 4) WCS fuse fuse",2,"Restricted CPHF Ext  4( 2, 4) WCS",47583,"ARITHMETIC"
"fuse",3,21,1404,47605,"Restricted CPHF Ext  4( 2, 3) WCS fuse fuse",2,"Restricted CPHF Ext  4( 2, 3) WCS",47605,"ARITHMETIC"
"fuse",3,21,2492,48595,"Restricted CPHF Ext  4( 0, 4) WCS fuse fuse",2,"Restricted CPHF Ext  4( 0, 4) WCS",48595,"ARITHMETIC"
"fuse",3,21,2516,48617,"Restricted CPHF Ext  4( 0, 3) WCS fuse fuse",2,"Restricted CPHF Ext  4( 0, 3) WCS",48617,"ARITHMETIC"
"fuse",3,21,2534,48639,"Restricted CPHF Ext  4( 0, 2) WCS fuse fuse",2,"Restricted CPHF Ext  4( 0, 2) WCS",48639,"ARITHMETIC"
"fuse",3,21,2542,48661,"Restricted CPHF Ext  4( 0, 0) WCS fuse fuse",2,"Restricted CPHF Ext  4( 0, 0) WCS",48661,"ARITHMETIC"
"fuse",4,21,24,279837,"orthogonal array fuse fuse",2,"orthogonal array",279837,"ARITHMETIC"
"fuse",4,21,26,390617,"orthogonal array fuse fuse fuse fuse",4,"orthogonal array",390617,"ARITHMETIC"
"fuse",4,21,28,531429,"orthogonal array fuse fuse fuse fuse fuse fuse",6,"orthogonal array",NA,"INGREDIENT_OUTSIDE_TABLE"
"fuse",4,21,30,547511,"3-Restricted SCPHF RE (CL) fuse fuse",2,"3-Restricted SCPHF RE (CL)",547511,"ARITHMETIC"
"fuse",4,21,39,559149,"2-Restricted SCPHF RE (CL) fuse fuse",2,"2-Restricted SCPHF RE (CL)",559149,"ARITHMETIC"
"fuse",4,21,86,827329,"3-Restricted SCPHF RE (CL) fuse fuse",2,"3-Restricted SCPHF RE (CL)",827329,"ARITHMETIC"
"fuse",4,21,98,838967,"2-Restricted SCPHF RE (CL) fuse fuse",2,"2-Restricted SCPHF RE (CL)",838967,"ARITHMETIC"
"fuse",4,21,107,839517,"CPHF IPO 3 (WCS) fuse fuse",2,"CPHF IPO 3 (WCS)",839517,"ARITHMETIC"
"fuse",4,21,170,1095003,"3,3-Restricted SCPHF RE (CL) fuse fuse",2,"3,3-Restricted SCPHF RE (CL)",1095003,"ARITHMETIC"
"fuse",4,21,203,1106641,"3,2-Restricted SCPHF RE (CL) fuse fuse",2,"3,2-Restricted SCPHF RE (CL)",1106641,"ARITHMETIC"
"fuse",4,21,204,1107147,"3-Restricted SCPHF RE (CL) fuse fuse",2,"3-Restricted SCPHF RE (CL)",1107147,"ARITHMETIC"
"fuse",4,21,238,1118279,"2,2-Restricted SCPHF RE (CL) fuse fuse",2,"2,2-Restricted SCPHF RE (CL)",1118279,"ARITHMETIC"
"fuse",4,21,242,1118785,"2-Restricted SCPHF RE (CL) fuse fuse",2,"2-Restricted SCPHF RE (CL)",1118785,"ARITHMETIC"
"fuse",4,21,247,1119291,"SCPHF Random Extension (CLS) fuse fuse",2,"SCPHF Random Extension (CLS)",1119291,"ARITHMETIC"
"fuse",4,21,302,1119357,"CPHF IPO 4 (WCS) fuse fuse",2,"CPHF IPO 4 (WCS)",1119357,"ARITHMETIC"
"fuse",4,21,529,1362171,"Colbourn-Martirosyan-TVT-Walker fuse fuse",2,"Colbourn-Martirosyan-TVT-Walker",1362171,"ARITHMETIC"
"fuse",4,21,552,1386408,"Colbourn-Martirosyan-TVT-Walker fuse",1,"Colbourn-Martirosyan-TVT-Walker",1386408,"ARITHMETIC"
"fuse",4,21,593,1398097,"2,2-Restricted SCPHF RE (CL) fuse fuse",2,"2,2-Restricted SCPHF RE (CL)",1398097,"ARITHMETIC"
"fuse",4,21,610,1398603,"2-Restricted SCPHF RE (CL) fuse fuse",2,"2-Restricted SCPHF RE (CL)",1398603,"ARITHMETIC"
"fuse",4,21,619,1399109,"SCPHF Random Extension (CLS) fuse fuse",2,"SCPHF Random Extension (CLS)",1399109,"ARITHMETIC"
"fuse",4,21,658,1399197,"CPHF IPO 5 (WCS) fuse fuse",2,"CPHF IPO 5 (WCS)",1399197,"ARITHMETIC"
"fuse",4,21,895,1642495,"3,3,3-Restricted SCPHF RE (CL) fuse fuse",2,"3,3,3-Restricted SCPHF RE (CL)",1642495,"ARITHMETIC"
"fuse",4,21,1039,1654639,"3,3-Restricted SCPHF RE (CL) fuse fuse",2,"3,3-Restricted SCPHF RE (CL)",1654639,"ARITHMETIC"
"fuse",4,21,1231,1666277,"3,2-Restricted SCPHF RE (CL) fuse fuse",2,"3,2-Restricted SCPHF RE (CL)",1666277,"ARITHMETIC"
"fuse",4,21,1247,1666783,"3-Restricted SCPHF RE (CL) fuse fuse",2,"3-Restricted SCPHF RE (CL)",1666783,"ARITHMETIC"
"fuse",4,21,1305,1677915,"2,2-Restricted SCPHF RE (CL) fuse fuse",2,"2,2-Restricted SCPHF RE (CL)",1677915,"ARITHMETIC"
"fuse",4,21,1380,1678421,"2-Restricted SCPHF RE (CL) fuse fuse",2,"2-Restricted SCPHF RE (CL)",1678421,"ARITHMETIC"
"fuse",4,21,1421,1678927,"SCPHF Random Extension (CLS) fuse fuse",2,"SCPHF Random Extension (CLS)",1678927,"ARITHMETIC"
"fuse",4,21,1461,1679037,"CPHF Random Extension (CLS) fuse fuse",2,"CPHF Random Extension (CLS)",1679037,"ARITHMETIC"
"fuse",4,21,2723,1958745,"SCPHF Random Extension (CLS) fuse fuse",2,"SCPHF Random Extension (CLS)",1958745,"ARITHMETIC"
"fuse",4,21,2806,1958877,"CPHF Random Extension (CLS) fuse fuse",2,"CPHF Random Extension (CLS)",1958877,"ARITHMETIC"
"fuse",4,21,3910,2700541,"Colbourn-Martirosyan-TVT-Walker fuse fuse",2,"Colbourn-Martirosyan-TVT-Walker",2700541,"ARITHMETIC"
"fuse",4,21,4669,2712179,"Colbourn-Martirosyan-TVT-Walker fuse fuse",2,"Colbourn-Martirosyan-TVT-Walker",2712179,"ARITHMETIC"
"fuse",4,21,4692,2712685,"Colbourn-Martirosyan-TVT-Walker fuse fuse",2,"Colbourn-Martirosyan-TVT-Walker",2712685,"ARITHMETIC"
"fuse",4,21,5474,2723817,"Colbourn-Martirosyan-TVT-Walker fuse fuse",2,"Colbourn-Martirosyan-TVT-Walker",2723817,"ARITHMETIC"
"fuse",4,21,5566,2724323,"Colbourn-Martirosyan-TVT-Walker fuse fuse",2,"Colbourn-Martirosyan-TVT-Walker",2724323,"ARITHMETIC"
"fuse",4,21,5681,2724829,"Colbourn-Martirosyan-TVT-Walker fuse fuse",2,"Colbourn-Martirosyan-TVT-Walker",2724829,"ARITHMETIC"
"fuse",4,21,6946,2724895,"Colbourn-Martirosyan-TVT-Walker fuse fuse",2,"Colbourn-Martirosyan-TVT-Walker",2724895,"ARITHMETIC"
"fuse",4,21,7248,2772892,"Colbourn-Martirosyan-TVT-Walker fuse",1,"Colbourn-Martirosyan-TVT-Walker",2772892,"ARITHMETIC"
"fuse",4,21,10000,2967709,"Colbourn-Martirosyan-TVT-Walker fuse fuse",2,"Colbourn-Martirosyan-TVT-Walker",2967709,"ARITHMETIC"
"fuse",5,21,24,6436339,"orthogonal array fuse fuse",2,"orthogonal array",6436339,"ARITHMETIC"
"fuse",5,21,26,9765617,"orthogonal array fuse fuse fuse fuse",4,"orthogonal array",9765617,"ARITHMETIC"
"fuse",5,21,28,14348895,"orthogonal array fuse fuse fuse fuse fuse fuse",6,"orthogonal array",NA,"INGREDIENT_OUTSIDE_TABLE"
"fuse",5,21,43,19029161,"4-Restricted SCPHF RE (CL) fuse fuse",2,"4-Restricted SCPHF RE (CL)",19029161,"ARITHMETIC"
"fuse",5,21,46,19296835,"3-Restricted SCPHF RE (CL) fuse fuse",2,"3-Restricted SCPHF RE (CL)",19296835,"ARITHMETIC"
"fuse",5,21,47,19308473,"2-Restricted SCPHF RE (CL) fuse fuse",2,"2-Restricted SCPHF RE (CL)",19308473,"ARITHMETIC"
"fuse",5,21,48,19308979,"SCPHF Random Extension (CLS) fuse fuse",2,"SCPHF Random Extension (CLS)",19308979,"ARITHMETIC"
"fuse",5,21,51,19309023,"CPHF IPO 3 (WCS) fuse fuse",2,"CPHF IPO 3 (WCS)",19309023,"ARITHMETIC"
"fuse",5,21,72,25185663,"4,4-Restricted SCPHF RE (CL) fuse fuse",2,"4,4-Restricted SCPHF RE (CL)",25185663,"ARITHMETIC"
"fuse",5,21,81,25465481,"4-Restricted SCPHF RE (CL) fuse fuse",2,"4-Restricted SCPHF RE (CL)",25465481,"ARITHMETIC"
"fuse",5,21,87,25733155,"3-Restricted SCPHF RE (CL) fuse fuse",2,"3-Restricted SCPHF RE (CL)",25733155,"ARITHMETIC"
"fuse",5,21,88,25744793,"2-Restricted SCPHF RE (CL) fuse fuse",2,"2-Restricted SCPHF RE (CL)",25744793,"ARITHMETIC"
"fuse",5,21,90,25745299,"SCPHF Random Extension (CLS) fuse fuse",2,"SCPHF Random Extension (CLS)",25745299,"ARITHMETIC"
"fuse",5,21,107,25745365,"CPHF IPO 4 (WCS) fuse fuse",2,"CPHF IPO 4 (WCS)",25745365,"ARITHMETIC"
"fuse",5,21,136,31621983,"4,4-Restricted SCPHF RE (CL) fuse fuse",2,"4,4-Restricted SCPHF RE (CL)",31621983,"ARITHMETIC"
"fuse",5,21,155,31901801,"4-Restricted SCPHF RE (CL) fuse fuse",2,"4-Restricted SCPHF RE (CL)",31901801,"ARITHMETIC"
"fuse",5,21,171,32169475,"3-Restricted SCPHF RE (CL) fuse fuse",2,"3-Restricted SCPHF RE (CL)",32169475,"ARITHMETIC"
"fuse",5,21,175,32181113,"2-Restricted SCPHF RE (CL) fuse fuse",2,"2-Restricted SCPHF RE (CL)",32181113,"ARITHMETIC"
"fuse",5,21,178,32181619,"SCPHF Random Extension (CLS) fuse fuse",2,"SCPHF Random Extension (CLS)",32181619,"ARITHMETIC"
"fuse",5,21,181,32181707,"CPHF Random Extension (CLS) fuse fuse",2,"CPHF Random Extension (CLS)",32181707,"ARITHMETIC"
"fuse",5,21,228,37778485,"4,4,4-Restricted SCPHF RE (CL) fuse fuse",2,"4,4,4-Restricted SCPHF RE (CL)",37778485,"ARITHMETIC"
"fuse",5,21,259,38058303,"4,4-Restricted SCPHF RE (CL) fuse fuse",2,"4,4-Restricted SCPHF RE (CL)",38058303,"ARITHMETIC"
"fuse",5,21,299,38338121,"4-Restricted SCPHF RE (CL) fuse fuse",2,"4-Restricted SCPHF RE (CL)",38338121,"ARITHMETIC"
"fuse",5,21,332,38605795,"3-Restricted SCPHF RE (CL) fuse fuse",2,"3-Restricted SCPHF RE (CL)",38605795,"ARITHMETIC"
"fuse",5,21,342,38617433,"2-Restricted SCPHF RE (CL) fuse fuse",2,"2-Restricted SCPHF RE (CL)",38617433,"ARITHMETIC"
"fuse",5,21,344,38617939,"SCPHF Random Extension (CLS) fuse fuse",2,"SCPHF Random Extension (CLS)",38617939,"ARITHMETIC"
"fuse",5,21,345,38618049,"CPHF Random Extension (CLS) fuse fuse",2,"CPHF Random Extension (CLS)",38618049,"ARITHMETIC"
"fuse",5,21,430,44214805,"4,4,4-Restricted SCPHF RE (CL) fuse fuse",2,"4,4,4-Restricted SCPHF RE (CL)",44214805,"ARITHMETIC"
"fuse",5,21,493,44494623,"4,4-Restricted SCPHF RE (CL) fuse fuse",2,"4,4-Restricted SCPHF RE (CL)",44494623,"ARITHMETIC"
"fuse",5,21,564,44774441,"4-Restricted SCPHF RE (CL) fuse fuse",2,"4-Restricted SCPHF RE (CL)",44774441,"ARITHMETIC"
"fuse",5,21,648,45042115,"3-Restricted SCPHF RE (CL) fuse fuse",2,"3-Restricted SCPHF RE (CL)",45042115,"ARITHMETIC"
"fuse",5,21,654,45053753,"2-Restricted SCPHF RE (CL) fuse fuse",2,"2-Restricted SCPHF RE (CL)",45053753,"ARITHMETIC"
"fuse",5,21,656,45054259,"SCPHF Random Extension (CLS) fuse fuse",2,"SCPHF Random Extension (CLS)",45054259,"ARITHMETIC"
"fuse",5,21,785,50651125,"4,4,4-Restricted SCPHF RE (CL) fuse fuse",2,"4,4,4-Restricted SCPHF RE (CL)",50651125,"ARITHMETIC"
"fuse",5,21,809,113079925,"Add 25 factors fuse",1,"Add 25 factors",113079925,"ARITHMETIC"
"fuse",5,21,810,113334925,"Add 25 factors fuse",1,"Add 25 factors",113334925,"ARITHMETIC"
"fuse",5,21,2116,128726419,"perfect hash family20,2116,23,c fuse fuse",2,"perfect hash family20,2116,23,c",128726419,"ARITHMETIC"
"fuse",5,21,10000,135162739,"perfect hash family21,12167,23,c fuse fuse",2,"perfect hash family21,12167,23,c",135162739,"ARITHMETIC"
"fuse",6,21,24,148035885,"orthogonal array fuse fuse",2,"orthogonal array",148035885,"ARITHMETIC"
"fuse",6,21,26,244140617,"orthogonal array fuse fuse fuse fuse",4,"orthogonal array",244140617,"ARITHMETIC"
"fuse",6,21,28,387420477,"orthogonal array fuse fuse fuse fuse fuse fuse",6,"orthogonal array",NA,"INGREDIENT_OUTSIDE_TABLE"
"fuse",6,21,29,443827799,"4-Restricted SCPHF RE (CL) fuse fuse",2,"4-Restricted SCPHF RE (CL)",443827799,"ARITHMETIC"
"fuse",6,21,30,444107111,"2-Restricted SCPHF RE (CL) fuse fuse",2,"2-Restricted SCPHF RE (CL)",444107111,"ARITHMETIC"
"fuse",6,21,31,444107617,"SCPHF Random Extension (CLS) fuse fuse",2,"SCPHF Random Extension (CLS)",444107617,"ARITHMETIC"
"fuse",6,21,34,444107661,"CPHF IPO 3 (WCS) fuse fuse",2,"CPHF IPO 3 (WCS)",444107661,"ARITHMETIC"
"fuse",6,21,41,579270843,"5,5-Restricted SCPHF RE (CL) fuse fuse",2,"5,5-Restricted SCPHF RE (CL)",579270843,"ARITHMETIC"
"fuse",6,21,45,585707163,"5-Restricted SCPHF RE (CL) fuse fuse",2,"5-Restricted SCPHF RE (CL)",585707163,"ARITHMETIC"
"fuse",6,21,51,591863665,"4-Restricted SCPHF RE (CL) fuse fuse",2,"4-Restricted SCPHF RE (CL)",591863665,"ARITHMETIC"
"fuse",6,21,52,592142977,"2-Restricted SCPHF RE (CL) fuse fuse",2,"2-Restricted SCPHF RE (CL)",592142977,"ARITHMETIC"
"fuse",6,21,70,727306709,"5,5-Restricted SCPHF RE (CL) fuse fuse",2,"5,5-Restricted SCPHF RE (CL)",727306709,"ARITHMETIC"
"fuse",6,21,78,733743029,"5-Restricted SCPHF RE (CL) fuse fuse",2,"5-Restricted SCPHF RE (CL)",733743029,"ARITHMETIC"
"fuse",6,21,85,739899531,"4-Restricted SCPHF RE (CL) fuse fuse",2,"4-Restricted SCPHF RE (CL)",739899531,"ARITHMETIC"
"fuse",6,21,87,740167205,"3-Restricted SCPHF RE (CL) fuse fuse",2,"3-Restricted SCPHF RE (CL)",740167205,"ARITHMETIC"
"fuse",6,21,106,868906255,"5,5,5-Restricted SCPHF RE (CL) fuse fuse",2,"5,5,5-Restricted SCPHF RE (CL)",868906255,"ARITHMETIC"
"fuse",6,21,119,875342575,"5,5-Restricted SCPHF RE (CL) fuse fuse",2,"5,5-Restricted SCPHF RE (CL)",875342575,"ARITHMETIC"
"fuse",6,21,133,881778895,"5-Restricted SCPHF RE (CL) fuse fuse",2,"5-Restricted SCPHF RE (CL)",881778895,"ARITHMETIC"
"fuse",6,21,145,887935397,"4-Restricted SCPHF RE (CL) fuse fuse",2,"4-Restricted SCPHF RE (CL)",887935397,"ARITHMETIC"
"fuse",6,21,146,888214709,"2-Restricted SCPHF RE (CL) fuse fuse",2,"2-Restricted SCPHF RE (CL)",888214709,"ARITHMETIC"
"fuse",6,21,148,888215215,"SCPHF Random Extension (CLS) fuse fuse",2,"SCPHF Random Extension (CLS)",888215215,"ARITHMETIC"
"fuse",6,21,249,1036251081,"SCPHF Random Extension (CLS) fuse fuse",2,"SCPHF Random Extension (CLS)",1036251081,"ARITHMETIC"
"fuse",6,21,265,1708984217,"SCPHF Random Extension (CLS) fuse fuse fuse fuse",4,"SCPHF Random Extension (CLS)",1708984217,"ARITHMETIC"
"fuse",6,21,529,2368573875,"perfect hash family16,529,23,c fuse fuse",2,"perfect hash family16,529,23,c",2368573875,"ARITHMETIC"
"fuse",6,21,625,3906249617,"perfect hash family16,625,25,c fuse fuse fuse fuse",4,"perfect hash family16,625,25,c",3906249617,"ARITHMETIC"
"fuse",3,22,24,12165,"orthogonal array fuse",1,"orthogonal array",12165,"ARITHMETIC"
"fuse",3,22,509,24309,"SCPHF LFSR (TJ-IM) fuse",1,"SCPHF LFSR (TJ-IM)",24309,"ARITHMETIC"
"fuse",3,22,553,24331,"Raaphorst-Moura-Stevens fuse",1,"Raaphorst-Moura-Stevens",24331,"ARITHMETIC"
"fuse",3,22,603,31219,"SCPHF LFSR (TJ-IM) fuse fuse fuse",3,"SCPHF LFSR (TJ-IM)",31219,"ARITHMETIC"
"fuse",3,22,651,31243,"Raaphorst-Moura-Stevens fuse fuse fuse",3,"Raaphorst-Moura-Stevens",31243,"ARITHMETIC"
"fuse",3,22,705,39329,"SCPHF LFSR (TJ-IM) fuse fuse fuse fuse fuse",5,"SCPHF LFSR (TJ-IM)",NA,"INGREDIENT_OUTSIDE_TABLE"
"fuse",3,22,757,39355,"Raaphorst-Moura-Stevens fuse fuse fuse fuse fuse",5,"Raaphorst-Moura-Stevens",NA,"INGREDIENT_OUTSIDE_TABLE"
"fuse",3,22,1402,47585,"Restricted CPHF Ext  4( 2, 4) WCS fuse",1,"Restricted CPHF Ext  4( 2, 4) WCS",47585,"ARITHMETIC"
"fuse",3,22,1404,47607,"Restricted CPHF Ext  4( 2, 3) WCS fuse",1,"Restricted CPHF Ext  4( 2, 3) WCS",47607,"ARITHMETIC"
"fuse",3,22,1772,48091,"Restricted CPHF Ext  4( 1, 4) WCS fuse",1,"Restricted CPHF Ext  4( 1, 4) WCS",48091,"ARITHMETIC"
"fuse",3,22,1783,48113,"Restricted CPHF Ext  4( 1, 3) WCS fuse",1,"Restricted CPHF Ext  4( 1, 3) WCS",48113,"ARITHMETIC"
"fuse",3,22,2492,48597,"Restricted CPHF Ext  4( 0, 4) WCS fuse",1,"Restricted CPHF Ext  4( 0, 4) WCS",48597,"ARITHMETIC"
"fuse",3,22,2516,48619,"Restricted CPHF Ext  4( 0, 3) WCS fuse",1,"Restricted CPHF Ext  4( 0, 3) WCS",48619,"ARITHMETIC"
"fuse",3,22,2534,48641,"Restricted CPHF Ext  4( 0, 2) WCS fuse",1,"Restricted CPHF Ext  4( 0, 2) WCS",48641,"ARITHMETIC"
"fuse",3,22,2542,48663,"Restricted CPHF Ext  4( 0, 0) WCS fuse",1,"Restricted CPHF Ext  4( 0, 0) WCS",48663,"ARITHMETIC"
"fuse",4,22,24,279839,"orthogonal array fuse",1,"orthogonal array",279839,"ARITHMETIC"
"fuse",4,22,26,390619,"orthogonal array fuse fuse fuse",3,"orthogonal array",390619,"ARITHMETIC"
"fuse",4,22,28,531431,"orthogonal array fuse fuse fuse fuse fuse",5,"orthogonal array",NA,"INGREDIENT_OUTSIDE_TABLE"
"fuse",4,22,30,547513,"3-Restricted SCPHF RE (CL) fuse",1,"3-Restricted SCPHF RE (CL)",547513,"ARITHMETIC"
"fuse",4,22,39,559151,"2-Restricted SCPHF RE (CL) fuse",1,"2-Restricted SCPHF RE (CL)",559151,"ARITHMETIC"
"fuse",4,22,86,827331,"3-Restricted SCPHF RE (CL) fuse",1,"3-Restricted SCPHF RE (CL)",827331,"ARITHMETIC"
"fuse",4,22,98,838969,"2-Restricted SCPHF RE (CL) fuse",1,"2-Restricted SCPHF RE (CL)",838969,"ARITHMETIC"
"fuse",4,22,107,839519,"CPHF IPO 3 (WCS) fuse",1,"CPHF IPO 3 (WCS)",839519,"ARITHMETIC"
"fuse",4,22,170,1095005,"3,3-Restricted SCPHF RE (CL) fuse",1,"3,3-Restricted SCPHF RE (CL)",1095005,"ARITHMETIC"
"fuse",4,22,203,1106643,"3,2-Restricted SCPHF RE (CL) fuse",1,"3,2-Restricted SCPHF RE (CL)",1106643,"ARITHMETIC"
"fuse",4,22,204,1107149,"3-Restricted SCPHF RE (CL) fuse",1,"3-Restricted SCPHF RE (CL)",1107149,"ARITHMETIC"
"fuse",4,22,238,1118281,"2,2-Restricted SCPHF RE (CL) fuse",1,"2,2-Restricted SCPHF RE (CL)",1118281,"ARITHMETIC"
"fuse",4,22,242,1118787,"2-Restricted SCPHF RE (CL) fuse",1,"2-Restricted SCPHF RE (CL)",1118787,"ARITHMETIC"
"fuse",4,22,247,1119293,"SCPHF Random Extension (CLS) fuse",1,"SCPHF Random Extension (CLS)",1119293,"ARITHMETIC"
"fuse",4,22,302,1119359,"CPHF IPO 4 (WCS) fuse",1,"CPHF IPO 4 (WCS)",1119359,"ARITHMETIC"
"fuse",4,22,529,1362173,"Colbourn-Martirosyan-TVT-Walker fuse",1,"Colbourn-Martirosyan-TVT-Walker",1362173,"ARITHMETIC"
"fuse",4,22,593,1398099,"2,2-Restricted SCPHF RE (CL) fuse",1,"2,2-Restricted SCPHF RE (CL)",1398099,"ARITHMETIC"
"fuse",4,22,610,1398605,"2-Restricted SCPHF RE (CL) fuse",1,"2-Restricted SCPHF RE (CL)",1398605,"ARITHMETIC"
"fuse",4,22,619,1399111,"SCPHF Random Extension (CLS) fuse",1,"SCPHF Random Extension (CLS)",1399111,"ARITHMETIC"
"fuse",4,22,658,1399199,"CPHF IPO 5 (WCS) fuse",1,"CPHF IPO 5 (WCS)",1399199,"ARITHMETIC"
"fuse",4,22,895,1642497,"3,3,3-Restricted SCPHF RE (CL) fuse",1,"3,3,3-Restricted SCPHF RE (CL)",1642497,"ARITHMETIC"
"fuse",4,22,1039,1654641,"3,3-Restricted SCPHF RE (CL) fuse",1,"3,3-Restricted SCPHF RE (CL)",1654641,"ARITHMETIC"
"fuse",4,22,1231,1666279,"3,2-Restricted SCPHF RE (CL) fuse",1,"3,2-Restricted SCPHF RE (CL)",1666279,"ARITHMETIC"
"fuse",4,22,1247,1666785,"3-Restricted SCPHF RE (CL) fuse",1,"3-Restricted SCPHF RE (CL)",1666785,"ARITHMETIC"
"fuse",4,22,1305,1677917,"2,2-Restricted SCPHF RE (CL) fuse",1,"2,2-Restricted SCPHF RE (CL)",1677917,"ARITHMETIC"
"fuse",4,22,1380,1678423,"2-Restricted SCPHF RE (CL) fuse",1,"2-Restricted SCPHF RE (CL)",1678423,"ARITHMETIC"
"fuse",4,22,1421,1678929,"SCPHF Random Extension (CLS) fuse",1,"SCPHF Random Extension (CLS)",1678929,"ARITHMETIC"
"fuse",4,22,1461,1679039,"CPHF Random Extension (CLS) fuse",1,"CPHF Random Extension (CLS)",1679039,"ARITHMETIC"
"fuse",4,22,2723,1958747,"SCPHF Random Extension (CLS) fuse",1,"SCPHF Random Extension (CLS)",1958747,"ARITHMETIC"
"fuse",4,22,2806,1958879,"CPHF Random Extension (CLS) fuse",1,"CPHF Random Extension (CLS)",1958879,"ARITHMETIC"
"fuse",4,22,3910,2700543,"Colbourn-Martirosyan-TVT-Walker fuse",1,"Colbourn-Martirosyan-TVT-Walker",2700543,"ARITHMETIC"
"fuse",4,22,4669,2712181,"Colbourn-Martirosyan-TVT-Walker fuse",1,"Colbourn-Martirosyan-TVT-Walker",2712181,"ARITHMETIC"
"fuse",4,22,4692,2712687,"Colbourn-Martirosyan-TVT-Walker fuse",1,"Colbourn-Martirosyan-TVT-Walker",2712687,"ARITHMETIC"
"fuse",4,22,5474,2723819,"Colbourn-Martirosyan-TVT-Walker fuse",1,"Colbourn-Martirosyan-TVT-Walker",2723819,"ARITHMETIC"
"fuse",4,22,5566,2724325,"Colbourn-Martirosyan-TVT-Walker fuse",1,"Colbourn-Martirosyan-TVT-Walker",2724325,"ARITHMETIC"
"fuse",4,22,5681,2724831,"Colbourn-Martirosyan-TVT-Walker fuse",1,"Colbourn-Martirosyan-TVT-Walker",2724831,"ARITHMETIC"
"fuse",4,22,6946,2724897,"Colbourn-Martirosyan-TVT-Walker fuse",1,"Colbourn-Martirosyan-TVT-Walker",2724897,"ARITHMETIC"
"fuse",4,22,10000,2967711,"Colbourn-Martirosyan-TVT-Walker fuse",1,"Colbourn-Martirosyan-TVT-Walker",2967711,"ARITHMETIC"
"fuse",5,22,24,6436341,"orthogonal array fuse",1,"orthogonal array",6436341,"ARITHMETIC"
"fuse",5,22,26,9765619,"orthogonal array fuse fuse fuse",3,"orthogonal array",9765619,"ARITHMETIC"
"fuse",5,22,28,14348897,"orthogonal array fuse fuse fuse fuse fuse",5,"orthogonal array",NA,"INGREDIENT_OUTSIDE_TABLE"
"fuse",5,22,43,19029163,"4-Restricted SCPHF RE (CL) fuse",1,"4-Restricted SCPHF RE (CL)",19029163,"ARITHMETIC"
"fuse",5,22,46,19296837,"3-Restricted SCPHF RE (CL) fuse",1,"3-Restricted SCPHF RE (CL)",19296837,"ARITHMETIC"
"fuse",5,22,47,19308475,"2-Restricted SCPHF RE (CL) fuse",1,"2-Restricted SCPHF RE (CL)",19308475,"ARITHMETIC"
"fuse",5,22,48,19308981,"SCPHF Random Extension (CLS) fuse",1,"SCPHF Random Extension (CLS)",19308981,"ARITHMETIC"
"fuse",5,22,51,19309025,"CPHF IPO 3 (WCS) fuse",1,"CPHF IPO 3 (WCS)",19309025,"ARITHMETIC"
"fuse",5,22,72,25185665,"4,4-Restricted SCPHF RE (CL) fuse",1,"4,4-Restricted SCPHF RE (CL)",25185665,"ARITHMETIC"
"fuse",5,22,81,25465483,"4-Restricted SCPHF RE (CL) fuse",1,"4-Restricted SCPHF RE (CL)",25465483,"ARITHMETIC"
"fuse",5,22,87,25733157,"3-Restricted SCPHF RE (CL) fuse",1,"3-Restricted SCPHF RE (CL)",25733157,"ARITHMETIC"
"fuse",5,22,88,25744795,"2-Restricted SCPHF RE (CL) fuse",1,"2-Restricted SCPHF RE (CL)",25744795,"ARITHMETIC"
"fuse",5,22,90,25745301,"SCPHF Random Extension (CLS) fuse",1,"SCPHF Random Extension (CLS)",25745301,"ARITHMETIC"
"fuse",5,22,107,25745367,"CPHF IPO 4 (WCS) fuse",1,"CPHF IPO 4 (WCS)",25745367,"ARITHMETIC"
"fuse",5,22,136,31621985,"4,4-Restricted SCPHF RE (CL) fuse",1,"4,4-Restricted SCPHF RE (CL)",31621985,"ARITHMETIC"
"fuse",5,22,155,31901803,"4-Restricted SCPHF RE (CL) fuse",1,"4-Restricted SCPHF RE (CL)",31901803,"ARITHMETIC"
"fuse",5,22,171,32169477,"3-Restricted SCPHF RE (CL) fuse",1,"3-Restricted SCPHF RE (CL)",32169477,"ARITHMETIC"
"fuse",5,22,175,32181115,"2-Restricted SCPHF RE (CL) fuse",1,"2-Restricted SCPHF RE (CL)",32181115,"ARITHMETIC"
"fuse",5,22,178,32181621,"SCPHF Random Extension (CLS) fuse",1,"SCPHF Random Extension (CLS)",32181621,"ARITHMETIC"
"fuse",5,22,181,32181709,"CPHF Random Extension (CLS) fuse",1,"CPHF Random Extension (CLS)",32181709,"ARITHMETIC"
"fuse",5,22,228,37778487,"4,4,4-Restricted SCPHF RE (CL) fuse",1,"4,4,4-Restricted SCPHF RE (CL)",37778487,"ARITHMETIC"
"fuse",5,22,259,38058305,"4,4-Restricted SCPHF RE (CL) fuse",1,"4,4-Restricted SCPHF RE (CL)",38058305,"ARITHMETIC"
"fuse",5,22,299,38338123,"4-Restricted SCPHF RE (CL) fuse",1,"4-Restricted SCPHF RE (CL)",38338123,"ARITHMETIC"
"fuse",5,22,332,38605797,"3-Restricted SCPHF RE (CL) fuse",1,"3-Restricted SCPHF RE (CL)",38605797,"ARITHMETIC"
"fuse",5,22,342,38617435,"2-Restricted SCPHF RE (CL) fuse",1,"2-Restricted SCPHF RE (CL)",38617435,"ARITHMETIC"
"fuse",5,22,344,38617941,"SCPHF Random Extension (CLS) fuse",1,"SCPHF Random Extension (CLS)",38617941,"ARITHMETIC"
"fuse",5,22,345,38618051,"CPHF Random Extension (CLS) fuse",1,"CPHF Random Extension (CLS)",38618051,"ARITHMETIC"
"fuse",5,22,430,44214807,"4,4,4-Restricted SCPHF RE (CL) fuse",1,"4,4,4-Restricted SCPHF RE (CL)",44214807,"ARITHMETIC"
"fuse",5,22,493,44494625,"4,4-Restricted SCPHF RE (CL) fuse",1,"4,4-Restricted SCPHF RE (CL)",44494625,"ARITHMETIC"
"fuse",5,22,564,44774443,"4-Restricted SCPHF RE (CL) fuse",1,"4-Restricted SCPHF RE (CL)",44774443,"ARITHMETIC"
"fuse",5,22,648,45042117,"3-Restricted SCPHF RE (CL) fuse",1,"3-Restricted SCPHF RE (CL)",45042117,"ARITHMETIC"
"fuse",5,22,654,45053755,"2-Restricted SCPHF RE (CL) fuse",1,"2-Restricted SCPHF RE (CL)",45053755,"ARITHMETIC"
"fuse",5,22,656,45054261,"SCPHF Random Extension (CLS) fuse",1,"SCPHF Random Extension (CLS)",45054261,"ARITHMETIC"
"fuse",5,22,785,50651127,"4,4,4-Restricted SCPHF RE (CL) fuse",1,"4,4,4-Restricted SCPHF RE (CL)",50651127,"ARITHMETIC"
"fuse",5,22,2116,128726421,"perfect hash family20,2116,23,c fuse",1,"perfect hash family20,2116,23,c",128726421,"ARITHMETIC"
"fuse",5,22,10000,135162741,"perfect hash family21,12167,23,c fuse",1,"perfect hash family21,12167,23,c",135162741,"ARITHMETIC"
"fuse",6,22,24,148035887,"orthogonal array fuse",1,"orthogonal array",148035887,"ARITHMETIC"
"fuse",6,22,26,244140619,"orthogonal array fuse fuse fuse",3,"orthogonal array",244140619,"ARITHMETIC"
"fuse",6,22,28,387420479,"orthogonal array fuse fuse fuse fuse fuse",5,"orthogonal array",NA,"INGREDIENT_OUTSIDE_TABLE"
"fuse",6,22,29,443827801,"4-Restricted SCPHF RE (CL) fuse",1,"4-Restricted SCPHF RE (CL)",443827801,"ARITHMETIC"
"fuse",6,22,30,444107113,"2-Restricted SCPHF RE (CL) fuse",1,"2-Restricted SCPHF RE (CL)",444107113,"ARITHMETIC"
"fuse",6,22,31,444107619,"SCPHF Random Extension (CLS) fuse",1,"SCPHF Random Extension (CLS)",444107619,"ARITHMETIC"
"fuse",6,22,34,444107663,"CPHF IPO 3 (WCS) fuse",1,"CPHF IPO 3 (WCS)",444107663,"ARITHMETIC"
"fuse",6,22,41,579270845,"5,5-Restricted SCPHF RE (CL) fuse",1,"5,5-Restricted SCPHF RE (CL)",579270845,"ARITHMETIC"
"fuse",6,22,45,585707165,"5-Restricted SCPHF RE (CL) fuse",1,"5-Restricted SCPHF RE (CL)",585707165,"ARITHMETIC"
"fuse",6,22,51,591863667,"4-Restricted SCPHF RE (CL) fuse",1,"4-Restricted SCPHF RE (CL)",591863667,"ARITHMETIC"
"fuse",6,22,52,592142979,"2-Restricted SCPHF RE (CL) fuse",1,"2-Restricted SCPHF RE (CL)",592142979,"ARITHMETIC"
"fuse",6,22,70,727306711,"5,5-Restricted SCPHF RE (CL) fuse",1,"5,5-Restricted SCPHF RE (CL)",727306711,"ARITHMETIC"
"fuse",6,22,78,733743031,"5-Restricted SCPHF RE (CL) fuse",1,"5-Restricted SCPHF RE (CL)",733743031,"ARITHMETIC"
"fuse",6,22,85,739899533,"4-Restricted SCPHF RE (CL) fuse",1,"4-Restricted SCPHF RE (CL)",739899533,"ARITHMETIC"
"fuse",6,22,87,740167207,"3-Restricted SCPHF RE (CL) fuse",1,"3-Restricted SCPHF RE (CL)",740167207,"ARITHMETIC"
"fuse",6,22,106,868906257,"5,5,5-Restricted SCPHF RE (CL) fuse",1,"5,5,5-Restricted SCPHF RE (CL)",868906257,"ARITHMETIC"
"fuse",6,22,119,875342577,"5,5-Restricted SCPHF RE (CL) fuse",1,"5,5-Restricted SCPHF RE (CL)",875342577,"ARITHMETIC"
"fuse",6,22,133,881778897,"5-Restricted SCPHF RE (CL) fuse",1,"5-Restricted SCPHF RE (CL)",881778897,"ARITHMETIC"
"fuse",6,22,145,887935399,"4-Restricted SCPHF RE (CL) fuse",1,"4-Restricted SCPHF RE (CL)",887935399,"ARITHMETIC"
"fuse",6,22,146,888214711,"2-Restricted SCPHF RE (CL) fuse",1,"2-Restricted SCPHF RE (CL)",888214711,"ARITHMETIC"
"fuse",6,22,148,888215217,"SCPHF Random Extension (CLS) fuse",1,"SCPHF Random Extension (CLS)",888215217,"ARITHMETIC"
"fuse",6,22,249,1036251083,"SCPHF Random Extension (CLS) fuse",1,"SCPHF Random Extension (CLS)",1036251083,"ARITHMETIC"
"fuse",6,22,265,1708984219,"SCPHF Random Extension (CLS) fuse fuse fuse",3,"SCPHF Random Extension (CLS)",1708984219,"ARITHMETIC"
"fuse",6,22,529,2368573877,"perfect hash family16,529,23,c fuse",1,"perfect hash family16,529,23,c",2368573877,"ARITHMETIC"
"fuse",6,22,625,3906249619,"perfect hash family16,625,25,c fuse fuse fuse",3,"perfect hash family16,625,25,c",3906249619,"ARITHMETIC"
"fuse",3,23,603,31221,"SCPHF LFSR (TJ-IM) fuse fuse",2,"SCPHF LFSR (TJ-IM)",31221,"ARITHMETIC"
"fuse",3,23,651,31245,"Raaphorst-Moura-Stevens fuse fuse",2,"Raaphorst-Moura-Stevens",31245,"ARITHMETIC"
"fuse",3,23,705,39331,"SCPHF LFSR (TJ-IM) fuse fuse fuse fuse",4,"SCPHF LFSR (TJ-IM)",NA,"INGREDIENT_OUTSIDE_TABLE"
"fuse",3,23,757,39357,"Raaphorst-Moura-Stevens fuse fuse fuse fuse",4,"Raaphorst-Moura-Stevens",NA,"INGREDIENT_OUTSIDE_TABLE"
"fuse",4,23,26,390621,"orthogonal array fuse fuse",2,"orthogonal array",390621,"ARITHMETIC"
"fuse",4,23,28,531433,"orthogonal array fuse fuse fuse fuse",4,"orthogonal array",NA,"INGREDIENT_OUTSIDE_TABLE"
"fuse",4,23,41,780621,"2-Restricted SCPHF RE (CL) fuse fuse",2,"2-Restricted SCPHF RE (CL)",780621,"ARITHMETIC"
"fuse",4,23,42,781221,"SCPHF Random Extension (CLS) fuse fuse",2,"SCPHF Random Extension (CLS)",781221,"ARITHMETIC"
"fuse",5,23,26,9765621,"orthogonal array fuse fuse",2,"orthogonal array",9765621,"ARITHMETIC"
"fuse",5,23,28,14348899,"orthogonal array fuse fuse fuse fuse",4,"orthogonal array",NA,"INGREDIENT_OUTSIDE_TABLE"
"fuse",6,23,26,244140621,"orthogonal array fuse fuse",2,"orthogonal array",244140621,"ARITHMETIC"
"fuse",6,23,28,387420481,"orthogonal array fuse fuse fuse fuse",4,"orthogonal array",NA,"INGREDIENT_OUTSIDE_TABLE"
"fuse",6,23,265,1708984221,"SCPHF Random Extension (CLS) fuse fuse",2,"SCPHF Random Extension (CLS)",1708984221,"ARITHMETIC"
"fuse",6,23,625,3906249621,"perfect hash family16,625,25,c fuse fuse",2,"perfect hash family16,625,25,c",3906249621,"ARITHMETIC"
"fuse",2,24,26,622,"orthogonal array fuse",1,"orthogonal array",623,"ARITH_OPEN"
"fuse",3,24,26,15623,"orthogonal array fuse",1,"orthogonal array",15623,"ARITHMETIC"
"fuse",3,24,603,31223,"SCPHF LFSR (TJ-IM) fuse",1,"SCPHF LFSR (TJ-IM)",31223,"ARITHMETIC"
"fuse",3,24,651,31247,"Raaphorst-Moura-Stevens fuse",1,"Raaphorst-Moura-Stevens",31247,"ARITHMETIC"
"fuse",3,24,705,39333,"SCPHF LFSR (TJ-IM) fuse fuse fuse",3,"SCPHF LFSR (TJ-IM)",NA,"INGREDIENT_OUTSIDE_TABLE"
"fuse",3,24,757,39359,"Raaphorst-Moura-Stevens fuse fuse fuse",3,"Raaphorst-Moura-Stevens",NA,"INGREDIENT_OUTSIDE_TABLE"
"fuse",3,24,815,48739,"SCPHF LFSR (TJ-IM) fuse fuse fuse fuse fuse",5,"SCPHF LFSR (TJ-IM)",NA,"INGREDIENT_OUTSIDE_TABLE"
"fuse",3,24,871,48767,"Raaphorst-Moura-Stevens fuse fuse fuse fuse fuse",5,"Raaphorst-Moura-Stevens",NA,"INGREDIENT_OUTSIDE_TABLE"
"fuse",3,24,1631,61223,"Restricted CPHF Ext  4( 2, 4) WCS fuse",1,"Restricted CPHF Ext  4( 2, 4) WCS",61223,"ARITHMETIC"
"fuse",3,24,1642,61247,"Restricted CPHF Ext  4( 2, 3) WCS fuse",1,"Restricted CPHF Ext  4( 2, 3) WCS",61247,"ARITHMETIC"
"fuse",3,24,2103,61823,"Restricted CPHF Ext  4( 1, 4) WCS fuse",1,"Restricted CPHF Ext  4( 1, 4) WCS",61823,"ARITHMETIC"
"fuse",3,24,2105,61847,"Restricted CPHF Ext  4( 1, 3) WCS fuse",1,"Restricted CPHF Ext  4( 1, 3) WCS",61847,"ARITHMETIC"
"fuse",3,24,2107,61871,"Restricted CPHF Ext  4( 1, 2) WCS fuse",1,"Restricted CPHF Ext  4( 1, 2) WCS",61871,"ARITHMETIC"
"fuse",3,24,2976,62423,"Restricted CPHF Ext  4( 0, 4) WCS fuse",1,"Restricted CPHF Ext  4( 0, 4) WCS",62423,"ARITHMETIC"
"fuse",3,24,3000,62447,"Restricted CPHF Ext  4( 0, 3) WCS fuse",1,"Restricted CPHF Ext  4( 0, 3) WCS",62447,"ARITHMETIC"
"fuse",3,24,3002,62471,"Restricted CPHF Ext  4( 0, 2) WCS fuse",1,"Restricted CPHF Ext  4( 0, 2) WCS",62471,"ARITHMETIC"
"fuse",3,24,3024,62495,"Restricted CPHF Ext  4( 0, 0) WCS fuse",1,"Restricted CPHF Ext  4( 0, 0) WCS",62495,"ARITHMETIC"
"fuse",4,24,26,390623,"orthogonal array fuse",1,"orthogonal array",390623,"ARITHMETIC"
"fuse",4,24,28,531435,"orthogonal array fuse fuse fuse",3,"orthogonal array",NA,"INGREDIENT_OUTSIDE_TABLE"
"fuse",4,24,30,707271,"orthogonal array fuse fuse fuse fuse fuse",5,"orthogonal array",NA,"INGREDIENT_OUTSIDE_TABLE"
"fuse",4,24,33,765623,"3-Restricted SCPHF RE (CL) fuse",1,"3-Restricted SCPHF RE (CL)",765623,"ARITHMETIC"
"fuse",4,24,41,780623,"2-Restricted SCPHF RE (CL) fuse",1,"2-Restricted SCPHF RE (CL)",780623,"ARITHMETIC"
"fuse",4,24,42,781223,"SCPHF Random Extension (CLS) fuse",1,"SCPHF Random Extension (CLS)",781223,"ARITHMETIC"
"fuse",4,24,91,1156223,"3-Restricted SCPHF RE (CL) fuse",1,"3-Restricted SCPHF RE (CL)",1156223,"ARITHMETIC"
"fuse",4,24,104,1171223,"2-Restricted SCPHF RE (CL) fuse",1,"2-Restricted SCPHF RE (CL)",1171223,"ARITHMETIC"
"fuse",4,24,107,1171823,"SCPHF Random Extension (CLS) fuse",1,"SCPHF Random Extension (CLS)",1171823,"ARITHMETIC"
"fuse",4,24,121,1171871,"CPHF IPO 3 (WCS) fuse",1,"CPHF IPO 3 (WCS)",1171871,"ARITHMETIC"
"fuse",4,24,188,1531223,"3,3-Restricted SCPHF RE (CL) fuse",1,"3,3-Restricted SCPHF RE (CL)",1531223,"ARITHMETIC"
"fuse",4,24,221,1546223,"3,2-Restricted SCPHF RE (CL) fuse",1,"3,2-Restricted SCPHF RE (CL)",1546223,"ARITHMETIC"
"fuse",4,24,222,1546823,"3-Restricted SCPHF RE (CL) fuse",1,"3-Restricted SCPHF RE (CL)",1546823,"ARITHMETIC"
"fuse",4,24,267,1561223,"2,2-Restricted SCPHF RE (CL) fuse",1,"2,2-Restricted SCPHF RE (CL)",1561223,"ARITHMETIC"
"fuse",4,24,279,1562423,"SCPHF Random Extension (CLS) fuse",1,"SCPHF Random Extension (CLS)",1562423,"ARITHMETIC"
"fuse",4,24,344,1562495,"CPHF IPO 4 (WCS) fuse",1,"CPHF IPO 4 (WCS)",1562495,"ARITHMETIC"
"fuse",4,24,625,1905623,"Colbourn-Martirosyan-TVT-Walker fuse",1,"Colbourn-Martirosyan-TVT-Walker",1905623,"ARITHMETIC"
"fuse",4,24,677,1951823,"2,2-Restricted SCPHF RE (CL) fuse",1,"2,2-Restricted SCPHF RE (CL)",1951823,"ARITHMETIC"
"fuse",4,24,697,1952423,"2-Restricted SCPHF RE (CL) fuse",1,"2-Restricted SCPHF RE (CL)",1952423,"ARITHMETIC"
"fuse",4,24,708,1953023,"SCPHF Random Extension (CLS) fuse",1,"SCPHF Random Extension (CLS)",1953023,"ARITHMETIC"
"fuse",4,24,712,1953119,"CPHF Random Extension (CLS) fuse",1,"CPHF Random Extension (CLS)",1953119,"ARITHMETIC"
"fuse",4,24,1052,2296823,"3,3,3-Restricted SCPHF RE (CL) fuse",1,"3,3,3-Restricted SCPHF RE (CL)",2296823,"ARITHMETIC"
"fuse",4,24,1184,2312423,"3,3-Restricted SCPHF RE (CL) fuse",1,"3,3-Restricted SCPHF RE (CL)",2312423,"ARITHMETIC"
"fuse",4,24,1396,2327423,"3,2-Restricted SCPHF RE (CL) fuse",1,"3,2-Restricted SCPHF RE (CL)",2327423,"ARITHMETIC"
"fuse",4,24,1433,2328023,"3-Restricted SCPHF RE (CL) fuse",1,"3-Restricted SCPHF RE (CL)",2328023,"ARITHMETIC"
"fuse",4,24,1471,2342423,"2,2-Restricted SCPHF RE (CL) fuse",1,"2,2-Restricted SCPHF RE (CL)",2342423,"ARITHMETIC"
"fuse",4,24,1630,2343023,"2-Restricted SCPHF RE (CL) fuse",1,"2-Restricted SCPHF RE (CL)",2343023,"ARITHMETIC"
"fuse",4,24,1675,2343623,"SCPHF Random Extension (CLS) fuse",1,"SCPHF Random Extension (CLS)",2343623,"ARITHMETIC"
"fuse",4,24,1706,2343743,"CPHF Random Extension (CLS) fuse",1,"CPHF Random Extension (CLS)",2343743,"ARITHMETIC"
"fuse",4,24,3003,2734223,"SCPHF Random Extension (CLS) fuse",1,"SCPHF Random Extension (CLS)",2734223,"ARITHMETIC"
"fuse",4,24,3063,2734367,"CPHF Random Extension (CLS) fuse",1,"CPHF Random Extension (CLS)",2734367,"ARITHMETIC"
"fuse",4,24,4700,3780623,"Colbourn-Martirosyan-TVT-Walker fuse",1,"Colbourn-Martirosyan-TVT-Walker",3780623,"ARITHMETIC"
"fuse",4,24,5525,3795623,"Colbourn-Martirosyan-TVT-Walker fuse",1,"Colbourn-Martirosyan-TVT-Walker",3795623,"ARITHMETIC"
"fuse",4,24,5550,3796223,"Colbourn-Martirosyan-TVT-Walker fuse",1,"Colbourn-Martirosyan-TVT-Walker",3796223,"ARITHMETIC"
"fuse",4,24,6675,3810623,"Colbourn-Martirosyan-TVT-Walker fuse",1,"Colbourn-Martirosyan-TVT-Walker",3810623,"ARITHMETIC"
"fuse",4,24,6975,3811823,"Colbourn-Martirosyan-TVT-Walker fuse",1,"Colbourn-Martirosyan-TVT-Walker",3811823,"ARITHMETIC"
"fuse",4,24,8600,3811895,"Colbourn-Martirosyan-TVT-Walker fuse",1,"Colbourn-Martirosyan-TVT-Walker",3811895,"ARITHMETIC"
"fuse",4,24,10000,4155023,"Colbourn-Martirosyan-TVT-Walker fuse",1,"Colbourn-Martirosyan-TVT-Walker",4155023,"ARITHMETIC"
"fuse",5,24,26,9765623,"orthogonal array fuse",1,"orthogonal array",9765623,"ARITHMETIC"
"fuse",5,24,28,14348901,"orthogonal array fuse fuse fuse",3,"orthogonal array",NA,"INGREDIENT_OUTSIDE_TABLE"
"fuse",5,24,30,20511139,"orthogonal array fuse fuse fuse fuse fuse",5,"orthogonal array",NA,"INGREDIENT_OUTSIDE_TABLE"
"fuse",5,24,32,28629137,"orthogonal array fuse fuse fuse fuse fuse fuse fuse",7,"orthogonal array",NA,"INGREDIENT_OUTSIDE_TABLE"
"fuse",5,24,42,28906223,"4-Restricted SCPHF RE (CL) fuse",1,"4-Restricted SCPHF RE (CL)",28906223,"ARITHMETIC"
"fuse",5,24,49,29281223,"3-Restricted SCPHF RE (CL) fuse",1,"3-Restricted SCPHF RE (CL)",29281223,"ARITHMETIC"
"fuse",5,24,54,29296871,"CPHF IPO 3 (WCS) fuse",1,"CPHF IPO 3 (WCS)",29296871,"ARITHMETIC"
"fuse",5,24,76,38281223,"4,4-Restricted SCPHF RE (CL) fuse",1,"4,4-Restricted SCPHF RE (CL)",38281223,"ARITHMETIC"
"fuse",5,24,88,38671823,"4-Restricted SCPHF RE (CL) fuse",1,"4-Restricted SCPHF RE (CL)",38671823,"ARITHMETIC"
"fuse",5,24,94,39046823,"3-Restricted SCPHF RE (CL) fuse",1,"3-Restricted SCPHF RE (CL)",39046823,"ARITHMETIC"
"fuse",5,24,96,39061823,"2-Restricted SCPHF RE (CL) fuse",1,"2-Restricted SCPHF RE (CL)",39061823,"ARITHMETIC"
"fuse",5,24,97,39062423,"SCPHF Random Extension (CLS) fuse",1,"SCPHF Random Extension (CLS)",39062423,"ARITHMETIC"
"fuse",5,24,113,39062495,"CPHF IPO 4 (WCS) fuse",1,"CPHF IPO 4 (WCS)",39062495,"ARITHMETIC"
"fuse",5,24,147,48046823,"4,4-Restricted SCPHF RE (CL) fuse",1,"4,4-Restricted SCPHF RE (CL)",48046823,"ARITHMETIC"
"fuse",5,24,166,48437423,"4-Restricted SCPHF RE (CL) fuse",1,"4-Restricted SCPHF RE (CL)",48437423,"ARITHMETIC"
"fuse",5,24,184,48812423,"3-Restricted SCPHF RE (CL) fuse",1,"3-Restricted SCPHF RE (CL)",48812423,"ARITHMETIC"
"fuse",5,24,194,48827423,"2-Restricted SCPHF RE (CL) fuse",1,"2-Restricted SCPHF RE (CL)",48827423,"ARITHMETIC"
"fuse",5,24,197,48828023,"SCPHF Random Extension (CLS) fuse",1,"SCPHF Random Extension (CLS)",48828023,"ARITHMETIC"
"fuse",5,24,249,57421823,"4,4,4-Restricted SCPHF RE (CL) fuse",1,"4,4,4-Restricted SCPHF RE (CL)",57421823,"ARITHMETIC"
"fuse",5,24,288,57812423,"4,4-Restricted SCPHF RE (CL) fuse",1,"4,4-Restricted SCPHF RE (CL)",57812423,"ARITHMETIC"
"fuse",5,24,332,58203023,"4-Restricted SCPHF RE (CL) fuse",1,"4-Restricted SCPHF RE (CL)",58203023,"ARITHMETIC"
"fuse",5,24,386,58578023,"3-Restricted SCPHF RE (CL) fuse",1,"3-Restricted SCPHF RE (CL)",58578023,"ARITHMETIC"
"fuse",5,24,391,58593023,"2-Restricted SCPHF RE (CL) fuse",1,"2-Restricted SCPHF RE (CL)",58593023,"ARITHMETIC"
"fuse",5,24,406,58593623,"SCPHF Random Extension (CLS) fuse",1,"SCPHF Random Extension (CLS)",58593623,"ARITHMETIC"
"fuse",5,24,483,67187423,"4,4,4-Restricted SCPHF RE (CL) fuse",1,"4,4,4-Restricted SCPHF RE (CL)",67187423,"ARITHMETIC"
"fuse",5,24,568,67578023,"4,4-Restricted SCPHF RE (CL) fuse",1,"4,4-Restricted SCPHF RE (CL)",67578023,"ARITHMETIC"
"fuse",5,24,636,67968623,"4-Restricted SCPHF RE (CL) fuse",1,"4-Restricted SCPHF RE (CL)",67968623,"ARITHMETIC"
"fuse",5,24,701,68343623,"3-Restricted SCPHF RE (CL) fuse",1,"3-Restricted SCPHF RE (CL)",68343623,"ARITHMETIC"
"fuse",5,24,709,68358623,"2-Restricted SCPHF RE (CL) fuse",1,"2-Restricted SCPHF RE (CL)",68358623,"ARITHMETIC"
"fuse",5,24,712,68359223,"SCPHF Random Extension (CLS) fuse",1,"SCPHF Random Extension (CLS)",68359223,"ARITHMETIC"
"fuse",5,24,2500,195312023,"perfect hash family20,2500,25,c fuse",1,"perfect hash family20,2500,25,c",195312023,"ARITHMETIC"
"fuse",6,24,26,244140623,"orthogonal array fuse",1,"orthogonal array",244140623,"ARITHMETIC"
"fuse",6,24,28,387420483,"orthogonal array fuse fuse fuse",3,"orthogonal array",NA,"INGREDIENT_OUTSIDE_TABLE"
"fuse",6,24,30,594823311,"orthogonal array fuse fuse fuse fuse fuse",5,"orthogonal array",NA,"INGREDIENT_OUTSIDE_TABLE"
"fuse",6,24,31,732406223,"3-Restricted SCPHF RE (CL) fuse",1,"3-Restricted SCPHF RE (CL)",732406223,"ARITHMETIC"
"fuse",6,24,36,732421871,"CPHF IPO 3 (WCS) fuse",1,"CPHF IPO 3 (WCS)",732421871,"ARITHMETIC"
"fuse",6,24,43,957031223,"5,5-Restricted SCPHF RE (CL) fuse",1,"5,5-Restricted SCPHF RE (CL)",957031223,"ARITHMETIC"
"fuse",6,24,49,966796823,"5-Restricted SCPHF RE (CL) fuse",1,"5-Restricted SCPHF RE (CL)",966796823,"ARITHMETIC"
"fuse",6,24,54,976171823,"4-Restricted SCPHF RE (CL) fuse",1,"4-Restricted SCPHF RE (CL)",976171823,"ARITHMETIC"
"fuse",6,24,55,976561823,"2-Restricted SCPHF RE (CL) fuse",1,"2-Restricted SCPHF RE (CL)",976561823,"ARITHMETIC"
"fuse",6,24,56,976562423,"SCPHF Random Extension (CLS) fuse",1,"SCPHF Random Extension (CLS)",976562423,"ARITHMETIC"
"fuse",6,24,76,1201171823,"5,5-Restricted SCPHF RE (CL) fuse",1,"5,5-Restricted SCPHF RE (CL)",1201171823,"ARITHMETIC"
"fuse",6,24,82,1210937423,"5-Restricted SCPHF RE (CL) fuse",1,"5-Restricted SCPHF RE (CL)",1210937423,"ARITHMETIC"
"fuse",6,24,91,1220312423,"4-Restricted SCPHF RE (CL) fuse",1,"4-Restricted SCPHF RE (CL)",1220312423,"ARITHMETIC"
"fuse",6,24,93,1220687423,"3-Restricted SCPHF RE (CL) fuse",1,"3-Restricted SCPHF RE (CL)",1220687423,"ARITHMETIC"
"fuse",6,24,95,1220702423,"2-Restricted SCPHF RE (CL) fuse",1,"2-Restricted SCPHF RE (CL)",1220702423,"ARITHMETIC"
"fuse",6,24,96,1220703119,"CPHF Random Extension (CLS) fuse",1,"CPHF Random Extension (CLS)",1220703119,"ARITHMETIC"
"fuse",6,24,116,1435546823,"5,5,5-Restricted SCPHF RE (CL) fuse",1,"5,5,5-Restricted SCPHF RE (CL)",1435546823,"ARITHMETIC"
"fuse",6,24,132,1445312423,"5,5-Restricted SCPHF RE (CL) fuse",1,"5,5-Restricted SCPHF RE (CL)",1445312423,"ARITHMETIC"
"fuse",6,24,147,1455078023,"5-Restricted SCPHF RE (CL) fuse",1,"5-Restricted SCPHF RE (CL)",1455078023,"ARITHMETIC"
"fuse",6,24,161,1464453023,"4-Restricted SCPHF RE (CL) fuse",1,"4-Restricted SCPHF RE (CL)",1464453023,"ARITHMETIC"
"fuse",6,24,163,1464828023,"3-Restricted SCPHF RE (CL) fuse",1,"3-Restricted SCPHF RE (CL)",1464828023,"ARITHMETIC"
"fuse",6,24,166,1464843023,"2-Restricted SCPHF RE (CL) fuse",1,"2-Restricted SCPHF RE (CL)",1464843023,"ARITHMETIC"
"fuse",6,24,169,1464843623,"SCPHF Random Extension (CLS) fuse",1,"SCPHF Random Extension (CLS)",1464843623,"ARITHMETIC"
"fuse",6,24,265,1708984223,"SCPHF Random Extension (CLS) fuse",1,"SCPHF Random Extension (CLS)",1708984223,"ARITHMETIC"
"fuse",6,24,625,3906249623,"perfect hash family16,625,25,c fuse",1,"perfect hash family16,625,25,c",3906249623,"ARITHMETIC"
"fuse",3,25,28,19679,"orthogonal array fuse fuse",2,"orthogonal array",NA,"INGREDIENT_OUTSIDE_TABLE"
"fuse",3,25,705,39335,"SCPHF LFSR (TJ-IM) fuse fuse",2,"SCPHF LFSR (TJ-IM)",NA,"INGREDIENT_OUTSIDE_TABLE"
"fuse",3,25,757,39361,"Raaphorst-Moura-Stevens fuse fuse",2,"Raaphorst-Moura-Stevens",NA,"INGREDIENT_OUTSIDE_TABLE"
"fuse",3,25,815,48741,"SCPHF LFSR (TJ-IM) fuse fuse fuse fuse",4,"SCPHF LFSR (TJ-IM)",NA,"INGREDIENT_OUTSIDE_TABLE"
"fuse",3,25,871,48769,"Raaphorst-Moura-Stevens fuse fuse fuse fuse",4,"Raaphorst-Moura-Stevens",NA,"INGREDIENT_OUTSIDE_TABLE"
"fuse",3,25,933,59539,"SCPHF LFSR (TJ-IM) fuse fuse fuse fuse fuse fuse",6,"SCPHF LFSR (TJ-IM)",NA,"INGREDIENT_OUTSIDE_TABLE"
"fuse",3,25,993,59569,"Raaphorst-Moura-Stevens fuse fuse fuse fuse fuse fuse",6,"Raaphorst-Moura-Stevens",NA,"INGREDIENT_OUTSIDE_TABLE"
"fuse",4,25,28,531437,"orthogonal array fuse fuse",2,"orthogonal array",NA,"INGREDIENT_OUTSIDE_TABLE"
"fuse",4,25,30,707273,"orthogonal array fuse fuse fuse fuse",4,"orthogonal array",NA,"INGREDIENT_OUTSIDE_TABLE"
"fuse",5,25,28,14348903,"orthogonal array fuse fuse",2,"orthogonal array",NA,"INGREDIENT_OUTSIDE_TABLE"
"fuse",5,25,30,20511141,"orthogonal array fuse fuse fuse fuse",4,"orthogonal array",NA,"INGREDIENT_OUTSIDE_TABLE"
"fuse",5,25,32,28629139,"orthogonal array fuse fuse fuse fuse fuse fuse",6,"orthogonal array",NA,"INGREDIENT_OUTSIDE_TABLE"
"fuse",6,25,28,387420485,"orthogonal array fuse fuse",2,"orthogonal array",NA,"INGREDIENT_OUTSIDE_TABLE"
"fuse",6,25,30,594823313,"orthogonal array fuse fuse fuse fuse",4,"orthogonal array",NA,"INGREDIENT_OUTSIDE_TABLE"
