"family","t","v","k","N","Source","N_pred","tier"
"Derive",3,2,5,10,"Derive from strength 4",10,"ARITHMETIC"
"Derive",3,2,11,12,"Derive from strength 4",12,"ARITHMETIC"
"Derive",3,2,16,17,"Derive from strength 4",17,"ARITHMETIC"
"Derive",4,2,5,16,"Derive from strength 5",16,"ARITHMETIC"
"Derive",4,2,6,21,"Derive from strength 5",21,"ARITHMETIC"
"Derive",4,2,13,32,"Derive from strength 5",32,"ARITHMETIC"
"Derive",4,2,79,79,"Derive from strength 5",79,"ARITHMETIC"
"Derive",5,2,1230,615,"Derive from strength 6",615,"ARITHMETIC"
"Derive",5,2,1282,641,"Derive from strength 6",641,"ARITHMETIC"
"Derive",5,2,1318,659,"Derive from strength 6",659,"ARITHMETIC"
"Derive",5,2,1360,680,"Derive from strength 6",680,"ARITHMETIC"
"Derive",5,2,1366,683,"Derive from strength 6",683,"ARITHMETIC"
"Derive",5,2,1372,686,"Derive from strength 6",686,"ARITHMETIC"
"Derive",5,2,1380,690,"Derive from strength 6",690,"ARITHMETIC"
"Derive",5,2,1422,711,"Derive from strength 6",711,"ARITHMETIC"
"Derive",5,2,1426,713,"Derive from strength 6",713,"ARITHMETIC"
"Derive",5,2,1428,714,"Derive from strength 6",714,"ARITHMETIC"
"Derive",5,2,1438,719,"Derive from strength 6",719,"ARITHMETIC"
"Derive",5,2,1446,723,"Derive from strength 6",723,"ARITHMETIC"
"Derive",5,2,1458,729,"Derive from strength 6",729,"ARITHMETIC"
"Derive",5,2,1482,741,"Derive from strength 6",741,"ARITHMETIC"
"Derive",5,2,1486,743,"Derive from strength 6",743,"ARITHMETIC"
"Derive",5,2,1492,746,"Derive from strength 6",746,"ARITHMETIC"
"Derive",5,2,1498,749,"Derive from strength 6",749,"ARITHMETIC"
"Derive",5,2,1510,755,"Derive from strength 6",755,"ARITHMETIC"
"Derive",5,2,1522,761,"Derive from strength 6",761,"ARITHMETIC"
"Derive",5,2,1548,774,"Derive from strength 6",774,"ARITHMETIC"
"Derive",5,2,1558,779,"Derive from strength 6",779,"ARITHMETIC"
"Derive",5,2,1566,783,"Derive from strength 6",783,"ARITHMETIC"
"Derive",5,2,1570,785,"Derive from strength 6",785,"ARITHMETIC"
"Derive",5,2,1578,789,"Derive from strength 6",789,"ARITHMETIC"
"Derive",5,2,1582,791,"Derive from strength 6",791,"ARITHMETIC"
"Derive",2,3,5,11,"Derive from strength 3",11,"ARITHMETIC"
"Derive",4,3,5,81,"Derive from strength 5",81,"ARITHMETIC"
"Derive",4,3,9,135,"Derive from strength 5",135,"ARITHMETIC"
"Derive",4,3,6982,2327,"Derive from strength 5",2327,"ARITHMETIC"
"Derive",4,3,7012,2337,"Derive from strength 5",2337,"ARITHMETIC"
"Derive",2,4,5,16,"Derive from strength 3",16,"ARITHMETIC"
"Derive",4,4,5,256,"Derive from strength 5",256,"ARITHMETIC"
"Derive",4,4,9,448,"Derive from strength 5",448,"ARITHMETIC"
"Derive",4,5,11,1125,"Derive from strength 5",1125,"ARITHMETIC"
"Derive",3,6,4,216,"Derive from strength 4",216,"ARITHMETIC"
"Derive",4,6,5,1296,"Derive from strength 5",1296,"ARITHMETIC"
"Derive",5,6,6,7776,"Derive from strength 6",7776,"ARITHMETIC"
"Derive",2,8,9,64,"Derive from strength 3",64,"ARITHMETIC"
"Derive",3,10,4,1000,"Derive from strength 4",1000,"ARITHMETIC"
"Derive",4,10,5,10000,"Derive from strength 5",10000,"ARITHMETIC"
"Derive",5,10,6,1e+05,"Derive from strength 6",1e+05,"ARITHMETIC"
"Derive",4,12,5,20736,"Derive from strength 5",20736,"ARITHMETIC"
"Derive",5,12,6,248832,"Derive from strength 6",248832,"ARITHMETIC"
"Derive",3,14,4,2744,"Derive from strength 4",2744,"ARITHMETIC"
"Derive",4,14,5,38416,"Derive from strength 5",38416,"ARITHMETIC"
"Derive",5,14,6,537824,"Derive from strength 6",537824,"ARITHMETIC"
"Derive",4,15,5,50625,"Derive from strength 5",50625,"ARITHMETIC"
"Derive",4,15,6,57375,"Derive from strength 5",57375,"ARITHMETIC"
"Derive",5,15,6,759375,"Derive from strength 6",759375,"ARITHMETIC"
"Derive",2,16,17,256,"Derive from strength 3",256,"ARITHMETIC"
"Derive",3,18,4,5832,"Derive from strength 4",5832,"ARITHMETIC"
"Derive",4,18,5,104976,"Derive from strength 5",104976,"ARITHMETIC"
"Derive",4,18,6,108621,"Derive from strength 5",108621,"ARITHMETIC"
"Derive",5,18,6,1889568,"Derive from strength 6",1889568,"ARITHMETIC"
"Derive",4,20,5,160000,"Derive from strength 5",160000,"ARITHMETIC"
"Derive",5,20,6,3200000,"Derive from strength 6",3200000,"ARITHMETIC"
"Derive",4,21,5,194481,"Derive from strength 5",194481,"ARITHMETIC"
"Derive",4,21,6,213003,"Derive from strength 5",213003,"ARITHMETIC"
"Derive",5,21,6,4084101,"Derive from strength 6",4084101,"ARITHMETIC"
"Derive",3,22,4,10648,"Derive from strength 4",10648,"ARITHMETIC"
"Derive",4,22,5,234256,"Derive from strength 5",234256,"ARITHMETIC"
"Derive",5,22,6,5153632,"Derive from strength 6",5153632,"ARITHMETIC"
"Derive",4,24,5,331776,"Derive from strength 5",331776,"ARITHMETIC"
"Derive",5,24,6,7962624,"Derive from strength 6",7962624,"ARITHMETIC"
"Add n factors",6,2,2504,3047,"Add 1 factors",3047,"ARITHMETIC"
"Add n factors",6,2,2505,3591,"Add 1 factors",3591,"ARITHMETIC"
"Add n factors",6,2,2506,4135,"Add 1 factors",4135,"ARITHMETIC"
"Add n factors",6,2,2507,4679,"Add 1 factors",4679,"ARITHMETIC"
"Add n factors",5,3,2684,6953,"Add 1 factors",6953,"ARITHMETIC"
"Add n factors",5,3,7014,9101,"Add 1 factors",9101,"ARITHMETIC"
"Add n factors",5,3,7015,9803,"Add 2 factors",NA,"ARITH_OPEN"
"Add n factors",5,3,7016,9965,"Add 3 factors",NA,"ARITH_OPEN"
"Add n factors",6,3,351,19675,"Add 1 factors",19675,"ARITHMETIC"
"Add n factors",6,3,352,22969,"Add 2 factors",NA,"ARITH_OPEN"
"Add n factors",6,3,353,24427,"Add 3 factors",NA,"ARITH_OPEN"
"Add n factors",6,3,354,29635,"Add 3 factors",NA,"ARITH_OPEN"
"Add n factors",6,3,355,32929,"Add 3 factors",NA,"ARITH_OPEN"
"Add n factors",6,3,356,34387,"Add 3 factors",NA,"ARITH_OPEN"
"Add n factors",6,3,357,39595,"Add 3 factors",NA,"ARITH_OPEN"
"Add n factors",6,3,358,42889,"Add 3 factors",NA,"ARITH_OPEN"
"Add n factors",6,3,359,44347,"Add 3 factors",NA,"ARITH_OPEN"
"Add n factors",6,3,360,49555,"Add 3 factors",NA,"ARITH_OPEN"
"Add n factors",5,4,2161,26765,"Add 1 factors",26765,"ARITHMETIC"
"Add n factors",5,4,2162,29645,"Add 2 factors",NA,"ARITH_OPEN"
"Add n factors",5,4,2163,30413,"Add 3 factors",NA,"ARITH_OPEN"
"Add n factors",5,4,2164,31181,"Add 4 factors",NA,"ARITH_OPEN"
"Add n factors",5,4,2165,34815,"Add 5 factors",NA,"ARITH_OPEN"
"Add n factors",5,4,2166,40985,"Add 4 factors",NA,"ARITH_OPEN"
"Add n factors",5,4,2167,41753,"Add 4 factors",NA,"ARITH_OPEN"
"Add n factors",5,4,2168,42521,"Add 4 factors",NA,"ARITH_OPEN"
"Add n factors",6,4,225,84118,"Add 1 factors",84118,"ARITHMETIC"
"Add n factors",6,4,301,114785,"Add 1 factors",114785,"ARITHMETIC"
"Add n factors",6,4,302,132833,"Add 2 factors",NA,"ARITH_OPEN"
"Add n factors",6,4,303,142049,"Add 3 factors",NA,"ARITH_OPEN"
"Add n factors",6,4,304,145121,"Add 4 factors",NA,"ARITH_OPEN"
"Add n factors",6,4,305,167297,"Add 4 factors",NA,"ARITH_OPEN"
"Add n factors",6,4,306,184798,"Add 6 factors",NA,"ARITH_OPEN"
"Add n factors",6,4,307,194561,"Add 4 factors",NA,"ARITH_OPEN"
"Add n factors",6,4,308,197633,"Add 4 factors",NA,"ARITH_OPEN"
"Add n factors",6,4,309,219809,"Add 4 factors",NA,"ARITH_OPEN"
"Add n factors",6,4,721,332039,"Add 1 factors",332039,"ARITHMETIC"
"Add n factors",6,4,722,354119,"Add 2 factors",NA,"ARITH_OPEN"
"Add n factors",6,4,723,364487,"Add 3 factors",NA,"ARITH_OPEN"
"Add n factors",6,4,724,367559,"Add 4 factors",NA,"ARITH_OPEN"
"Add n factors",5,5,2401,75773,"Add 1 factors",75773,"ARITHMETIC"
"Add n factors",5,5,2402,85273,"Add 2 factors",NA,"ARITH_OPEN"
"Add n factors",5,5,2403,87773,"Add 3 factors",NA,"ARITH_OPEN"
"Add n factors",5,5,2405,90273,"Add 5 factors",NA,"ARITH_OPEN"
"Add n factors",5,5,2406,109813,"Add 5 factors",NA,"ARITH_OPEN"
"Add n factors",5,5,2407,119313,"Add 5 factors",NA,"ARITH_OPEN"
"Add n factors",5,5,2408,121813,"Add 5 factors",NA,"ARITH_OPEN"
"Add n factors",5,5,2410,124313,"Add 5 factors",NA,"ARITH_OPEN"
"Add n factors",6,5,721,434157,"Add 1 factors",434157,"ARITHMETIC"
"Add n factors",6,5,722,513857,"Add 2 factors",NA,"ARITH_OPEN"
"Add n factors",6,5,723,553857,"Add 3 factors",NA,"ARITH_OPEN"
"Add n factors",6,5,724,566357,"Add 4 factors",NA,"ARITH_OPEN"
"Add n factors",6,5,725,578857,"Add 5 factors",NA,"ARITH_OPEN"
"Add n factors",6,5,726,714777,"Add 6 factors",NA,"ARITH_OPEN"
"Add n factors",6,5,727,795857,"Add 5 factors",NA,"ARITH_OPEN"
"Add n factors",6,5,728,835857,"Add 5 factors",NA,"ARITH_OPEN"
"Add n factors",6,5,729,848357,"Add 5 factors",NA,"ARITH_OPEN"
"Add n factors",6,5,730,860857,"Add 5 factors",NA,"ARITH_OPEN"
"Add n factors",6,5,731,996777,"Add 6 factors",NA,"ARITH_OPEN"
"Add n factors",5,6,703,258257,"Add 1 factors",258257,"ARITHMETIC"
"Add n factors",5,6,704,280037,"Add 2 factors",NA,"ARITH_OPEN"
"Add n factors",5,6,706,308593,"Add 4 factors",NA,"ARITH_OPEN"
"Add n factors",5,6,707,312538,"Add 5 factors",NA,"ARITH_OPEN"
"Add n factors",5,6,709,338441,"Add 7 factors",NA,"ARITH_OPEN"
"Add n factors",5,6,2815,706773,"Add 1 factors",706773,"ARITHMETIC"
"Add n factors",5,6,2816,732513,"Add 2 factors",NA,"ARITH_OPEN"
"Add n factors",5,6,2817,748363,"Add 5 factors",NA,"ARITH_OPEN"
"Add n factors",5,6,2818,765802,"Add 4 factors",NA,"ARITH_OPEN"
"Add n factors",5,6,2819,770143,"Add 5 factors",NA,"ARITH_OPEN"
"Add n factors",5,6,2821,801669,"Add 7 factors",NA,"ARITH_OPEN"
"Add n factors",6,6,245,1888349,"Add 1 factors",1888349,"ARITHMETIC"
"Add n factors",6,6,246,2101829,"Add 2 factors",NA,"ARITH_OPEN"
"Add n factors",6,6,247,2526905,"Add 3 factors",NA,"ARITH_OPEN"
"Add n factors",6,6,249,2527986,"Add 5 factors",NA,"ARITH_OPEN"
"Add n factors",6,6,250,2614426,"Add 6 factors",NA,"ARITH_OPEN"
"Add n factors",6,6,251,2828999,"Add 7 factors",NA,"ARITH_OPEN"
"Add n factors",6,6,252,3305639,"Add 7 factors",NA,"ARITH_OPEN"
"Add n factors",6,6,253,3525599,"Add 2 factors",NA,"ARITH_OPEN"
"Add n factors",6,6,254,3655167,"Add 5 factors",NA,"ARITH_OPEN"
"Add n factors",6,6,255,3741607,"Add 5 factors",NA,"ARITH_OPEN"
"Add n factors",6,6,256,3829390,"Add 6 factors",NA,"ARITH_OPEN"
"Add n factors",6,6,257,4043963,"Add 6 factors",NA,"ARITH_OPEN"
"Add n factors",6,6,258,4258931,"Add 7 factors",NA,"ARITH_OPEN"
"Add n factors",6,6,259,4735571,"Add 7 factors",NA,"ARITH_OPEN"
"Add n factors",6,6,260,4868788,"Add 5 factors",NA,"ARITH_OPEN"
"Add n factors",6,6,261,4956571,"Add 6 factors",NA,"ARITH_OPEN"
"Add n factors",6,6,262,5044354,"Add 6 factors",NA,"ARITH_OPEN"
"Add n factors",6,6,626,8006080,"Add 1 factors",8006080,"ARITHMETIC"
"Add n factors",6,6,627,8265280,"Add 2 factors",NA,"ARITH_OPEN"
"Add n factors",6,6,965,9300210,"Add 1 factors",9300210,"ARITHMETIC"
"Add n factors",6,6,2212,10359044,"Add 1 factors",10359044,"ARITHMETIC"
"Add n factors",6,6,2213,10732184,"Add 2 factors",NA,"ARITH_OPEN"
"Add n factors",6,6,7926,13070836,"Add 1 factors",13070836,"ARITHMETIC"
"Add n factors",5,7,703,293293,"Add 1 factors",293293,"ARITHMETIC"
"Add n factors",5,7,704,338275,"Add 2 factors",NA,"ARITH_OPEN"
"Add n factors",5,7,705,352681,"Add 3 factors",NA,"ARITH_OPEN"
"Add n factors",5,7,709,367087,"Add 7 factors",NA,"ARITH_OPEN"
"Add n factors",5,7,813,468712,"Add 1 factors",468712,"ARITHMETIC"
"Add n factors",5,7,814,515164,"Add 2 factors",NA,"ARITH_OPEN"
"Add n factors",5,7,815,529570,"Add 3 factors",NA,"ARITH_OPEN"
"Add n factors",6,7,245,2101729,"Add 1 factors",2101729,"ARITHMETIC"
"Add n factors",6,7,246,2548315,"Add 2 factors",NA,"ARITH_OPEN"
"Add n factors",6,7,247,2822029,"Add 3 factors",NA,"ARITH_OPEN"
"Add n factors",6,7,248,2922871,"Add 4 factors",NA,"ARITH_OPEN"
"Add n factors",6,7,251,3023713,"Add 7 factors",NA,"ARITH_OPEN"
"Add n factors",6,7,252,3724315,"Add 7 factors",NA,"ARITH_OPEN"
"Add n factors",6,7,253,4170901,"Add 7 factors",NA,"ARITH_OPEN"
"Add n factors",6,7,254,4444615,"Add 7 factors",NA,"ARITH_OPEN"
"Add n factors",6,7,255,4545457,"Add 7 factors",NA,"ARITH_OPEN"
"Add n factors",6,7,258,4646299,"Add 7 factors",NA,"ARITH_OPEN"
"Add n factors",6,7,389,6352482,"Add 1 factors",6352482,"ARITHMETIC"
"Add n factors",6,7,626,8335914,"Add 1 factors",8335914,"ARITHMETIC"
"Add n factors",6,7,2212,10991274,"Add 1 factors",10991274,"ARITHMETIC"
"Add n factors",5,8,813,531000,"Add 1 factors",531000,"ARITHMETIC"
"Add n factors",5,8,814,616120,"Add 2 factors",NA,"ARITH_OPEN"
"Add n factors",5,8,815,644792,"Add 3 factors",NA,"ARITH_OPEN"
"Add n factors",5,8,820,673464,"Add 8 factors",NA,"ARITH_OPEN"
"Add n factors",5,8,821,793824,"Add 9 factors",NA,"ARITH_OPEN"
"Add n factors",5,8,822,900936,"Add 8 factors",NA,"ARITH_OPEN"
"Add n factors",5,8,823,929608,"Add 8 factors",NA,"ARITH_OPEN"
"Add n factors",5,8,824,933543,"Add 8 factors",NA,"ARITH_OPEN"
"Add n factors",5,8,826,933935,"Add 8 factors",NA,"ARITH_OPEN"
"Add n factors",5,8,828,958672,"Add 8 factors",NA,"ARITH_OPEN"
"Add n factors",6,8,238,4259480,"Add 1 factors",4259480,"ARITHMETIC"
"Add n factors",6,8,239,5126808,"Add 2 factors",NA,"ARITH_OPEN"
"Add n factors",6,8,240,5739672,"Add 3 factors",NA,"ARITH_OPEN"
"Add n factors",6,8,241,5969048,"Add 4 factors",NA,"ARITH_OPEN"
"Add n factors",6,8,242,6194840,"Add 8 factors",NA,"ARITH_OPEN"
"Add n factors",6,8,245,6198424,"Add 8 factors",NA,"ARITH_OPEN"
"Add n factors",6,8,246,7574400,"Add 8 factors",NA,"ARITH_OPEN"
"Add n factors",6,8,247,8441728,"Add 8 factors",NA,"ARITH_OPEN"
"Add n factors",6,8,248,9054592,"Add 8 factors",NA,"ARITH_OPEN"
"Add n factors",6,8,249,9283968,"Add 8 factors",NA,"ARITH_OPEN"
"Add n factors",6,8,250,9509760,"Add 8 factors",NA,"ARITH_OPEN"
"Add n factors",6,8,251,9513344,"Add 8 factors",NA,"ARITH_OPEN"
"Add n factors",6,8,253,9552768,"Add 8 factors",NA,"ARITH_OPEN"
"Add n factors",5,9,819,888417,"Add 1 factors",888417,"ARITHMETIC"
"Add n factors",5,9,820,1034217,"Add 2 factors",NA,"ARITH_OPEN"
"Add n factors",5,9,821,1086705,"Add 3 factors",NA,"ARITH_OPEN"
"Add n factors",5,9,827,1139193,"Add 9 factors",NA,"ARITH_OPEN"
"Add n factors",5,9,828,1378881,"Add 9 factors",NA,"ARITH_OPEN"
"Add n factors",5,9,829,1524681,"Add 9 factors",NA,"ARITH_OPEN"
"Add n factors",5,9,830,1577673,"Add 9 factors",NA,"ARITH_OPEN"
"Add n factors",5,9,836,1644633,"Add 9 factors",NA,"ARITH_OPEN"
"Add n factors",6,9,211,8088417,"Add 1 factors",8088417,"ARITHMETIC"
"Add n factors",6,9,212,9867177,"Add 2 factors",NA,"ARITH_OPEN"
"Add n factors",6,9,213,11062737,"Add 3 factors",NA,"ARITH_OPEN"
"Add n factors",6,9,214,11535129,"Add 4 factors",NA,"ARITH_OPEN"
"Add n factors",6,9,219,12007521,"Add 9 factors",NA,"ARITH_OPEN"
"Add n factors",6,9,220,14781609,"Add 9 factors",NA,"ARITH_OPEN"
"Add n factors",6,9,221,16560369,"Add 9 factors",NA,"ARITH_OPEN"
"Add n factors",6,9,222,17755929,"Add 9 factors",NA,"ARITH_OPEN"
"Add n factors",6,9,223,18228321,"Add 9 factors",NA,"ARITH_OPEN"
"Add n factors",6,9,228,18700713,"Add 9 factors",NA,"ARITH_OPEN"
"Add n factors",6,9,479,29869312,"Add 1 factors",29869312,"ARITHMETIC"
"Add n factors",6,9,962,35665032,"Add 1 factors",35665032,"ARITHMETIC"
"Add n factors",6,9,1851,41918888,"Add 1 factors",41918888,"ARITHMETIC"
"Add n factors",5,10,828,2154669,"Add 1 factors",2154669,"ARITHMETIC"
"Add n factors",5,10,829,2428269,"Add 2 factors",NA,"ARITH_OPEN"
"Add n factors",5,10,831,2674539,"Add 4 factors",NA,"ARITH_OPEN"
"Add n factors",5,10,832,2725485,"Add 5 factors",NA,"ARITH_OPEN"
"Add n factors",5,10,838,2923259,"Add 11 factors",NA,"ARITH_OPEN"
"Add n factors",5,10,839,3468839,"Add 11 factors",NA,"ARITH_OPEN"
"Add n factors",5,10,840,3742439,"Add 11 factors",NA,"ARITH_OPEN"
"Add n factors",5,10,842,3988709,"Add 11 factors",NA,"ARITH_OPEN"
"Add n factors",5,10,843,4039655,"Add 11 factors",NA,"ARITH_OPEN"
"Add n factors",5,10,849,4237429,"Add 11 factors",NA,"ARITH_OPEN"
"Add n factors",5,10,7922,8049942,"Add 1 factors",8049942,"ARITHMETIC"
"Add n factors",6,10,209,22531869,"Add 1 factors",22531869,"ARITHMETIC"
"Add n factors",6,10,210,25780869,"Add 2 factors",NA,"ARITH_OPEN"
"Add n factors",6,10,211,30557459,"Add 3 factors",NA,"ARITH_OPEN"
"Add n factors",6,10,213,31776963,"Add 5 factors",NA,"ARITH_OPEN"
"Add n factors",6,10,214,33037482,"Add 6 factors",NA,"ARITH_OPEN"
"Add n factors",6,10,215,34761659,"Add 11 factors",NA,"ARITH_OPEN"
"Add n factors",6,10,216,34766059,"Add 11 factors",NA,"ARITH_OPEN"
"Add n factors",6,10,217,34792679,"Add 11 factors",NA,"ARITH_OPEN"
"Add n factors",6,10,219,34805989,"Add 11 factors",NA,"ARITH_OPEN"
"Add n factors",6,10,220,41393899,"Add 11 factors",NA,"ARITH_OPEN"
"Add n factors",6,10,251,51104581,"Add 1 factors",51104581,"ARITHMETIC"
"Add n factors",6,10,252,54353581,"Add 2 factors",NA,"ARITH_OPEN"
"Add n factors",6,10,253,59473211,"Add 3 factors",NA,"ARITH_OPEN"
"Add n factors",6,10,530,94123858,"Add 1 factors",94123858,"ARITHMETIC"
"Add n factors",6,10,2211,135860282,"Add 1 factors",135860282,"ARITHMETIC"
"Add n factors",5,11,828,2287901,"Add 1 factors",2287901,"ARITHMETIC"
"Add n factors",5,11,829,2700511,"Add 2 factors",NA,"ARITH_OPEN"
"Add n factors",5,11,830,2846921,"Add 3 factors",NA,"ARITH_OPEN"
"Add n factors",5,11,838,2993331,"Add 11 factors",NA,"ARITH_OPEN"
"Add n factors",5,11,839,3672141,"Add 11 factors",NA,"ARITH_OPEN"
"Add n factors",5,11,840,3896051,"Add 13 factors",NA,"ARITH_OPEN"
"Add n factors",5,11,841,4231161,"Add 11 factors",NA,"ARITH_OPEN"
"Add n factors",5,11,849,4377571,"Add 11 factors",NA,"ARITH_OPEN"
"Add n factors",5,11,1240,5506080,"Add 1 factors",5506080,"ARITHMETIC"
"Add n factors",5,11,7922,8228560,"Add 1 factors",8228560,"ARITHMETIC"
"Add n factors",6,11,209,23996071,"Add 1 factors",23996071,"ARITHMETIC"
"Add n factors",6,11,210,29293451,"Add 2 factors",NA,"ARITH_OPEN"
"Add n factors",6,11,211,33113421,"Add 3 factors",NA,"ARITH_OPEN"
"Add n factors",6,11,212,34723931,"Add 4 factors",NA,"ARITH_OPEN"
"Add n factors",6,11,215,36250181,"Add 11 factors",NA,"ARITH_OPEN"
"Add n factors",6,11,219,36334441,"Add 11 factors",NA,"ARITH_OPEN"
"Add n factors",6,11,251,52807783,"Add 1 factors",52807783,"ARITHMETIC"
"Add n factors",6,11,252,58105163,"Add 2 factors",NA,"ARITH_OPEN"
"Add n factors",6,11,329,73287650,"Add 1 factors",73287650,"ARITHMETIC"
"Add n factors",6,11,2211,138494110,"Add 1 factors",138494110,"ARITHMETIC"
"Add n factors",5,12,768,4496135,"Add 1 factors",4496135,"ARITHMETIC"
"Add n factors",5,12,769,5180423,"Add 2 factors",NA,"ARITH_OPEN"
"Add n factors",5,12,770,5408519,"Add 3 factors",NA,"ARITH_OPEN"
"Add n factors",5,12,771,5717257,"Add 4 factors",NA,"ARITH_OPEN"
"Add n factors",5,12,772,5755372,"Add 5 factors",NA,"ARITH_OPEN"
"Add n factors",5,12,777,6241103,"Add 13 factors",NA,"ARITH_OPEN"
"Add n factors",5,12,780,6241259,"Add 13 factors",NA,"ARITH_OPEN"
"Add n factors",5,12,781,7395863,"Add 13 factors",NA,"ARITH_OPEN"
"Add n factors",5,12,782,8080151,"Add 13 factors",NA,"ARITH_OPEN"
"Add n factors",5,12,783,8308247,"Add 13 factors",NA,"ARITH_OPEN"
"Add n factors",5,12,784,8616985,"Add 13 factors",NA,"ARITH_OPEN"
"Add n factors",5,12,785,8655100,"Add 13 factors",NA,"ARITH_OPEN"
"Add n factors",5,12,786,9140831,"Add 13 factors",NA,"ARITH_OPEN"
"Add n factors",5,12,788,9142703,"Add 13 factors",NA,"ARITH_OPEN"
"Add n factors",5,12,789,9144575,"Add 13 factors",NA,"ARITH_OPEN"
"Add n factors",5,12,790,9146447,"Add 13 factors",NA,"ARITH_OPEN"
"Add n factors",5,12,793,9146603,"Add 13 factors",NA,"ARITH_OPEN"
"Add n factors",5,12,3723,15015306,"Add 1 factors",15015306,"ARITHMETIC"
"Add n factors",6,12,251,62243123,"Add 1 factors",62243123,"ARITHMETIC"
"Add n factors",6,12,252,73685939,"Add 2 factors",NA,"ARITH_OPEN"
"Add n factors",6,12,253,80224691,"Add 3 factors",NA,"ARITH_OPEN"
"Add n factors",6,12,255,88740837,"Add 5 factors",NA,"ARITH_OPEN"
"Add n factors",6,12,256,92536975,"Add 6 factors",NA,"ARITH_OPEN"
"Add n factors",6,12,263,97949447,"Add 13 factors",NA,"ARITH_OPEN"
"Add n factors",6,12,264,116771987,"Add 1 factors",116771987,"ARITHMETIC"
"Add n factors",6,12,265,128214803,"Add 2 factors",NA,"ARITH_OPEN"
"Add n factors",6,12,266,134757299,"Add 13 factors",NA,"ARITH_OPEN"
"Add n factors",6,12,268,143273445,"Add 13 factors",NA,"ARITH_OPEN"
"Add n factors",6,12,269,147069583,"Add 13 factors",NA,"ARITH_OPEN"
"Add n factors",6,12,626,254306140,"Add 1 factors",254306140,"ARITHMETIC"
"Add n factors",5,13,768,4706377,"Add 1 factors",4706377,"ARITHMETIC"
"Add n factors",5,13,769,5681845,"Add 2 factors",NA,"ARITH_OPEN"
"Add n factors",5,13,770,6024577,"Add 3 factors",NA,"ARITH_OPEN"
"Add n factors",5,13,777,6367153,"Add 13 factors",NA,"ARITH_OPEN"
"Add n factors",5,13,780,6367309,"Add 13 factors",NA,"ARITH_OPEN"
"Add n factors",5,13,781,7732153,"Add 13 factors",NA,"ARITH_OPEN"
"Add n factors",5,13,782,8707621,"Add 13 factors",NA,"ARITH_OPEN"
"Add n factors",5,13,783,9050353,"Add 13 factors",NA,"ARITH_OPEN"
"Add n factors",5,13,786,9392929,"Add 13 factors",NA,"ARITH_OPEN"
"Add n factors",5,13,788,9394801,"Add 13 factors",NA,"ARITH_OPEN"
"Add n factors",5,13,789,9396673,"Add 13 factors",NA,"ARITH_OPEN"
"Add n factors",5,13,790,9398545,"Add 13 factors",NA,"ARITH_OPEN"
"Add n factors",5,13,793,9398701,"Add 13 factors",NA,"ARITH_OPEN"
"Add n factors",5,13,1150,11632800,"Add 1 factors",11632800,"ARITHMETIC"
"Add n factors",5,13,3723,15315420,"Add 1 factors",15315420,"ARITHMETIC"
"Add n factors",6,13,251,65661973,"Add 1 factors",65661973,"ARITHMETIC"
"Add n factors",6,13,252,82261153,"Add 2 factors",NA,"ARITH_OPEN"
"Add n factors",6,13,253,92094925,"Add 3 factors",NA,"ARITH_OPEN"
"Add n factors",6,13,254,96550441,"Add 4 factors",NA,"ARITH_OPEN"
"Add n factors",6,13,256,97769269,"Add 13 factors",NA,"ARITH_OPEN"
"Add n factors",6,13,257,100975537,"Add 13 factors",NA,"ARITH_OPEN"
"Add n factors",6,13,263,101005957,"Add 13 factors",NA,"ARITH_OPEN"
"Add n factors",6,13,264,123251089,"Add 13 factors",NA,"ARITH_OPEN"
"Add n factors",6,13,265,139850269,"Add 13 factors",NA,"ARITH_OPEN"
"Add n factors",6,13,266,149974045,"Add 13 factors",NA,"ARITH_OPEN"
"Add n factors",6,13,267,154455925,"Add 13 factors",NA,"ARITH_OPEN"
"Add n factors",5,14,767,11492924,"Add 1 factors",11492924,"ARITHMETIC"
"Add n factors",5,14,768,13024272,"Add 2 factors",NA,"ARITH_OPEN"
"Add n factors",5,14,769,14223190,"Add 3 factors",NA,"ARITH_OPEN"
"Add n factors",5,14,770,14234561,"Add 4 factors",NA,"ARITH_OPEN"
"Add n factors",5,14,771,14365810,"Add 5 factors",NA,"ARITH_OPEN"
"Add n factors",5,14,782,16361772,"Add 16 factors",NA,"ARITH_OPEN"
"Add n factors",5,14,783,17822636,"Add 17 factors",NA,"ARITH_OPEN"
"Add n factors",5,14,852,22060739,"Add 1 factors",22060739,"ARITHMETIC"
"Add n factors",5,14,853,23592087,"Add 2 factors",NA,"ARITH_OPEN"
"Add n factors",5,14,854,24791005,"Add 3 factors",NA,"ARITH_OPEN"
"Add n factors",5,14,855,24802376,"Add 4 factors",NA,"ARITH_OPEN"
"Add n factors",5,14,856,24933625,"Add 5 factors",NA,"ARITH_OPEN"
"Add n factors",5,14,3126,36967070,"Add 1 factors",36967070,"ARITHMETIC"
"Add n factors",5,14,5330,41717174,"Add 1 factors",41717174,"ARITHMETIC"
"Add n factors",5,14,5331,43424334,"Add 2 factors",NA,"ARITH_OPEN"
"Add n factors",5,14,5333,44654840,"Add 4 factors",NA,"ARITH_OPEN"
"Add n factors",5,14,5334,44792851,"Add 5 factors",NA,"ARITH_OPEN"
"Add n factors",6,14,19,36041819,"Add 1 factors",36041819,"ARITHMETIC"
"Add n factors",6,14,20,46266943,"Add 2 factors",NA,"ARITH_OPEN"
"Add n factors",6,14,237,189401468,"Add 1 factors",189401468,"ARITHMETIC"
"Add n factors",6,14,269,251457999,"Add 1 factors",251457999,"ARITHMETIC"
"Add n factors",6,14,290,327274520,"Add 1 factors",327274520,"ARITHMETIC"
"Add n factors",6,14,291,352293332,"Add 2 factors",NA,"ARITH_OPEN"
"Add n factors",6,14,292,383165614,"Add 3 factors",NA,"ARITH_OPEN"
"Add n factors",6,14,294,390577239,"Add 5 factors",NA,"ARITH_OPEN"
"Add n factors",6,14,295,398899311,"Add 6 factors",NA,"ARITH_OPEN"
"Add n factors",6,14,305,441115376,"Add 16 factors",NA,"ARITH_OPEN"
"Add n factors",6,14,306,478888304,"Add 17 factors",NA,"ARITH_OPEN"
"Add n factors",6,14,514,606935656,"Add 1 factors",606935656,"ARITHMETIC"
"Add n factors",6,14,515,638469704,"Add 2 factors",NA,"ARITH_OPEN"
"Add n factors",6,14,731,876768920,"Add 1 factors",876768920,"ARITHMETIC"
"Add n factors",5,15,767,12620234,"Add 1 factors",12620234,"ARITHMETIC"
"Add n factors",5,15,768,14746484,"Add 2 factors",NA,"ARITH_OPEN"
"Add n factors",5,15,769,15455234,"Add 3 factors",NA,"ARITH_OPEN"
"Add n factors",5,15,770,16362211,"Add 4 factors",NA,"ARITH_OPEN"
"Add n factors",5,15,771,16456711,"Add 5 factors",NA,"ARITH_OPEN"
"Add n factors",5,15,782,17599694,"Add 16 factors",NA,"ARITH_OPEN"
"Add n factors",5,15,783,19254718,"Add 17 factors",NA,"ARITH_OPEN"
"Add n factors",5,15,852,23188049,"Add 1 factors",23188049,"ARITHMETIC"
"Add n factors",5,15,1148,31151619,"Add 1 factors",31151619,"ARITHMETIC"
"Add n factors",5,15,5330,42432942,"Add 1 factors",42432942,"ARITHMETIC"
"Add n factors",5,15,5331,44697792,"Add 2 factors",NA,"ARITH_OPEN"
"Add n factors",6,15,19,37899705,"Add 1 factors",37899705,"ARITHMETIC"
"Add n factors",6,15,269,260891369,"Add 1 factors",260891369,"ARITHMETIC"
"Add n factors",6,15,290,336327148,"Add 1 factors",336327148,"ARITHMETIC"
"Add n factors",6,15,291,367263298,"Add 2 factors",NA,"ARITH_OPEN"
"Add n factors",6,15,292,389896048,"Add 3 factors",NA,"ARITH_OPEN"
"Add n factors",6,15,294,418906251,"Add 5 factors",NA,"ARITH_OPEN"
"Add n factors",6,15,295,433811236,"Add 6 factors",NA,"ARITH_OPEN"
"Add n factors",6,15,305,443642608,"Add 16 factors",NA,"ARITH_OPEN"
"Add n factors",6,15,306,482199664,"Add 17 factors",NA,"ARITH_OPEN"
"Add n factors",6,15,514,617715356,"Add 1 factors",617715356,"ARITHMETIC"
"Add n factors",6,15,515,664546406,"Add 2 factors",NA,"ARITH_OPEN"
"Add n factors",6,15,731,887763628,"Add 1 factors",887763628,"ARITHMETIC"
"Add n factors",5,16,767,13103536,"Add 1 factors",13103536,"ARITHMETIC"
"Add n factors",5,16,768,15906736,"Add 2 factors",NA,"ARITH_OPEN"
"Add n factors",5,16,769,16889776,"Add 3 factors",NA,"ARITH_OPEN"
"Add n factors",5,16,782,17872816,"Add 16 factors",NA,"ARITH_OPEN"
"Add n factors",5,16,783,19588192,"Add 17 factors",NA,"ARITH_OPEN"
"Add n factors",5,16,852,23671351,"Add 1 factors",23671351,"ARITHMETIC"
"Add n factors",5,16,5330,43177740,"Add 1 factors",43177740,"ARITHMETIC"
"Add n factors",6,16,19,39866207,"Add 1 factors",39866207,"ARITHMETIC"
"Add n factors",6,16,290,346026480,"Add 1 factors",346026480,"ARITHMETIC"
"Add n factors",6,16,291,383746800,"Add 2 factors",NA,"ARITH_OPEN"
"Add n factors",6,16,292,414221040,"Add 3 factors",NA,"ARITH_OPEN"
"Add n factors",6,16,293,429949680,"Add 4 factors",NA,"ARITH_OPEN"
"Add n factors",6,16,305,445678320,"Add 16 factors",NA,"ARITH_OPEN"
"Add n factors",6,16,306,484882160,"Add 17 factors",NA,"ARITH_OPEN"
"Add n factors",6,16,514,629265120,"Add 1 factors",629265120,"ARITHMETIC"
"Add n factors",5,17,722,16542241,"Add 1 factors",16542241,"ARITHMETIC"
"Add n factors",5,17,852,25065801,"Add 1 factors",25065801,"ARITHMETIC"
"Add n factors",5,17,853,28912969,"Add 2 factors",NA,"ARITH_OPEN"
"Add n factors",5,17,854,30249305,"Add 3 factors",NA,"ARITH_OPEN"
"Add n factors",5,17,855,31579143,"Add 17 factors",NA,"ARITH_OPEN"
"Add n factors",5,17,868,31585641,"Add 17 factors",NA,"ARITH_OPEN"
"Add n factors",5,17,6243,58813776,"Add 1 factors",58813776,"ARITHMETIC"
"Add n factors",6,17,269,302601377,"Add 1 factors",302601377,"ARITHMETIC"
"Add n factors",6,17,270,347958193,"Add 2 factors",NA,"ARITH_OPEN"
"Add n factors",6,17,291,495702032,"Add 1 factors",495702032,"ARITHMETIC"
"Add n factors",6,17,292,541132832,"Add 2 factors",NA,"ARITH_OPEN"
"Add n factors",6,17,293,585231920,"Add 3 factors",NA,"ARITH_OPEN"
"Add n factors",6,17,294,607949632,"Add 4 factors",NA,"ARITH_OPEN"
"Add n factors",6,17,306,630667105,"Add 17 factors",NA,"ARITH_OPEN"
"Add n factors",6,17,307,630667344,"Add 17 factors",NA,"ARITH_OPEN"
"Add n factors",6,17,842,1222399728,"Add 1 factors",1222399728,"ARITHMETIC"
"Add n factors",6,17,2211,1533413136,"Add 1 factors",1533413136,"ARITHMETIC"
"Add n factors",5,18,852,26957699,"Add 1 factors",26957699,"ARITHMETIC"
"Add n factors",5,18,853,32118695,"Add 2 factors",NA,"ARITH_OPEN"
"Add n factors",5,18,854,35653553,"Add 3 factors",NA,"ARITH_OPEN"
"Add n factors",5,18,855,36240984,"Add 4 factors",NA,"ARITH_OPEN"
"Add n factors",5,18,856,36454581,"Add 5 factors",NA,"ARITH_OPEN"
"Add n factors",5,18,857,38429531,"Add 19 factors",NA,"ARITH_OPEN"
"Add n factors",5,18,860,38436029,"Add 19 factors",NA,"ARITH_OPEN"
"Add n factors",5,18,870,38455523,"Add 19 factors",NA,"ARITH_OPEN"
"Add n factors",5,18,871,45604907,"Add 19 factors",NA,"ARITH_OPEN"
"Add n factors",5,18,872,50765903,"Add 19 factors",NA,"ARITH_OPEN"
"Add n factors",5,18,873,54300761,"Add 19 factors",NA,"ARITH_OPEN"
"Add n factors",5,18,874,54888192,"Add 19 factors",NA,"ARITH_OPEN"
"Add n factors",5,18,875,55101789,"Add 19 factors",NA,"ARITH_OPEN"
"Add n factors",5,18,1276,66574326,"Add 1 factors",66574326,"ARITHMETIC"
"Add n factors",6,18,22,124325622,"Add 1 factors",124325622,"ARITHMETIC"
"Add n factors",6,18,202,488832425,"Add 1 factors",488832425,"ARITHMETIC"
"Add n factors",6,18,203,564275501,"Add 2 factors",NA,"ARITH_OPEN"
"Add n factors",6,18,204,662634989,"Add 3 factors",NA,"ARITH_OPEN"
"Add n factors",6,18,205,712241978,"Add 5 factors",NA,"ARITH_OPEN"
"Add n factors",6,18,206,712258502,"Add 5 factors",NA,"ARITH_OPEN"
"Add n factors",6,18,207,730442186,"Add 6 factors",NA,"ARITH_OPEN"
"Add n factors",6,18,363,945717538,"Add 1 factors",945717538,"ARITHMETIC"
"Add n factors",6,18,364,1021259758,"Add 2 factors",NA,"ARITH_OPEN"
"Add n factors",6,18,365,1124359906,"Add 3 factors",NA,"ARITH_OPEN"
"Add n factors",6,18,366,1170123126,"Add 5 factors",NA,"ARITH_OPEN"
"Add n factors",6,18,367,1170123365,"Add 5 factors",NA,"ARITH_OPEN"
"Add n factors",6,18,368,1188758429,"Add 6 factors",NA,"ARITH_OPEN"
"Add n factors",6,18,380,1228412717,"Add 19 factors",NA,"ARITH_OPEN"
"Add n factors",6,18,381,1228412956,"Add 19 factors",NA,"ARITH_OPEN"
"Add n factors",6,18,382,1425124138,"Add 1 factors",1425124138,"ARITHMETIC"
"Add n factors",6,18,517,1704857390,"Add 1 factors",1704857390,"ARITHMETIC"
"Add n factors",6,18,518,1833546302,"Add 2 factors",NA,"ARITH_OPEN"
"Add n factors",6,18,519,1956077558,"Add 3 factors",NA,"ARITH_OPEN"
"Add n factors",6,18,962,2356094940,"Add 1 factors",2356094940,"ARITHMETIC"
"Add n factors",6,18,963,2484783852,"Add 2 factors",NA,"ARITH_OPEN"
"Add n factors",5,19,852,28938007,"Add 1 factors",28938007,"ARITHMETIC"
"Add n factors",5,19,853,35449003,"Add 2 factors",NA,"ARITH_OPEN"
"Add n factors",5,19,854,37794781,"Add 3 factors",NA,"ARITH_OPEN"
"Add n factors",5,19,857,40134061,"Add 19 factors",NA,"ARITH_OPEN"
"Add n factors",5,19,870,40140559,"Add 19 factors",NA,"ARITH_OPEN"
"Add n factors",5,19,871,49270249,"Add 19 factors",NA,"ARITH_OPEN"
"Add n factors",5,19,872,55781245,"Add 19 factors",NA,"ARITH_OPEN"
"Add n factors",6,19,22,136055124,"Add 1 factors",136055124,"ARITHMETIC"
"Add n factors",6,19,202,507599155,"Add 1 factors",507599155,"ARITHMETIC"
"Add n factors",6,19,203,596615257,"Add 2 factors",NA,"ARITH_OPEN"
"Add n factors",6,19,204,683409043,"Add 3 factors",NA,"ARITH_OPEN"
"Add n factors",6,19,205,727978825,"Add 4 factors",NA,"ARITH_OPEN"
"Add n factors",6,19,363,968422194,"Add 1 factors",968422194,"ARITHMETIC"
"Add n factors",6,19,364,1057555260,"Add 2 factors",NA,"ARITH_OPEN"
"Add n factors",6,19,365,1144349046,"Add 3 factors",NA,"ARITH_OPEN"
"Add n factors",6,19,366,1188918828,"Add 4 factors",NA,"ARITH_OPEN"
"Add n factors",6,19,380,1233488341,"Add 19 factors",NA,"ARITH_OPEN"
"Add n factors",6,19,381,1233488610,"Add 19 factors",NA,"ARITH_OPEN"
"Add n factors",6,19,382,1453855284,"Add 19 factors",NA,"ARITH_OPEN"
"Add n factors",6,19,517,1728315702,"Add 1 factors",1728315702,"ARITHMETIC"
"Add n factors",6,19,518,1886379552,"Add 2 factors",NA,"ARITH_OPEN"
"Add n factors",6,19,962,2384216874,"Add 1 factors",2384216874,"ARITHMETIC"
"Add n factors",5,20,786,64346323,"Add 1 factors",64346323,"ARITHMETIC"
"Add n factors",5,20,787,72455523,"Add 2 factors",NA,"ARITH_OPEN"
"Add n factors",5,20,788,75495523,"Add 3 factors",NA,"ARITH_OPEN"
"Add n factors",5,20,789,79112858,"Add 4 factors",NA,"ARITH_OPEN"
"Add n factors",5,20,790,79425541,"Add 5 factors",NA,"ARITH_OPEN"
"Add n factors",5,20,792,92628883,"Add 23 factors",NA,"ARITH_OPEN"
"Add n factors",5,20,799,92640521,"Add 23 factors",NA,"ARITH_OPEN"
"Add n factors",5,20,801,92663797,"Add 23 factors",NA,"ARITH_OPEN"
"Add n factors",5,20,804,92675435,"Add 23 factors",NA,"ARITH_OPEN"
"Add n factors",5,20,805,92687073,"Add 23 factors",NA,"ARITH_OPEN"
"Add n factors",5,20,807,92698711,"Add 23 factors",NA,"ARITH_OPEN"
"Add n factors",5,20,808,92815091,"Add 23 factors",NA,"ARITH_OPEN"
"Add n factors",5,20,809,106510291,"Add 23 factors",NA,"ARITH_OPEN"
"Add n factors",6,20,250,1461605979,"Add 1 factors",1461605979,"ARITHMETIC"
"Add n factors",6,20,251,1646323979,"Add 2 factors",NA,"ARITH_OPEN"
"Add n factors",6,20,531,2882919692,"Add 1 factors",2882919692,"ARITHMETIC"
"Add n factors",6,20,532,3067804892,"Add 2 factors",NA,"ARITH_OPEN"
"Add n factors",6,20,533,3211292892,"Add 3 factors",NA,"ARITH_OPEN"
"Add n factors",6,20,534,3368524280,"Add 5 factors",NA,"ARITH_OPEN"
"Add n factors",6,20,535,3368700975,"Add 5 factors",NA,"ARITH_OPEN"
"Add n factors",6,20,536,3438264878,"Add 6 factors",NA,"ARITH_OPEN"
"Add n factors",6,20,627,4437943924,"Add 1 factors",4437943924,"ARITHMETIC"
"Add n factors",6,20,628,4675360324,"Add 2 factors",NA,"ARITH_OPEN"
"Add n factors",6,20,629,4820824324,"Add 3 factors",NA,"ARITH_OPEN"
"Add n factors",6,20,630,4980955102,"Add 5 factors",NA,"ARITH_OPEN"
"Add n factors",6,20,631,4981308223,"Add 5 factors",NA,"ARITH_OPEN"
"Add n factors",6,20,632,5058505663,"Add 6 factors",NA,"ARITH_OPEN"
"Add n factors",6,20,6894,10657632966,"Add 1 factors",10657632966,"ARITHMETIC"
"Add n factors",5,21,786,69066865,"Add 1 factors",69066865,"ARITHMETIC"
"Add n factors",5,21,787,78954085,"Add 2 factors",NA,"ARITH_OPEN"
"Add n factors",5,21,788,82843705,"Add 3 factors",NA,"ARITH_OPEN"
"Add n factors",5,21,789,87411346,"Add 4 factors",NA,"ARITH_OPEN"
"Add n factors",5,21,790,87781786,"Add 5 factors",NA,"ARITH_OPEN"
"Add n factors",5,21,791,97500147,"Add 23 factors",NA,"ARITH_OPEN"
"Add n factors",5,21,792,97511785,"Add 23 factors",NA,"ARITH_OPEN"
"Add n factors",5,21,799,97521905,"Add 23 factors",NA,"ARITH_OPEN"
"Add n factors",5,21,804,97533543,"Add 23 factors",NA,"ARITH_OPEN"
"Add n factors",5,21,806,97626647,"Add 23 factors",NA,"ARITH_OPEN"
"Add n factors",5,21,808,97661561,"Add 23 factors",NA,"ARITH_OPEN"
"Add n factors",6,21,250,1506381021,"Add 1 factors",1506381021,"ARITHMETIC"
"Add n factors",6,21,266,2179114157,"Add 1 factors",2179114157,"ARITHMETIC"
"Add n factors",6,21,531,2940685964,"Add 1 factors",2940685964,"ARITHMETIC"
"Add n factors",6,21,532,3155267744,"Add 2 factors",NA,"ARITH_OPEN"
"Add n factors",6,21,533,3336783344,"Add 3 factors",NA,"ARITH_OPEN"
"Add n factors",6,21,534,3541726632,"Add 5 factors",NA,"ARITH_OPEN"
"Add n factors",6,21,535,3541939903,"Add 5 factors",NA,"ARITH_OPEN"
"Add n factors",6,21,627,4493912596,"Add 1 factors",4493912596,"ARITHMETIC"
"Add n factors",6,21,628,4769458216,"Add 2 factors",NA,"ARITH_OPEN"
"Add n factors",6,21,629,4955789536,"Add 3 factors",NA,"ARITH_OPEN"
"Add n factors",6,21,630,5160662430,"Add 5 factors",NA,"ARITH_OPEN"
"Add n factors",6,21,631,5164709707,"Add 5 factors",NA,"ARITH_OPEN"
"Add n factors",6,21,632,5274883022,"Add 6 factors",NA,"ARITH_OPEN"
"Add n factors",6,21,634,5512605819,"Add 23 factors",NA,"ARITH_OPEN"
"Add n factors",6,21,643,5512861855,"Add 23 factors",NA,"ARITH_OPEN"
"Add n factors",6,21,648,5512906383,"Add 23 factors",NA,"ARITH_OPEN"
"Add n factors",6,21,649,5517992428,"Add 23 factors",NA,"ARITH_OPEN"
"Add n factors",6,21,6894,10766629552,"Add 1 factors",10766629552,"ARITHMETIC"
"Add n factors",5,22,786,71671203,"Add 1 factors",71671203,"ARITHMETIC"
"Add n factors",5,22,787,83705379,"Add 2 factors",NA,"ARITH_OPEN"
"Add n factors",5,22,788,92338487,"Add 3 factors",NA,"ARITH_OPEN"
"Add n factors",5,22,789,94625415,"Add 4 factors",NA,"ARITH_OPEN"
"Add n factors",5,22,790,95653696,"Add 5 factors",NA,"ARITH_OPEN"
"Add n factors",5,22,791,99218525,"Add 23 factors",NA,"ARITH_OPEN"
"Add n factors",5,22,796,99230163,"Add 23 factors",NA,"ARITH_OPEN"
"Add n factors",5,22,799,99241801,"Add 23 factors",NA,"ARITH_OPEN"
"Add n factors",5,22,807,99299991,"Add 23 factors",NA,"ARITH_OPEN"
"Add n factors",5,22,808,99497837,"Add 23 factors",NA,"ARITH_OPEN"
"Add n factors",5,22,809,113079927,"Add 25 factors",NA,"ARITH_OPEN"
"Add n factors",5,22,810,113334927,"Add 25 factors",NA,"ARITH_OPEN"
"Add n factors",6,22,250,1553394941,"Add 1 factors",1553394941,"ARITHMETIC"
"Add n factors",6,22,266,2226128077,"Add 1 factors",2226128077,"ARITHMETIC"
"Add n factors",6,22,531,2997898102,"Add 1 factors",2997898102,"ARITHMETIC"
"Add n factors",6,22,532,3245198386,"Add 2 factors",NA,"ARITH_OPEN"
"Add n factors",6,22,533,3565308792,"Add 3 factors",NA,"ARITH_OPEN"
"Add n factors",6,22,627,4552679826,"Add 1 factors",4552679826,"ARITHMETIC"
"Add n factors",6,22,628,4870233678,"Add 2 factors",NA,"ARITH_OPEN"
"Add n factors",6,22,629,5207491676,"Add 3 factors",NA,"ARITH_OPEN"
"Add n factors",6,22,630,5390068576,"Add 4 factors",NA,"ARITH_OPEN"
"Add n factors",6,22,631,5397169439,"Add 5 factors",NA,"ARITH_OPEN"
"Add n factors",6,22,632,5475897767,"Add 6 factors",NA,"ARITH_OPEN"
"Add n factors",6,22,634,5531099615,"Add 23 factors",NA,"ARITH_OPEN"
"Add n factors",6,22,643,5531355651,"Add 23 factors",NA,"ARITH_OPEN"
"Add n factors",6,22,648,5531400179,"Add 23 factors",NA,"ARITH_OPEN"
"Add n factors",6,22,649,5531668122,"Add 23 factors",NA,"ARITH_OPEN"
"Add n factors",6,22,6894,10881076092,"Add 1 factors",10881076092,"ARITHMETIC"
"Add n factors",5,23,786,74474115,"Add 1 factors",74474115,"ARITHMETIC"
"Add n factors",5,23,787,88637561,"Add 2 factors",NA,"ARITH_OPEN"
"Add n factors",5,23,788,94794063,"Add 3 factors",NA,"ARITH_OPEN"
"Add n factors",5,23,808,100950565,"Add 23 factors",NA,"ARITH_OPEN"
"Add n factors",5,23,810,115154729,"Add 25 factors",NA,"ARITH_OPEN"
"Add n factors",6,23,250,1602647751,"Add 1 factors",1602647751,"ARITHMETIC"
"Add n factors",6,23,266,2275380887,"Add 1 factors",2275380887,"ARITHMETIC"
"Add n factors",6,23,531,3057834758,"Add 1 factors",3057834758,"ARITHMETIC"
"Add n factors",6,23,532,3341022212,"Add 2 factors",NA,"ARITH_OPEN"
"Add n factors",6,23,627,4614245626,"Add 1 factors",4614245626,"ARITHMETIC"
"Add n factors",6,23,628,4977874936,"Add 2 factors",NA,"ARITH_OPEN"
"Add n factors",6,23,629,5278740512,"Add 3 factors",NA,"ARITH_OPEN"
"Add n factors",6,23,630,5420340058,"Add 4 factors",NA,"ARITH_OPEN"
"Add n factors",6,23,634,5555749913,"Add 23 factors",NA,"ARITH_OPEN"
"Add n factors",6,23,643,5556005949,"Add 23 factors",NA,"ARITH_OPEN"
"Add n factors",6,23,648,5556050477,"Add 23 factors",NA,"ARITH_OPEN"
"Add n factors",6,23,649,5561939604,"Add 23 factors",NA,"ARITH_OPEN"
"Add n factors",5,24,713,90085391,"Add 1 factors",90085391,"ARITHMETIC"
"Add n factors",5,24,714,106287695,"Add 2 factors",NA,"ARITH_OPEN"
"Add n factors",5,24,715,113918543,"Add 3 factors",NA,"ARITH_OPEN"
"Add n factors",5,24,716,122569994,"Add 4 factors",NA,"ARITH_OPEN"
"Add n factors",5,24,717,123224873,"Add 5 factors",NA,"ARITH_OPEN"
"Add n factors",5,24,726,128318423,"Add 25 factors",NA,"ARITH_OPEN"
"Add n factors",5,24,729,128333423,"Add 25 factors",NA,"ARITH_OPEN"
"Add n factors",5,24,731,128678423,"Add 25 factors",NA,"ARITH_OPEN"
"Add n factors",5,24,734,128694023,"Add 25 factors",NA,"ARITH_OPEN"
"Add n factors",5,24,737,128694623,"Add 25 factors",NA,"ARITH_OPEN"
"Add n factors",5,24,738,150420791,"Add 25 factors",NA,"ARITH_OPEN"
"Add n factors",5,24,739,166623095,"Add 25 factors",NA,"ARITH_OPEN"
"Add n factors",5,24,740,174253943,"Add 25 factors",NA,"ARITH_OPEN"
"Add n factors",6,24,266,2570779319,"Add 1 factors",2570779319,"ARITHMETIC"
"Add n factors",6,24,267,2984421623,"Add 2 factors",NA,"ARITH_OPEN"
"Add n factors",6,24,268,3361830647,"Add 3 factors",NA,"ARITH_OPEN"
"Add n factors",6,24,269,3784188023,"Add 4 factors",NA,"ARITH_OPEN"
"Add n factors",6,24,270,3803857906,"Add 5 factors",NA,"ARITH_OPEN"
"Add n factors",6,24,271,3879710384,"Add 6 factors",NA,"ARITH_OPEN"
"Add n factors",6,24,627,4958153848,"Add 1 factors",4958153848,"ARITHMETIC"
"Add n factors",6,24,628,5372114104,"Add 2 factors",NA,"ARITH_OPEN"
"Add n factors",6,24,629,5753020600,"Add 3 factors",NA,"ARITH_OPEN"
"Add n factors",6,24,731,7466574008,"Add 1 factors",7466574008,"ARITHMETIC"
"Add n factors",6,24,732,7988002040,"Add 2 factors",NA,"ARITH_OPEN"
"Add n factors",6,24,843,10190195946,"Add 1 factors",10190195946,"ARITHMETIC"
"Add n factors",5,25,713,91975825,"Add 1 factors",91975825,"ARITHMETIC"
"Add n factors",5,25,714,111445825,"Add 2 factors",NA,"ARITH_OPEN"
"Add n factors",5,25,715,120820825,"Add 3 factors",NA,"ARITH_OPEN"
"Add n factors",5,25,726,129804625,"Add 25 factors",NA,"ARITH_OPEN"
"Add n factors",5,25,727,130164625,"Add 25 factors",NA,"ARITH_OPEN"
"Add n factors",5,25,731,130179625,"Add 25 factors",NA,"ARITH_OPEN"
"Add n factors",5,25,734,130195225,"Add 25 factors",NA,"ARITH_OPEN"
"Add n factors",5,25,737,130195825,"Add 25 factors",NA,"ARITH_OPEN"
"Add n factors",5,25,738,153812425,"Add 25 factors",NA,"ARITH_OPEN"
"Add n factors",5,25,739,173282425,"Add 25 factors",NA,"ARITH_OPEN"
"Add n factors",6,25,266,2645719225,"Add 1 factors",2645719225,"ARITHMETIC"
"Add n factors",6,25,267,3114094225,"Add 2 factors",NA,"ARITH_OPEN"
"Add n factors",6,25,268,3573469225,"Add 3 factors",NA,"ARITH_OPEN"
"Add n factors",6,25,269,3807844225,"Add 4 factors",NA,"ARITH_OPEN"
"Add n factors",6,25,627,5049624984,"Add 1 factors",5049624984,"ARITHMETIC"
"Add n factors",6,25,628,5518359984,"Add 2 factors",NA,"ARITH_OPEN"
"Add n factors",6,25,731,7576822744,"Add 1 factors",7576822744,"ARITHMETIC"
"Add n factors",6,25,732,8167237744,"Add 2 factors",NA,"ARITH_OPEN"
"Add n factors",6,25,843,10300444680,"Add 1 factors",10300444680,"ARITHMETIC"
"Chateauneuf-Kreher doubling",3,2,20,18,"Chateauneuf-Kreher doubling",18,"ARITHMETIC"
"Chateauneuf-Kreher doubling",3,2,22,19,"Chateauneuf-Kreher doubling",19,"ARITHMETIC"
"Chateauneuf-Kreher doubling",3,3,28,75,"Chateauneuf-Kreher doubling",75,"ARITHMETIC"
"Chateauneuf-Kreher doubling",3,3,32,81,"Chateauneuf-Kreher doubling",81,"ARITHMETIC"
"Chateauneuf-Kreher doubling",3,3,34,88,"Chateauneuf-Kreher doubling",88,"ARITHMETIC"
"Chateauneuf-Kreher doubling",3,3,40,89,"Chateauneuf-Kreher doubling",89,"ARITHMETIC"
"Chateauneuf-Kreher doubling",3,3,7168,348,"Chateauneuf-Kreher doubling",348,"ARITHMETIC"
"Chateauneuf-Kreher doubling",3,5,12,225,"Chateauneuf-Kreher doubling",225,"ARITHMETIC"
"Chateauneuf-Kreher doubling",3,6,12,463,"Chateauneuf-Kreher doubling",463,"ARITHMETIC"
"Chateauneuf-Kreher doubling",3,6,20,620,"Chateauneuf-Kreher doubling",620,"ARITHMETIC"
"Chateauneuf-Kreher doubling",3,6,172,1049,"Chateauneuf-Kreher doubling",1049,"ARITHMETIC"
"Chateauneuf-Kreher doubling",3,6,178,1054,"Chateauneuf-Kreher doubling",1054,"ARITHMETIC"
"Chateauneuf-Kreher doubling",3,6,188,1059,"Chateauneuf-Kreher doubling",1059,"ARITHMETIC"
"Chateauneuf-Kreher doubling",3,6,200,1064,"Chateauneuf-Kreher doubling",1064,"ARITHMETIC"
"Chateauneuf-Kreher doubling",3,6,204,1069,"Chateauneuf-Kreher doubling",1069,"ARITHMETIC"
"Chateauneuf-Kreher doubling",3,6,208,1074,"Chateauneuf-Kreher doubling",1074,"ARITHMETIC"
"Chateauneuf-Kreher doubling",3,6,220,1176,"Chateauneuf-Kreher doubling",1176,"ARITHMETIC"
"Chateauneuf-Kreher doubling",3,6,238,1181,"Chateauneuf-Kreher doubling",1181,"ARITHMETIC"
"Chateauneuf-Kreher doubling",3,6,244,1186,"Chateauneuf-Kreher doubling",1186,"ARITHMETIC"
"Chateauneuf-Kreher doubling",3,6,256,1222,"Chateauneuf-Kreher doubling",1222,"ARITHMETIC"
"Chateauneuf-Kreher doubling",3,7,16,637,"Chateauneuf-Kreher doubling",637,"ARITHMETIC"
"Chateauneuf-Kreher doubling",3,8,18,960,"Chateauneuf-Kreher doubling",960,"ARITHMETIC"
"Chateauneuf-Kreher doubling",3,9,20,1377,"Chateauneuf-Kreher doubling",1377,"ARITHMETIC"
"Chateauneuf-Kreher doubling",3,9,182,2681,"Chateauneuf-Kreher doubling",2681,"ARITHMETIC"
"Chateauneuf-Kreher doubling",3,10,16,2223,"Chateauneuf-Kreher doubling",2223,"ARITHMETIC"
"Chateauneuf-Kreher doubling",3,10,18,2232,"Chateauneuf-Kreher doubling",2232,"ARITHMETIC"
"Chateauneuf-Kreher doubling",3,10,20,2250,"Chateauneuf-Kreher doubling",2250,"ARITHMETIC"
"Chateauneuf-Kreher doubling",3,10,24,2343,"Chateauneuf-Kreher doubling",2343,"ARITHMETIC"
"Chateauneuf-Kreher doubling",3,11,24,2541,"Chateauneuf-Kreher doubling",2541,"ARITHMETIC"
"Chateauneuf-Kreher doubling",3,12,20,3806,"Chateauneuf-Kreher doubling",3806,"ARITHMETIC"
"Chateauneuf-Kreher doubling",3,12,22,3828,"Chateauneuf-Kreher doubling",3828,"ARITHMETIC"
"Chateauneuf-Kreher doubling",3,12,24,3962,"Chateauneuf-Kreher doubling",3962,"ARITHMETIC"
"Chateauneuf-Kreher doubling",3,12,26,3968,"Chateauneuf-Kreher doubling",3968,"ARITHMETIC"
"Chateauneuf-Kreher doubling",3,12,28,3985,"Chateauneuf-Kreher doubling",3985,"ARITHMETIC"
"Chateauneuf-Kreher doubling",3,13,28,4225,"Chateauneuf-Kreher doubling",4225,"ARITHMETIC"
"Chateauneuf-Kreher doubling",3,13,366,8293,"Chateauneuf-Kreher doubling",8293,"ARITHMETIC"
"Chateauneuf-Kreher doubling",3,14,22,6006,"Chateauneuf-Kreher doubling",6006,"ARITHMETIC"
"Chateauneuf-Kreher doubling",3,14,24,6279,"Chateauneuf-Kreher doubling",6279,"ARITHMETIC"
"Chateauneuf-Kreher doubling",3,14,26,6383,"Chateauneuf-Kreher doubling",6383,"ARITHMETIC"
"Chateauneuf-Kreher doubling",3,14,28,6448,"Chateauneuf-Kreher doubling",6448,"ARITHMETIC"
"Chateauneuf-Kreher doubling",3,14,30,7113,"Chateauneuf-Kreher doubling",7113,"ARITHMETIC"
"Chateauneuf-Kreher doubling",3,14,32,7148,"Chateauneuf-Kreher doubling",7148,"ARITHMETIC"
"Chateauneuf-Kreher doubling",3,14,34,7172,"Chateauneuf-Kreher doubling",7172,"ARITHMETIC"
"Chateauneuf-Kreher doubling",3,14,36,7225,"Chateauneuf-Kreher doubling",7225,"ARITHMETIC"
"Chateauneuf-Kreher doubling",3,15,24,7550,"Chateauneuf-Kreher doubling",7550,"ARITHMETIC"
"Chateauneuf-Kreher doubling",3,15,26,7572,"Chateauneuf-Kreher doubling",7572,"ARITHMETIC"
"Chateauneuf-Kreher doubling",3,15,28,7582,"Chateauneuf-Kreher doubling",7582,"ARITHMETIC"
"Chateauneuf-Kreher doubling",3,15,30,7584,"Chateauneuf-Kreher doubling",7584,"ARITHMETIC"
"Chateauneuf-Kreher doubling",3,15,32,7600,"Chateauneuf-Kreher doubling",7600,"ARITHMETIC"
"Chateauneuf-Kreher doubling",3,15,34,7615,"Chateauneuf-Kreher doubling",7615,"ARITHMETIC"
"Chateauneuf-Kreher doubling",3,15,36,7657,"Chateauneuf-Kreher doubling",7657,"ARITHMETIC"
"Chateauneuf-Kreher doubling",3,15,476,14838,"Chateauneuf-Kreher doubling",14838,"ARITHMETIC"
"Chateauneuf-Kreher doubling",3,15,486,14852,"Chateauneuf-Kreher doubling",14852,"ARITHMETIC"
"Chateauneuf-Kreher doubling",3,15,544,14867,"Chateauneuf-Kreher doubling",14867,"ARITHMETIC"
"Chateauneuf-Kreher doubling",3,15,546,14881,"Chateauneuf-Kreher doubling",14881,"ARITHMETIC"
"Chateauneuf-Kreher doubling",3,16,34,7936,"Chateauneuf-Kreher doubling",7936,"ARITHMETIC"
"Chateauneuf-Kreher doubling",3,16,546,15631,"Chateauneuf-Kreher doubling",15631,"ARITHMETIC"
"Chateauneuf-Kreher doubling",3,17,36,9537,"Chateauneuf-Kreher doubling",9537,"ARITHMETIC"
"Chateauneuf-Kreher doubling",3,17,614,18801,"Chateauneuf-Kreher doubling",18801,"ARITHMETIC"
"Chateauneuf-Kreher doubling",3,18,26,12780,"Chateauneuf-Kreher doubling",12780,"ARITHMETIC"
"Chateauneuf-Kreher doubling",3,18,28,12866,"Chateauneuf-Kreher doubling",12866,"ARITHMETIC"
"Chateauneuf-Kreher doubling",3,18,30,12883,"Chateauneuf-Kreher doubling",12883,"ARITHMETIC"
"Chateauneuf-Kreher doubling",3,18,32,12885,"Chateauneuf-Kreher doubling",12885,"ARITHMETIC"
"Chateauneuf-Kreher doubling",3,18,34,12908,"Chateauneuf-Kreher doubling",12908,"ARITHMETIC"
"Chateauneuf-Kreher doubling",3,18,40,12925,"Chateauneuf-Kreher doubling",12925,"ARITHMETIC"
"Chateauneuf-Kreher doubling",3,19,40,13357,"Chateauneuf-Kreher doubling",13357,"ARITHMETIC"
"Chateauneuf-Kreher doubling",3,19,762,26371,"Chateauneuf-Kreher doubling",26371,"ARITHMETIC"
"Chateauneuf-Kreher doubling",3,20,28,17936,"Chateauneuf-Kreher doubling",17936,"ARITHMETIC"
"Chateauneuf-Kreher doubling",3,20,32,18145,"Chateauneuf-Kreher doubling",18145,"ARITHMETIC"
"Chateauneuf-Kreher doubling",3,20,34,18430,"Chateauneuf-Kreher doubling",18430,"ARITHMETIC"
"Chateauneuf-Kreher doubling",3,20,36,18677,"Chateauneuf-Kreher doubling",18487,"ARITH_ABOVE"
"Chateauneuf-Kreher doubling",3,20,38,18753,"Chateauneuf-Kreher doubling",18563,"ARITH_ABOVE"
"Chateauneuf-Kreher doubling",3,20,40,19019,"Chateauneuf-Kreher doubling",18639,"ARITH_ABOVE"
"Chateauneuf-Kreher doubling",3,20,42,21566,"Chateauneuf-Kreher doubling",21566,"ARITHMETIC"
"Chateauneuf-Kreher doubling",3,20,44,21576,"Chateauneuf-Kreher doubling",21576,"ARITHMETIC"
"Chateauneuf-Kreher doubling",3,20,46,21626,"Chateauneuf-Kreher doubling",21626,"ARITHMETIC"
"Chateauneuf-Kreher doubling",3,20,48,21640,"Chateauneuf-Kreher doubling",21640,"ARITHMETIC"
"Chateauneuf-Kreher doubling",3,21,30,22210,"Chateauneuf-Kreher doubling",22210,"ARITHMETIC"
"Chateauneuf-Kreher doubling",3,21,32,22270,"Chateauneuf-Kreher doubling",22270,"ARITHMETIC"
"Chateauneuf-Kreher doubling",3,21,34,22307,"Chateauneuf-Kreher doubling",22307,"ARITHMETIC"
"Chateauneuf-Kreher doubling",3,21,36,22337,"Chateauneuf-Kreher doubling",22337,"ARITHMETIC"
"Chateauneuf-Kreher doubling",3,21,38,22369,"Chateauneuf-Kreher doubling",22369,"ARITHMETIC"
"Chateauneuf-Kreher doubling",3,21,40,22381,"Chateauneuf-Kreher doubling",22381,"ARITHMETIC"
"Chateauneuf-Kreher doubling",3,21,42,22411,"Chateauneuf-Kreher doubling",22411,"ARITHMETIC"
"Chateauneuf-Kreher doubling",3,21,44,22438,"Chateauneuf-Kreher doubling",22438,"ARITHMETIC"
"Chateauneuf-Kreher doubling",3,21,46,22457,"Chateauneuf-Kreher doubling",22457,"ARITHMETIC"
"Chateauneuf-Kreher doubling",3,21,48,22500,"Chateauneuf-Kreher doubling",22500,"ARITHMETIC"
"Chateauneuf-Kreher doubling",3,21,768,43827,"Chateauneuf-Kreher doubling",43827,"ARITHMETIC"
"Chateauneuf-Kreher doubling",3,21,864,43847,"Chateauneuf-Kreher doubling",43847,"ARITHMETIC"
"Chateauneuf-Kreher doubling",3,21,960,43867,"Chateauneuf-Kreher doubling",43867,"ARITHMETIC"
"Chateauneuf-Kreher doubling",3,21,1018,43887,"Chateauneuf-Kreher doubling",43887,"ARITHMETIC"
"Chateauneuf-Kreher doubling",3,21,1056,43909,"Chateauneuf-Kreher doubling",43909,"ARITHMETIC"
"Chateauneuf-Kreher doubling",3,21,1104,43929,"Chateauneuf-Kreher doubling",43929,"ARITHMETIC"
"Chateauneuf-Kreher doubling",3,21,1106,43949,"Chateauneuf-Kreher doubling",43949,"ARITHMETIC"
"Chateauneuf-Kreher doubling",3,22,32,23136,"Chateauneuf-Kreher doubling",23136,"ARITHMETIC"
"Chateauneuf-Kreher doubling",3,22,34,23144,"Chateauneuf-Kreher doubling",23144,"ARITHMETIC"
"Chateauneuf-Kreher doubling",3,22,36,23146,"Chateauneuf-Kreher doubling",23146,"ARITHMETIC"
"Chateauneuf-Kreher doubling",3,22,38,23169,"Chateauneuf-Kreher doubling",23169,"ARITHMETIC"
"Chateauneuf-Kreher doubling",3,22,48,23190,"Chateauneuf-Kreher doubling",23190,"ARITHMETIC"
"Chateauneuf-Kreher doubling",3,22,1008,45498,"Chateauneuf-Kreher doubling",45498,"ARITHMETIC"
"Chateauneuf-Kreher doubling",3,22,1018,45519,"Chateauneuf-Kreher doubling",45519,"ARITHMETIC"
"Chateauneuf-Kreher doubling",3,22,1106,45541,"Chateauneuf-Kreher doubling",45541,"ARITHMETIC"
"Chateauneuf-Kreher doubling",3,23,48,23805,"Chateauneuf-Kreher doubling",23805,"ARITHMETIC"
"Chateauneuf-Kreher doubling",3,23,1106,47103,"Chateauneuf-Kreher doubling",47103,"ARITHMETIC"
"Chateauneuf-Kreher doubling",3,24,40,29883,"Chateauneuf-Kreher doubling",29883,"ARITHMETIC"
"Chateauneuf-Kreher doubling",3,24,44,29906,"Chateauneuf-Kreher doubling",29906,"ARITHMETIC"
"Chateauneuf-Kreher doubling",3,24,52,29929,"Chateauneuf-Kreher doubling",29929,"ARITHMETIC"
"Chateauneuf-Kreher doubling",3,24,894,58731,"Chateauneuf-Kreher doubling",58731,"ARITHMETIC"
"Chateauneuf-Kreher doubling",3,24,1150,58754,"Chateauneuf-Kreher doubling",58754,"ARITHMETIC"
"Chateauneuf-Kreher doubling",3,24,1206,58777,"Chateauneuf-Kreher doubling",58777,"ARITHMETIC"
"Chateauneuf-Kreher doubling",3,24,1302,58801,"Chateauneuf-Kreher doubling",58801,"ARITHMETIC"
"Chateauneuf-Kreher doubling",3,25,52,30625,"Chateauneuf-Kreher doubling",30625,"ARITHMETIC"
"Chateauneuf-Kreher doubling",3,25,1206,60625,"Chateauneuf-Kreher doubling",60625,"ARITHMETIC"
"Chateauneuf-Kreher doubling",3,25,1302,60649,"Chateauneuf-Kreher doubling",60649,"ARITHMETIC"
"perfect hash family",6,3,560,57864,"perfect hash family4,560,350",57864,"ARITHMETIC"
"perfect hash family",6,3,866,72330,"perfect hash family5,866,350",72330,"ARITHMETIC"
"perfect hash family",5,4,6000,74319,"perfect hash family4,7776,1296T296",74319,"ARITHMETIC"
"perfect hash family",5,4,7776,75880,"perfect hash family4,7776,1296",75880,"ARITHMETIC"
"perfect hash family",6,4,332,242876,"perfect hash family4,332,210",242876,"ARITHMETIC"
"perfect hash family",6,4,339,246542,"perfect hash family4,353,224T14",246542,"ARITHMETIC"
"perfect hash family",6,4,353,247764,"perfect hash family4,353,224",247764,"ARITHMETIC"
"perfect hash family",5,5,5333,196596,"perfect hash family9,5333,77",196596,"ARITHMETIC"
"perfect hash family",5,5,5484,196812,"perfect hash family4,7776,1296T382",196812,"ARITHMETIC"
"perfect hash family",5,5,7776,199936,"perfect hash family4,7776,1296",199936,"ARITHMETIC"
"perfect hash family",6,5,747,1046808,"perfect hash family4,884,547T137",1046808,"ARITHMETIC"
"perfect hash family",6,5,887,1062432,"perfect hash family4,887,550",1062432,"ARITHMETIC"
"perfect hash family",6,5,944,1109304,"perfect hash family4,1034,640T90",1109304,"ARITHMETIC"
"perfect hash family",6,5,1034,1124928,"perfect hash family4,1034,640",1124928,"ARITHMETIC"
"perfect hash family",6,5,1088,1171800,"perfect hash family4,1168,720T80",1171800,"ARITHMETIC"
"perfect hash family",6,5,1168,1187424,"perfect hash family4,1168,720",1187424,"ARITHMETIC"
"perfect hash family",6,5,1358,1328040,"perfect hash family5,1358,550",1328040,"ARITHMETIC"
"perfect hash family",6,5,1597,1390536,"perfect hash family5,1775,639T89",1390536,"ARITHMETIC"
"perfect hash family",6,5,1776,1406160,"perfect hash family5,1776,640",1406160,"ARITHMETIC"
"perfect hash family",6,5,1840,1468656,"perfect hash family5,2000,720T80",1468656,"ARITHMETIC"
"perfect hash family",6,5,2000,1484280,"perfect hash family5,2000,720",1484280,"ARITHMETIC"
"perfect hash family",6,5,2086,1593648,"perfect hash family6,2086,550",1593648,"ARITHMETIC"
"perfect hash family",6,5,2116,1643376,"perfect hash family14,2209,47S2",1643376,"ARITHMETIC"
"perfect hash family",6,5,2162,1652756,"perfect hash family14,2209,47T1",1652756,"ARITHMETIC"
"perfect hash family",6,5,2212,1662136,"perfect hash family14,2212,50",1662136,"ARITHMETIC"
"perfect hash family",6,5,2269,1671768,"perfect hash family6,2536,639T89",1671768,"ARITHMETIC"
"perfect hash family",6,5,2560,1687392,"perfect hash family6,2560,640",1687392,"ARITHMETIC"
"perfect hash family",6,5,2714,1733876,"perfect hash family14,3481,59T13",1733876,"ARITHMETIC"
"perfect hash family",6,5,2950,1743256,"perfect hash family14,3481,59T9",1743256,"ARITHMETIC"
"perfect hash family",6,5,3068,1746376,"perfect hash family14,3481,59T7",1746376,"ARITHMETIC"
"perfect hash family",6,5,3481,1749496,"perfect hash family14,3481,59",1749496,"ARITHMETIC"
"perfect hash family",6,5,3650,1805732,"perfect hash family13,5329,73T23",1805732,"ARITHMETIC"
"perfect hash family",6,5,3796,1808852,"perfect hash family13,5329,73T21",1808852,"ARITHMETIC"
"perfect hash family",6,5,4307,1811972,"perfect hash family13,5329,73T14",1811972,"ARITHMETIC"
"perfect hash family",6,5,4672,1821352,"perfect hash family13,5329,73T9",1821352,"ARITHMETIC"
"perfect hash family",6,5,5331,1827592,"perfect hash family13,5331,75",1827592,"ARITHMETIC"
"perfect hash family",6,5,5925,1940152,"perfect hash family13,6241,79T4",1940152,"ARITHMETIC"
"perfect hash family",6,5,6244,1949532,"perfect hash family13,6244,82",1949532,"ARITHMETIC"
"perfect hash family",6,5,6253,1965292,"perfect hash family13,6889,83S8",1965292,"ARITHMETIC"
"perfect hash family",6,5,6329,1968444,"perfect hash family13,6889,83S7",1968444,"ARITHMETIC"
"perfect hash family",6,5,6406,1971596,"perfect hash family13,6889,83S6",1971596,"ARITHMETIC"
"perfect hash family",6,5,6484,1974748,"perfect hash family13,6889,83S5",1974748,"ARITHMETIC"
"perfect hash family",6,5,6563,1977900,"perfect hash family13,6889,83S4",1977900,"ARITHMETIC"
"perfect hash family",6,5,6643,1981052,"perfect hash family13,6889,83S3",1981052,"ARITHMETIC"
"perfect hash family",6,5,6724,1984204,"perfect hash family13,6889,83S2",1984204,"ARITHMETIC"
"perfect hash family",6,5,6806,1987356,"perfect hash family13,6889,83T1",1987356,"ARITHMETIC"
"perfect hash family",6,5,6890,1990508,"perfect hash family13,6890,84",1990508,"ARITHMETIC"
"perfect hash family",6,5,7298,2024412,"perfect hash family13,7921,89T7",2024412,"ARITHMETIC"
"perfect hash family",6,5,7476,2027564,"perfect hash family13,7921,89T5",2027564,"ARITHMETIC"
"perfect hash family",6,5,7921,2030652,"perfect hash family13,7921,89",2030652,"ARITHMETIC"
"perfect hash family",6,5,7954,2136972,"perfect hash family13,9409,97T15",2136972,"ARITHMETIC"
"perfect hash family",6,5,8148,2140124,"perfect hash family13,9409,97T13",2140124,"ARITHMETIC"
"perfect hash family",6,5,8633,2143212,"perfect hash family13,9409,97T8",2143212,"ARITHMETIC"
"perfect hash family",6,5,9410,2152592,"perfect hash family13,9410,98",2152592,"ARITHMETIC"
"perfect hash family",6,5,10000,2190464,"perfect hash family13,10609,103T5",2190464,"ARITHMETIC"
"perfect hash family",3,6,1855,1869,"perfect hash family3,1855,104",1869,"ARITHMETIC"
"perfect hash family",3,6,2492,2073,"perfect hash family3,2906,122T18",2073,"ARITHMETIC"
"perfect hash family",3,6,2600,2145,"perfect hash family3,3125,125T21",2145,"ARITHMETIC"
"perfect hash family",3,6,2907,2175,"perfect hash family3,2978,123S3",2175,"ARITHMETIC"
"perfect hash family",5,6,2960,803014,"perfect hash family4,3125,625T33",803014,"ARITHMETIC"
"perfect hash family",5,6,3125,805072,"perfect hash family4,3125,625",805072,"ARITHMETIC"
"perfect hash family",6,6,305,5176264,"perfect hash family4,305,193",5176264,"ARITHMETIC"
"perfect hash family",6,6,307,5176504,"perfect hash family4,307,195",5176504,"ARITHMETIC"
"perfect hash family",6,6,337,5529190,"perfect hash family4,388,244T51",5529190,"ARITHMETIC"
"perfect hash family",6,6,339,5529250,"perfect hash family4,388,244T49",5529250,"ARITHMETIC"
"perfect hash family",6,6,388,5646832,"perfect hash family4,388,244",5646832,"ARITHMETIC"
"perfect hash family",6,6,556,7058540,"perfect hash family5,556,244",7058540,"ARITHMETIC"
"perfect hash family",6,6,628,8352606,"perfect hash family6,730,244T51",8352606,"ARITHMETIC"
"perfect hash family",6,6,632,8352666,"perfect hash family6,730,244T49",8352666,"ARITHMETIC"
"perfect hash family",6,6,730,8470248,"perfect hash family6,730,244",8470248,"ARITHMETIC"
"perfect hash family",6,6,7925,12235366,"perfect hash family13,7925,93",12235366,"ARITHMETIC"
"perfect hash family",6,6,9579,13646062,"perfect hash family13,10609,103T10",13646062,"ARITHMETIC"
"perfect hash family",5,7,2730,800628,"perfect hash family4,3125,625T79",800628,"ARITHMETIC"
"perfect hash family",5,7,2960,803022,"perfect hash family4,3125,625T33",803022,"ARITHMETIC"
"perfect hash family",5,7,3125,805080,"perfect hash family4,3125,625",805080,"ARITHMETIC"
"perfect hash family",5,7,7925,1036908,"perfect hash family9,7925,93",1036908,"ARITHMETIC"
"perfect hash family",5,7,8814,1041972,"perfect hash family9,12769,113T35",1041972,"ARITHMETIC"
"perfect hash family",5,7,9266,1053954,"perfect hash family9,12769,113T31",1053954,"ARITHMETIC"
"perfect hash family",5,7,10000,1056348,"perfect hash family9,11881,109T16",1056348,"ARITHMETIC"
"perfect hash family",6,7,305,5176272,"perfect hash family4,305,193",5176272,"ARITHMETIC"
"perfect hash family",6,7,307,5176512,"perfect hash family4,307,195",5176512,"ARITHMETIC"
"perfect hash family",6,7,337,5529198,"perfect hash family4,388,244T51",5529198,"ARITHMETIC"
"perfect hash family",6,7,339,5529258,"perfect hash family4,388,244T49",5529258,"ARITHMETIC"
"perfect hash family",6,7,388,5646840,"perfect hash family4,388,244",5646840,"ARITHMETIC"
"perfect hash family",6,7,429,6470340,"perfect hash family5,429,193",6470340,"ARITHMETIC"
"perfect hash family",6,7,431,6470640,"perfect hash family5,431,195",6470640,"ARITHMETIC"
"perfect hash family",6,7,432,6588222,"perfect hash family5,440,196S4",6588222,"ARITHMETIC"
"perfect hash family",6,7,434,6705804,"perfect hash family5,440,196S3",6705804,"ARITHMETIC"
"perfect hash family",6,7,436,6823386,"perfect hash family5,440,196S2",6823386,"ARITHMETIC"
"perfect hash family",6,7,460,6940908,"perfect hash family5,550,238T45",6940908,"ARITHMETIC"
"perfect hash family",6,7,464,6940968,"perfect hash family5,550,238T43",6940968,"ARITHMETIC"
"perfect hash family",6,7,556,7058550,"perfect hash family5,556,244",7058550,"ARITHMETIC"
"perfect hash family",6,7,628,8352618,"perfect hash family6,730,244T51",8352618,"ARITHMETIC"
"perfect hash family",6,7,632,8352678,"perfect hash family6,730,244T49",8352678,"ARITHMETIC"
"perfect hash family",6,7,730,8470260,"perfect hash family6,730,244",8470260,"ARITHMETIC"
"perfect hash family",6,7,7925,12235392,"perfect hash family13,7925,93",12235392,"ARITHMETIC"
"perfect hash family",6,7,9579,13646088,"perfect hash family13,10609,103T10",13646088,"ARITHMETIC"
"perfect hash family",5,8,7927,1769418,"perfect hash family9,7927,95",1769418,"ARITHMETIC"
"perfect hash family",5,8,7935,1818516,"perfect hash family9,8536,96S7",1818516,"ARITHMETIC"
"perfect hash family",5,8,8018,1843065,"perfect hash family9,8536,96S6",1843065,"ARITHMETIC"
"perfect hash family",5,8,8102,1867614,"perfect hash family9,8536,96S5",1867614,"ARITHMETIC"
"perfect hash family",5,8,8187,1892163,"perfect hash family9,8536,96S4",1892163,"ARITHMETIC"
"perfect hash family",5,8,10000,1998514,"perfect hash family9,11449,107T12",1998514,"ARITHMETIC"
"perfect hash family",6,8,283,10485468,"perfect hash family4,283,180",10485468,"ARITHMETIC"
"perfect hash family",6,8,284,10485657,"perfect hash family4,285,181T1",10485657,"ARITHMETIC"
"perfect hash family",6,8,285,10485720,"perfect hash family4,285,181",10485720,"ARITHMETIC"
"perfect hash family",6,8,318,11271876,"perfect hash family4,375,237T57",11271876,"ARITHMETIC"
"perfect hash family",6,8,319,11271939,"perfect hash family4,375,237T56",11271939,"ARITHMETIC"
"perfect hash family",6,8,375,11534012,"perfect hash family4,375,237",11534012,"ARITHMETIC"
"perfect hash family",6,8,395,13106835,"perfect hash family5,395,180",13106835,"ARITHMETIC"
"perfect hash family",6,8,397,13106898,"perfect hash family5,405,181S4",13106898,"ARITHMETIC"
"perfect hash family",6,8,399,13106961,"perfect hash family5,405,181S3",13106961,"ARITHMETIC"
"perfect hash family",6,8,401,13107024,"perfect hash family5,405,181S2",13107024,"ARITHMETIC"
"perfect hash family",6,8,403,13107087,"perfect hash family5,405,181T1",13107087,"ARITHMETIC"
"perfect hash family",6,8,405,13107150,"perfect hash family5,405,181",13107150,"ARITHMETIC"
"perfect hash family",6,8,429,14155379,"perfect hash family5,515,223T43",14155379,"ARITHMETIC"
"perfect hash family",6,8,431,14155442,"perfect hash family5,515,223T42",14155442,"ARITHMETIC"
"perfect hash family",6,8,540,14417515,"perfect hash family5,540,237",14417515,"ARITHMETIC"
"perfect hash family",6,8,541,15728580,"perfect hash family6,541,181",15728580,"ARITHMETIC"
"perfect hash family",6,8,542,15793491,"perfect hash family5,550,238S4",15793491,"ARITHMETIC"
"perfect hash family",6,8,781,18350010,"perfect hash family14,1107,40S14",18350010,"ARITHMETIC"
"perfect hash family",6,8,801,18579358,"perfect hash family14,1107,40S13",18579358,"ARITHMETIC"
"perfect hash family",6,8,842,19038054,"perfect hash family14,1107,40S11",19038054,"ARITHMETIC"
"perfect hash family",6,8,5333,26410475,"perfect hash family13,5333,77",26410475,"ARITHMETIC"
"perfect hash family",6,8,7926,27261507,"perfect hash family13,7926,94",27261507,"ARITHMETIC"
"perfect hash family",5,9,850,1771224,"perfect hash family3,850,568",1771224,"ARITHMETIC"
"perfect hash family",5,9,855,1849272,"perfect hash family3,942,629T87",1849272,"ARITHMETIC"
"perfect hash family",5,9,859,1849920,"perfect hash family3,942,629T83",1849920,"ARITHMETIC"
"perfect hash family",5,9,881,1849992,"perfect hash family3,942,629T61",1849992,"ARITHMETIC"
"perfect hash family",5,9,885,1862376,"perfect hash family3,1032,689T147",1862376,"ARITHMETIC"
"perfect hash family",5,9,889,1863024,"perfect hash family3,1032,689T143",1863024,"ARITHMETIC"
"perfect hash family",5,9,911,1863096,"perfect hash family3,1032,689T121",1863096,"ARITHMETIC"
"perfect hash family",5,9,918,1875480,"perfect hash family3,1131,755T213",1875480,"ARITHMETIC"
"perfect hash family",5,9,922,1876128,"perfect hash family3,1131,755T209",1876128,"ARITHMETIC"
"perfect hash family",5,9,944,1876200,"perfect hash family3,1131,755T187",1876200,"ARITHMETIC"
"perfect hash family",5,9,949,1887144,"perfect hash family3,1224,817T275",1887144,"ARITHMETIC"
"perfect hash family",5,9,953,1887792,"perfect hash family3,1224,817T271",1887792,"ARITHMETIC"
"perfect hash family",5,9,975,1887864,"perfect hash family3,1224,817T249",1887864,"ARITHMETIC"
"perfect hash family",5,9,1033,1909032,"perfect hash family3,1033,690",1909032,"ARITHMETIC"
"perfect hash family",5,9,1066,1922136,"perfect hash family3,1131,755T65",1922136,"ARITHMETIC"
"perfect hash family",5,9,1131,1928688,"perfect hash family3,1131,755",1928688,"ARITHMETIC"
"perfect hash family",5,9,1162,1940352,"perfect hash family3,1224,817T62",1940352,"ARITHMETIC"
"perfect hash family",5,9,1225,1946184,"perfect hash family3,1225,818",1946184,"ARITHMETIC"
"perfect hash family",5,9,1870,2420744,"perfect hash family4,3125,625T251",2420744,"ARITHMETIC"
"perfect hash family",5,9,2025,2460128,"perfect hash family4,3125,625T220",2460128,"ARITHMETIC"
"perfect hash family",5,9,2225,2466680,"perfect hash family4,3125,625T180",2466680,"ARITHMETIC"
"perfect hash family",5,9,2415,2473232,"perfect hash family4,3125,625T142",2473232,"ARITHMETIC"
"perfect hash family",5,9,2710,2479064,"perfect hash family4,3125,625T83",2479064,"ARITHMETIC"
"perfect hash family",5,9,2730,2479712,"perfect hash family4,3125,625T79",2479712,"ARITHMETIC"
"perfect hash family",5,9,2840,2479784,"perfect hash family4,3125,625T57",2479784,"ARITHMETIC"
"perfect hash family",5,9,3125,2519168,"perfect hash family4,3125,625",2519168,"ARITHMETIC"
"perfect hash family",5,9,7910,3129544,"perfect hash family9,12769,113T43",3129544,"ARITHMETIC"
"perfect hash family",5,9,8249,3168896,"perfect hash family9,12769,113T40",3168896,"ARITHMETIC"
"perfect hash family",5,9,8701,3175448,"perfect hash family9,12769,113T36",3175448,"ARITHMETIC"
"perfect hash family",5,9,9944,3182000,"perfect hash family9,12769,113T25",3182000,"ARITHMETIC"
"perfect hash family",5,9,10000,3187832,"perfect hash family9,12769,113T22",3187832,"ARITHMETIC"
"perfect hash family",6,9,243,19131584,"perfect hash family4,243,156",19131584,"ARITHMETIC"
"perfect hash family",6,9,278,20725880,"perfect hash family4,332,210T54",20725880,"ARITHMETIC"
"perfect hash family",6,9,332,21257312,"perfect hash family4,332,210",21257312,"ARITHMETIC"
"perfect hash family",6,9,335,23914480,"perfect hash family5,335,156",23914480,"ARITHMETIC"
"perfect hash family",6,9,337,24445912,"perfect hash family5,345,157S4",24445912,"ARITHMETIC"
"perfect hash family",6,9,339,24977344,"perfect hash family5,345,157S3",24977344,"ARITHMETIC"
"perfect hash family",6,9,373,26040208,"perfect hash family5,475,207T51",26040208,"ARITHMETIC"
"perfect hash family",6,9,478,26571640,"perfect hash family5,478,210",26571640,"ARITHMETIC"
"perfect hash family",6,9,5334,48361040,"perfect hash family13,5334,78",48361040,"ARITHMETIC"
"perfect hash family",6,9,9844,55072328,"perfect hash family13,11449,107T15",55072328,"ARITHMETIC"
"perfect hash family",6,9,10000,55131368,"perfect hash family13,10609,103T4",55131368,"ARITHMETIC"
"perfect hash family",5,10,2213,5797782,"perfect hash family9,2213,51",5797782,"ARITHMETIC"
"perfect hash family",5,10,2360,6178182,"perfect hash family4,3125,625T153",6178182,"ARITHMETIC"
"perfect hash family",5,10,2525,6191492,"perfect hash family4,3125,625T120",6191492,"ARITHMETIC"
"perfect hash family",5,10,2620,6192702,"perfect hash family4,3125,625T101",6192702,"ARITHMETIC"
"perfect hash family",5,10,2645,6192812,"perfect hash family4,3125,625T96",6192812,"ARITHMETIC"
"perfect hash family",5,10,2665,6192892,"perfect hash family4,3125,625T92",6192892,"ARITHMETIC"
"perfect hash family",5,10,3070,6309962,"perfect hash family4,3125,625T11",6309962,"ARITHMETIC"
"perfect hash family",5,10,3125,6324592,"perfect hash family4,3125,625",6324592,"ARITHMETIC"
"perfect hash family",5,10,9701,8418192,"perfect hash family9,11881,109T20",8418192,"ARITHMETIC"
"perfect hash family",5,10,10000,8524672,"perfect hash family9,12769,113T24",8524672,"ARITHMETIC"
"perfect hash family",6,10,267,62004172,"perfect hash family4,328,208T61",62004172,"ARITHMETIC"
"perfect hash family",6,10,270,62004282,"perfect hash family4,328,208T58",62004282,"ARITHMETIC"
"perfect hash family",6,10,328,63775832,"perfect hash family4,328,208",63775832,"ARITHMETIC"
"perfect hash family",6,10,476,79719790,"perfect hash family5,476,208",79719790,"ARITHMETIC"
"perfect hash family",6,10,568,95663748,"perfect hash family6,568,208",95663748,"ARITHMETIC"
"perfect hash family",6,10,965,106293570,"perfect hash family15,965,35",106293570,"ARITHMETIC"
"perfect hash family",6,10,6894,159117634,"perfect hash family13,6894,88",159117634,"ARITHMETIC"
"perfect hash family",5,11,862,4611560,"perfect hash family3,1017,679T155",4611560,"ARITHMETIC"
"perfect hash family",5,11,867,4611670,"perfect hash family3,1017,679T150",4611670,"ARITHMETIC"
"perfect hash family",5,11,871,4611750,"perfect hash family3,1017,679T146",4611750,"ARITHMETIC"
"perfect hash family",5,11,887,4640820,"perfect hash family3,1092,729T205",4640820,"ARITHMETIC"
"perfect hash family",5,11,892,4640930,"perfect hash family3,1092,729T200",4640930,"ARITHMETIC"
"perfect hash family",5,11,896,4641010,"perfect hash family3,1092,729T196",4641010,"ARITHMETIC"
"perfect hash family",5,11,917,4666230,"perfect hash family3,1239,827T322",4666230,"ARITHMETIC"
"perfect hash family",5,11,936,4667440,"perfect hash family3,1239,827T303",4667440,"ARITHMETIC"
"perfect hash family",5,11,941,4667550,"perfect hash family3,1239,827T298",4667550,"ARITHMETIC"
"perfect hash family",5,11,945,4667630,"perfect hash family3,1239,827T294",4667630,"ARITHMETIC"
"perfect hash family",5,11,952,4728820,"perfect hash family3,1017,679T65",4728820,"ARITHMETIC"
"perfect hash family",5,11,1018,4743450,"perfect hash family3,1018,680",4743450,"ARITHMETIC"
"perfect hash family",5,11,1043,4772710,"perfect hash family3,1092,729T49",4772710,"ARITHMETIC"
"perfect hash family",5,11,1093,4787340,"perfect hash family3,1093,730",4787340,"ARITHMETIC"
"perfect hash family",5,11,1142,4813960,"perfect hash family3,1239,827T97",4813960,"ARITHMETIC"
"perfect hash family",5,11,1239,4827270,"perfect hash family3,1239,827",4827270,"ARITHMETIC"
"perfect hash family",5,11,2213,5797800,"perfect hash family9,2213,51",5797800,"ARITHMETIC"
"perfect hash family",5,11,2360,6178190,"perfect hash family4,3125,625T153",6178190,"ARITHMETIC"
"perfect hash family",5,11,2525,6191500,"perfect hash family4,3125,625T120",6191500,"ARITHMETIC"
"perfect hash family",5,11,2620,6192710,"perfect hash family4,3125,625T101",6192710,"ARITHMETIC"
"perfect hash family",5,11,2645,6192820,"perfect hash family4,3125,625T96",6192820,"ARITHMETIC"
"perfect hash family",5,11,2665,6192900,"perfect hash family4,3125,625T92",6192900,"ARITHMETIC"
"perfect hash family",5,11,3070,6309970,"perfect hash family4,3125,625T11",6309970,"ARITHMETIC"
"perfect hash family",5,11,3125,6324600,"perfect hash family4,3125,625",6324600,"ARITHMETIC"
"perfect hash family",5,11,9701,8418210,"perfect hash family9,11881,109T20",8418210,"ARITHMETIC"
"perfect hash family",5,11,10000,8524690,"perfect hash family9,12769,113T24",8524690,"ARITHMETIC"
"perfect hash family",6,11,261,61989660,"perfect hash family4,328,208T67",61989660,"ARITHMETIC"
"perfect hash family",6,11,265,62002970,"perfect hash family4,328,208T63",62002970,"ARITHMETIC"
"perfect hash family",6,11,267,62004180,"perfect hash family4,328,208T61",62004180,"ARITHMETIC"
"perfect hash family",6,11,270,62004290,"perfect hash family4,328,208T58",62004290,"ARITHMETIC"
"perfect hash family",6,11,328,63775840,"perfect hash family4,328,208",63775840,"ARITHMETIC"
"perfect hash family",6,11,343,77933620,"perfect hash family5,475,207T66",77933620,"ARITHMETIC"
"perfect hash family",6,11,351,77946930,"perfect hash family5,475,207T62",77946930,"ARITHMETIC"
"perfect hash family",6,11,355,77948140,"perfect hash family5,475,207T60",77948140,"ARITHMETIC"
"perfect hash family",6,11,361,77948250,"perfect hash family5,475,207T57",77948250,"ARITHMETIC"
"perfect hash family",6,11,476,79719800,"perfect hash family5,476,208",79719800,"ARITHMETIC"
"perfect hash family",6,11,568,95663760,"perfect hash family6,568,208",95663760,"ARITHMETIC"
"perfect hash family",6,11,965,106293600,"perfect hash family15,965,35",106293600,"ARITHMETIC"
"perfect hash family",6,11,6894,159117660,"perfect hash family13,6894,88",159117660,"ARITHMETIC"
"perfect hash family",3,12,187,6117,"perfect hash family2,364,183T177",6117,"ARITHMETIC"
"perfect hash family",5,12,815,9646758,"perfect hash family3,1122,749T307",9646758,"ARITHMETIC"
"perfect hash family",5,12,823,9648786,"perfect hash family3,1122,749T299",9648786,"ARITHMETIC"
"perfect hash family",5,12,825,9648942,"perfect hash family3,1122,749T297",9648942,"ARITHMETIC"
"perfect hash family",5,12,827,9649026,"perfect hash family3,1122,749T295",9649026,"ARITHMETIC"
"perfect hash family",5,12,830,9652842,"perfect hash family3,1143,763T313",9652842,"ARITHMETIC"
"perfect hash family",5,12,832,9652998,"perfect hash family3,1143,763T311",9652998,"ARITHMETIC"
"perfect hash family",5,12,834,9653082,"perfect hash family3,1143,763T309",9653082,"ARITHMETIC"
"perfect hash family",5,12,836,9653394,"perfect hash family3,1149,767T313",9653394,"ARITHMETIC"
"perfect hash family",5,12,849,9853302,"perfect hash family3,849,567",9853302,"ARITHMETIC"
"perfect hash family",5,12,892,9910398,"perfect hash family3,978,653T86",9910398,"ARITHMETIC"
"perfect hash family",5,12,896,9934578,"perfect hash family3,1122,749T226",9934578,"ARITHMETIC"
"perfect hash family",5,12,903,9938634,"perfect hash family3,1143,763T240",9938634,"ARITHMETIC"
"perfect hash family",5,12,978,9938946,"perfect hash family3,978,653",9938946,"ARITHMETIC"
"perfect hash family",5,12,1026,9991674,"perfect hash family3,1122,749T96",9991674,"ARITHMETIC"
"perfect hash family",5,12,1033,9995730,"perfect hash family3,1143,763T110",9995730,"ARITHMETIC"
"perfect hash family",5,12,1035,9996042,"perfect hash family3,1149,767T114",9996042,"ARITHMETIC"
"perfect hash family",5,12,1123,10018038,"perfect hash family3,1123,750",10018038,"ARITHMETIC"
"perfect hash family",5,12,1130,10022094,"perfect hash family3,1143,763T13",10022094,"ARITHMETIC"
"perfect hash family",5,12,1132,10022406,"perfect hash family3,1149,767T17",10022406,"ARITHMETIC"
"perfect hash family",5,12,1144,10024122,"perfect hash family3,1144,764",10024122,"ARITHMETIC"
"perfect hash family",5,12,1146,10024434,"perfect hash family3,1149,767T3",10024434,"ARITHMETIC"
"perfect hash family",5,12,1149,10024590,"perfect hash family3,1149,767",10024590,"ARITHMETIC"
"perfect hash family",5,12,1620,12823552,"perfect hash family4,3125,625T301",12823552,"ARITHMETIC"
"perfect hash family",5,12,1745,12852100,"perfect hash family4,3125,625T276",12852100,"ARITHMETIC"
"perfect hash family",5,12,1895,12880648,"perfect hash family4,3125,625T246",12880648,"ARITHMETIC"
"perfect hash family",5,12,2210,12907012,"perfect hash family4,3125,625T183",12907012,"ARITHMETIC"
"perfect hash family",5,12,2250,12909040,"perfect hash family4,3125,625T175",12909040,"ARITHMETIC"
"perfect hash family",5,12,2260,12909196,"perfect hash family4,3125,625T173",12909196,"ARITHMETIC"
"perfect hash family",5,12,2270,12909280,"perfect hash family4,3125,625T171",12909280,"ARITHMETIC"
"perfect hash family",5,12,2615,13194832,"perfect hash family4,3125,625T102",13194832,"ARITHMETIC"
"perfect hash family",5,12,2835,13223380,"perfect hash family4,3125,625T58",13223380,"ARITHMETIC"
"perfect hash family",5,12,3125,13251928,"perfect hash family4,3125,625",13251928,"ARITHMETIC"
"perfect hash family",5,12,5559,16332426,"perfect hash family9,11881,109T58",16332426,"ARITHMETIC"
"perfect hash family",5,12,5668,16334454,"perfect hash family9,11881,109T57",16334454,"ARITHMETIC"
"perfect hash family",5,12,5777,16334610,"perfect hash family9,11881,109T56",16334610,"ARITHMETIC"
"perfect hash family",5,12,5995,16336638,"perfect hash family9,11881,109T54",16336638,"ARITHMETIC"
"perfect hash family",5,12,6758,16336830,"perfect hash family9,11881,109T47",16336830,"ARITHMETIC"
"perfect hash family",5,12,8175,16650978,"perfect hash family9,11881,109T34",16650978,"ARITHMETIC"
"perfect hash family",5,12,9156,16679526,"perfect hash family9,11881,109T25",16679526,"ARITHMETIC"
"perfect hash family",5,12,9592,16705890,"perfect hash family9,11881,109T21",16705890,"ARITHMETIC"
"perfect hash family",5,12,10000,16707918,"perfect hash family9,11881,109T17",16707918,"ARITHMETIC"
"perfect hash family",6,12,315,154457512,"perfect hash family4,315,200",154457512,"ARITHMETIC"
"perfect hash family",6,12,317,154457848,"perfect hash family4,317,202",154457848,"ARITHMETIC"
"perfect hash family",6,12,396,173764696,"perfect hash family4,396,250",173764696,"ARITHMETIC"
"perfect hash family",6,12,444,193071890,"perfect hash family5,444,200",193071890,"ARITHMETIC"
"perfect hash family",6,12,446,193072226,"perfect hash family5,450,202T2",193072226,"ARITHMETIC"
"perfect hash family",6,12,450,193072310,"perfect hash family5,450,202",193072310,"ARITHMETIC"
"perfect hash family",6,12,478,212379074,"perfect hash family5,570,246T46",212379074,"ARITHMETIC"
"perfect hash family",6,12,482,212379158,"perfect hash family5,570,246T44",212379158,"ARITHMETIC"
"perfect hash family",6,12,574,217205870,"perfect hash family5,574,250",217205870,"ARITHMETIC"
"perfect hash family",6,12,642,255820248,"perfect hash family6,730,244T44",255820248,"ARITHMETIC"
"perfect hash family",6,12,646,255820332,"perfect hash family6,730,244T42",255820332,"ARITHMETIC"
"perfect hash family",6,12,736,260647044,"perfect hash family6,736,250",260647044,"ARITHMETIC"
"perfect hash family",6,12,781,270301220,"perfect hash family14,1107,40S14",270301220,"ARITHMETIC"
"perfect hash family",6,12,801,274385420,"perfect hash family14,1107,40S13",274385420,"ARITHMETIC"
"perfect hash family",6,12,842,282553820,"perfect hash family14,1107,40S11",282553820,"ARITHMETIC"
"perfect hash family",5,13,815,9646764,"perfect hash family3,1122,749T307",9646764,"ARITHMETIC"
"perfect hash family",5,13,823,9648792,"perfect hash family3,1122,749T299",9648792,"ARITHMETIC"
"perfect hash family",5,13,825,9648948,"perfect hash family3,1122,749T297",9648948,"ARITHMETIC"
"perfect hash family",5,13,827,9649032,"perfect hash family3,1122,749T295",9649032,"ARITHMETIC"
"perfect hash family",5,13,830,9652848,"perfect hash family3,1143,763T313",9652848,"ARITHMETIC"
"perfect hash family",5,13,832,9653004,"perfect hash family3,1143,763T311",9653004,"ARITHMETIC"
"perfect hash family",5,13,834,9653088,"perfect hash family3,1143,763T309",9653088,"ARITHMETIC"
"perfect hash family",5,13,836,9653400,"perfect hash family3,1149,767T313",9653400,"ARITHMETIC"
"perfect hash family",5,13,849,9853308,"perfect hash family3,849,567",9853308,"ARITHMETIC"
"perfect hash family",5,13,892,9910404,"perfect hash family3,978,653T86",9910404,"ARITHMETIC"
"perfect hash family",5,13,896,9934584,"perfect hash family3,1122,749T226",9934584,"ARITHMETIC"
"perfect hash family",5,13,903,9938640,"perfect hash family3,1143,763T240",9938640,"ARITHMETIC"
"perfect hash family",5,13,978,9938952,"perfect hash family3,978,653",9938952,"ARITHMETIC"
"perfect hash family",5,13,1026,9991680,"perfect hash family3,1122,749T96",9991680,"ARITHMETIC"
"perfect hash family",5,13,1033,9995736,"perfect hash family3,1143,763T110",9995736,"ARITHMETIC"
"perfect hash family",5,13,1035,9996048,"perfect hash family3,1149,767T114",9996048,"ARITHMETIC"
"perfect hash family",5,13,1123,10018044,"perfect hash family3,1123,750",10018044,"ARITHMETIC"
"perfect hash family",5,13,1130,10022100,"perfect hash family3,1143,763T13",10022100,"ARITHMETIC"
"perfect hash family",5,13,1132,10022412,"perfect hash family3,1149,767T17",10022412,"ARITHMETIC"
"perfect hash family",5,13,1144,10024128,"perfect hash family3,1144,764",10024128,"ARITHMETIC"
"perfect hash family",5,13,1146,10024440,"perfect hash family3,1149,767T3",10024440,"ARITHMETIC"
"perfect hash family",5,13,1149,10024596,"perfect hash family3,1149,767",10024596,"ARITHMETIC"
"perfect hash family",5,13,1185,12509376,"perfect hash family4,3125,625T388",12509376,"ARITHMETIC"
"perfect hash family",5,13,1305,12535740,"perfect hash family4,3125,625T364",12535740,"ARITHMETIC"
"perfect hash family",5,13,1355,12537768,"perfect hash family4,3125,625T354",12537768,"ARITHMETIC"
"perfect hash family",5,13,1360,12537924,"perfect hash family4,3125,625T353",12537924,"ARITHMETIC"
"perfect hash family",5,13,1620,12823560,"perfect hash family4,3125,625T301",12823560,"ARITHMETIC"
"perfect hash family",5,13,1745,12852108,"perfect hash family4,3125,625T276",12852108,"ARITHMETIC"
"perfect hash family",5,13,1895,12880656,"perfect hash family4,3125,625T246",12880656,"ARITHMETIC"
"perfect hash family",5,13,2210,12907020,"perfect hash family4,3125,625T183",12907020,"ARITHMETIC"
"perfect hash family",5,13,2250,12909048,"perfect hash family4,3125,625T175",12909048,"ARITHMETIC"
"perfect hash family",5,13,2260,12909204,"perfect hash family4,3125,625T173",12909204,"ARITHMETIC"
"perfect hash family",5,13,2270,12909288,"perfect hash family4,3125,625T171",12909288,"ARITHMETIC"
"perfect hash family",5,13,2615,13194840,"perfect hash family4,3125,625T102",13194840,"ARITHMETIC"
"perfect hash family",5,13,2835,13223388,"perfect hash family4,3125,625T58",13223388,"ARITHMETIC"
"perfect hash family",5,13,3125,13251936,"perfect hash family4,3125,625",13251936,"ARITHMETIC"
"perfect hash family",5,13,5559,16332444,"perfect hash family9,11881,109T58",16332444,"ARITHMETIC"
"perfect hash family",5,13,5668,16334472,"perfect hash family9,11881,109T57",16334472,"ARITHMETIC"
"perfect hash family",5,13,5777,16334628,"perfect hash family9,11881,109T56",16334628,"ARITHMETIC"
"perfect hash family",5,13,5995,16336656,"perfect hash family9,11881,109T54",16336656,"ARITHMETIC"
"perfect hash family",5,13,6758,16336848,"perfect hash family9,11881,109T47",16336848,"ARITHMETIC"
"perfect hash family",5,13,8175,16650996,"perfect hash family9,11881,109T34",16650996,"ARITHMETIC"
"perfect hash family",5,13,9156,16679544,"perfect hash family9,11881,109T25",16679544,"ARITHMETIC"
"perfect hash family",5,13,9592,16705908,"perfect hash family9,11881,109T21",16705908,"ARITHMETIC"
"perfect hash family",5,13,10000,16707936,"perfect hash family9,11881,109T17",16707936,"ARITHMETIC"
"perfect hash family",6,13,315,154457520,"perfect hash family4,315,200",154457520,"ARITHMETIC"
"perfect hash family",6,13,317,154457856,"perfect hash family4,317,202",154457856,"ARITHMETIC"
"perfect hash family",6,13,346,168937908,"perfect hash family4,396,250T50",168937908,"ARITHMETIC"
"perfect hash family",6,13,348,168937992,"perfect hash family4,396,250T48",168937992,"ARITHMETIC"
"perfect hash family",6,13,396,173764704,"perfect hash family4,396,250",173764704,"ARITHMETIC"
"perfect hash family",6,13,444,193071900,"perfect hash family5,444,200",193071900,"ARITHMETIC"
"perfect hash family",6,13,446,193072236,"perfect hash family5,450,202T2",193072236,"ARITHMETIC"
"perfect hash family",6,13,450,193072320,"perfect hash family5,450,202",193072320,"ARITHMETIC"
"perfect hash family",6,13,478,212379084,"perfect hash family5,570,246T46",212379084,"ARITHMETIC"
"perfect hash family",6,13,482,212379168,"perfect hash family5,570,246T44",212379168,"ARITHMETIC"
"perfect hash family",6,13,574,217205880,"perfect hash family5,574,250",217205880,"ARITHMETIC"
"perfect hash family",6,13,642,255820260,"perfect hash family6,730,244T44",255820260,"ARITHMETIC"
"perfect hash family",6,13,646,255820344,"perfect hash family6,730,244T42",255820344,"ARITHMETIC"
"perfect hash family",6,13,736,260647056,"perfect hash family6,736,250",260647056,"ARITHMETIC"
"perfect hash family",6,13,781,270301248,"perfect hash family14,1107,40S14",270301248,"ARITHMETIC"
"perfect hash family",6,13,801,274385448,"perfect hash family14,1107,40S13",274385448,"ARITHMETIC"
"perfect hash family",6,13,842,282553848,"perfect hash family14,1107,40S11",282553848,"ARITHMETIC"
"perfect hash family",5,14,871,24968913,"perfect hash family3,871,582",24968913,"ARITHMETIC"
"perfect hash family",5,14,901,25091793,"perfect hash family3,960,641T59",25091793,"ARITHMETIC"
"perfect hash family",5,14,905,25099473,"perfect hash family3,972,649T67",25099473,"ARITHMETIC"
"perfect hash family",5,14,908,25099953,"perfect hash family3,981,655T73",25099953,"ARITHMETIC"
"perfect hash family",5,14,960,25153233,"perfect hash family3,960,641",25153233,"ARITHMETIC"
"perfect hash family",5,14,964,25160913,"perfect hash family3,972,649T8",25160913,"ARITHMETIC"
"perfect hash family",5,14,967,25161393,"perfect hash family3,981,655T14",25161393,"ARITHMETIC"
"perfect hash family",5,14,973,25164753,"perfect hash family3,973,650",25164753,"ARITHMETIC"
"perfect hash family",5,14,976,25165233,"perfect hash family3,981,655T5",25165233,"ARITHMETIC"
"perfect hash family",5,14,982,25165473,"perfect hash family3,982,656",25165473,"ARITHMETIC"
"perfect hash family",5,14,1022,26865393,"perfect hash family3,1146,765T124",26865393,"ARITHMETIC"
"perfect hash family",5,14,1031,26869233,"perfect hash family3,1146,765T115",26869233,"ARITHMETIC"
"perfect hash family",5,14,1037,26869473,"perfect hash family3,1146,765T109",26869473,"ARITHMETIC"
"perfect hash family",5,14,1680,32427644,"perfect hash family4,3125,625T289",32427644,"ARITHMETIC"
"perfect hash family",5,14,1800,32489084,"perfect hash family4,3125,625T265",32489084,"ARITHMETIC"
"perfect hash family",5,14,1880,32492924,"perfect hash family4,3125,625T249",32492924,"ARITHMETIC"
"perfect hash family",5,14,1895,32493164,"perfect hash family4,3125,625T246",32493164,"ARITHMETIC"
"perfect hash family",5,14,2270,33345164,"perfect hash family4,3125,625T171",33345164,"ARITHMETIC"
"perfect hash family",5,14,2575,33410684,"perfect hash family4,3125,625T110",33410684,"ARITHMETIC"
"perfect hash family",5,14,2910,33476204,"perfect hash family4,3125,625T43",33476204,"ARITHMETIC"
"perfect hash family",5,14,3125,33537644,"perfect hash family4,3125,625",33537644,"ARITHMETIC"
"perfect hash family",5,14,6798,45612579,"perfect hash family9,10609,103T37",45612579,"ARITHMETIC"
"perfect hash family",5,14,7519,45612624,"perfect hash family9,10609,103T30",45612624,"ARITHMETIC"
"perfect hash family",5,14,7957,46104144,"perfect hash family9,11881,109T36",46104144,"ARITHMETIC"
"perfect hash family",5,14,8249,46134864,"perfect hash family9,12769,113T40",46134864,"ARITHMETIC"
"perfect hash family",5,14,8732,46137264,"perfect hash family9,14986,126T53",46137264,"ARITHMETIC"
"perfect hash family",5,14,9476,46530099,"perfect hash family9,10609,103T11",46530099,"ARITHMETIC"
"perfect hash family",6,14,384,531692104,"perfect hash family32,512,16T4",531692104,"ARITHMETIC"
"perfect hash family",6,14,416,532501168,"perfect hash family32,512,16T3",532501168,"ARITHMETIC"
"perfect hash family",6,14,448,533335132,"perfect hash family32,512,16T2",533335132,"ARITHMETIC"
"perfect hash family",6,14,513,536870752,"perfect hash family32,513,17",536870752,"ARITHMETIC"
"perfect hash family",6,14,3726,1174404154,"perfect hash family14,3726,66",1174404154,"ARITHMETIC"
"perfect hash family",6,14,6592,1291795343,"perfect hash family13,10609,103T39",1291795343,"ARITHMETIC"
"perfect hash family",6,14,6798,1291795583,"perfect hash family13,10609,103T37",1291795583,"ARITHMETIC"
"perfect hash family",6,14,8446,1306475663,"perfect hash family13,10609,103T21",1306475663,"ARITHMETIC"
"perfect hash family",6,14,9167,1307524223,"perfect hash family13,10609,103T14",1307524223,"ARITHMETIC"
"perfect hash family",6,14,10000,1308507263,"perfect hash family13,10609,103T5",1308507263,"ARITHMETIC"
"perfect hash family",3,15,22,7460,"perfect hash family2,34,18T12",7460,"ARITHMETIC"
"perfect hash family",5,15,871,24968919,"perfect hash family3,871,582",24968919,"ARITHMETIC"
"perfect hash family",5,15,901,25091799,"perfect hash family3,960,641T59",25091799,"ARITHMETIC"
"perfect hash family",5,15,905,25099479,"perfect hash family3,972,649T67",25099479,"ARITHMETIC"
"perfect hash family",5,15,908,25099959,"perfect hash family3,981,655T73",25099959,"ARITHMETIC"
"perfect hash family",5,15,960,25153239,"perfect hash family3,960,641",25153239,"ARITHMETIC"
"perfect hash family",5,15,964,25160919,"perfect hash family3,972,649T8",25160919,"ARITHMETIC"
"perfect hash family",5,15,967,25161399,"perfect hash family3,981,655T14",25161399,"ARITHMETIC"
"perfect hash family",5,15,973,25164759,"perfect hash family3,973,650",25164759,"ARITHMETIC"
"perfect hash family",5,15,976,25165239,"perfect hash family3,981,655T5",25165239,"ARITHMETIC"
"perfect hash family",5,15,982,25165479,"perfect hash family3,982,656",25165479,"ARITHMETIC"
"perfect hash family",5,15,1022,26865399,"perfect hash family3,1146,765T124",26865399,"ARITHMETIC"
"perfect hash family",5,15,1031,26869239,"perfect hash family3,1146,765T115",26869239,"ARITHMETIC"
"perfect hash family",5,15,1037,26869479,"perfect hash family3,1146,765T109",26869479,"ARITHMETIC"
"perfect hash family",5,15,1147,27721479,"perfect hash family3,1147,766",27721479,"ARITHMETIC"
"perfect hash family",5,15,1420,32362132,"perfect hash family4,3125,625T341",32362132,"ARITHMETIC"
"perfect hash family",5,15,1680,32427652,"perfect hash family4,3125,625T289",32427652,"ARITHMETIC"
"perfect hash family",5,15,1800,32489092,"perfect hash family4,3125,625T265",32489092,"ARITHMETIC"
"perfect hash family",5,15,1880,32492932,"perfect hash family4,3125,625T249",32492932,"ARITHMETIC"
"perfect hash family",5,15,1895,32493172,"perfect hash family4,3125,625T246",32493172,"ARITHMETIC"
"perfect hash family",5,15,2270,33345172,"perfect hash family4,3125,625T171",33345172,"ARITHMETIC"
"perfect hash family",5,15,2575,33410692,"perfect hash family4,3125,625T110",33410692,"ARITHMETIC"
"perfect hash family",5,15,2910,33476212,"perfect hash family4,3125,625T43",33476212,"ARITHMETIC"
"perfect hash family",5,15,3125,33537652,"perfect hash family4,3125,625",33537652,"ARITHMETIC"
"perfect hash family",5,15,6798,45612597,"perfect hash family9,10609,103T37",45612597,"ARITHMETIC"
"perfect hash family",5,15,7519,45612642,"perfect hash family9,10609,103T30",45612642,"ARITHMETIC"
"perfect hash family",5,15,7957,46104162,"perfect hash family9,11881,109T36",46104162,"ARITHMETIC"
"perfect hash family",5,15,8249,46134882,"perfect hash family9,12769,113T40",46134882,"ARITHMETIC"
"perfect hash family",5,15,8732,46137282,"perfect hash family9,14986,126T53",46137282,"ARITHMETIC"
"perfect hash family",5,15,9476,46530117,"perfect hash family9,10609,103T11",46530117,"ARITHMETIC"
"perfect hash family",6,15,513,536870816,"perfect hash family32,513,17",536870816,"ARITHMETIC"
"perfect hash family",6,15,3726,1174404182,"perfect hash family14,3726,66",1174404182,"ARITHMETIC"
"perfect hash family",6,15,6592,1291795369,"perfect hash family13,10609,103T39",1291795369,"ARITHMETIC"
"perfect hash family",6,15,6798,1291795609,"perfect hash family13,10609,103T37",1291795609,"ARITHMETIC"
"perfect hash family",6,15,8446,1306475689,"perfect hash family13,10609,103T21",1306475689,"ARITHMETIC"
"perfect hash family",6,15,9167,1307524249,"perfect hash family13,10609,103T14",1307524249,"ARITHMETIC"
"perfect hash family",6,15,10000,1308507289,"perfect hash family13,10609,103T5",1308507289,"ARITHMETIC"
"perfect hash family",5,16,871,24968925,"perfect hash family3,871,582",24968925,"ARITHMETIC"
"perfect hash family",5,16,901,25091805,"perfect hash family3,960,641T59",25091805,"ARITHMETIC"
"perfect hash family",5,16,905,25099485,"perfect hash family3,972,649T67",25099485,"ARITHMETIC"
"perfect hash family",5,16,908,25099965,"perfect hash family3,981,655T73",25099965,"ARITHMETIC"
"perfect hash family",5,16,960,25153245,"perfect hash family3,960,641",25153245,"ARITHMETIC"
"perfect hash family",5,16,964,25160925,"perfect hash family3,972,649T8",25160925,"ARITHMETIC"
"perfect hash family",5,16,967,25161405,"perfect hash family3,981,655T14",25161405,"ARITHMETIC"
"perfect hash family",5,16,973,25164765,"perfect hash family3,973,650",25164765,"ARITHMETIC"
"perfect hash family",5,16,976,25165245,"perfect hash family3,981,655T5",25165245,"ARITHMETIC"
"perfect hash family",5,16,982,25165485,"perfect hash family3,982,656",25165485,"ARITHMETIC"
"perfect hash family",5,16,1022,26865405,"perfect hash family3,1146,765T124",26865405,"ARITHMETIC"
"perfect hash family",5,16,1031,26869245,"perfect hash family3,1146,765T115",26869245,"ARITHMETIC"
"perfect hash family",5,16,1037,26869485,"perfect hash family3,1146,765T109",26869485,"ARITHMETIC"
"perfect hash family",5,16,1147,27721485,"perfect hash family3,1147,766",27721485,"ARITHMETIC"
"perfect hash family",5,16,1420,32362140,"perfect hash family4,3125,625T341",32362140,"ARITHMETIC"
"perfect hash family",5,16,1680,32427660,"perfect hash family4,3125,625T289",32427660,"ARITHMETIC"
"perfect hash family",5,16,1800,32489100,"perfect hash family4,3125,625T265",32489100,"ARITHMETIC"
"perfect hash family",5,16,1880,32492940,"perfect hash family4,3125,625T249",32492940,"ARITHMETIC"
"perfect hash family",5,16,1895,32493180,"perfect hash family4,3125,625T246",32493180,"ARITHMETIC"
"perfect hash family",5,16,2270,33345180,"perfect hash family4,3125,625T171",33345180,"ARITHMETIC"
"perfect hash family",5,16,2575,33410700,"perfect hash family4,3125,625T110",33410700,"ARITHMETIC"
"perfect hash family",5,16,2910,33476220,"perfect hash family4,3125,625T43",33476220,"ARITHMETIC"
"perfect hash family",5,16,3125,33537660,"perfect hash family4,3125,625",33537660,"ARITHMETIC"
"perfect hash family",5,16,6798,45612615,"perfect hash family9,10609,103T37",45612615,"ARITHMETIC"
"perfect hash family",5,16,7519,45612660,"perfect hash family9,10609,103T30",45612660,"ARITHMETIC"
"perfect hash family",5,16,7957,46104180,"perfect hash family9,11881,109T36",46104180,"ARITHMETIC"
"perfect hash family",5,16,8249,46134900,"perfect hash family9,12769,113T40",46134900,"ARITHMETIC"
"perfect hash family",5,16,8732,46137300,"perfect hash family9,14986,126T53",46137300,"ARITHMETIC"
"perfect hash family",5,16,9476,46530135,"perfect hash family9,10609,103T11",46530135,"ARITHMETIC"
"perfect hash family",6,16,512,536870416,"perfect hash family32,512,16,c",536870416,"ARITHMETIC"
"perfect hash family",6,16,513,536870880,"perfect hash family32,513,17",536870880,"ARITHMETIC"
"perfect hash family",6,16,530,671088075,"perfect hash family5,530,236",671088075,"ARITHMETIC"
"perfect hash family",6,16,3726,1174404210,"perfect hash family14,3726,66",1174404210,"ARITHMETIC"
"perfect hash family",6,16,6592,1291795395,"perfect hash family13,10609,103T39",1291795395,"ARITHMETIC"
"perfect hash family",6,16,6798,1291795635,"perfect hash family13,10609,103T37",1291795635,"ARITHMETIC"
"perfect hash family",6,16,8446,1306475715,"perfect hash family13,10609,103T21",1306475715,"ARITHMETIC"
"perfect hash family",6,16,9167,1307524275,"perfect hash family13,10609,103T14",1307524275,"ARITHMETIC"
"perfect hash family",6,16,10000,1308507315,"perfect hash family13,10609,103T5",1308507315,"ARITHMETIC"
"perfect hash family",3,17,397,18624,"perfect hash family2,760,381T363",18624,"ARITHMETIC"
"perfect hash family",5,17,928,33825696,"perfect hash family3,928,620",33825696,"ARITHMETIC"
"perfect hash family",5,17,950,33982912,"perfect hash family3,993,663T43",33982912,"ARITHMETIC"
"perfect hash family",5,17,977,33992160,"perfect hash family3,1074,717T97",33992160,"ARITHMETIC"
"perfect hash family",5,17,979,33992704,"perfect hash family3,1080,721T101",33992704,"ARITHMETIC"
"perfect hash family",5,17,993,34061520,"perfect hash family3,993,663",34061520,"ARITHMETIC"
"perfect hash family",5,17,1020,34070768,"perfect hash family3,1074,717T54",34070768,"ARITHMETIC"
"perfect hash family",5,17,1022,34071312,"perfect hash family3,1080,721T58",34071312,"ARITHMETIC"
"perfect hash family",5,17,1075,34075392,"perfect hash family3,1075,718",34075392,"ARITHMETIC"
"perfect hash family",5,17,1077,34075936,"perfect hash family3,1080,721T3",34075936,"ARITHMETIC"
"perfect hash family",5,17,1080,34076208,"perfect hash family3,1080,721",34076208,"ARITHMETIC"
"perfect hash family",5,17,1790,43916912,"perfect hash family4,3125,625T267",43916912,"ARITHMETIC"
"perfect hash family",5,17,2000,43995520,"perfect hash family4,3125,625T225",43995520,"ARITHMETIC"
"perfect hash family",5,17,2035,44000144,"perfect hash family4,3125,625T218",44000144,"ARITHMETIC"
"perfect hash family",5,17,2040,44000512,"perfect hash family4,3125,625T217",44000512,"ARITHMETIC"
"perfect hash family",5,17,2400,45169744,"perfect hash family4,3125,625T145",45169744,"ARITHMETIC"
"perfect hash family",5,17,2775,45253248,"perfect hash family4,3125,625T70",45253248,"ARITHMETIC"
"perfect hash family",5,17,3100,45336752,"perfect hash family4,3125,625T5",45336752,"ARITHMETIC"
"perfect hash family",5,17,3125,45415360,"perfect hash family4,3125,625",45415360,"ARITHMETIC"
"perfect hash family",5,17,8720,61805120,"perfect hash family9,11881,109T29",61805120,"ARITHMETIC"
"perfect hash family",5,17,9558,62470976,"perfect hash family9,14986,126T46",62470976,"ARITHMETIC"
"perfect hash family",5,17,10000,63057904,"perfect hash family9,11449,107T10",63057904,"ARITHMETIC"
"perfect hash family",6,17,289,386200849,"perfect hash family16,289,17,c",386200849,"ARITHMETIC"
"perfect hash family",6,17,513,772401681,"perfect hash family32,513,17,c",772401681,"ARITHMETIC"
"perfect hash family",6,17,514,772402176,"perfect hash family32,514,18",772402176,"ARITHMETIC"
"perfect hash family",6,17,620,965502160,"perfect hash family5,620,268",965502160,"ARITHMETIC"
"perfect hash family",6,17,3725,1689560320,"perfect hash family14,3725,65",1689560320,"ARITHMETIC"
"perfect hash family",6,17,3726,1689628864,"perfect hash family14,3726,66",1689628864,"ARITHMETIC"
"perfect hash family",6,17,6955,1858583552,"perfect hash family13,11449,107T42",1858583552,"ARITHMETIC"
"perfect hash family",6,17,7062,1858588448,"perfect hash family13,11449,107T41",1858588448,"ARITHMETIC"
"perfect hash family",6,17,9888,1880307376,"perfect hash family13,10609,103T7",1880307376,"ARITHMETIC"
"perfect hash family",6,17,10000,1881306160,"perfect hash family13,11449,107T11",1881306160,"ARITHMETIC"
"perfect hash family",3,18,383,19545,"perfect hash family2,760,381T377",19545,"ARITHMETIC"
"perfect hash family",3,18,384,19707,"perfect hash family2,760,381T376",19707,"ARITHMETIC"
"perfect hash family",3,18,385,19869,"perfect hash family2,760,381T375",19869,"ARITHMETIC"
"perfect hash family",5,18,878,56929368,"perfect hash family3,1254,837T376",56929368,"ARITHMETIC"
"perfect hash family",5,18,883,56935866,"perfect hash family3,1254,837T371",56935866,"ARITHMETIC"
"perfect hash family",5,18,887,56936208,"perfect hash family3,1254,837T367",56936208,"ARITHMETIC"
"perfect hash family",5,18,890,56936316,"perfect hash family3,1254,837T364",56936316,"ARITHMETIC"
"perfect hash family",5,18,894,56949204,"perfect hash family3,1275,851T381",56949204,"ARITHMETIC"
"perfect hash family",5,18,897,56949312,"perfect hash family3,1275,851T378",56949312,"ARITHMETIC"
"perfect hash family",5,18,931,58513854,"perfect hash family3,1005,671T74",58513854,"ARITHMETIC"
"perfect hash family",5,18,1005,58644156,"perfect hash family3,1005,671",58644156,"ARITHMETIC"
"perfect hash family",5,18,1031,58904760,"perfect hash family3,1083,723T52",58904760,"ARITHMETIC"
"perfect hash family",5,18,1083,59035062,"perfect hash family3,1083,723",59035062,"ARITHMETIC"
"perfect hash family",5,18,1088,59151684,"perfect hash family3,1254,837T166",59151684,"ARITHMETIC"
"perfect hash family",5,18,1095,59164680,"perfect hash family3,1275,851T180",59164680,"ARITHMETIC"
"perfect hash family",5,18,1140,59281986,"perfect hash family3,1254,837T114",59281986,"ARITHMETIC"
"perfect hash family",5,18,1147,59294982,"perfect hash family3,1275,851T128",59294982,"ARITHMETIC"
"perfect hash family",5,18,1255,59405448,"perfect hash family3,1255,838",59405448,"ARITHMETIC"
"perfect hash family",5,18,1262,59418444,"perfect hash family3,1275,851T13",59418444,"ARITHMETIC"
"perfect hash family",5,18,1275,59424942,"perfect hash family3,1275,851",59424942,"ARITHMETIC"
"perfect hash family",5,18,1865,75716128,"perfect hash family4,3125,625T252",75716128,"ARITHMETIC"
"perfect hash family",5,18,2230,75846430,"perfect hash family4,3125,625T179",75846430,"ARITHMETIC"
"perfect hash family",5,18,2305,75969892,"perfect hash family4,3125,625T164",75969892,"ARITHMETIC"
"perfect hash family",5,18,2330,75976390,"perfect hash family4,3125,625T159",75976390,"ARITHMETIC"
"perfect hash family",5,18,2350,75976732,"perfect hash family4,3125,625T155",75976732,"ARITHMETIC"
"perfect hash family",5,18,2365,75976840,"perfect hash family4,3125,625T152",75976840,"ARITHMETIC"
"perfect hash family",5,18,2985,78061906,"perfect hash family4,3125,625T28",78061906,"ARITHMETIC"
"perfect hash family",5,18,3125,78192208,"perfect hash family4,3125,625",78192208,"ARITHMETIC"
"perfect hash family",6,18,516,1505468096,"perfect hash family32,516,20",1505468096,"ARITHMETIC"
"perfect hash family",6,18,561,1975926300,"perfect hash family6,561,201",1975926300,"ARITHMETIC"
"perfect hash family",6,18,7630,3592688320,"perfect hash family13,11881,109T39",3592688320,"ARITHMETIC"
"perfect hash family",6,18,8066,3592811782,"perfect hash family13,11881,109T35",3592811782,"ARITHMETIC"
"perfect hash family",6,18,8284,3592818694,"perfect hash family13,11881,109T33",3592818694,"ARITHMETIC"
"perfect hash family",3,19,399,20574,"perfect hash family2,760,381T361",20574,"ARITHMETIC"
"perfect hash family",5,19,878,56929374,"perfect hash family3,1254,837T376",56929374,"ARITHMETIC"
"perfect hash family",5,19,883,56935872,"perfect hash family3,1254,837T371",56935872,"ARITHMETIC"
"perfect hash family",5,19,887,56936214,"perfect hash family3,1254,837T367",56936214,"ARITHMETIC"
"perfect hash family",5,19,890,56936322,"perfect hash family3,1254,837T364",56936322,"ARITHMETIC"
"perfect hash family",5,19,894,56949210,"perfect hash family3,1275,851T381",56949210,"ARITHMETIC"
"perfect hash family",5,19,897,56949318,"perfect hash family3,1275,851T378",56949318,"ARITHMETIC"
"perfect hash family",5,19,931,58513860,"perfect hash family3,1005,671T74",58513860,"ARITHMETIC"
"perfect hash family",5,19,1005,58644162,"perfect hash family3,1005,671",58644162,"ARITHMETIC"
"perfect hash family",5,19,1031,58904766,"perfect hash family3,1083,723T52",58904766,"ARITHMETIC"
"perfect hash family",5,19,1083,59035068,"perfect hash family3,1083,723",59035068,"ARITHMETIC"
"perfect hash family",5,19,1088,59151690,"perfect hash family3,1254,837T166",59151690,"ARITHMETIC"
"perfect hash family",5,19,1095,59164686,"perfect hash family3,1275,851T180",59164686,"ARITHMETIC"
"perfect hash family",5,19,1140,59281992,"perfect hash family3,1254,837T114",59281992,"ARITHMETIC"
"perfect hash family",5,19,1147,59294988,"perfect hash family3,1275,851T128",59294988,"ARITHMETIC"
"perfect hash family",5,19,1255,59405454,"perfect hash family3,1255,838",59405454,"ARITHMETIC"
"perfect hash family",5,19,1262,59418450,"perfect hash family3,1275,851T13",59418450,"ARITHMETIC"
"perfect hash family",5,19,1275,59424948,"perfect hash family3,1275,851",59424948,"ARITHMETIC"
"perfect hash family",5,19,1865,75716136,"perfect hash family4,3125,625T252",75716136,"ARITHMETIC"
"perfect hash family",5,19,2230,75846438,"perfect hash family4,3125,625T179",75846438,"ARITHMETIC"
"perfect hash family",5,19,2305,75969900,"perfect hash family4,3125,625T164",75969900,"ARITHMETIC"
"perfect hash family",5,19,2330,75976398,"perfect hash family4,3125,625T159",75976398,"ARITHMETIC"
"perfect hash family",5,19,2350,75976740,"perfect hash family4,3125,625T155",75976740,"ARITHMETIC"
"perfect hash family",5,19,2365,75976848,"perfect hash family4,3125,625T152",75976848,"ARITHMETIC"
"perfect hash family",5,19,2985,78061914,"perfect hash family4,3125,625T28",78061914,"ARITHMETIC"
"perfect hash family",5,19,3125,78192216,"perfect hash family4,3125,625",78192216,"ARITHMETIC"
"perfect hash family",6,19,361,752733811,"perfect hash family16,361,19,c",752733811,"ARITHMETIC"
"perfect hash family",6,19,515,1505467603,"perfect hash family32,515,19,c",1505467603,"ARITHMETIC"
"perfect hash family",6,19,516,1505468160,"perfect hash family32,516,20",1505468160,"ARITHMETIC"
"perfect hash family",6,19,561,1975926312,"perfect hash family6,561,201",1975926312,"ARITHMETIC"
"perfect hash family",6,19,7630,3592688346,"perfect hash family13,11881,109T39",3592688346,"ARITHMETIC"
"perfect hash family",6,19,8066,3592811808,"perfect hash family13,11881,109T35",3592811808,"ARITHMETIC"
"perfect hash family",6,19,8284,3592818720,"perfect hash family13,11881,109T33",3592818720,"ARITHMETIC"
"perfect hash family",5,20,1196,127014051,"perfect hash family20,2116,23T10",127014051,"ARITHMETIC"
"perfect hash family",5,20,1288,127226181,"perfect hash family20,2116,23T9",127226181,"ARITHMETIC"
"perfect hash family",5,20,1380,127440757,"perfect hash family20,2116,23T8",127440757,"ARITHMETIC"
"perfect hash family",5,20,1472,127655509,"perfect hash family20,2116,23T7",127655509,"ARITHMETIC"
"perfect hash family",5,20,1564,127869339,"perfect hash family20,2116,23T6",127869339,"ARITHMETIC"
"perfect hash family",5,20,1656,128080341,"perfect hash family20,2116,23T5",128080341,"ARITHMETIC"
"perfect hash family",5,20,1748,128287119,"perfect hash family20,2116,23T4",128287119,"ARITHMETIC"
"perfect hash family",5,20,1840,128487999,"perfect hash family20,2116,23T3",128487999,"ARITHMETIC"
"perfect hash family",5,20,2117,128726720,"perfect hash family20,2117,24",128726720,"ARITHMETIC"
"perfect hash family",6,20,2213,8286091268,"perfect hash family14,2213,51",8286091268,"ARITHMETIC"
"perfect hash family",6,20,2214,8290001636,"perfect hash family14,2214,52",8290001636,"ARITHMETIC"
"perfect hash family",6,20,5334,9538659338,"perfect hash family13,5334,78",9538659338,"ARITHMETIC"
"perfect hash family",6,20,6893,9622173626,"perfect hash family13,6893,87",9622173626,"ARITHMETIC"
"perfect hash family",6,20,8034,11160618050,"perfect hash family13,10609,103T25",11160618050,"ARITHMETIC"
"perfect hash family",6,20,8755,11166774552,"perfect hash family13,10609,103T18",11166774552,"ARITHMETIC"
"perfect hash family",6,20,8961,11167042226,"perfect hash family13,10609,103T16",11167042226,"ARITHMETIC"
"perfect hash family",6,20,9605,11244010392,"perfect hash family13,12769,113T28",11244010392,"ARITHMETIC"
"perfect hash family",6,20,9831,11244278066,"perfect hash family13,12769,113T26",11244278066,"ARITHMETIC"
"perfect hash family",5,21,2117,128726760,"perfect hash family20,2117,24",128726760,"ARITHMETIC"
"perfect hash family",6,21,735,6217506480,"perfect hash family6,735,249",6217506480,"ARITHMETIC"
"perfect hash family",6,21,2213,8286091296,"perfect hash family14,2213,51",8286091296,"ARITHMETIC"
"perfect hash family",6,21,2214,8290001664,"perfect hash family14,2214,52",8290001664,"ARITHMETIC"
"perfect hash family",6,21,5334,9538659364,"perfect hash family13,5334,78",9538659364,"ARITHMETIC"
"perfect hash family",6,21,6893,9622173652,"perfect hash family13,6893,87",9622173652,"ARITHMETIC"
"perfect hash family",6,21,8034,11160618076,"perfect hash family13,10609,103T25",11160618076,"ARITHMETIC"
"perfect hash family",6,21,8755,11166774578,"perfect hash family13,10609,103T18",11166774578,"ARITHMETIC"
"perfect hash family",6,21,8961,11167042252,"perfect hash family13,10609,103T16",11167042252,"ARITHMETIC"
"perfect hash family",6,21,9605,11244010418,"perfect hash family13,12769,113T28",11244010418,"ARITHMETIC"
"perfect hash family",6,21,9831,11244278092,"perfect hash family13,12769,113T26",11244278092,"ARITHMETIC"
"perfect hash family",5,22,2117,128726800,"perfect hash family20,2117,24",128726800,"ARITHMETIC"
"perfect hash family",6,22,735,6217506492,"perfect hash family6,735,249",6217506492,"ARITHMETIC"
"perfect hash family",6,22,2213,8286091324,"perfect hash family14,2213,51",8286091324,"ARITHMETIC"
"perfect hash family",6,22,2214,8290001692,"perfect hash family14,2214,52",8290001692,"ARITHMETIC"
"perfect hash family",6,22,5334,9538659390,"perfect hash family13,5334,78",9538659390,"ARITHMETIC"
"perfect hash family",6,22,6893,9622173678,"perfect hash family13,6893,87",9622173678,"ARITHMETIC"
"perfect hash family",6,22,8034,11160618102,"perfect hash family13,10609,103T25",11160618102,"ARITHMETIC"
"perfect hash family",6,22,8755,11166774604,"perfect hash family13,10609,103T18",11166774604,"ARITHMETIC"
"perfect hash family",6,22,8961,11167042278,"perfect hash family13,10609,103T16",11167042278,"ARITHMETIC"
"perfect hash family",6,22,9605,11244010444,"perfect hash family13,12769,113T28",11244010444,"ARITHMETIC"
"perfect hash family",6,22,9831,11244278118,"perfect hash family13,12769,113T26",11244278118,"ARITHMETIC"
"perfect hash family",5,23,2116,128726423,"perfect hash family20,2116,23,c",128726423,"ARITHMETIC"
"perfect hash family",5,23,2117,128726840,"perfect hash family20,2117,24",128726840,"ARITHMETIC"
"perfect hash family",5,23,10000,135162743,"perfect hash family21,12167,23,c",135162743,"ARITHMETIC"
"perfect hash family",6,23,529,2368573879,"perfect hash family16,529,23,c",2368573879,"ARITHMETIC"
"perfect hash family",6,23,735,6217506504,"perfect hash family6,735,249",6217506504,"ARITHMETIC"
"perfect hash family",6,23,2213,8286091352,"perfect hash family14,2213,51",8286091352,"ARITHMETIC"
"perfect hash family",6,23,2214,8290001720,"perfect hash family14,2214,52",8290001720,"ARITHMETIC"
"perfect hash family",6,23,5334,9538659416,"perfect hash family13,5334,78",9538659416,"ARITHMETIC"
"perfect hash family",6,23,6893,9622173704,"perfect hash family13,6893,87",9622173704,"ARITHMETIC"
"perfect hash family",6,23,8034,11160618128,"perfect hash family13,10609,103T25",11160618128,"ARITHMETIC"
"perfect hash family",6,23,8755,11166774630,"perfect hash family13,10609,103T18",11166774630,"ARITHMETIC"
"perfect hash family",6,23,8961,11167042304,"perfect hash family13,10609,103T16",11167042304,"ARITHMETIC"
"perfect hash family",6,23,9605,11244010470,"perfect hash family13,12769,113T28",11244010470,"ARITHMETIC"
"perfect hash family",6,23,9831,11244278144,"perfect hash family13,12769,113T26",11244278144,"ARITHMETIC"
"perfect hash family",5,24,2501,195312440,"perfect hash family20,2501,26",195312440,"ARITHMETIC"
"perfect hash family",6,24,966,10986328050,"perfect hash family15,966,36",10986328050,"ARITHMETIC"
"perfect hash family",5,25,2500,195312025,"perfect hash family20,2500,25,c",195312025,"ARITHMETIC"
"perfect hash family",5,25,2501,195312480,"perfect hash family20,2501,26",195312480,"ARITHMETIC"
"perfect hash family",6,25,625,3906249625,"perfect hash family16,625,25,c",3906249625,"ARITHMETIC"
"perfect hash family",6,25,966,10986328080,"perfect hash family15,966,36",10986328080,"ARITHMETIC"
