"child_t","child_k","child_v","child_N","construction","params","ing1_t","ing1_k","ing1_v","ing1_N","ing2_t","ing2_k","ing2_v","ing2_N","confidence","stamp_date","stamp_note"
2,3,2,4,"KSK","",NA,NA,NA,NA,NA,NA,NA,NA,"ARITHMETIC","2026-08-29","route reproduces snapshot N via Ns sweep"
2,3,2,4,"fuseBushtCA","",NA,NA,NA,NA,NA,NA,NA,NA,"ARITHMETIC","2026-08-29","route reproduces snapshot N via Ns sweep"
2,3,2,4,"recBoseCA_PCA","",NA,NA,NA,NA,NA,NA,NA,NA,"ARITHMETIC","2026-08-29","route reproduces snapshot N via Ns sweep"
2,3,2,4,"recBoseCA_CA","",NA,NA,NA,NA,NA,NA,NA,NA,"ARITHMETIC","2026-08-29","route reproduces snapshot N via Ns sweep"
2,3,2,4,"projBoseCA","",NA,NA,NA,NA,NA,NA,NA,NA,"ARITHMETIC","2026-08-29","route reproduces snapshot N via Ns sweep"
2,3,2,4,"NIST","",NA,NA,NA,NA,NA,NA,NA,NA,"ARITHMETIC","2026-08-29","route reproduces snapshot N via Ns sweep"
2,4,2,5,"KSK","",NA,NA,NA,NA,NA,NA,NA,NA,"ARITHMETIC","2026-08-29","route reproduces snapshot N via Ns sweep"
2,10,2,6,"KSK","",NA,NA,NA,NA,NA,NA,NA,NA,"ARITHMETIC","2026-08-29","route reproduces snapshot N via Ns sweep"
2,15,2,7,"KSK","",NA,NA,NA,NA,NA,NA,NA,NA,"ARITHMETIC","2026-08-29","route reproduces snapshot N via Ns sweep"
2,35,2,8,"KSK","",NA,NA,NA,NA,NA,NA,NA,NA,"ARITHMETIC","2026-08-29","route reproduces snapshot N via Ns sweep"
2,56,2,9,"KSK","",NA,NA,NA,NA,NA,NA,NA,NA,"ARITHMETIC","2026-08-29","route reproduces snapshot N via Ns sweep"
2,126,2,10,"KSK","",NA,NA,NA,NA,NA,NA,NA,NA,"ARITHMETIC","2026-08-29","route reproduces snapshot N via Ns sweep"
2,210,2,11,"KSK","",NA,NA,NA,NA,NA,NA,NA,NA,"ARITHMETIC","2026-08-29","route reproduces snapshot N via Ns sweep"
2,462,2,12,"KSK","",NA,NA,NA,NA,NA,NA,NA,NA,"ARITHMETIC","2026-08-29","route reproduces snapshot N via Ns sweep"
2,792,2,13,"KSK","",NA,NA,NA,NA,NA,NA,NA,NA,"ARITHMETIC","2026-08-29","route reproduces snapshot N via Ns sweep"
2,1716,2,14,"KSK","",NA,NA,NA,NA,NA,NA,NA,NA,"ARITHMETIC","2026-08-29","route reproduces snapshot N via Ns sweep"
2,3003,2,15,"KSK","",NA,NA,NA,NA,NA,NA,NA,NA,"ARITHMETIC","2026-08-29","route reproduces snapshot N via Ns sweep"
2,6435,2,16,"KSK","",NA,NA,NA,NA,NA,NA,NA,NA,"ARITHMETIC","2026-08-29","route reproduces snapshot N via Ns sweep"
2,11440,2,17,"KSK","",NA,NA,NA,NA,NA,NA,NA,NA,"ARITHMETIC","2026-08-29","route reproduces snapshot N via Ns sweep"
2,20000,2,18,"KSK","",NA,NA,NA,NA,NA,NA,NA,NA,"ARITHMETIC","2026-08-29","route reproduces snapshot N via Ns sweep"
3,4,2,8,"CK_doublingCA","",NA,NA,NA,NA,NA,NA,NA,NA,"ARITHMETIC","2026-08-29","route reproduces snapshot N via Ns sweep"
3,4,2,8,"fuseBushtCA","",NA,NA,NA,NA,NA,NA,NA,NA,"ARITHMETIC","2026-08-29","route reproduces snapshot N via Ns sweep"
3,5,2,10,"TJ","",NA,NA,NA,NA,NA,NA,NA,NA,"ARITHMETIC","2026-08-29","route reproduces snapshot N via Ns sweep"
3,11,2,12,"PALEY","",NA,NA,NA,NA,NA,NA,NA,NA,"ARITHMETIC","2026-08-29","route reproduces snapshot N via Ns sweep"
3,12,2,15,"TJ","",NA,NA,NA,NA,NA,NA,NA,NA,"ARITHMETIC","2026-08-29","route reproduces snapshot N via Ns sweep"
3,14,2,16,"TJ","",NA,NA,NA,NA,NA,NA,NA,NA,"ARITHMETIC","2026-08-29","route reproduces snapshot N via Ns sweep"
3,16,2,17,"TJ","",NA,NA,NA,NA,NA,NA,NA,NA,"ARITHMETIC","2026-08-29","route reproduces snapshot N via Ns sweep"
3,20,2,18,"CK_doublingCA","",NA,NA,NA,NA,NA,NA,NA,NA,"ARITHMETIC","2026-08-29","route reproduces snapshot N via Ns sweep"
3,22,2,19,"CK_doublingCA","",NA,NA,NA,NA,NA,NA,NA,NA,"ARITHMETIC","2026-08-29","route reproduces snapshot N via Ns sweep"
3,23,2,20,"TJ","",NA,NA,NA,NA,NA,NA,NA,NA,"ARITHMETIC","2026-08-29","route reproduces snapshot N via Ns sweep"
3,23,2,20,"DWYER","",NA,NA,NA,NA,NA,NA,NA,NA,"ARITHMETIC","2026-08-29","route reproduces snapshot N via Ns sweep"
3,25,2,21,"TJ","",NA,NA,NA,NA,NA,NA,NA,NA,"ARITHMETIC","2026-08-29","route reproduces snapshot N via Ns sweep"
3,25,2,21,"DWYER","",NA,NA,NA,NA,NA,NA,NA,NA,"ARITHMETIC","2026-08-29","route reproduces snapshot N via Ns sweep"
3,26,2,22,"TJ","",NA,NA,NA,NA,NA,NA,NA,NA,"ARITHMETIC","2026-08-29","route reproduces snapshot N via Ns sweep"
3,26,2,22,"DWYER","",NA,NA,NA,NA,NA,NA,NA,NA,"ARITHMETIC","2026-08-29","route reproduces snapshot N via Ns sweep"
3,30,2,23,"TJ","",NA,NA,NA,NA,NA,NA,NA,NA,"ARITHMETIC","2026-08-29","route reproduces snapshot N via Ns sweep"
3,38,2,24,"TJ","",NA,NA,NA,NA,NA,NA,NA,NA,"ARITHMETIC","2026-08-29","route reproduces snapshot N via Ns sweep"
3,44,2,25,"TJ","",NA,NA,NA,NA,NA,NA,NA,NA,"ARITHMETIC","2026-08-29","route reproduces snapshot N via Ns sweep"
3,44,2,25,"DWYER","",NA,NA,NA,NA,NA,NA,NA,NA,"ARITHMETIC","2026-08-29","route reproduces snapshot N via Ns sweep"
3,46,2,26,"TJ","",NA,NA,NA,NA,NA,NA,NA,NA,"ARITHMETIC","2026-08-29","route reproduces snapshot N via Ns sweep"
3,46,2,26,"DWYER","",NA,NA,NA,NA,NA,NA,NA,NA,"ARITHMETIC","2026-08-29","route reproduces snapshot N via Ns sweep"
3,49,2,27,"TJ","",NA,NA,NA,NA,NA,NA,NA,NA,"ARITHMETIC","2026-08-29","route reproduces snapshot N via Ns sweep"
3,49,2,27,"DWYER","",NA,NA,NA,NA,NA,NA,NA,NA,"ARITHMETIC","2026-08-29","route reproduces snapshot N via Ns sweep"
3,52,2,28,"TJ","",NA,NA,NA,NA,NA,NA,NA,NA,"ARITHMETIC","2026-08-29","route reproduces snapshot N via Ns sweep"
3,52,2,28,"DWYER","",NA,NA,NA,NA,NA,NA,NA,NA,"ARITHMETIC","2026-08-29","route reproduces snapshot N via Ns sweep"
3,55,2,29,"TJ","",NA,NA,NA,NA,NA,NA,NA,NA,"ARITHMETIC","2026-08-29","route reproduces snapshot N via Ns sweep"
3,57,2,30,"TJ","",NA,NA,NA,NA,NA,NA,NA,NA,"ARITHMETIC","2026-08-29","route reproduces snapshot N via Ns sweep"
3,68,2,31,"TJ","",NA,NA,NA,NA,NA,NA,NA,NA,"ARITHMETIC","2026-08-29","route reproduces snapshot N via Ns sweep"
3,68,2,31,"DWYER","",NA,NA,NA,NA,NA,NA,NA,NA,"ARITHMETIC","2026-08-29","route reproduces snapshot N via Ns sweep"
3,88,2,32,"powerCT","",NA,NA,NA,NA,NA,NA,NA,NA,"ARITHMETIC","2026-08-29","route reproduces snapshot N via Ns sweep"
3,121,2,33,"powerCT","",NA,NA,NA,NA,NA,NA,NA,NA,"ARITHMETIC","2026-08-29","route reproduces snapshot N via Ns sweep"
3,123,2,35,"TJ","",NA,NA,NA,NA,NA,NA,NA,NA,"ARITHMETIC","2026-08-29","route reproduces snapshot N via Ns sweep"
3,123,2,35,"DWYER","",NA,NA,NA,NA,NA,NA,NA,NA,"ARITHMETIC","2026-08-29","route reproduces snapshot N via Ns sweep"
3,127,2,36,"TJ","",NA,NA,NA,NA,NA,NA,NA,NA,"ARITHMETIC","2026-08-29","route reproduces snapshot N via Ns sweep"
3,127,2,36,"DWYER","",NA,NA,NA,NA,NA,NA,NA,NA,"ARITHMETIC","2026-08-29","route reproduces snapshot N via Ns sweep"
3,140,2,37,"TJ","",NA,NA,NA,NA,NA,NA,NA,NA,"ARITHMETIC","2026-08-29","route reproduces snapshot N via Ns sweep"
3,140,2,37,"DWYER","",NA,NA,NA,NA,NA,NA,NA,NA,"ARITHMETIC","2026-08-29","route reproduces snapshot N via Ns sweep"
3,142,2,39,"TJ","",NA,NA,NA,NA,NA,NA,NA,NA,"ARITHMETIC","2026-08-29","route reproduces snapshot N via Ns sweep"
3,146,2,40,"TJ","",NA,NA,NA,NA,NA,NA,NA,NA,"ARITHMETIC","2026-08-29","route reproduces snapshot N via Ns sweep"
3,163,2,41,"TJ","",NA,NA,NA,NA,NA,NA,NA,NA,"ARITHMETIC","2026-08-29","route reproduces snapshot N via Ns sweep"
3,180,2,42,"TJ","",NA,NA,NA,NA,NA,NA,NA,NA,"ARITHMETIC","2026-08-29","route reproduces snapshot N via Ns sweep"
3,242,2,43,"CK_doublingCA","",NA,NA,NA,NA,NA,NA,NA,NA,"ARITHMETIC","2026-08-29","route reproduces snapshot N via Ns sweep"
3,243,2,44,"TJ","",NA,NA,NA,NA,NA,NA,NA,NA,"ARITHMETIC","2026-08-29","route reproduces snapshot N via Ns sweep"
3,243,2,44,"DWYER","",NA,NA,NA,NA,NA,NA,NA,NA,"ARITHMETIC","2026-08-29","route reproduces snapshot N via Ns sweep"
3,246,2,45,"CK_doublingCA","",NA,NA,NA,NA,NA,NA,NA,NA,"ARITHMETIC","2026-08-29","route reproduces snapshot N via Ns sweep"
3,246,2,45,"DWYER","",NA,NA,NA,NA,NA,NA,NA,NA,"ARITHMETIC","2026-08-29","route reproduces snapshot N via Ns sweep"
3,256,2,46,"TJ","",NA,NA,NA,NA,NA,NA,NA,NA,"ARITHMETIC","2026-08-29","route reproduces snapshot N via Ns sweep"
3,256,2,46,"DWYER","",NA,NA,NA,NA,NA,NA,NA,NA,"ARITHMETIC","2026-08-29","route reproduces snapshot N via Ns sweep"
3,262,2,47,"TJ","",NA,NA,NA,NA,NA,NA,NA,NA,"ARITHMETIC","2026-08-29","route reproduces snapshot N via Ns sweep"
3,280,2,48,"CK_doublingCA","",NA,NA,NA,NA,NA,NA,NA,NA,"ARITHMETIC","2026-08-29","route reproduces snapshot N via Ns sweep"
3,280,2,48,"DWYER","",NA,NA,NA,NA,NA,NA,NA,NA,"ARITHMETIC","2026-08-29","route reproduces snapshot N via Ns sweep"
3,352,2,49,"powerCT","",NA,NA,NA,NA,NA,NA,NA,NA,"ARITHMETIC","2026-08-29","route reproduces snapshot N via Ns sweep"
3,352,2,49,"TJ","",NA,NA,NA,NA,NA,NA,NA,NA,"ARITHMETIC","2026-08-29","route reproduces snapshot N via Ns sweep"
3,484,2,50,"powerCT","",NA,NA,NA,NA,NA,NA,NA,NA,"ARITHMETIC","2026-08-29","route reproduces snapshot N via Ns sweep"
3,605,2,52,"powerCT","",NA,NA,NA,NA,NA,NA,NA,NA,"ARITHMETIC","2026-08-29","route reproduces snapshot N via Ns sweep"
3,704,2,53,"powerCT","",NA,NA,NA,NA,NA,NA,NA,NA,"ARITHMETIC","2026-08-29","route reproduces snapshot N via Ns sweep"
3,968,2,54,"powerCT","",NA,NA,NA,NA,NA,NA,NA,NA,"ARITHMETIC","2026-08-29","route reproduces snapshot N via Ns sweep"
3,1331,2,55,"powerCT","",NA,NA,NA,NA,NA,NA,NA,NA,"ARITHMETIC","2026-08-29","route reproduces snapshot N via Ns sweep"
3,1332,2,59,"TJ","",NA,NA,NA,NA,NA,NA,NA,NA,"ARITHMETIC","2026-08-29","route reproduces snapshot N via Ns sweep"
3,1452,2,61,"powerCT","",NA,NA,NA,NA,NA,NA,NA,NA,"ARITHMETIC","2026-08-29","route reproduces snapshot N via Ns sweep"
3,1584,2,64,"powerCT","",NA,NA,NA,NA,NA,NA,NA,NA,"ARITHMETIC","2026-08-29","route reproduces snapshot N via Ns sweep"
3,1712,2,66,"DWYER","",NA,NA,NA,NA,NA,NA,NA,NA,"ARITHMETIC","2026-08-29","route reproduces snapshot N via Ns sweep"
3,1936,2,67,"powerCT","",NA,NA,NA,NA,NA,NA,NA,NA,"ARITHMETIC","2026-08-29","route reproduces snapshot N via Ns sweep"
3,2662,2,68,"powerCT","",NA,NA,NA,NA,NA,NA,NA,NA,"ARITHMETIC","2026-08-29","route reproduces snapshot N via Ns sweep"
3,2816,2,70,"powerCT","",NA,NA,NA,NA,NA,NA,NA,NA,"ARITHMETIC","2026-08-29","route reproduces snapshot N via Ns sweep"
3,3872,2,71,"powerCT","",NA,NA,NA,NA,NA,NA,NA,NA,"ARITHMETIC","2026-08-29","route reproduces snapshot N via Ns sweep"
3,5324,2,72,"powerCT","",NA,NA,NA,NA,NA,NA,NA,NA,"ARITHMETIC","2026-08-29","route reproduces snapshot N via Ns sweep"
3,6655,2,74,"powerCT","",NA,NA,NA,NA,NA,NA,NA,NA,"ARITHMETIC","2026-08-29","route reproduces snapshot N via Ns sweep"
3,7744,2,75,"powerCT","",NA,NA,NA,NA,NA,NA,NA,NA,"ARITHMETIC","2026-08-29","route reproduces snapshot N via Ns sweep"
3,10000,2,76,"powerCT","",NA,NA,NA,NA,NA,NA,NA,NA,"ARITHMETIC","2026-08-29","route reproduces snapshot N via Ns sweep"
4,5,2,16,"TJ","",NA,NA,NA,NA,NA,NA,NA,NA,"ARITHMETIC","2026-08-29","route reproduces snapshot N via Ns sweep"
4,6,2,21,"TJ","",NA,NA,NA,NA,NA,NA,NA,NA,"ARITHMETIC","2026-08-29","route reproduces snapshot N via Ns sweep"
4,12,2,24,"CS_CK","",NA,NA,NA,NA,NA,NA,NA,NA,"ARITHMETIC","2026-08-29","route reproduces snapshot N via Ns sweep"
4,12,2,24,"PALEY","",NA,NA,NA,NA,NA,NA,NA,NA,"ARITHMETIC","2026-08-29","route reproduces snapshot N via Ns sweep"
4,12,2,24,"CYCLOTOMY","",NA,NA,NA,NA,NA,NA,NA,NA,"ARITHMETIC","2026-08-29","route reproduces snapshot N via Ns sweep"
4,13,2,32,"TJ","",NA,NA,NA,NA,NA,NA,NA,NA,"ARITHMETIC","2026-08-29","route reproduces snapshot N via Ns sweep"
4,17,2,35,"TJ","",NA,NA,NA,NA,NA,NA,NA,NA,"ARITHMETIC","2026-08-29","route reproduces snapshot N via Ns sweep"
4,17,2,35,"DWYER","",NA,NA,NA,NA,NA,NA,NA,NA,"ARITHMETIC","2026-08-29","route reproduces snapshot N via Ns sweep"
4,18,2,36,"TJ","",NA,NA,NA,NA,NA,NA,NA,NA,"ARITHMETIC","2026-08-29","route reproduces snapshot N via Ns sweep"
4,18,2,36,"DWYER","",NA,NA,NA,NA,NA,NA,NA,NA,"ARITHMETIC","2026-08-29","route reproduces snapshot N via Ns sweep"
4,20,2,39,"TJ","",NA,NA,NA,NA,NA,NA,NA,NA,"ARITHMETIC","2026-08-29","route reproduces snapshot N via Ns sweep"
4,21,2,42,"CS_CK","",NA,NA,NA,NA,NA,NA,NA,NA,"ARITHMETIC","2026-08-29","route reproduces snapshot N via Ns sweep"
4,22,2,44,"CS_CK","",NA,NA,NA,NA,NA,NA,NA,NA,"ARITHMETIC","2026-08-29","route reproduces snapshot N via Ns sweep"
4,24,2,46,"CS_CK","",NA,NA,NA,NA,NA,NA,NA,NA,"ARITHMETIC","2026-08-29","route reproduces snapshot N via Ns sweep"
4,24,2,46,"PALEY","",NA,NA,NA,NA,NA,NA,NA,NA,"ARITHMETIC","2026-08-29","route reproduces snapshot N via Ns sweep"
4,24,2,46,"CYCLOTOMY","",NA,NA,NA,NA,NA,NA,NA,NA,"ARITHMETIC","2026-08-29","route reproduces snapshot N via Ns sweep"
4,25,2,50,"CS_CK","",NA,NA,NA,NA,NA,NA,NA,NA,"ARITHMETIC","2026-08-29","route reproduces snapshot N via Ns sweep"
4,26,2,51,"TJ","",NA,NA,NA,NA,NA,NA,NA,NA,"ARITHMETIC","2026-08-29","route reproduces snapshot N via Ns sweep"
4,26,2,51,"DWYER","",NA,NA,NA,NA,NA,NA,NA,NA,"ARITHMETIC","2026-08-29","route reproduces snapshot N via Ns sweep"
4,28,2,53,"TJ","",NA,NA,NA,NA,NA,NA,NA,NA,"ARITHMETIC","2026-08-29","route reproduces snapshot N via Ns sweep"
4,28,2,53,"DWYER","",NA,NA,NA,NA,NA,NA,NA,NA,"ARITHMETIC","2026-08-29","route reproduces snapshot N via Ns sweep"
4,30,2,56,"TJ","",NA,NA,NA,NA,NA,NA,NA,NA,"ARITHMETIC","2026-08-29","route reproduces snapshot N via Ns sweep"
4,30,2,56,"DWYER","",NA,NA,NA,NA,NA,NA,NA,NA,"ARITHMETIC","2026-08-29","route reproduces snapshot N via Ns sweep"
4,32,2,58,"TJ","",NA,NA,NA,NA,NA,NA,NA,NA,"ARITHMETIC","2026-08-29","route reproduces snapshot N via Ns sweep"
4,32,2,58,"DWYER","",NA,NA,NA,NA,NA,NA,NA,NA,"ARITHMETIC","2026-08-29","route reproduces snapshot N via Ns sweep"
4,33,2,61,"TJ","",NA,NA,NA,NA,NA,NA,NA,NA,"ARITHMETIC","2026-08-29","route reproduces snapshot N via Ns sweep"
4,33,2,61,"DWYER","",NA,NA,NA,NA,NA,NA,NA,NA,"ARITHMETIC","2026-08-29","route reproduces snapshot N via Ns sweep"
4,34,2,63,"TJ","",NA,NA,NA,NA,NA,NA,NA,NA,"ARITHMETIC","2026-08-29","route reproduces snapshot N via Ns sweep"
4,35,2,64,"TJ","",NA,NA,NA,NA,NA,NA,NA,NA,"ARITHMETIC","2026-08-29","route reproduces snapshot N via Ns sweep"
4,35,2,64,"DWYER","",NA,NA,NA,NA,NA,NA,NA,NA,"ARITHMETIC","2026-08-29","route reproduces snapshot N via Ns sweep"
4,37,2,65,"TJ","",NA,NA,NA,NA,NA,NA,NA,NA,"ARITHMETIC","2026-08-29","route reproduces snapshot N via Ns sweep"
4,37,2,65,"DWYER","",NA,NA,NA,NA,NA,NA,NA,NA,"ARITHMETIC","2026-08-29","route reproduces snapshot N via Ns sweep"
4,38,2,66,"TJ","",NA,NA,NA,NA,NA,NA,NA,NA,"ARITHMETIC","2026-08-29","route reproduces snapshot N via Ns sweep"
4,38,2,66,"DWYER","",NA,NA,NA,NA,NA,NA,NA,NA,"ARITHMETIC","2026-08-29","route reproduces snapshot N via Ns sweep"
4,67,2,67,"PALEY","",NA,NA,NA,NA,NA,NA,NA,NA,"ARITHMETIC","2026-08-29","route reproduces snapshot N via Ns sweep"
4,67,2,67,"CYCLOTOMY","",NA,NA,NA,NA,NA,NA,NA,NA,"ARITHMETIC","2026-08-29","route reproduces snapshot N via Ns sweep"
4,71,2,71,"PALEY","",NA,NA,NA,NA,NA,NA,NA,NA,"ARITHMETIC","2026-08-29","route reproduces snapshot N via Ns sweep"
4,71,2,71,"CYCLOTOMY","",NA,NA,NA,NA,NA,NA,NA,NA,"ARITHMETIC","2026-08-29","route reproduces snapshot N via Ns sweep"
4,72,2,78,"TJ","",NA,NA,NA,NA,NA,NA,NA,NA,"ARITHMETIC","2026-08-29","route reproduces snapshot N via Ns sweep"
4,79,2,79,"PALEY","",NA,NA,NA,NA,NA,NA,NA,NA,"ARITHMETIC","2026-08-29","route reproduces snapshot N via Ns sweep"
4,83,2,83,"PALEY","",NA,NA,NA,NA,NA,NA,NA,NA,"ARITHMETIC","2026-08-29","route reproduces snapshot N via Ns sweep"
4,83,2,83,"CYCLOTOMY","",NA,NA,NA,NA,NA,NA,NA,NA,"ARITHMETIC","2026-08-29","route reproduces snapshot N via Ns sweep"
4,89,2,87,"TJ","",NA,NA,NA,NA,NA,NA,NA,NA,"ARITHMETIC","2026-08-29","route reproduces snapshot N via Ns sweep"
4,90,2,92,"TJ","",NA,NA,NA,NA,NA,NA,NA,NA,"ARITHMETIC","2026-08-29","route reproduces snapshot N via Ns sweep"
4,97,2,94,"TJ","",NA,NA,NA,NA,NA,NA,NA,NA,"ARITHMETIC","2026-08-29","route reproduces snapshot N via Ns sweep"
4,101,2,98,"TJ","",NA,NA,NA,NA,NA,NA,NA,NA,"ARITHMETIC","2026-08-29","route reproduces snapshot N via Ns sweep"
4,107,2,102,"TJ","",NA,NA,NA,NA,NA,NA,NA,NA,"ARITHMETIC","2026-08-29","route reproduces snapshot N via Ns sweep"
4,109,2,105,"TJ","",NA,NA,NA,NA,NA,NA,NA,NA,"ARITHMETIC","2026-08-29","route reproduces snapshot N via Ns sweep"
4,111,2,106,"TJ","",NA,NA,NA,NA,NA,NA,NA,NA,"ARITHMETIC","2026-08-29","route reproduces snapshot N via Ns sweep"
4,113,2,107,"TJ","",NA,NA,NA,NA,NA,NA,NA,NA,"ARITHMETIC","2026-08-29","route reproduces snapshot N via Ns sweep"
4,114,2,109,"TJ","",NA,NA,NA,NA,NA,NA,NA,NA,"ARITHMETIC","2026-08-29","route reproduces snapshot N via Ns sweep"
4,120,2,110,"TJ","",NA,NA,NA,NA,NA,NA,NA,NA,"ARITHMETIC","2026-08-29","route reproduces snapshot N via Ns sweep"
4,144,2,112,"powerCT","",NA,NA,NA,NA,NA,NA,NA,NA,"ARITHMETIC","2026-08-29","route reproduces snapshot N via Ns sweep"
4,145,2,119,"TJ","",NA,NA,NA,NA,NA,NA,NA,NA,"ARITHMETIC","2026-08-29","route reproduces snapshot N via Ns sweep"
4,146,2,122,"TJ","",NA,NA,NA,NA,NA,NA,NA,NA,"ARITHMETIC","2026-08-29","route reproduces snapshot N via Ns sweep"
4,149,2,125,"TJ","",NA,NA,NA,NA,NA,NA,NA,NA,"ARITHMETIC","2026-08-29","route reproduces snapshot N via Ns sweep"
4,151,2,126,"TJ","",NA,NA,NA,NA,NA,NA,NA,NA,"ARITHMETIC","2026-08-29","route reproduces snapshot N via Ns sweep"
4,155,2,127,"TJ","",NA,NA,NA,NA,NA,NA,NA,NA,"ARITHMETIC","2026-08-29","route reproduces snapshot N via Ns sweep"
4,157,2,128,"TJ","",NA,NA,NA,NA,NA,NA,NA,NA,"ARITHMETIC","2026-08-29","route reproduces snapshot N via Ns sweep"
4,160,2,129,"TJ","",NA,NA,NA,NA,NA,NA,NA,NA,"ARITHMETIC","2026-08-29","route reproduces snapshot N via Ns sweep"
4,165,2,130,"TJ","",NA,NA,NA,NA,NA,NA,NA,NA,"ARITHMETIC","2026-08-29","route reproduces snapshot N via Ns sweep"
4,169,2,131,"TJ","",NA,NA,NA,NA,NA,NA,NA,NA,"ARITHMETIC","2026-08-29","route reproduces snapshot N via Ns sweep"
4,172,2,134,"TJ","",NA,NA,NA,NA,NA,NA,NA,NA,"ARITHMETIC","2026-08-29","route reproduces snapshot N via Ns sweep"
4,256,2,160,"TJ","",NA,NA,NA,NA,NA,NA,NA,NA,"ARITHMETIC","2026-08-29","route reproduces snapshot N via Ns sweep"
4,268,2,161,"TJ","",NA,NA,NA,NA,NA,NA,NA,NA,"ARITHMETIC","2026-08-29","route reproduces snapshot N via Ns sweep"
4,272,2,162,"TJ","",NA,NA,NA,NA,NA,NA,NA,NA,"ARITHMETIC","2026-08-29","route reproduces snapshot N via Ns sweep"
4,289,2,165,"TJ","",NA,NA,NA,NA,NA,NA,NA,NA,"ARITHMETIC","2026-08-29","route reproduces snapshot N via Ns sweep"
4,296,2,167,"TJ","",NA,NA,NA,NA,NA,NA,NA,NA,"ARITHMETIC","2026-08-29","route reproduces snapshot N via Ns sweep"
4,324,2,168,"TJ","",NA,NA,NA,NA,NA,NA,NA,NA,"ARITHMETIC","2026-08-29","route reproduces snapshot N via Ns sweep"
5,6,2,32,"TJ","",NA,NA,NA,NA,NA,NA,NA,NA,"ARITHMETIC","2026-08-29","route reproduces snapshot N via Ns sweep"
5,7,2,42,"TJ","",NA,NA,NA,NA,NA,NA,NA,NA,"ARITHMETIC","2026-08-29","route reproduces snapshot N via Ns sweep"
5,8,2,52,"CKRS","",NA,NA,NA,NA,NA,NA,NA,NA,"ARITHMETIC","2026-08-29","route reproduces snapshot N via Ns sweep"
5,9,2,54,"TJ","",NA,NA,NA,NA,NA,NA,NA,NA,"ARITHMETIC","2026-08-29","route reproduces snapshot N via Ns sweep"
5,10,2,56,"TJ","",NA,NA,NA,NA,NA,NA,NA,NA,"ARITHMETIC","2026-08-29","route reproduces snapshot N via Ns sweep"
5,14,2,64,"CKRS","",NA,NA,NA,NA,NA,NA,NA,NA,"ARITHMETIC","2026-08-29","route reproduces snapshot N via Ns sweep"
5,14,2,64,"DWYER","",NA,NA,NA,NA,NA,NA,NA,NA,"ARITHMETIC","2026-08-29","route reproduces snapshot N via Ns sweep"
5,15,2,79,"TJ","",NA,NA,NA,NA,NA,NA,NA,NA,"ARITHMETIC","2026-08-29","route reproduces snapshot N via Ns sweep"
5,16,2,98,"TJ","",NA,NA,NA,NA,NA,NA,NA,NA,"ARITHMETIC","2026-08-29","route reproduces snapshot N via Ns sweep"
5,20,2,99,"TJ","",NA,NA,NA,NA,NA,NA,NA,NA,"ARITHMETIC","2026-08-29","route reproduces snapshot N via Ns sweep"
5,21,2,109,"TJ","",NA,NA,NA,NA,NA,NA,NA,NA,"ARITHMETIC","2026-08-29","route reproduces snapshot N via Ns sweep"
5,22,2,111,"TJ","",NA,NA,NA,NA,NA,NA,NA,NA,"ARITHMETIC","2026-08-29","route reproduces snapshot N via Ns sweep"
5,23,2,114,"TJ","",NA,NA,NA,NA,NA,NA,NA,NA,"ARITHMETIC","2026-08-29","route reproduces snapshot N via Ns sweep"
5,24,2,117,"TJ","",NA,NA,NA,NA,NA,NA,NA,NA,"ARITHMETIC","2026-08-29","route reproduces snapshot N via Ns sweep"
5,25,2,118,"TJ","",NA,NA,NA,NA,NA,NA,NA,NA,"ARITHMETIC","2026-08-29","route reproduces snapshot N via Ns sweep"
5,26,2,130,"TJ","",NA,NA,NA,NA,NA,NA,NA,NA,"ARITHMETIC","2026-08-29","route reproduces snapshot N via Ns sweep"
5,35,2,134,"TJ","",NA,NA,NA,NA,NA,NA,NA,NA,"ARITHMETIC","2026-08-29","route reproduces snapshot N via Ns sweep"
5,68,2,136,"CS_CK","",NA,NA,NA,NA,NA,NA,NA,NA,"ARITHMETIC","2026-08-29","route reproduces snapshot N via Ns sweep"
5,68,2,136,"PALEY","",NA,NA,NA,NA,NA,NA,NA,NA,"ARITHMETIC","2026-08-29","route reproduces snapshot N via Ns sweep"
5,72,2,144,"CS_CK","",NA,NA,NA,NA,NA,NA,NA,NA,"ARITHMETIC","2026-08-29","route reproduces snapshot N via Ns sweep"
5,72,2,144,"PALEY","",NA,NA,NA,NA,NA,NA,NA,NA,"ARITHMETIC","2026-08-29","route reproduces snapshot N via Ns sweep"
5,80,2,159,"TJ","",NA,NA,NA,NA,NA,NA,NA,NA,"ARITHMETIC","2026-08-29","route reproduces snapshot N via Ns sweep"
5,84,2,168,"CS_CK","",NA,NA,NA,NA,NA,NA,NA,NA,"ARITHMETIC","2026-08-29","route reproduces snapshot N via Ns sweep"
5,84,2,168,"PALEY","",NA,NA,NA,NA,NA,NA,NA,NA,"ARITHMETIC","2026-08-29","route reproduces snapshot N via Ns sweep"
5,90,2,178,"CS_CK","",NA,NA,NA,NA,NA,NA,NA,NA,"ARITHMETIC","2026-08-29","route reproduces snapshot N via Ns sweep"
5,90,2,178,"PALEY","",NA,NA,NA,NA,NA,NA,NA,NA,"ARITHMETIC","2026-08-29","route reproduces snapshot N via Ns sweep"
5,98,2,194,"CS_CK","",NA,NA,NA,NA,NA,NA,NA,NA,"ARITHMETIC","2026-08-29","route reproduces snapshot N via Ns sweep"
5,98,2,194,"PALEY","",NA,NA,NA,NA,NA,NA,NA,NA,"ARITHMETIC","2026-08-29","route reproduces snapshot N via Ns sweep"
5,102,2,202,"CS_CK","",NA,NA,NA,NA,NA,NA,NA,NA,"ARITHMETIC","2026-08-29","route reproduces snapshot N via Ns sweep"
5,102,2,202,"PALEY","",NA,NA,NA,NA,NA,NA,NA,NA,"ARITHMETIC","2026-08-29","route reproduces snapshot N via Ns sweep"
5,103,2,206,"CS_CK","",NA,NA,NA,NA,NA,NA,NA,NA,"ARITHMETIC","2026-08-29","route reproduces snapshot N via Ns sweep"
5,104,2,208,"PALEY","",NA,NA,NA,NA,NA,NA,NA,NA,"ARITHMETIC","2026-08-29","route reproduces snapshot N via Ns sweep"
5,108,2,214,"CS_CK","",NA,NA,NA,NA,NA,NA,NA,NA,"ARITHMETIC","2026-08-29","route reproduces snapshot N via Ns sweep"
5,108,2,214,"PALEY","",NA,NA,NA,NA,NA,NA,NA,NA,"ARITHMETIC","2026-08-29","route reproduces snapshot N via Ns sweep"
5,110,2,218,"CS_CK","",NA,NA,NA,NA,NA,NA,NA,NA,"ARITHMETIC","2026-08-29","route reproduces snapshot N via Ns sweep"
5,110,2,218,"PALEY","",NA,NA,NA,NA,NA,NA,NA,NA,"ARITHMETIC","2026-08-29","route reproduces snapshot N via Ns sweep"
5,114,2,225,"TJ","",NA,NA,NA,NA,NA,NA,NA,NA,"ARITHMETIC","2026-08-29","route reproduces snapshot N via Ns sweep"
5,122,2,241,"TJ","",NA,NA,NA,NA,NA,NA,NA,NA,"ARITHMETIC","2026-08-29","route reproduces snapshot N via Ns sweep"
5,138,2,271,"TJ","",NA,NA,NA,NA,NA,NA,NA,NA,"ARITHMETIC","2026-08-29","route reproduces snapshot N via Ns sweep"
5,140,2,273,"TJ","",NA,NA,NA,NA,NA,NA,NA,NA,"ARITHMETIC","2026-08-29","route reproduces snapshot N via Ns sweep"
5,143,2,288,"TJ","",NA,NA,NA,NA,NA,NA,NA,NA,"ARITHMETIC","2026-08-29","route reproduces snapshot N via Ns sweep"
5,150,2,289,"TJ","",NA,NA,NA,NA,NA,NA,NA,NA,"ARITHMETIC","2026-08-29","route reproduces snapshot N via Ns sweep"
5,152,2,292,"TJ","",NA,NA,NA,NA,NA,NA,NA,NA,"ARITHMETIC","2026-08-29","route reproduces snapshot N via Ns sweep"
5,155,2,303,"TJ","",NA,NA,NA,NA,NA,NA,NA,NA,"ARITHMETIC","2026-08-29","route reproduces snapshot N via Ns sweep"
5,158,2,304,"TJ","",NA,NA,NA,NA,NA,NA,NA,NA,"ARITHMETIC","2026-08-29","route reproduces snapshot N via Ns sweep"
5,164,2,310,"TJ","",NA,NA,NA,NA,NA,NA,NA,NA,"ARITHMETIC","2026-08-29","route reproduces snapshot N via Ns sweep"
5,168,2,318,"TJ","",NA,NA,NA,NA,NA,NA,NA,NA,"ARITHMETIC","2026-08-29","route reproduces snapshot N via Ns sweep"
5,170,2,322,"TJ","",NA,NA,NA,NA,NA,NA,NA,NA,"ARITHMETIC","2026-08-29","route reproduces snapshot N via Ns sweep"
5,174,2,327,"TJ","",NA,NA,NA,NA,NA,NA,NA,NA,"ARITHMETIC","2026-08-29","route reproduces snapshot N via Ns sweep"
5,180,2,332,"TJ","",NA,NA,NA,NA,NA,NA,NA,NA,"ARITHMETIC","2026-08-29","route reproduces snapshot N via Ns sweep"
5,192,2,346,"TJ","",NA,NA,NA,NA,NA,NA,NA,NA,"ARITHMETIC","2026-08-29","route reproduces snapshot N via Ns sweep"
5,194,2,357,"TJ","",NA,NA,NA,NA,NA,NA,NA,NA,"ARITHMETIC","2026-08-29","route reproduces snapshot N via Ns sweep"
5,359,2,359,"PALEY","",NA,NA,NA,NA,NA,NA,NA,NA,"ARITHMETIC","2026-08-29","route reproduces snapshot N via Ns sweep"
5,378,2,379,"CS_CK","",NA,NA,NA,NA,NA,NA,NA,NA,"ARITHMETIC","2026-08-29","route reproduces snapshot N via Ns sweep"
5,379,2,380,"PALEY","",NA,NA,NA,NA,NA,NA,NA,NA,"ARITHMETIC","2026-08-29","route reproduces snapshot N via Ns sweep"
5,431,2,430,"PALEY","",NA,NA,NA,NA,NA,NA,NA,NA,"ARITHMETIC","2026-08-29","route reproduces snapshot N via Ns sweep"
5,433,2,434,"PALEY","",NA,NA,NA,NA,NA,NA,NA,NA,"ARITHMETIC","2026-08-29","route reproduces snapshot N via Ns sweep"
5,433,2,434,"CYCLOTOMY","",NA,NA,NA,NA,NA,NA,NA,NA,"ARITHMETIC","2026-08-29","route reproduces snapshot N via Ns sweep"
5,463,2,462,"PALEY","",NA,NA,NA,NA,NA,NA,NA,NA,"ARITHMETIC","2026-08-29","route reproduces snapshot N via Ns sweep"
5,467,2,466,"PALEY","",NA,NA,NA,NA,NA,NA,NA,NA,"ARITHMETIC","2026-08-29","route reproduces snapshot N via Ns sweep"
5,487,2,486,"PALEY","",NA,NA,NA,NA,NA,NA,NA,NA,"ARITHMETIC","2026-08-29","route reproduces snapshot N via Ns sweep"
5,491,2,490,"PALEY","",NA,NA,NA,NA,NA,NA,NA,NA,"ARITHMETIC","2026-08-29","route reproduces snapshot N via Ns sweep"
5,499,2,498,"PALEY","",NA,NA,NA,NA,NA,NA,NA,NA,"ARITHMETIC","2026-08-29","route reproduces snapshot N via Ns sweep"
5,509,2,509,"CS_CK","",NA,NA,NA,NA,NA,NA,NA,NA,"ARITHMETIC","2026-08-29","route reproduces snapshot N via Ns sweep"
5,521,2,521,"CS_CK","",NA,NA,NA,NA,NA,NA,NA,NA,"ARITHMETIC","2026-08-29","route reproduces snapshot N via Ns sweep"
5,523,2,523,"CYCLOTOMY","",NA,NA,NA,NA,NA,NA,NA,NA,"ARITHMETIC","2026-08-29","route reproduces snapshot N via Ns sweep"
5,541,2,541,"CYCLOTOMY","",NA,NA,NA,NA,NA,NA,NA,NA,"ARITHMETIC","2026-08-29","route reproduces snapshot N via Ns sweep"
5,547,2,547,"CYCLOTOMY","",NA,NA,NA,NA,NA,NA,NA,NA,"ARITHMETIC","2026-08-29","route reproduces snapshot N via Ns sweep"
5,557,2,557,"CYCLOTOMY","",NA,NA,NA,NA,NA,NA,NA,NA,"ARITHMETIC","2026-08-29","route reproduces snapshot N via Ns sweep"
5,563,2,563,"CYCLOTOMY","",NA,NA,NA,NA,NA,NA,NA,NA,"ARITHMETIC","2026-08-29","route reproduces snapshot N via Ns sweep"
5,569,2,570,"CYCLOTOMY","",NA,NA,NA,NA,NA,NA,NA,NA,"ARITHMETIC","2026-08-29","route reproduces snapshot N via Ns sweep"
5,571,2,571,"CYCLOTOMY","",NA,NA,NA,NA,NA,NA,NA,NA,"ARITHMETIC","2026-08-29","route reproduces snapshot N via Ns sweep"
5,577,2,577,"CYCLOTOMY","",NA,NA,NA,NA,NA,NA,NA,NA,"ARITHMETIC","2026-08-29","route reproduces snapshot N via Ns sweep"
5,587,2,587,"CYCLOTOMY","",NA,NA,NA,NA,NA,NA,NA,NA,"ARITHMETIC","2026-08-29","route reproduces snapshot N via Ns sweep"
5,593,2,593,"CYCLOTOMY","",NA,NA,NA,NA,NA,NA,NA,NA,"ARITHMETIC","2026-08-29","route reproduces snapshot N via Ns sweep"
5,599,2,599,"CYCLOTOMY","",NA,NA,NA,NA,NA,NA,NA,NA,"ARITHMETIC","2026-08-29","route reproduces snapshot N via Ns sweep"
5,601,2,601,"CYCLOTOMY","",NA,NA,NA,NA,NA,NA,NA,NA,"ARITHMETIC","2026-08-29","route reproduces snapshot N via Ns sweep"
5,607,2,607,"CYCLOTOMY","",NA,NA,NA,NA,NA,NA,NA,NA,"ARITHMETIC","2026-08-29","route reproduces snapshot N via Ns sweep"
5,613,2,613,"CYCLOTOMY","",NA,NA,NA,NA,NA,NA,NA,NA,"ARITHMETIC","2026-08-29","route reproduces snapshot N via Ns sweep"
5,9898,2,1394,"powerCT","",NA,NA,NA,NA,NA,NA,NA,NA,"ARITHMETIC","2026-08-29","route reproduces snapshot N via Ns sweep"
6,7,2,64,"TJ","",NA,NA,NA,NA,NA,NA,NA,NA,"ARITHMETIC","2026-08-29","route reproduces snapshot N via Ns sweep"
6,8,2,85,"TJ","",NA,NA,NA,NA,NA,NA,NA,NA,"ARITHMETIC","2026-08-29","route reproduces snapshot N via Ns sweep"
6,9,2,108,"TJ","",NA,NA,NA,NA,NA,NA,NA,NA,"ARITHMETIC","2026-08-29","route reproduces snapshot N via Ns sweep"
6,9,2,108,"DWYER","",NA,NA,NA,NA,NA,NA,NA,NA,"ARITHMETIC","2026-08-29","route reproduces snapshot N via Ns sweep"
6,10,2,116,"CKRS","",NA,NA,NA,NA,NA,NA,NA,NA,"ARITHMETIC","2026-08-29","route reproduces snapshot N via Ns sweep"
6,11,2,118,"TJ","",NA,NA,NA,NA,NA,NA,NA,NA,"ARITHMETIC","2026-08-29","route reproduces snapshot N via Ns sweep"
6,11,2,118,"DWYER","",NA,NA,NA,NA,NA,NA,NA,NA,"ARITHMETIC","2026-08-29","route reproduces snapshot N via Ns sweep"
6,15,2,128,"TJ","",NA,NA,NA,NA,NA,NA,NA,NA,"ARITHMETIC","2026-08-29","route reproduces snapshot N via Ns sweep"
6,16,2,179,"TJ","",NA,NA,NA,NA,NA,NA,NA,NA,"ARITHMETIC","2026-08-29","route reproduces snapshot N via Ns sweep"
6,16,2,179,"DWYER","",NA,NA,NA,NA,NA,NA,NA,NA,"ARITHMETIC","2026-08-29","route reproduces snapshot N via Ns sweep"
6,17,2,235,"TJ","",NA,NA,NA,NA,NA,NA,NA,NA,"ARITHMETIC","2026-08-29","route reproduces snapshot N via Ns sweep"
6,17,2,235,"DWYER","",NA,NA,NA,NA,NA,NA,NA,NA,"ARITHMETIC","2026-08-29","route reproduces snapshot N via Ns sweep"
6,18,2,260,"TJ","",NA,NA,NA,NA,NA,NA,NA,NA,"ARITHMETIC","2026-08-29","route reproduces snapshot N via Ns sweep"
6,19,2,285,"TJ","",NA,NA,NA,NA,NA,NA,NA,NA,"ARITHMETIC","2026-08-29","route reproduces snapshot N via Ns sweep"
6,20,2,300,"TJ","",NA,NA,NA,NA,NA,NA,NA,NA,"ARITHMETIC","2026-08-29","route reproduces snapshot N via Ns sweep"
6,21,2,318,"TJ","",NA,NA,NA,NA,NA,NA,NA,NA,"ARITHMETIC","2026-08-29","route reproduces snapshot N via Ns sweep"
6,22,2,330,"TJ","",NA,NA,NA,NA,NA,NA,NA,NA,"ARITHMETIC","2026-08-29","route reproduces snapshot N via Ns sweep"
6,23,2,350,"TJ","",NA,NA,NA,NA,NA,NA,NA,NA,"ARITHMETIC","2026-08-29","route reproduces snapshot N via Ns sweep"
6,24,2,357,"TJ","",NA,NA,NA,NA,NA,NA,NA,NA,"ARITHMETIC","2026-08-29","route reproduces snapshot N via Ns sweep"
6,25,2,375,"TJ","",NA,NA,NA,NA,NA,NA,NA,NA,"ARITHMETIC","2026-08-29","route reproduces snapshot N via Ns sweep"
6,26,2,383,"TJ","",NA,NA,NA,NA,NA,NA,NA,NA,"ARITHMETIC","2026-08-29","route reproduces snapshot N via Ns sweep"
6,27,2,404,"TJ","",NA,NA,NA,NA,NA,NA,NA,NA,"ARITHMETIC","2026-08-29","route reproduces snapshot N via Ns sweep"
6,28,2,415,"TJ","",NA,NA,NA,NA,NA,NA,NA,NA,"ARITHMETIC","2026-08-29","route reproduces snapshot N via Ns sweep"
6,30,2,440,"WKS","",NA,NA,NA,NA,NA,NA,NA,NA,"ARITHMETIC","2026-08-29","route reproduces snapshot N via Ns sweep"
6,31,2,452,"WKS","",NA,NA,NA,NA,NA,NA,NA,NA,"ARITHMETIC","2026-08-29","route reproduces snapshot N via Ns sweep"
6,32,2,461,"WKS","",NA,NA,NA,NA,NA,NA,NA,NA,"ARITHMETIC","2026-08-29","route reproduces snapshot N via Ns sweep"
6,33,2,470,"WKS","",NA,NA,NA,NA,NA,NA,NA,NA,"ARITHMETIC","2026-08-29","route reproduces snapshot N via Ns sweep"
6,34,2,479,"WKS","",NA,NA,NA,NA,NA,NA,NA,NA,"ARITHMETIC","2026-08-29","route reproduces snapshot N via Ns sweep"
6,35,2,487,"WKS","",NA,NA,NA,NA,NA,NA,NA,NA,"ARITHMETIC","2026-08-29","route reproduces snapshot N via Ns sweep"
6,36,2,495,"WKS","",NA,NA,NA,NA,NA,NA,NA,NA,"ARITHMETIC","2026-08-29","route reproduces snapshot N via Ns sweep"
6,37,2,506,"WKS","",NA,NA,NA,NA,NA,NA,NA,NA,"ARITHMETIC","2026-08-29","route reproduces snapshot N via Ns sweep"
6,38,2,512,"WKS","",NA,NA,NA,NA,NA,NA,NA,NA,"ARITHMETIC","2026-08-29","route reproduces snapshot N via Ns sweep"
6,39,2,518,"WKS","",NA,NA,NA,NA,NA,NA,NA,NA,"ARITHMETIC","2026-08-29","route reproduces snapshot N via Ns sweep"
6,40,2,527,"WKS","",NA,NA,NA,NA,NA,NA,NA,NA,"ARITHMETIC","2026-08-29","route reproduces snapshot N via Ns sweep"
6,41,2,534,"WKS","",NA,NA,NA,NA,NA,NA,NA,NA,"ARITHMETIC","2026-08-29","route reproduces snapshot N via Ns sweep"
6,42,2,541,"WKS","",NA,NA,NA,NA,NA,NA,NA,NA,"ARITHMETIC","2026-08-29","route reproduces snapshot N via Ns sweep"
6,43,2,553,"WKS","",NA,NA,NA,NA,NA,NA,NA,NA,"ARITHMETIC","2026-08-29","route reproduces snapshot N via Ns sweep"
6,44,2,561,"WKS","",NA,NA,NA,NA,NA,NA,NA,NA,"ARITHMETIC","2026-08-29","route reproduces snapshot N via Ns sweep"
6,45,2,566,"WKS","",NA,NA,NA,NA,NA,NA,NA,NA,"ARITHMETIC","2026-08-29","route reproduces snapshot N via Ns sweep"
6,46,2,573,"WKS","",NA,NA,NA,NA,NA,NA,NA,NA,"ARITHMETIC","2026-08-29","route reproduces snapshot N via Ns sweep"
6,47,2,581,"WKS","",NA,NA,NA,NA,NA,NA,NA,NA,"ARITHMETIC","2026-08-29","route reproduces snapshot N via Ns sweep"
6,48,2,586,"WKS","",NA,NA,NA,NA,NA,NA,NA,NA,"ARITHMETIC","2026-08-29","route reproduces snapshot N via Ns sweep"
6,49,2,592,"WKS","",NA,NA,NA,NA,NA,NA,NA,NA,"ARITHMETIC","2026-08-29","route reproduces snapshot N via Ns sweep"
6,50,2,599,"WKS","",NA,NA,NA,NA,NA,NA,NA,NA,"ARITHMETIC","2026-08-29","route reproduces snapshot N via Ns sweep"
6,51,2,605,"WKS","",NA,NA,NA,NA,NA,NA,NA,NA,"ARITHMETIC","2026-08-29","route reproduces snapshot N via Ns sweep"
6,52,2,612,"WKS","",NA,NA,NA,NA,NA,NA,NA,NA,"ARITHMETIC","2026-08-29","route reproduces snapshot N via Ns sweep"
6,53,2,615,"WKS","",NA,NA,NA,NA,NA,NA,NA,NA,"ARITHMETIC","2026-08-29","route reproduces snapshot N via Ns sweep"
6,54,2,623,"WKS","",NA,NA,NA,NA,NA,NA,NA,NA,"ARITHMETIC","2026-08-29","route reproduces snapshot N via Ns sweep"
6,55,2,628,"WKS","",NA,NA,NA,NA,NA,NA,NA,NA,"ARITHMETIC","2026-08-29","route reproduces snapshot N via Ns sweep"
6,56,2,634,"WKS","",NA,NA,NA,NA,NA,NA,NA,NA,"ARITHMETIC","2026-08-29","route reproduces snapshot N via Ns sweep"
6,57,2,640,"WKS","",NA,NA,NA,NA,NA,NA,NA,NA,"ARITHMETIC","2026-08-29","route reproduces snapshot N via Ns sweep"
6,58,2,644,"WKS","",NA,NA,NA,NA,NA,NA,NA,NA,"ARITHMETIC","2026-08-29","route reproduces snapshot N via Ns sweep"
6,59,2,651,"WKS","",NA,NA,NA,NA,NA,NA,NA,NA,"ARITHMETIC","2026-08-29","route reproduces snapshot N via Ns sweep"
6,60,2,660,"WKS","",NA,NA,NA,NA,NA,NA,NA,NA,"ARITHMETIC","2026-08-29","route reproduces snapshot N via Ns sweep"
6,61,2,666,"WKS","",NA,NA,NA,NA,NA,NA,NA,NA,"ARITHMETIC","2026-08-29","route reproduces snapshot N via Ns sweep"
6,62,2,672,"WKS","",NA,NA,NA,NA,NA,NA,NA,NA,"ARITHMETIC","2026-08-29","route reproduces snapshot N via Ns sweep"
6,63,2,677,"WKS","",NA,NA,NA,NA,NA,NA,NA,NA,"ARITHMETIC","2026-08-29","route reproduces snapshot N via Ns sweep"
6,64,2,680,"WKS","",NA,NA,NA,NA,NA,NA,NA,NA,"ARITHMETIC","2026-08-29","route reproduces snapshot N via Ns sweep"
6,65,2,685,"WKS","",NA,NA,NA,NA,NA,NA,NA,NA,"ARITHMETIC","2026-08-29","route reproduces snapshot N via Ns sweep"
6,66,2,688,"WKS","",NA,NA,NA,NA,NA,NA,NA,NA,"ARITHMETIC","2026-08-29","route reproduces snapshot N via Ns sweep"
6,67,2,695,"WKS","",NA,NA,NA,NA,NA,NA,NA,NA,"ARITHMETIC","2026-08-29","route reproduces snapshot N via Ns sweep"
6,68,2,699,"WKS","",NA,NA,NA,NA,NA,NA,NA,NA,"ARITHMETIC","2026-08-29","route reproduces snapshot N via Ns sweep"
6,69,2,705,"WKS","",NA,NA,NA,NA,NA,NA,NA,NA,"ARITHMETIC","2026-08-29","route reproduces snapshot N via Ns sweep"
6,70,2,709,"WKS","",NA,NA,NA,NA,NA,NA,NA,NA,"ARITHMETIC","2026-08-29","route reproduces snapshot N via Ns sweep"
6,71,2,714,"WKS","",NA,NA,NA,NA,NA,NA,NA,NA,"ARITHMETIC","2026-08-29","route reproduces snapshot N via Ns sweep"
6,360,2,720,"CS_CK","",NA,NA,NA,NA,NA,NA,NA,NA,"ARITHMETIC","2026-08-29","route reproduces snapshot N via Ns sweep"
6,360,2,720,"PALEY","",NA,NA,NA,NA,NA,NA,NA,NA,"ARITHMETIC","2026-08-29","route reproduces snapshot N via Ns sweep"
6,379,2,758,"CS_CK","",NA,NA,NA,NA,NA,NA,NA,NA,"ARITHMETIC","2026-08-29","route reproduces snapshot N via Ns sweep"
6,432,2,862,"CS_CK","",NA,NA,NA,NA,NA,NA,NA,NA,"ARITHMETIC","2026-08-29","route reproduces snapshot N via Ns sweep"
6,432,2,862,"PALEY","",NA,NA,NA,NA,NA,NA,NA,NA,"ARITHMETIC","2026-08-29","route reproduces snapshot N via Ns sweep"
6,464,2,926,"CS_CK","",NA,NA,NA,NA,NA,NA,NA,NA,"ARITHMETIC","2026-08-29","route reproduces snapshot N via Ns sweep"
6,464,2,926,"PALEY","",NA,NA,NA,NA,NA,NA,NA,NA,"ARITHMETIC","2026-08-29","route reproduces snapshot N via Ns sweep"
6,468,2,934,"CS_CK","",NA,NA,NA,NA,NA,NA,NA,NA,"ARITHMETIC","2026-08-29","route reproduces snapshot N via Ns sweep"
6,468,2,934,"PALEY","",NA,NA,NA,NA,NA,NA,NA,NA,"ARITHMETIC","2026-08-29","route reproduces snapshot N via Ns sweep"
6,488,2,974,"CS_CK","",NA,NA,NA,NA,NA,NA,NA,NA,"ARITHMETIC","2026-08-29","route reproduces snapshot N via Ns sweep"
6,488,2,974,"PALEY","",NA,NA,NA,NA,NA,NA,NA,NA,"ARITHMETIC","2026-08-29","route reproduces snapshot N via Ns sweep"
6,492,2,982,"CS_CK","",NA,NA,NA,NA,NA,NA,NA,NA,"ARITHMETIC","2026-08-29","route reproduces snapshot N via Ns sweep"
6,492,2,982,"PALEY","",NA,NA,NA,NA,NA,NA,NA,NA,"ARITHMETIC","2026-08-29","route reproduces snapshot N via Ns sweep"
6,500,2,998,"CS_CK","",NA,NA,NA,NA,NA,NA,NA,NA,"ARITHMETIC","2026-08-29","route reproduces snapshot N via Ns sweep"
6,500,2,998,"PALEY","",NA,NA,NA,NA,NA,NA,NA,NA,"ARITHMETIC","2026-08-29","route reproduces snapshot N via Ns sweep"
6,504,2,1008,"CS_CK","",NA,NA,NA,NA,NA,NA,NA,NA,"ARITHMETIC","2026-08-29","route reproduces snapshot N via Ns sweep"
6,510,2,1018,"CS_CK","",NA,NA,NA,NA,NA,NA,NA,NA,"ARITHMETIC","2026-08-29","route reproduces snapshot N via Ns sweep"
6,522,2,1042,"CS_CK","",NA,NA,NA,NA,NA,NA,NA,NA,"ARITHMETIC","2026-08-29","route reproduces snapshot N via Ns sweep"
6,1231,2,1231,"CYCLOTOMY","",NA,NA,NA,NA,NA,NA,NA,NA,"ARITHMETIC","2026-08-29","route reproduces snapshot N via Ns sweep"
6,1283,2,1283,"CYCLOTOMY","",NA,NA,NA,NA,NA,NA,NA,NA,"ARITHMETIC","2026-08-29","route reproduces snapshot N via Ns sweep"
6,1319,2,1319,"CYCLOTOMY","",NA,NA,NA,NA,NA,NA,NA,NA,"ARITHMETIC","2026-08-29","route reproduces snapshot N via Ns sweep"
6,1361,2,1361,"CYCLOTOMY","",NA,NA,NA,NA,NA,NA,NA,NA,"ARITHMETIC","2026-08-29","route reproduces snapshot N via Ns sweep"
6,1367,2,1367,"CYCLOTOMY","",NA,NA,NA,NA,NA,NA,NA,NA,"ARITHMETIC","2026-08-29","route reproduces snapshot N via Ns sweep"
6,1373,2,1373,"CYCLOTOMY","",NA,NA,NA,NA,NA,NA,NA,NA,"ARITHMETIC","2026-08-29","route reproduces snapshot N via Ns sweep"
6,1381,2,1381,"CYCLOTOMY","",NA,NA,NA,NA,NA,NA,NA,NA,"ARITHMETIC","2026-08-29","route reproduces snapshot N via Ns sweep"
6,1423,2,1423,"CYCLOTOMY","",NA,NA,NA,NA,NA,NA,NA,NA,"ARITHMETIC","2026-08-29","route reproduces snapshot N via Ns sweep"
6,1427,2,1427,"CYCLOTOMY","",NA,NA,NA,NA,NA,NA,NA,NA,"ARITHMETIC","2026-08-29","route reproduces snapshot N via Ns sweep"
6,1429,2,1429,"CYCLOTOMY","",NA,NA,NA,NA,NA,NA,NA,NA,"ARITHMETIC","2026-08-29","route reproduces snapshot N via Ns sweep"
6,1439,2,1439,"CYCLOTOMY","",NA,NA,NA,NA,NA,NA,NA,NA,"ARITHMETIC","2026-08-29","route reproduces snapshot N via Ns sweep"
6,1447,2,1447,"CYCLOTOMY","",NA,NA,NA,NA,NA,NA,NA,NA,"ARITHMETIC","2026-08-29","route reproduces snapshot N via Ns sweep"
6,1459,2,1459,"CYCLOTOMY","",NA,NA,NA,NA,NA,NA,NA,NA,"ARITHMETIC","2026-08-29","route reproduces snapshot N via Ns sweep"
6,1483,2,1483,"CYCLOTOMY","",NA,NA,NA,NA,NA,NA,NA,NA,"ARITHMETIC","2026-08-29","route reproduces snapshot N via Ns sweep"
6,1487,2,1487,"CYCLOTOMY","",NA,NA,NA,NA,NA,NA,NA,NA,"ARITHMETIC","2026-08-29","route reproduces snapshot N via Ns sweep"
6,1493,2,1493,"CYCLOTOMY","",NA,NA,NA,NA,NA,NA,NA,NA,"ARITHMETIC","2026-08-29","route reproduces snapshot N via Ns sweep"
6,1499,2,1499,"CYCLOTOMY","",NA,NA,NA,NA,NA,NA,NA,NA,"ARITHMETIC","2026-08-29","route reproduces snapshot N via Ns sweep"
6,1511,2,1511,"CYCLOTOMY","",NA,NA,NA,NA,NA,NA,NA,NA,"ARITHMETIC","2026-08-29","route reproduces snapshot N via Ns sweep"
6,1523,2,1523,"CYCLOTOMY","",NA,NA,NA,NA,NA,NA,NA,NA,"ARITHMETIC","2026-08-29","route reproduces snapshot N via Ns sweep"
6,1549,2,1549,"CYCLOTOMY","",NA,NA,NA,NA,NA,NA,NA,NA,"ARITHMETIC","2026-08-29","route reproduces snapshot N via Ns sweep"
6,1559,2,1559,"CYCLOTOMY","",NA,NA,NA,NA,NA,NA,NA,NA,"ARITHMETIC","2026-08-29","route reproduces snapshot N via Ns sweep"
6,1567,2,1567,"CYCLOTOMY","",NA,NA,NA,NA,NA,NA,NA,NA,"ARITHMETIC","2026-08-29","route reproduces snapshot N via Ns sweep"
6,1571,2,1571,"CYCLOTOMY","",NA,NA,NA,NA,NA,NA,NA,NA,"ARITHMETIC","2026-08-29","route reproduces snapshot N via Ns sweep"
6,1579,2,1579,"CYCLOTOMY","",NA,NA,NA,NA,NA,NA,NA,NA,"ARITHMETIC","2026-08-29","route reproduces snapshot N via Ns sweep"
6,1583,2,1583,"CYCLOTOMY","",NA,NA,NA,NA,NA,NA,NA,NA,"ARITHMETIC","2026-08-29","route reproduces snapshot N via Ns sweep"
6,1597,2,1597,"CYCLOTOMY","",NA,NA,NA,NA,NA,NA,NA,NA,"ARITHMETIC","2026-08-29","route reproduces snapshot N via Ns sweep"
6,1601,2,1601,"CYCLOTOMY","",NA,NA,NA,NA,NA,NA,NA,NA,"ARITHMETIC","2026-08-29","route reproduces snapshot N via Ns sweep"
6,1607,2,1607,"CYCLOTOMY","",NA,NA,NA,NA,NA,NA,NA,NA,"ARITHMETIC","2026-08-29","route reproduces snapshot N via Ns sweep"
6,1609,2,1609,"CYCLOTOMY","",NA,NA,NA,NA,NA,NA,NA,NA,"ARITHMETIC","2026-08-29","route reproduces snapshot N via Ns sweep"
6,1613,2,1613,"CYCLOTOMY","",NA,NA,NA,NA,NA,NA,NA,NA,"ARITHMETIC","2026-08-29","route reproduces snapshot N via Ns sweep"
6,1619,2,1619,"CYCLOTOMY","",NA,NA,NA,NA,NA,NA,NA,NA,"ARITHMETIC","2026-08-29","route reproduces snapshot N via Ns sweep"
6,1621,2,1621,"CYCLOTOMY","",NA,NA,NA,NA,NA,NA,NA,NA,"ARITHMETIC","2026-08-29","route reproduces snapshot N via Ns sweep"
6,1627,2,1627,"CYCLOTOMY","",NA,NA,NA,NA,NA,NA,NA,NA,"ARITHMETIC","2026-08-29","route reproduces snapshot N via Ns sweep"
6,1997,2,1997,"CYCLOTOMY","",NA,NA,NA,NA,NA,NA,NA,NA,"ARITHMETIC","2026-08-29","route reproduces snapshot N via Ns sweep"
6,1999,2,1999,"CYCLOTOMY","",NA,NA,NA,NA,NA,NA,NA,NA,"ARITHMETIC","2026-08-29","route reproduces snapshot N via Ns sweep"
6,2003,2,2003,"CYCLOTOMY","",NA,NA,NA,NA,NA,NA,NA,NA,"ARITHMETIC","2026-08-29","route reproduces snapshot N via Ns sweep"
6,2503,2,2503,"CYCLOTOMY","",NA,NA,NA,NA,NA,NA,NA,NA,"ARITHMETIC","2026-08-29","route reproduces snapshot N via Ns sweep"
6,5832,2,5321,"powerCT","",NA,NA,NA,NA,NA,NA,NA,NA,"ARITHMETIC","2026-08-29","route reproduces snapshot N via Ns sweep"
6,6156,2,5346,"powerCT","",NA,NA,NA,NA,NA,NA,NA,NA,"ARITHMETIC","2026-08-29","route reproduces snapshot N via Ns sweep"
6,6498,2,5371,"powerCT","",NA,NA,NA,NA,NA,NA,NA,NA,"ARITHMETIC","2026-08-29","route reproduces snapshot N via Ns sweep"
6,6859,2,5396,"powerCT","",NA,NA,NA,NA,NA,NA,NA,NA,"ARITHMETIC","2026-08-29","route reproduces snapshot N via Ns sweep"
2,4,3,9,"CAEX","",NA,NA,NA,NA,NA,NA,NA,NA,"ARITHMETIC","2026-08-29","route reproduces snapshot N via Ns sweep"
2,4,3,9,"fuseBushtCA","",NA,NA,NA,NA,NA,NA,NA,NA,"ARITHMETIC","2026-08-29","route reproduces snapshot N via Ns sweep"
2,4,3,9,"recBoseCA_PCA","",NA,NA,NA,NA,NA,NA,NA,NA,"ARITHMETIC","2026-08-29","route reproduces snapshot N via Ns sweep"
2,4,3,9,"recBoseCA_CA","",NA,NA,NA,NA,NA,NA,NA,NA,"ARITHMETIC","2026-08-29","route reproduces snapshot N via Ns sweep"
2,4,3,9,"projBoseCA","",NA,NA,NA,NA,NA,NA,NA,NA,"ARITHMETIC","2026-08-29","route reproduces snapshot N via Ns sweep"
2,4,3,9,"TJ","",NA,NA,NA,NA,NA,NA,NA,NA,"ARITHMETIC","2026-08-29","route reproduces snapshot N via Ns sweep"
2,4,3,9,"DWYER","",NA,NA,NA,NA,NA,NA,NA,NA,"ARITHMETIC","2026-08-29","route reproduces snapshot N via Ns sweep"
2,5,3,11,"CAEX","",NA,NA,NA,NA,NA,NA,NA,NA,"ARITHMETIC","2026-08-29","route reproduces snapshot N via Ns sweep"
2,5,3,11,"CS_MS","",NA,NA,NA,NA,NA,NA,NA,NA,"ARITHMETIC","2026-08-29","route reproduces snapshot N via Ns sweep"
2,5,3,11,"CS_LCDST","",NA,NA,NA,NA,NA,NA,NA,NA,"ARITHMETIC","2026-08-29","route reproduces snapshot N via Ns sweep"
2,5,3,11,"TJ","",NA,NA,NA,NA,NA,NA,NA,NA,"ARITHMETIC","2026-08-29","route reproduces snapshot N via Ns sweep"
2,7,3,12,"CAEX","",NA,NA,NA,NA,NA,NA,NA,NA,"ARITHMETIC","2026-08-29","route reproduces snapshot N via Ns sweep"
2,7,3,12,"miscCA","",NA,NA,NA,NA,NA,NA,NA,NA,"ARITHMETIC","2026-08-29","route reproduces snapshot N via Ns sweep"
2,7,3,12,"TJ","",NA,NA,NA,NA,NA,NA,NA,NA,"ARITHMETIC","2026-08-29","route reproduces snapshot N via Ns sweep"
2,9,3,13,"CAEX","",NA,NA,NA,NA,NA,NA,NA,NA,"ARITHMETIC","2026-08-29","route reproduces snapshot N via Ns sweep"
2,9,3,13,"miscCA","",NA,NA,NA,NA,NA,NA,NA,NA,"ARITHMETIC","2026-08-29","route reproduces snapshot N via Ns sweep"
2,9,3,13,"TJ","",NA,NA,NA,NA,NA,NA,NA,NA,"ARITHMETIC","2026-08-29","route reproduces snapshot N via Ns sweep"
2,10,3,14,"CAEX","",NA,NA,NA,NA,NA,NA,NA,NA,"ARITHMETIC","2026-08-29","route reproduces snapshot N via Ns sweep"
2,10,3,14,"miscCA","",NA,NA,NA,NA,NA,NA,NA,NA,"ARITHMETIC","2026-08-29","route reproduces snapshot N via Ns sweep"
2,10,3,14,"TJ","",NA,NA,NA,NA,NA,NA,NA,NA,"ARITHMETIC","2026-08-29","route reproduces snapshot N via Ns sweep"
2,20,3,15,"CAEX","",NA,NA,NA,NA,NA,NA,NA,NA,"ARITHMETIC","2026-08-29","route reproduces snapshot N via Ns sweep"
2,20,3,15,"TJ","",NA,NA,NA,NA,NA,NA,NA,NA,"ARITHMETIC","2026-08-29","route reproduces snapshot N via Ns sweep"
2,21,3,16,"CAEX","",NA,NA,NA,NA,NA,NA,NA,NA,"ARITHMETIC","2026-08-29","route reproduces snapshot N via Ns sweep"
2,21,3,16,"TJ","",NA,NA,NA,NA,NA,NA,NA,NA,"ARITHMETIC","2026-08-29","route reproduces snapshot N via Ns sweep"
2,29,3,17,"CAEX","",NA,NA,NA,NA,NA,NA,NA,NA,"ARITHMETIC","2026-08-29","route reproduces snapshot N via Ns sweep"
2,29,3,17,"TJ","",NA,NA,NA,NA,NA,NA,NA,NA,"ARITHMETIC","2026-08-29","route reproduces snapshot N via Ns sweep"
2,46,3,18,"CAEX","",NA,NA,NA,NA,NA,NA,NA,NA,"ARITHMETIC","2026-08-29","route reproduces snapshot N via Ns sweep"
2,46,3,18,"TJ","",NA,NA,NA,NA,NA,NA,NA,NA,"ARITHMETIC","2026-08-29","route reproduces snapshot N via Ns sweep"
2,49,3,19,"CAEX","",NA,NA,NA,NA,NA,NA,NA,NA,"ARITHMETIC","2026-08-29","route reproduces snapshot N via Ns sweep"
2,49,3,19,"TJ","",NA,NA,NA,NA,NA,NA,NA,NA,"ARITHMETIC","2026-08-29","route reproduces snapshot N via Ns sweep"
2,63,3,20,"CAEX","",NA,NA,NA,NA,NA,NA,NA,NA,"ARITHMETIC","2026-08-29","route reproduces snapshot N via Ns sweep"
2,63,3,20,"TJ","",NA,NA,NA,NA,NA,NA,NA,NA,"ARITHMETIC","2026-08-29","route reproduces snapshot N via Ns sweep"
2,93,3,21,"CAEX","",NA,NA,NA,NA,NA,NA,NA,NA,"ARITHMETIC","2026-08-29","route reproduces snapshot N via Ns sweep"
2,93,3,21,"TJ","",NA,NA,NA,NA,NA,NA,NA,NA,"ARITHMETIC","2026-08-29","route reproduces snapshot N via Ns sweep"
2,107,3,22,"CAEX","",NA,NA,NA,NA,NA,NA,NA,NA,"ARITHMETIC","2026-08-29","route reproduces snapshot N via Ns sweep"
2,107,3,22,"TJ","",NA,NA,NA,NA,NA,NA,NA,NA,"ARITHMETIC","2026-08-29","route reproduces snapshot N via Ns sweep"
2,138,3,23,"CAEX","",NA,NA,NA,NA,NA,NA,NA,NA,"ARITHMETIC","2026-08-29","route reproduces snapshot N via Ns sweep"
2,138,3,23,"TJ","",NA,NA,NA,NA,NA,NA,NA,NA,"ARITHMETIC","2026-08-29","route reproduces snapshot N via Ns sweep"
2,199,3,24,"CAEX","",NA,NA,NA,NA,NA,NA,NA,NA,"ARITHMETIC","2026-08-29","route reproduces snapshot N via Ns sweep"
2,199,3,24,"TJ","",NA,NA,NA,NA,NA,NA,NA,NA,"ARITHMETIC","2026-08-29","route reproduces snapshot N via Ns sweep"
2,216,3,25,"CAEX","",NA,NA,NA,NA,NA,NA,NA,NA,"ARITHMETIC","2026-08-29","route reproduces snapshot N via Ns sweep"
2,216,3,25,"TJ","",NA,NA,NA,NA,NA,NA,NA,NA,"ARITHMETIC","2026-08-29","route reproduces snapshot N via Ns sweep"
2,288,3,26,"CAEX","",NA,NA,NA,NA,NA,NA,NA,NA,"ARITHMETIC","2026-08-29","route reproduces snapshot N via Ns sweep"
2,288,3,26,"TJ","",NA,NA,NA,NA,NA,NA,NA,NA,"ARITHMETIC","2026-08-29","route reproduces snapshot N via Ns sweep"
2,435,3,27,"CAEX","",NA,NA,NA,NA,NA,NA,NA,NA,"ARITHMETIC","2026-08-29","route reproduces snapshot N via Ns sweep"
2,435,3,27,"TJ","",NA,NA,NA,NA,NA,NA,NA,NA,"ARITHMETIC","2026-08-29","route reproduces snapshot N via Ns sweep"
2,449,3,28,"CAEX","",NA,NA,NA,NA,NA,NA,NA,NA,"ARITHMETIC","2026-08-29","route reproduces snapshot N via Ns sweep"
2,449,3,28,"TJ","",NA,NA,NA,NA,NA,NA,NA,NA,"ARITHMETIC","2026-08-29","route reproduces snapshot N via Ns sweep"
2,610,3,29,"CAEX","",NA,NA,NA,NA,NA,NA,NA,NA,"ARITHMETIC","2026-08-29","route reproduces snapshot N via Ns sweep"
2,610,3,29,"TJ","",NA,NA,NA,NA,NA,NA,NA,NA,"ARITHMETIC","2026-08-29","route reproduces snapshot N via Ns sweep"
2,878,3,30,"CAEX","",NA,NA,NA,NA,NA,NA,NA,NA,"ARITHMETIC","2026-08-29","route reproduces snapshot N via Ns sweep"
2,878,3,30,"TJ","",NA,NA,NA,NA,NA,NA,NA,NA,"ARITHMETIC","2026-08-29","route reproduces snapshot N via Ns sweep"
2,964,3,31,"CAEX","",NA,NA,NA,NA,NA,NA,NA,NA,"ARITHMETIC","2026-08-29","route reproduces snapshot N via Ns sweep"
2,964,3,31,"TJ","",NA,NA,NA,NA,NA,NA,NA,NA,"ARITHMETIC","2026-08-29","route reproduces snapshot N via Ns sweep"
2,1308,3,32,"CAEX","",NA,NA,NA,NA,NA,NA,NA,NA,"ARITHMETIC","2026-08-29","route reproduces snapshot N via Ns sweep"
2,1308,3,32,"TJ","",NA,NA,NA,NA,NA,NA,NA,NA,"ARITHMETIC","2026-08-29","route reproduces snapshot N via Ns sweep"
2,1964,3,33,"CAEX","",NA,NA,NA,NA,NA,NA,NA,NA,"ARITHMETIC","2026-08-29","route reproduces snapshot N via Ns sweep"
2,1964,3,33,"TJ","",NA,NA,NA,NA,NA,NA,NA,NA,"ARITHMETIC","2026-08-29","route reproduces snapshot N via Ns sweep"
2,2116,3,34,"CAEX","",NA,NA,NA,NA,NA,NA,NA,NA,"ARITHMETIC","2026-08-29","route reproduces snapshot N via Ns sweep"
2,2116,3,34,"TJ","",NA,NA,NA,NA,NA,NA,NA,NA,"ARITHMETIC","2026-08-29","route reproduces snapshot N via Ns sweep"
2,2700,3,35,"CAEX","",NA,NA,NA,NA,NA,NA,NA,NA,"ARITHMETIC","2026-08-29","route reproduces snapshot N via Ns sweep"
2,2700,3,35,"TJ","",NA,NA,NA,NA,NA,NA,NA,NA,"ARITHMETIC","2026-08-29","route reproduces snapshot N via Ns sweep"
2,3918,3,36,"CAEX","",NA,NA,NA,NA,NA,NA,NA,NA,"ARITHMETIC","2026-08-29","route reproduces snapshot N via Ns sweep"
2,3918,3,36,"TJ","",NA,NA,NA,NA,NA,NA,NA,NA,"ARITHMETIC","2026-08-29","route reproduces snapshot N via Ns sweep"
2,4457,3,37,"CAEX","",NA,NA,NA,NA,NA,NA,NA,NA,"ARITHMETIC","2026-08-29","route reproduces snapshot N via Ns sweep"
2,4457,3,37,"TJ","",NA,NA,NA,NA,NA,NA,NA,NA,"ARITHMETIC","2026-08-29","route reproduces snapshot N via Ns sweep"
2,5763,3,38,"CAEX","",NA,NA,NA,NA,NA,NA,NA,NA,"ARITHMETIC","2026-08-29","route reproduces snapshot N via Ns sweep"
2,5763,3,38,"TJ","",NA,NA,NA,NA,NA,NA,NA,NA,"ARITHMETIC","2026-08-29","route reproduces snapshot N via Ns sweep"
2,8329,3,39,"CAEX","",NA,NA,NA,NA,NA,NA,NA,NA,"ARITHMETIC","2026-08-29","route reproduces snapshot N via Ns sweep"
2,8329,3,39,"TJ","",NA,NA,NA,NA,NA,NA,NA,NA,"ARITHMETIC","2026-08-29","route reproduces snapshot N via Ns sweep"
2,9207,3,40,"CAEX","",NA,NA,NA,NA,NA,NA,NA,NA,"ARITHMETIC","2026-08-29","route reproduces snapshot N via Ns sweep"
2,9207,3,40,"TJ","",NA,NA,NA,NA,NA,NA,NA,NA,"ARITHMETIC","2026-08-29","route reproduces snapshot N via Ns sweep"
2,11898,3,41,"CAEX","",NA,NA,NA,NA,NA,NA,NA,NA,"ARITHMETIC","2026-08-29","route reproduces snapshot N via Ns sweep"
2,11898,3,41,"TJ","",NA,NA,NA,NA,NA,NA,NA,NA,"ARITHMETIC","2026-08-29","route reproduces snapshot N via Ns sweep"
2,17895,3,42,"CAEX","",NA,NA,NA,NA,NA,NA,NA,NA,"ARITHMETIC","2026-08-29","route reproduces snapshot N via Ns sweep"
2,17895,3,42,"TJ","",NA,NA,NA,NA,NA,NA,NA,NA,"ARITHMETIC","2026-08-29","route reproduces snapshot N via Ns sweep"
2,20000,3,43,"CAEX","",NA,NA,NA,NA,NA,NA,NA,NA,"ARITHMETIC","2026-08-29","route reproduces snapshot N via Ns sweep"
2,20000,3,43,"TJ","",NA,NA,NA,NA,NA,NA,NA,NA,"ARITHMETIC","2026-08-29","route reproduces snapshot N via Ns sweep"
3,4,3,27,"CK_doublingCA","",NA,NA,NA,NA,NA,NA,NA,NA,"ARITHMETIC","2026-08-29","route reproduces snapshot N via Ns sweep"
3,4,3,27,"fuseBushtCA","",NA,NA,NA,NA,NA,NA,NA,NA,"ARITHMETIC","2026-08-29","route reproduces snapshot N via Ns sweep"
3,4,3,27,"DWYER","",NA,NA,NA,NA,NA,NA,NA,NA,"ARITHMETIC","2026-08-29","route reproduces snapshot N via Ns sweep"
3,6,3,33,"CK_NRB","",NA,NA,NA,NA,NA,NA,NA,NA,"ARITHMETIC","2026-08-29","route reproduces snapshot N via Ns sweep"
3,7,3,39,"DWYER","",NA,NA,NA,NA,NA,NA,NA,NA,"ARITHMETIC","2026-08-29","route reproduces snapshot N via Ns sweep"
3,8,3,42,"CKRS","",NA,NA,NA,NA,NA,NA,NA,NA,"ARITHMETIC","2026-08-29","route reproduces snapshot N via Ns sweep"
3,8,3,42,"DWYER","",NA,NA,NA,NA,NA,NA,NA,NA,"ARITHMETIC","2026-08-29","route reproduces snapshot N via Ns sweep"
4,5,3,81,"miscCA","",NA,NA,NA,NA,NA,NA,NA,NA,"ARITHMETIC","2026-08-29","route reproduces snapshot N via Ns sweep"
4,5,3,81,"DWYER","",NA,NA,NA,NA,NA,NA,NA,NA,"ARITHMETIC","2026-08-29","route reproduces snapshot N via Ns sweep"
4,6,3,111,"CKRS","",NA,NA,NA,NA,NA,NA,NA,NA,"ARITHMETIC","2026-08-29","route reproduces snapshot N via Ns sweep"
4,6,3,111,"DWYER","",NA,NA,NA,NA,NA,NA,NA,NA,"ARITHMETIC","2026-08-29","route reproduces snapshot N via Ns sweep"
4,7,3,123,"CKRS","",NA,NA,NA,NA,NA,NA,NA,NA,"ARITHMETIC","2026-08-29","route reproduces snapshot N via Ns sweep"
4,7,3,123,"DWYER","",NA,NA,NA,NA,NA,NA,NA,NA,"ARITHMETIC","2026-08-29","route reproduces snapshot N via Ns sweep"
4,100,3,645,"DWYER","",NA,NA,NA,NA,NA,NA,NA,NA,"ARITHMETIC","2026-08-29","route reproduces snapshot N via Ns sweep"
4,105,3,657,"DWYER","",NA,NA,NA,NA,NA,NA,NA,NA,"ARITHMETIC","2026-08-29","route reproduces snapshot N via Ns sweep"
4,224,3,669,"CYCLOTOMY","",NA,NA,NA,NA,NA,NA,NA,NA,"ARITHMETIC","2026-08-29","route reproduces snapshot N via Ns sweep"
4,230,3,687,"CYCLOTOMY","",NA,NA,NA,NA,NA,NA,NA,NA,"ARITHMETIC","2026-08-29","route reproduces snapshot N via Ns sweep"
4,272,3,813,"CYCLOTOMY","",NA,NA,NA,NA,NA,NA,NA,NA,"ARITHMETIC","2026-08-29","route reproduces snapshot N via Ns sweep"
4,278,3,831,"CYCLOTOMY","",NA,NA,NA,NA,NA,NA,NA,NA,"ARITHMETIC","2026-08-29","route reproduces snapshot N via Ns sweep"
4,1051,3,1051,"CYCLOTOMY","",NA,NA,NA,NA,NA,NA,NA,NA,"ARITHMETIC","2026-08-29","route reproduces snapshot N via Ns sweep"
4,1069,3,1069,"CYCLOTOMY","",NA,NA,NA,NA,NA,NA,NA,NA,"ARITHMETIC","2026-08-29","route reproduces snapshot N via Ns sweep"
4,1087,3,1087,"CYCLOTOMY","",NA,NA,NA,NA,NA,NA,NA,NA,"ARITHMETIC","2026-08-29","route reproduces snapshot N via Ns sweep"
4,1093,3,1093,"CYCLOTOMY","",NA,NA,NA,NA,NA,NA,NA,NA,"ARITHMETIC","2026-08-29","route reproduces snapshot N via Ns sweep"
4,1117,3,1119,"CYCLOTOMY","",NA,NA,NA,NA,NA,NA,NA,NA,"ARITHMETIC","2026-08-29","route reproduces snapshot N via Ns sweep"
4,1123,3,1123,"CYCLOTOMY","",NA,NA,NA,NA,NA,NA,NA,NA,"ARITHMETIC","2026-08-29","route reproduces snapshot N via Ns sweep"
4,1129,3,1129,"CYCLOTOMY","",NA,NA,NA,NA,NA,NA,NA,NA,"ARITHMETIC","2026-08-29","route reproduces snapshot N via Ns sweep"
4,1171,3,1171,"CYCLOTOMY","",NA,NA,NA,NA,NA,NA,NA,NA,"ARITHMETIC","2026-08-29","route reproduces snapshot N via Ns sweep"
4,1213,3,1213,"CYCLOTOMY","",NA,NA,NA,NA,NA,NA,NA,NA,"ARITHMETIC","2026-08-29","route reproduces snapshot N via Ns sweep"
4,1231,3,1231,"CYCLOTOMY","",NA,NA,NA,NA,NA,NA,NA,NA,"ARITHMETIC","2026-08-29","route reproduces snapshot N via Ns sweep"
4,1249,3,1249,"CYCLOTOMY","",NA,NA,NA,NA,NA,NA,NA,NA,"ARITHMETIC","2026-08-29","route reproduces snapshot N via Ns sweep"
4,1279,3,1279,"CYCLOTOMY","",NA,NA,NA,NA,NA,NA,NA,NA,"ARITHMETIC","2026-08-29","route reproduces snapshot N via Ns sweep"
4,1291,3,1291,"CYCLOTOMY","",NA,NA,NA,NA,NA,NA,NA,NA,"ARITHMETIC","2026-08-29","route reproduces snapshot N via Ns sweep"
4,1297,3,1297,"CYCLOTOMY","",NA,NA,NA,NA,NA,NA,NA,NA,"ARITHMETIC","2026-08-29","route reproduces snapshot N via Ns sweep"
4,1303,3,1303,"CYCLOTOMY","",NA,NA,NA,NA,NA,NA,NA,NA,"ARITHMETIC","2026-08-29","route reproduces snapshot N via Ns sweep"
4,1321,3,1323,"CYCLOTOMY","",NA,NA,NA,NA,NA,NA,NA,NA,"ARITHMETIC","2026-08-29","route reproduces snapshot N via Ns sweep"
4,1327,3,1327,"CYCLOTOMY","",NA,NA,NA,NA,NA,NA,NA,NA,"ARITHMETIC","2026-08-29","route reproduces snapshot N via Ns sweep"
4,1381,3,1381,"CYCLOTOMY","",NA,NA,NA,NA,NA,NA,NA,NA,"ARITHMETIC","2026-08-29","route reproduces snapshot N via Ns sweep"
4,1399,3,1399,"CYCLOTOMY","",NA,NA,NA,NA,NA,NA,NA,NA,"ARITHMETIC","2026-08-29","route reproduces snapshot N via Ns sweep"
4,1423,3,1423,"CYCLOTOMY","",NA,NA,NA,NA,NA,NA,NA,NA,"ARITHMETIC","2026-08-29","route reproduces snapshot N via Ns sweep"
4,1429,3,1431,"CYCLOTOMY","",NA,NA,NA,NA,NA,NA,NA,NA,"ARITHMETIC","2026-08-29","route reproduces snapshot N via Ns sweep"
4,1447,3,1447,"CYCLOTOMY","",NA,NA,NA,NA,NA,NA,NA,NA,"ARITHMETIC","2026-08-29","route reproduces snapshot N via Ns sweep"
4,1453,3,1453,"CYCLOTOMY","",NA,NA,NA,NA,NA,NA,NA,NA,"ARITHMETIC","2026-08-29","route reproduces snapshot N via Ns sweep"
4,1459,3,1459,"CYCLOTOMY","",NA,NA,NA,NA,NA,NA,NA,NA,"ARITHMETIC","2026-08-29","route reproduces snapshot N via Ns sweep"
4,1471,3,1471,"CYCLOTOMY","",NA,NA,NA,NA,NA,NA,NA,NA,"ARITHMETIC","2026-08-29","route reproduces snapshot N via Ns sweep"
4,1483,3,1483,"CYCLOTOMY","",NA,NA,NA,NA,NA,NA,NA,NA,"ARITHMETIC","2026-08-29","route reproduces snapshot N via Ns sweep"
4,1489,3,1489,"CYCLOTOMY","",NA,NA,NA,NA,NA,NA,NA,NA,"ARITHMETIC","2026-08-29","route reproduces snapshot N via Ns sweep"
4,1494,3,1521,"cphfCA","",NA,NA,NA,NA,NA,NA,NA,NA,"ARITHMETIC","2026-08-29","route reproduces snapshot N via Ns sweep"
4,1531,3,1531,"CYCLOTOMY","",NA,NA,NA,NA,NA,NA,NA,NA,"ARITHMETIC","2026-08-29","route reproduces snapshot N via Ns sweep"
4,1543,3,1543,"CYCLOTOMY","",NA,NA,NA,NA,NA,NA,NA,NA,"ARITHMETIC","2026-08-29","route reproduces snapshot N via Ns sweep"
4,1549,3,1549,"CYCLOTOMY","",NA,NA,NA,NA,NA,NA,NA,NA,"ARITHMETIC","2026-08-29","route reproduces snapshot N via Ns sweep"
4,1567,3,1567,"CYCLOTOMY","",NA,NA,NA,NA,NA,NA,NA,NA,"ARITHMETIC","2026-08-29","route reproduces snapshot N via Ns sweep"
4,1579,3,1579,"CYCLOTOMY","",NA,NA,NA,NA,NA,NA,NA,NA,"ARITHMETIC","2026-08-29","route reproduces snapshot N via Ns sweep"
4,1597,3,1597,"CYCLOTOMY","",NA,NA,NA,NA,NA,NA,NA,NA,"ARITHMETIC","2026-08-29","route reproduces snapshot N via Ns sweep"
4,2026,3,1601,"cphfCA","",NA,NA,NA,NA,NA,NA,NA,NA,"ARITHMETIC","2026-08-29","route reproduces snapshot N via Ns sweep"
4,2694,3,1681,"cphfCA","",NA,NA,NA,NA,NA,NA,NA,NA,"ARITHMETIC","2026-08-29","route reproduces snapshot N via Ns sweep"
4,3582,3,1761,"cphfCA","",NA,NA,NA,NA,NA,NA,NA,NA,"ARITHMETIC","2026-08-29","route reproduces snapshot N via Ns sweep"
4,4382,3,1841,"cphfCA","",NA,NA,NA,NA,NA,NA,NA,NA,"ARITHMETIC","2026-08-29","route reproduces snapshot N via Ns sweep"
5,6,3,243,"miscCA","",NA,NA,NA,NA,NA,NA,NA,NA,"ARITHMETIC","2026-08-29","route reproduces snapshot N via Ns sweep"
5,6,3,243,"DWYER","",NA,NA,NA,NA,NA,NA,NA,NA,"ARITHMETIC","2026-08-29","route reproduces snapshot N via Ns sweep"
5,7,3,351,"CKRS","",NA,NA,NA,NA,NA,NA,NA,NA,"ARITHMETIC","2026-08-29","route reproduces snapshot N via Ns sweep"
5,7,3,351,"DWYER","",NA,NA,NA,NA,NA,NA,NA,NA,"ARITHMETIC","2026-08-29","route reproduces snapshot N via Ns sweep"
5,1051,3,3156,"CYCLOTOMY","",NA,NA,NA,NA,NA,NA,NA,NA,"ARITHMETIC","2026-08-29","route reproduces snapshot N via Ns sweep"
5,1069,3,3210,"CYCLOTOMY","",NA,NA,NA,NA,NA,NA,NA,NA,"ARITHMETIC","2026-08-29","route reproduces snapshot N via Ns sweep"
5,1087,3,3264,"CYCLOTOMY","",NA,NA,NA,NA,NA,NA,NA,NA,"ARITHMETIC","2026-08-29","route reproduces snapshot N via Ns sweep"
5,1093,3,3282,"CYCLOTOMY","",NA,NA,NA,NA,NA,NA,NA,NA,"ARITHMETIC","2026-08-29","route reproduces snapshot N via Ns sweep"
5,1123,3,3369,"CYCLOTOMY","",NA,NA,NA,NA,NA,NA,NA,NA,"ARITHMETIC","2026-08-29","route reproduces snapshot N via Ns sweep"
5,1129,3,3390,"CYCLOTOMY","",NA,NA,NA,NA,NA,NA,NA,NA,"ARITHMETIC","2026-08-29","route reproduces snapshot N via Ns sweep"
5,1171,3,3516,"CYCLOTOMY","",NA,NA,NA,NA,NA,NA,NA,NA,"ARITHMETIC","2026-08-29","route reproduces snapshot N via Ns sweep"
5,1213,3,3642,"CYCLOTOMY","",NA,NA,NA,NA,NA,NA,NA,NA,"ARITHMETIC","2026-08-29","route reproduces snapshot N via Ns sweep"
5,1231,3,3696,"CYCLOTOMY","",NA,NA,NA,NA,NA,NA,NA,NA,"ARITHMETIC","2026-08-29","route reproduces snapshot N via Ns sweep"
5,1249,3,3750,"CYCLOTOMY","",NA,NA,NA,NA,NA,NA,NA,NA,"ARITHMETIC","2026-08-29","route reproduces snapshot N via Ns sweep"
5,1279,3,3840,"CYCLOTOMY","",NA,NA,NA,NA,NA,NA,NA,NA,"ARITHMETIC","2026-08-29","route reproduces snapshot N via Ns sweep"
5,1291,3,3876,"CYCLOTOMY","",NA,NA,NA,NA,NA,NA,NA,NA,"ARITHMETIC","2026-08-29","route reproduces snapshot N via Ns sweep"
5,1297,3,3891,"CYCLOTOMY","",NA,NA,NA,NA,NA,NA,NA,NA,"ARITHMETIC","2026-08-29","route reproduces snapshot N via Ns sweep"
5,1303,3,3909,"CYCLOTOMY","",NA,NA,NA,NA,NA,NA,NA,NA,"ARITHMETIC","2026-08-29","route reproduces snapshot N via Ns sweep"
5,1327,3,3981,"CYCLOTOMY","",NA,NA,NA,NA,NA,NA,NA,NA,"ARITHMETIC","2026-08-29","route reproduces snapshot N via Ns sweep"
5,1381,3,4143,"CYCLOTOMY","",NA,NA,NA,NA,NA,NA,NA,NA,"ARITHMETIC","2026-08-29","route reproduces snapshot N via Ns sweep"
5,1399,3,4197,"CYCLOTOMY","",NA,NA,NA,NA,NA,NA,NA,NA,"ARITHMETIC","2026-08-29","route reproduces snapshot N via Ns sweep"
5,1423,3,4269,"CYCLOTOMY","",NA,NA,NA,NA,NA,NA,NA,NA,"ARITHMETIC","2026-08-29","route reproduces snapshot N via Ns sweep"
5,1447,3,4341,"CYCLOTOMY","",NA,NA,NA,NA,NA,NA,NA,NA,"ARITHMETIC","2026-08-29","route reproduces snapshot N via Ns sweep"
5,1453,3,4359,"CYCLOTOMY","",NA,NA,NA,NA,NA,NA,NA,NA,"ARITHMETIC","2026-08-29","route reproduces snapshot N via Ns sweep"
5,1459,3,4377,"CYCLOTOMY","",NA,NA,NA,NA,NA,NA,NA,NA,"ARITHMETIC","2026-08-29","route reproduces snapshot N via Ns sweep"
5,1471,3,4413,"CYCLOTOMY","",NA,NA,NA,NA,NA,NA,NA,NA,"ARITHMETIC","2026-08-29","route reproduces snapshot N via Ns sweep"
5,1483,3,4449,"CYCLOTOMY","",NA,NA,NA,NA,NA,NA,NA,NA,"ARITHMETIC","2026-08-29","route reproduces snapshot N via Ns sweep"
5,1489,3,4467,"CYCLOTOMY","",NA,NA,NA,NA,NA,NA,NA,NA,"ARITHMETIC","2026-08-29","route reproduces snapshot N via Ns sweep"
5,1531,3,4593,"CYCLOTOMY","",NA,NA,NA,NA,NA,NA,NA,NA,"ARITHMETIC","2026-08-29","route reproduces snapshot N via Ns sweep"
5,1543,3,4629,"CYCLOTOMY","",NA,NA,NA,NA,NA,NA,NA,NA,"ARITHMETIC","2026-08-29","route reproduces snapshot N via Ns sweep"
5,1549,3,4647,"CYCLOTOMY","",NA,NA,NA,NA,NA,NA,NA,NA,"ARITHMETIC","2026-08-29","route reproduces snapshot N via Ns sweep"
5,1567,3,4701,"CYCLOTOMY","",NA,NA,NA,NA,NA,NA,NA,NA,"ARITHMETIC","2026-08-29","route reproduces snapshot N via Ns sweep"
5,1579,3,4737,"CYCLOTOMY","",NA,NA,NA,NA,NA,NA,NA,NA,"ARITHMETIC","2026-08-29","route reproduces snapshot N via Ns sweep"
5,1597,3,4791,"CYCLOTOMY","",NA,NA,NA,NA,NA,NA,NA,NA,"ARITHMETIC","2026-08-29","route reproduces snapshot N via Ns sweep"
5,1609,3,4827,"CYCLOTOMY","",NA,NA,NA,NA,NA,NA,NA,NA,"ARITHMETIC","2026-08-29","route reproduces snapshot N via Ns sweep"
5,1621,3,4863,"CYCLOTOMY","",NA,NA,NA,NA,NA,NA,NA,NA,"ARITHMETIC","2026-08-29","route reproduces snapshot N via Ns sweep"
5,1627,3,4881,"CYCLOTOMY","",NA,NA,NA,NA,NA,NA,NA,NA,"ARITHMETIC","2026-08-29","route reproduces snapshot N via Ns sweep"
5,1657,3,4971,"CYCLOTOMY","",NA,NA,NA,NA,NA,NA,NA,NA,"ARITHMETIC","2026-08-29","route reproduces snapshot N via Ns sweep"
5,1663,3,4989,"CYCLOTOMY","",NA,NA,NA,NA,NA,NA,NA,NA,"ARITHMETIC","2026-08-29","route reproduces snapshot N via Ns sweep"
5,1669,3,5007,"CYCLOTOMY","",NA,NA,NA,NA,NA,NA,NA,NA,"ARITHMETIC","2026-08-29","route reproduces snapshot N via Ns sweep"
5,1693,3,5079,"CYCLOTOMY","",NA,NA,NA,NA,NA,NA,NA,NA,"ARITHMETIC","2026-08-29","route reproduces snapshot N via Ns sweep"
5,1699,3,5097,"CYCLOTOMY","",NA,NA,NA,NA,NA,NA,NA,NA,"ARITHMETIC","2026-08-29","route reproduces snapshot N via Ns sweep"
5,1723,3,5169,"CYCLOTOMY","",NA,NA,NA,NA,NA,NA,NA,NA,"ARITHMETIC","2026-08-29","route reproduces snapshot N via Ns sweep"
5,1741,3,5223,"CYCLOTOMY","",NA,NA,NA,NA,NA,NA,NA,NA,"ARITHMETIC","2026-08-29","route reproduces snapshot N via Ns sweep"
5,1747,3,5241,"CYCLOTOMY","",NA,NA,NA,NA,NA,NA,NA,NA,"ARITHMETIC","2026-08-29","route reproduces snapshot N via Ns sweep"
5,1753,3,5259,"CYCLOTOMY","",NA,NA,NA,NA,NA,NA,NA,NA,"ARITHMETIC","2026-08-29","route reproduces snapshot N via Ns sweep"
5,1759,3,5277,"CYCLOTOMY","",NA,NA,NA,NA,NA,NA,NA,NA,"ARITHMETIC","2026-08-29","route reproduces snapshot N via Ns sweep"
5,6983,3,6983,"CYCLOTOMY","",NA,NA,NA,NA,NA,NA,NA,NA,"ARITHMETIC","2026-08-29","route reproduces snapshot N via Ns sweep"
5,7013,3,7013,"CYCLOTOMY","",NA,NA,NA,NA,NA,NA,NA,NA,"ARITHMETIC","2026-08-29","route reproduces snapshot N via Ns sweep"
5,10000,3,10007,"CYCLOTOMY","",NA,NA,NA,NA,NA,NA,NA,NA,"ARITHMETIC","2026-08-29","route reproduces snapshot N via Ns sweep"
6,7,3,729,"cphfCA","",NA,NA,NA,NA,NA,NA,NA,NA,"ARITHMETIC","2026-08-29","route reproduces snapshot N via Ns sweep"
6,7,3,729,"DWYER","",NA,NA,NA,NA,NA,NA,NA,NA,"ARITHMETIC","2026-08-29","route reproduces snapshot N via Ns sweep"
6,18,3,3839,"DWYER","",NA,NA,NA,NA,NA,NA,NA,NA,"ARITHMETIC","2026-08-29","route reproduces snapshot N via Ns sweep"
2,5,4,16,"fuseBushtCA","",NA,NA,NA,NA,NA,NA,NA,NA,"ARITHMETIC","2026-08-29","route reproduces snapshot N via Ns sweep"
2,5,4,16,"recBoseCA_PCA","",NA,NA,NA,NA,NA,NA,NA,NA,"ARITHMETIC","2026-08-29","route reproduces snapshot N via Ns sweep"
2,5,4,16,"recBoseCA_CA","",NA,NA,NA,NA,NA,NA,NA,NA,"ARITHMETIC","2026-08-29","route reproduces snapshot N via Ns sweep"
2,5,4,16,"projBoseCA","",NA,NA,NA,NA,NA,NA,NA,NA,"ARITHMETIC","2026-08-29","route reproduces snapshot N via Ns sweep"
2,5,4,16,"DWYER","",NA,NA,NA,NA,NA,NA,NA,NA,"ARITHMETIC","2026-08-29","route reproduces snapshot N via Ns sweep"
2,6,4,19,"CS_MS","",NA,NA,NA,NA,NA,NA,NA,NA,"ARITHMETIC","2026-08-29","route reproduces snapshot N via Ns sweep"
2,6,4,19,"CS_LCDST","",NA,NA,NA,NA,NA,NA,NA,NA,"ARITHMETIC","2026-08-29","route reproduces snapshot N via Ns sweep"
2,7,4,21,"miscCA","",NA,NA,NA,NA,NA,NA,NA,NA,"ARITHMETIC","2026-08-29","route reproduces snapshot N via Ns sweep"
2,12,4,24,"CKRS","",NA,NA,NA,NA,NA,NA,NA,NA,"ARITHMETIC","2026-08-29","route reproduces snapshot N via Ns sweep"
2,13,4,25,"CKRS","",NA,NA,NA,NA,NA,NA,NA,NA,"ARITHMETIC","2026-08-29","route reproduces snapshot N via Ns sweep"
2,15,4,26,"miscCA","",NA,NA,NA,NA,NA,NA,NA,NA,"ARITHMETIC","2026-08-29","route reproduces snapshot N via Ns sweep"
2,24,4,28,"recBoseCA_PCA","",NA,NA,NA,NA,NA,NA,NA,NA,"ARITHMETIC","2026-08-29","route reproduces snapshot N via Ns sweep"
3,6,4,64,"miscCA","",NA,NA,NA,NA,NA,NA,NA,NA,"ARITHMETIC","2026-08-29","route reproduces snapshot N via Ns sweep"
3,6,4,64,"fuseBushtCA","",NA,NA,NA,NA,NA,NA,NA,NA,"ARITHMETIC","2026-08-29","route reproduces snapshot N via Ns sweep"
3,6,4,64,"DWYER","",NA,NA,NA,NA,NA,NA,NA,NA,"ARITHMETIC","2026-08-29","route reproduces snapshot N via Ns sweep"
3,8,4,88,"CK_NRB","",NA,NA,NA,NA,NA,NA,NA,NA,"ARITHMETIC","2026-08-29","route reproduces snapshot N via Ns sweep"
3,38,4,152,"CYCLOTOMY","",NA,NA,NA,NA,NA,NA,NA,NA,"ARITHMETIC","2026-08-29","route reproduces snapshot N via Ns sweep"
3,54,4,212,"CYCLOTOMY","",NA,NA,NA,NA,NA,NA,NA,NA,"ARITHMETIC","2026-08-29","route reproduces snapshot N via Ns sweep"
3,3969,4,631,"cphfCA","",NA,NA,NA,NA,NA,NA,NA,NA,"ARITHMETIC","2026-08-29","route reproduces snapshot N via Ns sweep"
3,7523,4,694,"cphfCA","",NA,NA,NA,NA,NA,NA,NA,NA,"ARITHMETIC","2026-08-29","route reproduces snapshot N via Ns sweep"
4,5,4,256,"compositCA","",NA,NA,NA,NA,NA,NA,NA,NA,"ARITHMETIC","2026-08-29","route reproduces snapshot N via Ns sweep"
4,5,4,256,"fuseBushtCA","",NA,NA,NA,NA,NA,NA,NA,NA,"ARITHMETIC","2026-08-29","route reproduces snapshot N via Ns sweep"
4,5,4,256,"DWYER","",NA,NA,NA,NA,NA,NA,NA,NA,"ARITHMETIC","2026-08-29","route reproduces snapshot N via Ns sweep"
4,6,4,340,"CKRS","",NA,NA,NA,NA,NA,NA,NA,NA,"ARITHMETIC","2026-08-29","route reproduces snapshot N via Ns sweep"
4,76,4,1531,"cphfCA","",NA,NA,NA,NA,NA,NA,NA,NA,"ARITHMETIC","2026-08-29","route reproduces snapshot N via Ns sweep"
4,108,4,1786,"cphfCA","",NA,NA,NA,NA,NA,NA,NA,NA,"ARITHMETIC","2026-08-29","route reproduces snapshot N via Ns sweep"
4,462,4,1848,"CYCLOTOMY","",NA,NA,NA,NA,NA,NA,NA,NA,"ARITHMETIC","2026-08-29","route reproduces snapshot N via Ns sweep"
4,558,4,2232,"CYCLOTOMY","",NA,NA,NA,NA,NA,NA,NA,NA,"ARITHMETIC","2026-08-29","route reproduces snapshot N via Ns sweep"
4,614,4,2452,"CYCLOTOMY","",NA,NA,NA,NA,NA,NA,NA,NA,"ARITHMETIC","2026-08-29","route reproduces snapshot N via Ns sweep"
4,654,4,2612,"CYCLOTOMY","",NA,NA,NA,NA,NA,NA,NA,NA,"ARITHMETIC","2026-08-29","route reproduces snapshot N via Ns sweep"
4,678,4,2708,"CYCLOTOMY","",NA,NA,NA,NA,NA,NA,NA,NA,"ARITHMETIC","2026-08-29","route reproduces snapshot N via Ns sweep"
4,702,4,2804,"CYCLOTOMY","",NA,NA,NA,NA,NA,NA,NA,NA,"ARITHMETIC","2026-08-29","route reproduces snapshot N via Ns sweep"
4,734,4,2932,"CYCLOTOMY","",NA,NA,NA,NA,NA,NA,NA,NA,"ARITHMETIC","2026-08-29","route reproduces snapshot N via Ns sweep"
4,758,4,3028,"CYCLOTOMY","",NA,NA,NA,NA,NA,NA,NA,NA,"ARITHMETIC","2026-08-29","route reproduces snapshot N via Ns sweep"
4,774,4,3092,"CYCLOTOMY","",NA,NA,NA,NA,NA,NA,NA,NA,"ARITHMETIC","2026-08-29","route reproduces snapshot N via Ns sweep"
4,798,4,3188,"CYCLOTOMY","",NA,NA,NA,NA,NA,NA,NA,NA,"ARITHMETIC","2026-08-29","route reproduces snapshot N via Ns sweep"
4,1376,4,3571,"cphfCA","",NA,NA,NA,NA,NA,NA,NA,NA,"ARITHMETIC","2026-08-29","route reproduces snapshot N via Ns sweep"
5,6,4,1024,"miscCA","",NA,NA,NA,NA,NA,NA,NA,NA,"ARITHMETIC","2026-08-29","route reproduces snapshot N via Ns sweep"
5,6,4,1024,"compositCA","",NA,NA,NA,NA,NA,NA,NA,NA,"ARITHMETIC","2026-08-29","route reproduces snapshot N via Ns sweep"
5,6,4,1024,"DWYER","",NA,NA,NA,NA,NA,NA,NA,NA,"ARITHMETIC","2026-08-29","route reproduces snapshot N via Ns sweep"
5,21,4,4093,"cphfCA","",NA,NA,NA,NA,NA,NA,NA,NA,"ARITHMETIC","2026-08-29","route reproduces snapshot N via Ns sweep"
5,38,4,6139,"cphfCA","",NA,NA,NA,NA,NA,NA,NA,NA,"ARITHMETIC","2026-08-29","route reproduces snapshot N via Ns sweep"
5,50,4,7162,"cphfCA","",NA,NA,NA,NA,NA,NA,NA,NA,"ARITHMETIC","2026-08-29","route reproduces snapshot N via Ns sweep"
5,107,4,10231,"cphfCA","",NA,NA,NA,NA,NA,NA,NA,NA,"ARITHMETIC","2026-08-29","route reproduces snapshot N via Ns sweep"
5,143,4,11254,"cphfCA","",NA,NA,NA,NA,NA,NA,NA,NA,"ARITHMETIC","2026-08-29","route reproduces snapshot N via Ns sweep"
5,252,4,13300,"cphfCA","",NA,NA,NA,NA,NA,NA,NA,NA,"ARITHMETIC","2026-08-29","route reproduces snapshot N via Ns sweep"
6,7,4,4096,"compositCA","",NA,NA,NA,NA,NA,NA,NA,NA,"ARITHMETIC","2026-08-29","route reproduces snapshot N via Ns sweep"
6,7,4,4096,"DWYER","",NA,NA,NA,NA,NA,NA,NA,NA,"ARITHMETIC","2026-08-29","route reproduces snapshot N via Ns sweep"
6,21,4,20476,"cphfCA","",NA,NA,NA,NA,NA,NA,NA,NA,"ARITHMETIC","2026-08-29","route reproduces snapshot N via Ns sweep"
6,26,4,24571,"cphfCA","",NA,NA,NA,NA,NA,NA,NA,NA,"ARITHMETIC","2026-08-29","route reproduces snapshot N via Ns sweep"
6,33,4,28666,"cphfCA","",NA,NA,NA,NA,NA,NA,NA,NA,"ARITHMETIC","2026-08-29","route reproduces snapshot N via Ns sweep"
6,50,4,36856,"cphfCA","",NA,NA,NA,NA,NA,NA,NA,NA,"ARITHMETIC","2026-08-29","route reproduces snapshot N via Ns sweep"
6,61,4,40951,"cphfCA","",NA,NA,NA,NA,NA,NA,NA,NA,"ARITHMETIC","2026-08-29","route reproduces snapshot N via Ns sweep"
6,77,4,45046,"cphfCA","",NA,NA,NA,NA,NA,NA,NA,NA,"ARITHMETIC","2026-08-29","route reproduces snapshot N via Ns sweep"
6,107,4,53236,"cphfCA","",NA,NA,NA,NA,NA,NA,NA,NA,"ARITHMETIC","2026-08-29","route reproduces snapshot N via Ns sweep"
2,6,5,25,"fuseBushtCA","",NA,NA,NA,NA,NA,NA,NA,NA,"ARITHMETIC","2026-08-29","route reproduces snapshot N via Ns sweep"
2,6,5,25,"recBoseCA_PCA","",NA,NA,NA,NA,NA,NA,NA,NA,"ARITHMETIC","2026-08-29","route reproduces snapshot N via Ns sweep"
2,6,5,25,"recBoseCA_CA","",NA,NA,NA,NA,NA,NA,NA,NA,"ARITHMETIC","2026-08-29","route reproduces snapshot N via Ns sweep"
2,6,5,25,"projBoseCA","",NA,NA,NA,NA,NA,NA,NA,NA,"ARITHMETIC","2026-08-29","route reproduces snapshot N via Ns sweep"
2,6,5,25,"CS_CMMSSY","",NA,NA,NA,NA,NA,NA,NA,NA,"ARITHMETIC","2026-08-29","route reproduces snapshot N via Ns sweep"
2,6,5,25,"DWYER","",NA,NA,NA,NA,NA,NA,NA,NA,"ARITHMETIC","2026-08-29","route reproduces snapshot N via Ns sweep"
2,7,5,29,"CS_CMMSSY","",NA,NA,NA,NA,NA,NA,NA,NA,"ARITHMETIC","2026-08-29","route reproduces snapshot N via Ns sweep"
2,7,5,29,"CS_MS","",NA,NA,NA,NA,NA,NA,NA,NA,"ARITHMETIC","2026-08-29","route reproduces snapshot N via Ns sweep"
2,7,5,29,"CS_LCDST","",NA,NA,NA,NA,NA,NA,NA,NA,"ARITHMETIC","2026-08-29","route reproduces snapshot N via Ns sweep"
2,8,5,33,"CS_CMMSSY","",NA,NA,NA,NA,NA,NA,NA,NA,"ARITHMETIC","2026-08-29","route reproduces snapshot N via Ns sweep"
2,8,5,33,"CS_MS","",NA,NA,NA,NA,NA,NA,NA,NA,"ARITHMETIC","2026-08-29","route reproduces snapshot N via Ns sweep"
2,9,5,35,"miscCA","",NA,NA,NA,NA,NA,NA,NA,NA,"ARITHMETIC","2026-08-29","route reproduces snapshot N via Ns sweep"
2,10,5,36,"CS_LCDST","",NA,NA,NA,NA,NA,NA,NA,NA,"ARITHMETIC","2026-08-29","route reproduces snapshot N via Ns sweep"
2,35,5,45,"recBoseCA_PCA","",NA,NA,NA,NA,NA,NA,NA,NA,"ARITHMETIC","2026-08-29","route reproduces snapshot N via Ns sweep"
2,35,5,45,"pcaCA","",NA,NA,NA,NA,NA,NA,NA,NA,"ARITHMETIC","2026-08-29","route reproduces snapshot N via Ns sweep"
3,6,5,125,"fuseBushtCA","",NA,NA,NA,NA,NA,NA,NA,NA,"ARITHMETIC","2026-08-29","route reproduces snapshot N via Ns sweep"
3,6,5,125,"DWYER","",NA,NA,NA,NA,NA,NA,NA,NA,"ARITHMETIC","2026-08-29","route reproduces snapshot N via Ns sweep"
3,10,5,185,"CK_NRB","",NA,NA,NA,NA,NA,NA,NA,NA,"ARITHMETIC","2026-08-29","route reproduces snapshot N via Ns sweep"
3,12,5,225,"CK_doublingCA","",NA,NA,NA,NA,NA,NA,NA,NA,"ARITHMETIC","2026-08-29","route reproduces snapshot N via Ns sweep"
3,24,5,245,"scphfCA","",NA,NA,NA,NA,NA,NA,NA,NA,"ARITHMETIC","2026-08-29","route reproduces snapshot N via Ns sweep"
3,2702,5,993,"cphfCA","",NA,NA,NA,NA,NA,NA,NA,NA,"ARITHMETIC","2026-08-29","route reproduces snapshot N via Ns sweep"
3,5683,5,1117,"cphfCA","",NA,NA,NA,NA,NA,NA,NA,NA,"ARITHMETIC","2026-08-29","route reproduces snapshot N via Ns sweep"
4,6,5,625,"fuseBushtCA","",NA,NA,NA,NA,NA,NA,NA,NA,"ARITHMETIC","2026-08-29","route reproduces snapshot N via Ns sweep"
4,6,5,625,"DWYER","",NA,NA,NA,NA,NA,NA,NA,NA,"ARITHMETIC","2026-08-29","route reproduces snapshot N via Ns sweep"
4,7,5,910,"CKRS","",NA,NA,NA,NA,NA,NA,NA,NA,"ARITHMETIC","2026-08-29","route reproduces snapshot N via Ns sweep"
4,7,5,910,"DWYER","",NA,NA,NA,NA,NA,NA,NA,NA,"ARITHMETIC","2026-08-29","route reproduces snapshot N via Ns sweep"
4,184,5,4369,"cphfCA","",NA,NA,NA,NA,NA,NA,NA,NA,"ARITHMETIC","2026-08-29","route reproduces snapshot N via Ns sweep"
4,2550,5,8113,"cphfCA","",NA,NA,NA,NA,NA,NA,NA,NA,"ARITHMETIC","2026-08-29","route reproduces snapshot N via Ns sweep"
4,3886,5,8737,"cphfCA","",NA,NA,NA,NA,NA,NA,NA,NA,"ARITHMETIC","2026-08-29","route reproduces snapshot N via Ns sweep"
5,6,5,3125,"fuseBushtCA","",NA,NA,NA,NA,NA,NA,NA,NA,"ARITHMETIC","2026-08-29","route reproduces snapshot N via Ns sweep"
5,6,5,3125,"DWYER","",NA,NA,NA,NA,NA,NA,NA,NA,"ARITHMETIC","2026-08-29","route reproduces snapshot N via Ns sweep"
6,7,5,15625,"cphfCA","",NA,NA,NA,NA,NA,NA,NA,NA,"ARITHMETIC","2026-08-29","route reproduces snapshot N via Ns sweep"
2,3,6,36,"miscCA","",NA,NA,NA,NA,NA,NA,NA,NA,"ARITHMETIC","2026-08-29","route reproduces snapshot N via Ns sweep"
2,3,6,36,"compositCA","",NA,NA,NA,NA,NA,NA,NA,NA,"ARITHMETIC","2026-08-29","route reproduces snapshot N via Ns sweep"
2,4,6,37,"miscCA","",NA,NA,NA,NA,NA,NA,NA,NA,"ARITHMETIC","2026-08-29","route reproduces snapshot N via Ns sweep"
2,5,6,39,"miscCA","",NA,NA,NA,NA,NA,NA,NA,NA,"ARITHMETIC","2026-08-29","route reproduces snapshot N via Ns sweep"
2,6,6,41,"miscCA","",NA,NA,NA,NA,NA,NA,NA,NA,"ARITHMETIC","2026-08-29","route reproduces snapshot N via Ns sweep"
2,9,6,46,"CS_CMMSSY","",NA,NA,NA,NA,NA,NA,NA,NA,"ARITHMETIC","2026-08-29","route reproduces snapshot N via Ns sweep"
2,9,6,46,"CS_MS","",NA,NA,NA,NA,NA,NA,NA,NA,"ARITHMETIC","2026-08-29","route reproduces snapshot N via Ns sweep"
2,9,6,46,"CS_LCDST","",NA,NA,NA,NA,NA,NA,NA,NA,"ARITHMETIC","2026-08-29","route reproduces snapshot N via Ns sweep"
3,4,6,216,"CK_doublingCA","",NA,NA,NA,NA,NA,NA,NA,NA,"ARITHMETIC","2026-08-29","route reproduces snapshot N via Ns sweep"
3,4,6,216,"compositCA","",NA,NA,NA,NA,NA,NA,NA,NA,"ARITHMETIC","2026-08-29","route reproduces snapshot N via Ns sweep"
3,4,6,216,"ODbasedCA","",NA,NA,NA,NA,NA,NA,NA,NA,"ARITHMETIC","2026-08-29","route reproduces snapshot N via Ns sweep"
3,5,6,240,"CKRS","",NA,NA,NA,NA,NA,NA,NA,NA,"ARITHMETIC","2026-08-29","route reproduces snapshot N via Ns sweep"
3,5,6,240,"DWYER","",NA,NA,NA,NA,NA,NA,NA,NA,"ARITHMETIC","2026-08-29","route reproduces snapshot N via Ns sweep"
3,6,6,258,"CKRS","",NA,NA,NA,NA,NA,NA,NA,NA,"ARITHMETIC","2026-08-29","route reproduces snapshot N via Ns sweep"
3,6,6,258,"DWYER","",NA,NA,NA,NA,NA,NA,NA,NA,"ARITHMETIC","2026-08-29","route reproduces snapshot N via Ns sweep"
3,12,6,463,"CK_doublingCA","",NA,NA,NA,NA,NA,NA,NA,NA,"ARITHMETIC","2026-08-29","route reproduces snapshot N via Ns sweep"
3,104,6,624,"CYCLOTOMY","",NA,NA,NA,NA,NA,NA,NA,NA,"ARITHMETIC","2026-08-29","route reproduces snapshot N via Ns sweep"
3,122,6,726,"CYCLOTOMY","",NA,NA,NA,NA,NA,NA,NA,NA,"ARITHMETIC","2026-08-29","route reproduces snapshot N via Ns sweep"
3,128,6,762,"CYCLOTOMY","",NA,NA,NA,NA,NA,NA,NA,NA,"ARITHMETIC","2026-08-29","route reproduces snapshot N via Ns sweep"
3,152,6,906,"CYCLOTOMY","",NA,NA,NA,NA,NA,NA,NA,NA,"ARITHMETIC","2026-08-29","route reproduces snapshot N via Ns sweep"
3,164,6,978,"CYCLOTOMY","",NA,NA,NA,NA,NA,NA,NA,NA,"ARITHMETIC","2026-08-29","route reproduces snapshot N via Ns sweep"
3,170,6,1020,"CYCLOTOMY","",NA,NA,NA,NA,NA,NA,NA,NA,"ARITHMETIC","2026-08-29","route reproduces snapshot N via Ns sweep"
4,5,6,1296,"compositCA","",NA,NA,NA,NA,NA,NA,NA,NA,"ARITHMETIC","2026-08-29","route reproduces snapshot N via Ns sweep"
4,7,6,1844,"DWYER","",NA,NA,NA,NA,NA,NA,NA,NA,"ARITHMETIC","2026-08-29","route reproduces snapshot N via Ns sweep"
4,8,6,1975,"DWYER","",NA,NA,NA,NA,NA,NA,NA,NA,"ARITHMETIC","2026-08-29","route reproduces snapshot N via Ns sweep"
4,9,6,2768,"DWYER","",NA,NA,NA,NA,NA,NA,NA,NA,"ARITHMETIC","2026-08-29","route reproduces snapshot N via Ns sweep"
4,10,6,3208,"DWYER","",NA,NA,NA,NA,NA,NA,NA,NA,"ARITHMETIC","2026-08-29","route reproduces snapshot N via Ns sweep"
4,11,6,3671,"DWYER","",NA,NA,NA,NA,NA,NA,NA,NA,"ARITHMETIC","2026-08-29","route reproduces snapshot N via Ns sweep"
4,12,6,3944,"DWYER","",NA,NA,NA,NA,NA,NA,NA,NA,"ARITHMETIC","2026-08-29","route reproduces snapshot N via Ns sweep"
4,13,6,4027,"DWYER","",NA,NA,NA,NA,NA,NA,NA,NA,"ARITHMETIC","2026-08-29","route reproduces snapshot N via Ns sweep"
4,14,6,4080,"DWYER","",NA,NA,NA,NA,NA,NA,NA,NA,"ARITHMETIC","2026-08-29","route reproduces snapshot N via Ns sweep"
4,15,6,4132,"DWYER","",NA,NA,NA,NA,NA,NA,NA,NA,"ARITHMETIC","2026-08-29","route reproduces snapshot N via Ns sweep"
4,16,6,4203,"DWYER","",NA,NA,NA,NA,NA,NA,NA,NA,"ARITHMETIC","2026-08-29","route reproduces snapshot N via Ns sweep"
4,17,6,4259,"DWYER","",NA,NA,NA,NA,NA,NA,NA,NA,"ARITHMETIC","2026-08-29","route reproduces snapshot N via Ns sweep"
4,18,6,4315,"DWYER","",NA,NA,NA,NA,NA,NA,NA,NA,"ARITHMETIC","2026-08-29","route reproduces snapshot N via Ns sweep"
4,19,6,5422,"DWYER","",NA,NA,NA,NA,NA,NA,NA,NA,"ARITHMETIC","2026-08-29","route reproduces snapshot N via Ns sweep"
4,20,6,5584,"DWYER","",NA,NA,NA,NA,NA,NA,NA,NA,"ARITHMETIC","2026-08-29","route reproduces snapshot N via Ns sweep"
4,21,6,5743,"DWYER","",NA,NA,NA,NA,NA,NA,NA,NA,"ARITHMETIC","2026-08-29","route reproduces snapshot N via Ns sweep"
4,22,6,5895,"DWYER","",NA,NA,NA,NA,NA,NA,NA,NA,"ARITHMETIC","2026-08-29","route reproduces snapshot N via Ns sweep"
4,23,6,6062,"DWYER","",NA,NA,NA,NA,NA,NA,NA,NA,"ARITHMETIC","2026-08-29","route reproduces snapshot N via Ns sweep"
4,24,6,6176,"DWYER","",NA,NA,NA,NA,NA,NA,NA,NA,"ARITHMETIC","2026-08-29","route reproduces snapshot N via Ns sweep"
4,25,6,6325,"DWYER","",NA,NA,NA,NA,NA,NA,NA,NA,"ARITHMETIC","2026-08-29","route reproduces snapshot N via Ns sweep"
4,26,6,6456,"DWYER","",NA,NA,NA,NA,NA,NA,NA,NA,"ARITHMETIC","2026-08-29","route reproduces snapshot N via Ns sweep"
4,27,6,6606,"DWYER","",NA,NA,NA,NA,NA,NA,NA,NA,"ARITHMETIC","2026-08-29","route reproduces snapshot N via Ns sweep"
4,28,6,6714,"DWYER","",NA,NA,NA,NA,NA,NA,NA,NA,"ARITHMETIC","2026-08-29","route reproduces snapshot N via Ns sweep"
4,2648,6,15888,"CYCLOTOMY","",NA,NA,NA,NA,NA,NA,NA,NA,"ARITHMETIC","2026-08-29","route reproduces snapshot N via Ns sweep"
4,2768,6,16608,"CYCLOTOMY","",NA,NA,NA,NA,NA,NA,NA,NA,"ARITHMETIC","2026-08-29","route reproduces snapshot N via Ns sweep"
4,3020,6,18114,"CYCLOTOMY","",NA,NA,NA,NA,NA,NA,NA,NA,"ARITHMETIC","2026-08-29","route reproduces snapshot N via Ns sweep"
4,3260,6,19560,"CYCLOTOMY","",NA,NA,NA,NA,NA,NA,NA,NA,"ARITHMETIC","2026-08-29","route reproduces snapshot N via Ns sweep"
4,3272,6,19626,"CYCLOTOMY","",NA,NA,NA,NA,NA,NA,NA,NA,"ARITHMETIC","2026-08-29","route reproduces snapshot N via Ns sweep"
4,3320,6,19914,"CYCLOTOMY","",NA,NA,NA,NA,NA,NA,NA,NA,"ARITHMETIC","2026-08-29","route reproduces snapshot N via Ns sweep"
4,3332,6,19992,"CYCLOTOMY","",NA,NA,NA,NA,NA,NA,NA,NA,"ARITHMETIC","2026-08-29","route reproduces snapshot N via Ns sweep"
4,3344,6,20058,"CYCLOTOMY","",NA,NA,NA,NA,NA,NA,NA,NA,"ARITHMETIC","2026-08-29","route reproduces snapshot N via Ns sweep"
4,3464,6,20778,"CYCLOTOMY","",NA,NA,NA,NA,NA,NA,NA,NA,"ARITHMETIC","2026-08-29","route reproduces snapshot N via Ns sweep"
4,3500,6,20994,"CYCLOTOMY","",NA,NA,NA,NA,NA,NA,NA,NA,"ARITHMETIC","2026-08-29","route reproduces snapshot N via Ns sweep"
4,3584,6,21498,"CYCLOTOMY","",NA,NA,NA,NA,NA,NA,NA,NA,"ARITHMETIC","2026-08-29","route reproduces snapshot N via Ns sweep"
4,3608,6,21642,"CYCLOTOMY","",NA,NA,NA,NA,NA,NA,NA,NA,"ARITHMETIC","2026-08-29","route reproduces snapshot N via Ns sweep"
4,3632,6,21786,"CYCLOTOMY","",NA,NA,NA,NA,NA,NA,NA,NA,"ARITHMETIC","2026-08-29","route reproduces snapshot N via Ns sweep"
4,3644,6,21858,"CYCLOTOMY","",NA,NA,NA,NA,NA,NA,NA,NA,"ARITHMETIC","2026-08-29","route reproduces snapshot N via Ns sweep"
4,3692,6,22146,"CYCLOTOMY","",NA,NA,NA,NA,NA,NA,NA,NA,"ARITHMETIC","2026-08-29","route reproduces snapshot N via Ns sweep"
4,3728,6,22362,"CYCLOTOMY","",NA,NA,NA,NA,NA,NA,NA,NA,"ARITHMETIC","2026-08-29","route reproduces snapshot N via Ns sweep"
4,3824,6,22938,"CYCLOTOMY","",NA,NA,NA,NA,NA,NA,NA,NA,"ARITHMETIC","2026-08-29","route reproduces snapshot N via Ns sweep"
4,3848,6,23082,"CYCLOTOMY","",NA,NA,NA,NA,NA,NA,NA,NA,"ARITHMETIC","2026-08-29","route reproduces snapshot N via Ns sweep"
4,3908,6,23442,"CYCLOTOMY","",NA,NA,NA,NA,NA,NA,NA,NA,"ARITHMETIC","2026-08-29","route reproduces snapshot N via Ns sweep"
4,3932,6,23586,"CYCLOTOMY","",NA,NA,NA,NA,NA,NA,NA,NA,"ARITHMETIC","2026-08-29","route reproduces snapshot N via Ns sweep"
4,3944,6,23658,"CYCLOTOMY","",NA,NA,NA,NA,NA,NA,NA,NA,"ARITHMETIC","2026-08-29","route reproduces snapshot N via Ns sweep"
4,4004,6,24018,"CYCLOTOMY","",NA,NA,NA,NA,NA,NA,NA,NA,"ARITHMETIC","2026-08-29","route reproduces snapshot N via Ns sweep"
4,4028,6,24162,"CYCLOTOMY","",NA,NA,NA,NA,NA,NA,NA,NA,"ARITHMETIC","2026-08-29","route reproduces snapshot N via Ns sweep"
5,6,6,7776,"compositCA","",NA,NA,NA,NA,NA,NA,NA,NA,"ARITHMETIC","2026-08-29","route reproduces snapshot N via Ns sweep"
6,7,6,46656,"compositCA","",NA,NA,NA,NA,NA,NA,NA,NA,"ARITHMETIC","2026-08-29","route reproduces snapshot N via Ns sweep"
2,8,7,49,"fuseBushtCA","",NA,NA,NA,NA,NA,NA,NA,NA,"ARITHMETIC","2026-08-29","route reproduces snapshot N via Ns sweep"
2,8,7,49,"recBoseCA_PCA","",NA,NA,NA,NA,NA,NA,NA,NA,"ARITHMETIC","2026-08-29","route reproduces snapshot N via Ns sweep"
2,8,7,49,"recBoseCA_CA","",NA,NA,NA,NA,NA,NA,NA,NA,"ARITHMETIC","2026-08-29","route reproduces snapshot N via Ns sweep"
2,8,7,49,"projBoseCA","",NA,NA,NA,NA,NA,NA,NA,NA,"ARITHMETIC","2026-08-29","route reproduces snapshot N via Ns sweep"
2,8,7,49,"CS_CMMSSY","",NA,NA,NA,NA,NA,NA,NA,NA,"ARITHMETIC","2026-08-29","route reproduces snapshot N via Ns sweep"
2,8,7,49,"DWYER","",NA,NA,NA,NA,NA,NA,NA,NA,"ARITHMETIC","2026-08-29","route reproduces snapshot N via Ns sweep"
2,9,7,59,"CKRS","",NA,NA,NA,NA,NA,NA,NA,NA,"ARITHMETIC","2026-08-29","route reproduces snapshot N via Ns sweep"
2,10,7,61,"CS_CMMSSY","",NA,NA,NA,NA,NA,NA,NA,NA,"ARITHMETIC","2026-08-29","route reproduces snapshot N via Ns sweep"
2,10,7,61,"CS_MS","",NA,NA,NA,NA,NA,NA,NA,NA,"ARITHMETIC","2026-08-29","route reproduces snapshot N via Ns sweep"
2,10,7,61,"CS_LCDST","",NA,NA,NA,NA,NA,NA,NA,NA,"ARITHMETIC","2026-08-29","route reproduces snapshot N via Ns sweep"
2,63,7,91,"recBoseCA_PCA","",NA,NA,NA,NA,NA,NA,NA,NA,"ARITHMETIC","2026-08-29","route reproduces snapshot N via Ns sweep"
2,63,7,91,"pcaCA","",NA,NA,NA,NA,NA,NA,NA,NA,"ARITHMETIC","2026-08-29","route reproduces snapshot N via Ns sweep"
2,64,7,96,"recBoseCA_CA","",NA,NA,NA,NA,NA,NA,NA,NA,"ARITHMETIC","2026-08-29","route reproduces snapshot N via Ns sweep"
2,79,7,103,"pcaCA","",NA,NA,NA,NA,NA,NA,NA,NA,"ARITHMETIC","2026-08-29","route reproduces snapshot N via Ns sweep"
2,497,7,133,"recBoseCA_PCA","",NA,NA,NA,NA,NA,NA,NA,NA,"ARITHMETIC","2026-08-29","route reproduces snapshot N via Ns sweep"
2,3927,7,175,"recBoseCA_PCA","",NA,NA,NA,NA,NA,NA,NA,NA,"ARITHMETIC","2026-08-29","route reproduces snapshot N via Ns sweep"
2,20000,7,217,"recBoseCA_PCA","",NA,NA,NA,NA,NA,NA,NA,NA,"ARITHMETIC","2026-08-29","route reproduces snapshot N via Ns sweep"
2,20000,7,217,"pcaCA","",NA,NA,NA,NA,NA,NA,NA,NA,"ARITHMETIC","2026-08-29","route reproduces snapshot N via Ns sweep"
3,8,7,343,"fuseBushtCA","",NA,NA,NA,NA,NA,NA,NA,NA,"ARITHMETIC","2026-08-29","route reproduces snapshot N via Ns sweep"
3,8,7,343,"DWYER","",NA,NA,NA,NA,NA,NA,NA,NA,"ARITHMETIC","2026-08-29","route reproduces snapshot N via Ns sweep"
3,9,7,472,"CKRS","",NA,NA,NA,NA,NA,NA,NA,NA,"ARITHMETIC","2026-08-29","route reproduces snapshot N via Ns sweep"
3,9,7,472,"DWYER","",NA,NA,NA,NA,NA,NA,NA,NA,"ARITHMETIC","2026-08-29","route reproduces snapshot N via Ns sweep"
3,10,7,479,"CKRS","",NA,NA,NA,NA,NA,NA,NA,NA,"ARITHMETIC","2026-08-29","route reproduces snapshot N via Ns sweep"
3,10,7,479,"DWYER","",NA,NA,NA,NA,NA,NA,NA,NA,"ARITHMETIC","2026-08-29","route reproduces snapshot N via Ns sweep"
3,16,7,637,"CK_doublingCA","",NA,NA,NA,NA,NA,NA,NA,NA,"ARITHMETIC","2026-08-29","route reproduces snapshot N via Ns sweep"
3,170,7,1183,"CYCLOTOMY","",NA,NA,NA,NA,NA,NA,NA,NA,"ARITHMETIC","2026-08-29","route reproduces snapshot N via Ns sweep"
3,4113,7,2395,"cphfCA","",NA,NA,NA,NA,NA,NA,NA,NA,"ARITHMETIC","2026-08-29","route reproduces snapshot N via Ns sweep"
3,10000,7,2737,"cphfCA","",NA,NA,NA,NA,NA,NA,NA,NA,"ARITHMETIC","2026-08-29","route reproduces snapshot N via Ns sweep"
4,8,7,2401,"fuseBushtCA","",NA,NA,NA,NA,NA,NA,NA,NA,"ARITHMETIC","2026-08-29","route reproduces snapshot N via Ns sweep"
4,8,7,2401,"DWYER","",NA,NA,NA,NA,NA,NA,NA,NA,"ARITHMETIC","2026-08-29","route reproduces snapshot N via Ns sweep"
4,9,7,3569,"DWYER","",NA,NA,NA,NA,NA,NA,NA,NA,"ARITHMETIC","2026-08-29","route reproduces snapshot N via Ns sweep"
4,18,7,4795,"scphfCA","",NA,NA,NA,NA,NA,NA,NA,NA,"ARITHMETIC","2026-08-29","route reproduces snapshot N via Ns sweep"
4,64,7,9601,"cphfCA","",NA,NA,NA,NA,NA,NA,NA,NA,"ARITHMETIC","2026-08-29","route reproduces snapshot N via Ns sweep"
4,117,7,12001,"cphfCA","",NA,NA,NA,NA,NA,NA,NA,NA,"ARITHMETIC","2026-08-29","route reproduces snapshot N via Ns sweep"
4,225,7,14401,"cphfCA","",NA,NA,NA,NA,NA,NA,NA,NA,"ARITHMETIC","2026-08-29","route reproduces snapshot N via Ns sweep"
4,389,7,16801,"cphfCA","",NA,NA,NA,NA,NA,NA,NA,NA,"ARITHMETIC","2026-08-29","route reproduces snapshot N via Ns sweep"
4,653,7,19201,"cphfCA","",NA,NA,NA,NA,NA,NA,NA,NA,"ARITHMETIC","2026-08-29","route reproduces snapshot N via Ns sweep"
4,1136,7,21601,"cphfCA","",NA,NA,NA,NA,NA,NA,NA,NA,"ARITHMETIC","2026-08-29","route reproduces snapshot N via Ns sweep"
4,2065,7,24001,"cphfCA","",NA,NA,NA,NA,NA,NA,NA,NA,"ARITHMETIC","2026-08-29","route reproduces snapshot N via Ns sweep"
4,3493,7,26401,"cphfCA","",NA,NA,NA,NA,NA,NA,NA,NA,"ARITHMETIC","2026-08-29","route reproduces snapshot N via Ns sweep"
4,6344,7,44401,"CYCLOTOMY","",NA,NA,NA,NA,NA,NA,NA,NA,"ARITHMETIC","2026-08-29","route reproduces snapshot N via Ns sweep"
4,6764,7,47341,"CYCLOTOMY","",NA,NA,NA,NA,NA,NA,NA,NA,"ARITHMETIC","2026-08-29","route reproduces snapshot N via Ns sweep"
5,8,7,16807,"fuseBushtCA","",NA,NA,NA,NA,NA,NA,NA,NA,"ARITHMETIC","2026-08-29","route reproduces snapshot N via Ns sweep"
5,22,7,50419,"cphfCA","",NA,NA,NA,NA,NA,NA,NA,NA,"ARITHMETIC","2026-08-29","route reproduces snapshot N via Ns sweep"
5,34,7,67225,"cphfCA","",NA,NA,NA,NA,NA,NA,NA,NA,"ARITHMETIC","2026-08-29","route reproduces snapshot N via Ns sweep"
5,52,7,84031,"cphfCA","",NA,NA,NA,NA,NA,NA,NA,NA,"ARITHMETIC","2026-08-29","route reproduces snapshot N via Ns sweep"
5,78,7,100837,"cphfCA","",NA,NA,NA,NA,NA,NA,NA,NA,"ARITHMETIC","2026-08-29","route reproduces snapshot N via Ns sweep"
5,118,7,117643,"cphfCA","",NA,NA,NA,NA,NA,NA,NA,NA,"ARITHMETIC","2026-08-29","route reproduces snapshot N via Ns sweep"
5,188,7,134449,"cphfCA","",NA,NA,NA,NA,NA,NA,NA,NA,"ARITHMETIC","2026-08-29","route reproduces snapshot N via Ns sweep"
5,277,7,151255,"cphfCA","",NA,NA,NA,NA,NA,NA,NA,NA,"ARITHMETIC","2026-08-29","route reproduces snapshot N via Ns sweep"
6,8,7,117649,"fuseBushtCA","",NA,NA,NA,NA,NA,NA,NA,NA,"ARITHMETIC","2026-08-29","route reproduces snapshot N via Ns sweep"
6,18,7,352945,"cphfCA","",NA,NA,NA,NA,NA,NA,NA,NA,"ARITHMETIC","2026-08-29","route reproduces snapshot N via Ns sweep"
6,25,7,470593,"cphfCA","",NA,NA,NA,NA,NA,NA,NA,NA,"ARITHMETIC","2026-08-29","route reproduces snapshot N via Ns sweep"
6,34,7,588241,"cphfCA","",NA,NA,NA,NA,NA,NA,NA,NA,"ARITHMETIC","2026-08-29","route reproduces snapshot N via Ns sweep"
6,49,7,705889,"cphfCA","",NA,NA,NA,NA,NA,NA,NA,NA,"ARITHMETIC","2026-08-29","route reproduces snapshot N via Ns sweep"
6,67,7,823537,"cphfCA","",NA,NA,NA,NA,NA,NA,NA,NA,"ARITHMETIC","2026-08-29","route reproduces snapshot N via Ns sweep"
6,93,7,941185,"cphfCA","",NA,NA,NA,NA,NA,NA,NA,NA,"ARITHMETIC","2026-08-29","route reproduces snapshot N via Ns sweep"
2,9,8,64,"fuseBushtCA","",NA,NA,NA,NA,NA,NA,NA,NA,"ARITHMETIC","2026-08-29","route reproduces snapshot N via Ns sweep"
2,9,8,64,"recBoseCA_PCA","",NA,NA,NA,NA,NA,NA,NA,NA,"ARITHMETIC","2026-08-29","route reproduces snapshot N via Ns sweep"
2,9,8,64,"recBoseCA_CA","",NA,NA,NA,NA,NA,NA,NA,NA,"ARITHMETIC","2026-08-29","route reproduces snapshot N via Ns sweep"
2,9,8,64,"projBoseCA","",NA,NA,NA,NA,NA,NA,NA,NA,"ARITHMETIC","2026-08-29","route reproduces snapshot N via Ns sweep"
2,9,8,64,"DWYER","",NA,NA,NA,NA,NA,NA,NA,NA,"ARITHMETIC","2026-08-29","route reproduces snapshot N via Ns sweep"
2,11,8,78,"CS_MS","",NA,NA,NA,NA,NA,NA,NA,NA,"ARITHMETIC","2026-08-29","route reproduces snapshot N via Ns sweep"
2,11,8,78,"CS_LCDST","",NA,NA,NA,NA,NA,NA,NA,NA,"ARITHMETIC","2026-08-29","route reproduces snapshot N via Ns sweep"
2,80,8,120,"recBoseCA_PCA","",NA,NA,NA,NA,NA,NA,NA,NA,"ARITHMETIC","2026-08-29","route reproduces snapshot N via Ns sweep"
2,81,8,126,"recBoseCA_CA","",NA,NA,NA,NA,NA,NA,NA,NA,"ARITHMETIC","2026-08-29","route reproduces snapshot N via Ns sweep"
2,712,8,176,"recBoseCA_PCA","",NA,NA,NA,NA,NA,NA,NA,NA,"ARITHMETIC","2026-08-29","route reproduces snapshot N via Ns sweep"
2,6344,8,232,"recBoseCA_PCA","",NA,NA,NA,NA,NA,NA,NA,NA,"ARITHMETIC","2026-08-29","route reproduces snapshot N via Ns sweep"
3,10,8,512,"fuseBushtCA","",NA,NA,NA,NA,NA,NA,NA,NA,"ARITHMETIC","2026-08-29","route reproduces snapshot N via Ns sweep"
3,10,8,512,"DWYER","",NA,NA,NA,NA,NA,NA,NA,NA,"ARITHMETIC","2026-08-29","route reproduces snapshot N via Ns sweep"
3,18,8,960,"CK_doublingCA","",NA,NA,NA,NA,NA,NA,NA,NA,"ARITHMETIC","2026-08-29","route reproduces snapshot N via Ns sweep"
3,194,8,1552,"CYCLOTOMY","",NA,NA,NA,NA,NA,NA,NA,NA,"ARITHMETIC","2026-08-29","route reproduces snapshot N via Ns sweep"
3,242,8,1936,"CYCLOTOMY","",NA,NA,NA,NA,NA,NA,NA,NA,"ARITHMETIC","2026-08-29","route reproduces snapshot N via Ns sweep"
3,841,8,2556,"cphfCA","",NA,NA,NA,NA,NA,NA,NA,NA,"ARITHMETIC","2026-08-29","route reproduces snapshot N via Ns sweep"
3,2409,8,3067,"cphfCA","",NA,NA,NA,NA,NA,NA,NA,NA,"ARITHMETIC","2026-08-29","route reproduces snapshot N via Ns sweep"
3,6522,8,3578,"cphfCA","",NA,NA,NA,NA,NA,NA,NA,NA,"ARITHMETIC","2026-08-29","route reproduces snapshot N via Ns sweep"
4,9,8,4096,"fuseBushtCA","",NA,NA,NA,NA,NA,NA,NA,NA,"ARITHMETIC","2026-08-29","route reproduces snapshot N via Ns sweep"
4,9,8,4096,"DWYER","",NA,NA,NA,NA,NA,NA,NA,NA,"ARITHMETIC","2026-08-29","route reproduces snapshot N via Ns sweep"
4,10,8,6125,"DWYER","",NA,NA,NA,NA,NA,NA,NA,NA,"ARITHMETIC","2026-08-29","route reproduces snapshot N via Ns sweep"
4,20,8,8184,"scphfCA","",NA,NA,NA,NA,NA,NA,NA,NA,"ARITHMETIC","2026-08-29","route reproduces snapshot N via Ns sweep"
4,74,8,16381,"cphfCA","",NA,NA,NA,NA,NA,NA,NA,NA,"ARITHMETIC","2026-08-29","route reproduces snapshot N via Ns sweep"
4,149,8,20476,"cphfCA","",NA,NA,NA,NA,NA,NA,NA,NA,"ARITHMETIC","2026-08-29","route reproduces snapshot N via Ns sweep"
4,267,8,24571,"cphfCA","",NA,NA,NA,NA,NA,NA,NA,NA,"ARITHMETIC","2026-08-29","route reproduces snapshot N via Ns sweep"
4,491,8,28666,"cphfCA","",NA,NA,NA,NA,NA,NA,NA,NA,"ARITHMETIC","2026-08-29","route reproduces snapshot N via Ns sweep"
4,935,8,32761,"cphfCA","",NA,NA,NA,NA,NA,NA,NA,NA,"ARITHMETIC","2026-08-29","route reproduces snapshot N via Ns sweep"
4,1407,8,36856,"cphfCA","",NA,NA,NA,NA,NA,NA,NA,NA,"ARITHMETIC","2026-08-29","route reproduces snapshot N via Ns sweep"
4,8762,8,70088,"CYCLOTOMY","",NA,NA,NA,NA,NA,NA,NA,NA,"ARITHMETIC","2026-08-29","route reproduces snapshot N via Ns sweep"
4,8970,8,71752,"CYCLOTOMY","",NA,NA,NA,NA,NA,NA,NA,NA,"ARITHMETIC","2026-08-29","route reproduces snapshot N via Ns sweep"
4,9050,8,72392,"CYCLOTOMY","",NA,NA,NA,NA,NA,NA,NA,NA,"ARITHMETIC","2026-08-29","route reproduces snapshot N via Ns sweep"
4,9338,8,74696,"CYCLOTOMY","",NA,NA,NA,NA,NA,NA,NA,NA,"ARITHMETIC","2026-08-29","route reproduces snapshot N via Ns sweep"
4,9722,8,77768,"CYCLOTOMY","",NA,NA,NA,NA,NA,NA,NA,NA,"ARITHMETIC","2026-08-29","route reproduces snapshot N via Ns sweep"
4,9818,8,78536,"CYCLOTOMY","",NA,NA,NA,NA,NA,NA,NA,NA,"ARITHMETIC","2026-08-29","route reproduces snapshot N via Ns sweep"
4,9834,8,78664,"CYCLOTOMY","",NA,NA,NA,NA,NA,NA,NA,NA,"ARITHMETIC","2026-08-29","route reproduces snapshot N via Ns sweep"
4,10000,8,80072,"CYCLOTOMY","",NA,NA,NA,NA,NA,NA,NA,NA,"ARITHMETIC","2026-08-29","route reproduces snapshot N via Ns sweep"
5,9,8,32768,"fuseBushtCA","",NA,NA,NA,NA,NA,NA,NA,NA,"ARITHMETIC","2026-08-29","route reproduces snapshot N via Ns sweep"
5,24,8,98302,"cphfCA","",NA,NA,NA,NA,NA,NA,NA,NA,"ARITHMETIC","2026-08-29","route reproduces snapshot N via Ns sweep"
5,37,8,131069,"cphfCA","",NA,NA,NA,NA,NA,NA,NA,NA,"ARITHMETIC","2026-08-29","route reproduces snapshot N via Ns sweep"
5,60,8,163836,"cphfCA","",NA,NA,NA,NA,NA,NA,NA,NA,"ARITHMETIC","2026-08-29","route reproduces snapshot N via Ns sweep"
5,95,8,196603,"cphfCA","",NA,NA,NA,NA,NA,NA,NA,NA,"ARITHMETIC","2026-08-29","route reproduces snapshot N via Ns sweep"
5,156,8,229370,"cphfCA","",NA,NA,NA,NA,NA,NA,NA,NA,"ARITHMETIC","2026-08-29","route reproduces snapshot N via Ns sweep"
5,246,8,262137,"cphfCA","",NA,NA,NA,NA,NA,NA,NA,NA,"ARITHMETIC","2026-08-29","route reproduces snapshot N via Ns sweep"
6,9,8,262144,"fuseBushtCA","",NA,NA,NA,NA,NA,NA,NA,NA,"ARITHMETIC","2026-08-29","route reproduces snapshot N via Ns sweep"
6,14,8,524287,"cphfCA","",NA,NA,NA,NA,NA,NA,NA,NA,"ARITHMETIC","2026-08-29","route reproduces snapshot N via Ns sweep"
6,19,8,786430,"cphfCA","",NA,NA,NA,NA,NA,NA,NA,NA,"ARITHMETIC","2026-08-29","route reproduces snapshot N via Ns sweep"
2,10,9,81,"fuseBushtCA","",NA,NA,NA,NA,NA,NA,NA,NA,"ARITHMETIC","2026-08-29","route reproduces snapshot N via Ns sweep"
2,10,9,81,"recBoseCA_PCA","",NA,NA,NA,NA,NA,NA,NA,NA,"ARITHMETIC","2026-08-29","route reproduces snapshot N via Ns sweep"
2,10,9,81,"recBoseCA_CA","",NA,NA,NA,NA,NA,NA,NA,NA,"ARITHMETIC","2026-08-29","route reproduces snapshot N via Ns sweep"
2,10,9,81,"projBoseCA","",NA,NA,NA,NA,NA,NA,NA,NA,"ARITHMETIC","2026-08-29","route reproduces snapshot N via Ns sweep"
2,10,9,81,"DWYER","",NA,NA,NA,NA,NA,NA,NA,NA,"ARITHMETIC","2026-08-29","route reproduces snapshot N via Ns sweep"
2,13,9,105,"CS_CMMSSY","",NA,NA,NA,NA,NA,NA,NA,NA,"ARITHMETIC","2026-08-29","route reproduces snapshot N via Ns sweep"
2,13,9,105,"CS_MS","",NA,NA,NA,NA,NA,NA,NA,NA,"ARITHMETIC","2026-08-29","route reproduces snapshot N via Ns sweep"
2,13,9,105,"CS_LCDST","",NA,NA,NA,NA,NA,NA,NA,NA,"ARITHMETIC","2026-08-29","route reproduces snapshot N via Ns sweep"
2,99,9,153,"recBoseCA_PCA","",NA,NA,NA,NA,NA,NA,NA,NA,"ARITHMETIC","2026-08-29","route reproduces snapshot N via Ns sweep"
2,100,9,160,"recBoseCA_CA","",NA,NA,NA,NA,NA,NA,NA,NA,"ARITHMETIC","2026-08-29","route reproduces snapshot N via Ns sweep"
2,981,9,225,"recBoseCA_PCA","",NA,NA,NA,NA,NA,NA,NA,NA,"ARITHMETIC","2026-08-29","route reproduces snapshot N via Ns sweep"
2,9729,9,297,"recBoseCA_PCA","",NA,NA,NA,NA,NA,NA,NA,NA,"ARITHMETIC","2026-08-29","route reproduces snapshot N via Ns sweep"
3,10,9,729,"fuseBushtCA","",NA,NA,NA,NA,NA,NA,NA,NA,"ARITHMETIC","2026-08-29","route reproduces snapshot N via Ns sweep"
3,10,9,729,"DWYER","",NA,NA,NA,NA,NA,NA,NA,NA,"ARITHMETIC","2026-08-29","route reproduces snapshot N via Ns sweep"
3,11,9,1175,"DWYER","",NA,NA,NA,NA,NA,NA,NA,NA,"ARITHMETIC","2026-08-29","route reproduces snapshot N via Ns sweep"
3,12,9,1195,"DWYER","",NA,NA,NA,NA,NA,NA,NA,NA,"ARITHMETIC","2026-08-29","route reproduces snapshot N via Ns sweep"
3,20,9,1377,"CK_doublingCA","",NA,NA,NA,NA,NA,NA,NA,NA,"ARITHMETIC","2026-08-29","route reproduces snapshot N via Ns sweep"
3,3430,9,4369,"cphfCA","",NA,NA,NA,NA,NA,NA,NA,NA,"ARITHMETIC","2026-08-29","route reproduces snapshot N via Ns sweep"
3,10000,9,5097,"cphfCA","",NA,NA,NA,NA,NA,NA,NA,NA,"ARITHMETIC","2026-08-29","route reproduces snapshot N via Ns sweep"
4,10,9,6561,"fuseBushtCA","",NA,NA,NA,NA,NA,NA,NA,NA,"ARITHMETIC","2026-08-29","route reproduces snapshot N via Ns sweep"
4,10,9,6561,"DWYER","",NA,NA,NA,NA,NA,NA,NA,NA,"ARITHMETIC","2026-08-29","route reproduces snapshot N via Ns sweep"
4,87,9,26241,"cphfCA","",NA,NA,NA,NA,NA,NA,NA,NA,"ARITHMETIC","2026-08-29","route reproduces snapshot N via Ns sweep"
4,175,9,32801,"cphfCA","",NA,NA,NA,NA,NA,NA,NA,NA,"ARITHMETIC","2026-08-29","route reproduces snapshot N via Ns sweep"
4,339,9,39361,"cphfCA","",NA,NA,NA,NA,NA,NA,NA,NA,"ARITHMETIC","2026-08-29","route reproduces snapshot N via Ns sweep"
4,672,9,45921,"cphfCA","",NA,NA,NA,NA,NA,NA,NA,NA,"ARITHMETIC","2026-08-29","route reproduces snapshot N via Ns sweep"
4,1206,9,52481,"cphfCA","",NA,NA,NA,NA,NA,NA,NA,NA,"ARITHMETIC","2026-08-29","route reproduces snapshot N via Ns sweep"
5,10,9,59049,"fuseBushtCA","",NA,NA,NA,NA,NA,NA,NA,NA,"ARITHMETIC","2026-08-29","route reproduces snapshot N via Ns sweep"
5,26,9,177145,"cphfCA","",NA,NA,NA,NA,NA,NA,NA,NA,"ARITHMETIC","2026-08-29","route reproduces snapshot N via Ns sweep"
5,43,9,236193,"cphfCA","",NA,NA,NA,NA,NA,NA,NA,NA,"ARITHMETIC","2026-08-29","route reproduces snapshot N via Ns sweep"
5,70,9,295241,"cphfCA","",NA,NA,NA,NA,NA,NA,NA,NA,"ARITHMETIC","2026-08-29","route reproduces snapshot N via Ns sweep"
5,115,9,354289,"cphfCA","",NA,NA,NA,NA,NA,NA,NA,NA,"ARITHMETIC","2026-08-29","route reproduces snapshot N via Ns sweep"
5,187,9,413337,"cphfCA","",NA,NA,NA,NA,NA,NA,NA,NA,"ARITHMETIC","2026-08-29","route reproduces snapshot N via Ns sweep"
6,10,9,531441,"fuseBushtCA","",NA,NA,NA,NA,NA,NA,NA,NA,"ARITHMETIC","2026-08-29","route reproduces snapshot N via Ns sweep"
2,4,10,100,"miscCA","",NA,NA,NA,NA,NA,NA,NA,NA,"ARITHMETIC","2026-08-29","route reproduces snapshot N via Ns sweep"
2,13,10,120,"projBoseCA","",NA,NA,NA,NA,NA,NA,NA,NA,"ARITHMETIC","2026-08-29","route reproduces snapshot N via Ns sweep"
2,15,10,136,"CS_MS","",NA,NA,NA,NA,NA,NA,NA,NA,"ARITHMETIC","2026-08-29","route reproduces snapshot N via Ns sweep"
2,15,10,136,"CS_LCDST","",NA,NA,NA,NA,NA,NA,NA,NA,"ARITHMETIC","2026-08-29","route reproduces snapshot N via Ns sweep"
2,16,10,145,"CS_CMMSSY","",NA,NA,NA,NA,NA,NA,NA,NA,"ARITHMETIC","2026-08-29","route reproduces snapshot N via Ns sweep"
2,16,10,145,"CS_MS","",NA,NA,NA,NA,NA,NA,NA,NA,"ARITHMETIC","2026-08-29","route reproduces snapshot N via Ns sweep"
2,20,10,155,"CS_LCDST","",NA,NA,NA,NA,NA,NA,NA,NA,"ARITHMETIC","2026-08-29","route reproduces snapshot N via Ns sweep"
3,4,10,1000,"CK_doublingCA","",NA,NA,NA,NA,NA,NA,NA,NA,"ARITHMETIC","2026-08-29","route reproduces snapshot N via Ns sweep"
3,4,10,1000,"compositCA","",NA,NA,NA,NA,NA,NA,NA,NA,"ARITHMETIC","2026-08-29","route reproduces snapshot N via Ns sweep"
3,4,10,1000,"ODbasedCA","",NA,NA,NA,NA,NA,NA,NA,NA,"ARITHMETIC","2026-08-29","route reproduces snapshot N via Ns sweep"
3,6,10,1100,"CKRS","",NA,NA,NA,NA,NA,NA,NA,NA,"ARITHMETIC","2026-08-29","route reproduces snapshot N via Ns sweep"
3,10,10,1215,"ODbasedCA","",NA,NA,NA,NA,NA,NA,NA,NA,"ARITHMETIC","2026-08-29","route reproduces snapshot N via Ns sweep"
3,11,10,1292,"DWYER","",NA,NA,NA,NA,NA,NA,NA,NA,"ARITHMETIC","2026-08-29","route reproduces snapshot N via Ns sweep"
3,12,10,1299,"DWYER","",NA,NA,NA,NA,NA,NA,NA,NA,"ARITHMETIC","2026-08-29","route reproduces snapshot N via Ns sweep"
3,13,10,1858,"DWYER","",NA,NA,NA,NA,NA,NA,NA,NA,"ARITHMETIC","2026-08-29","route reproduces snapshot N via Ns sweep"
3,14,10,1885,"DWYER","",NA,NA,NA,NA,NA,NA,NA,NA,"ARITHMETIC","2026-08-29","route reproduces snapshot N via Ns sweep"
3,25,10,2557,"DWYER","",NA,NA,NA,NA,NA,NA,NA,NA,"ARITHMETIC","2026-08-29","route reproduces snapshot N via Ns sweep"
3,26,10,2558,"DWYER","",NA,NA,NA,NA,NA,NA,NA,NA,"ARITHMETIC","2026-08-29","route reproduces snapshot N via Ns sweep"
3,27,10,2564,"DWYER","",NA,NA,NA,NA,NA,NA,NA,NA,"ARITHMETIC","2026-08-29","route reproduces snapshot N via Ns sweep"
3,28,10,2579,"DWYER","",NA,NA,NA,NA,NA,NA,NA,NA,"ARITHMETIC","2026-08-29","route reproduces snapshot N via Ns sweep"
3,30,10,2584,"DWYER","",NA,NA,NA,NA,NA,NA,NA,NA,"ARITHMETIC","2026-08-29","route reproduces snapshot N via Ns sweep"
3,32,10,2589,"DWYER","",NA,NA,NA,NA,NA,NA,NA,NA,"ARITHMETIC","2026-08-29","route reproduces snapshot N via Ns sweep"
3,35,10,2599,"DWYER","",NA,NA,NA,NA,NA,NA,NA,NA,"ARITHMETIC","2026-08-29","route reproduces snapshot N via Ns sweep"
3,37,10,2607,"DWYER","",NA,NA,NA,NA,NA,NA,NA,NA,"ARITHMETIC","2026-08-29","route reproduces snapshot N via Ns sweep"
3,47,10,2621,"DWYER","",NA,NA,NA,NA,NA,NA,NA,NA,"ARITHMETIC","2026-08-29","route reproduces snapshot N via Ns sweep"
3,50,10,2628,"DWYER","",NA,NA,NA,NA,NA,NA,NA,NA,"ARITHMETIC","2026-08-29","route reproduces snapshot N via Ns sweep"
3,362,10,3610,"CYCLOTOMY","",NA,NA,NA,NA,NA,NA,NA,NA,"ARITHMETIC","2026-08-29","route reproduces snapshot N via Ns sweep"
3,522,10,5210,"CYCLOTOMY","",NA,NA,NA,NA,NA,NA,NA,NA,"ARITHMETIC","2026-08-29","route reproduces snapshot N via Ns sweep"
3,572,10,5710,"CYCLOTOMY","",NA,NA,NA,NA,NA,NA,NA,NA,"ARITHMETIC","2026-08-29","route reproduces snapshot N via Ns sweep"
4,5,10,10000,"compositCA","",NA,NA,NA,NA,NA,NA,NA,NA,"ARITHMETIC","2026-08-29","route reproduces snapshot N via Ns sweep"
5,6,10,1e+05,"compositCA","",NA,NA,NA,NA,NA,NA,NA,NA,"ARITHMETIC","2026-08-29","route reproduces snapshot N via Ns sweep"
6,7,10,1e+06,"compositCA","",NA,NA,NA,NA,NA,NA,NA,NA,"ARITHMETIC","2026-08-29","route reproduces snapshot N via Ns sweep"
6,12,10,1771559,"fuseBushtCA","",NA,NA,NA,NA,NA,NA,NA,NA,"ARITHMETIC","2026-08-29","route reproduces snapshot N via Ns sweep"
2,12,11,121,"fuseBushtCA","",NA,NA,NA,NA,NA,NA,NA,NA,"ARITHMETIC","2026-08-29","route reproduces snapshot N via Ns sweep"
2,12,11,121,"recBoseCA_PCA","",NA,NA,NA,NA,NA,NA,NA,NA,"ARITHMETIC","2026-08-29","route reproduces snapshot N via Ns sweep"
2,12,11,121,"recBoseCA_CA","",NA,NA,NA,NA,NA,NA,NA,NA,"ARITHMETIC","2026-08-29","route reproduces snapshot N via Ns sweep"
2,12,11,121,"projBoseCA","",NA,NA,NA,NA,NA,NA,NA,NA,"ARITHMETIC","2026-08-29","route reproduces snapshot N via Ns sweep"
2,16,11,161,"CS_LCDST","",NA,NA,NA,NA,NA,NA,NA,NA,"ARITHMETIC","2026-08-29","route reproduces snapshot N via Ns sweep"
2,17,11,171,"CS_MS","",NA,NA,NA,NA,NA,NA,NA,NA,"ARITHMETIC","2026-08-29","route reproduces snapshot N via Ns sweep"
2,17,11,171,"CS_LCDST","",NA,NA,NA,NA,NA,NA,NA,NA,"ARITHMETIC","2026-08-29","route reproduces snapshot N via Ns sweep"
2,143,11,231,"recBoseCA_PCA","",NA,NA,NA,NA,NA,NA,NA,NA,"ARITHMETIC","2026-08-29","route reproduces snapshot N via Ns sweep"
2,144,11,240,"recBoseCA_CA","",NA,NA,NA,NA,NA,NA,NA,NA,"ARITHMETIC","2026-08-29","route reproduces snapshot N via Ns sweep"
2,1705,11,341,"recBoseCA_PCA","",NA,NA,NA,NA,NA,NA,NA,NA,"ARITHMETIC","2026-08-29","route reproduces snapshot N via Ns sweep"
2,1728,11,359,"recBoseCA_CA","",NA,NA,NA,NA,NA,NA,NA,NA,"ARITHMETIC","2026-08-29","route reproduces snapshot N via Ns sweep"
2,20000,11,451,"recBoseCA_PCA","",NA,NA,NA,NA,NA,NA,NA,NA,"ARITHMETIC","2026-08-29","route reproduces snapshot N via Ns sweep"
3,12,11,1331,"fuseBushtCA","",NA,NA,NA,NA,NA,NA,NA,NA,"ARITHMETIC","2026-08-29","route reproduces snapshot N via Ns sweep"
3,24,11,2541,"CK_doublingCA","",NA,NA,NA,NA,NA,NA,NA,NA,"ARITHMETIC","2026-08-29","route reproduces snapshot N via Ns sweep"
3,398,11,4378,"CYCLOTOMY","",NA,NA,NA,NA,NA,NA,NA,NA,"ARITHMETIC","2026-08-29","route reproduces snapshot N via Ns sweep"
3,6389,11,7981,"cphfCA","",NA,NA,NA,NA,NA,NA,NA,NA,"ARITHMETIC","2026-08-29","route reproduces snapshot N via Ns sweep"
4,12,11,14641,"fuseBushtCA","",NA,NA,NA,NA,NA,NA,NA,NA,"ARITHMETIC","2026-08-29","route reproduces snapshot N via Ns sweep"
4,51,11,43921,"cphfCA","",NA,NA,NA,NA,NA,NA,NA,NA,"ARITHMETIC","2026-08-29","route reproduces snapshot N via Ns sweep"
4,114,11,58561,"cphfCA","",NA,NA,NA,NA,NA,NA,NA,NA,"ARITHMETIC","2026-08-29","route reproduces snapshot N via Ns sweep"
4,239,11,73201,"cphfCA","",NA,NA,NA,NA,NA,NA,NA,NA,"ARITHMETIC","2026-08-29","route reproduces snapshot N via Ns sweep"
4,514,11,87841,"cphfCA","",NA,NA,NA,NA,NA,NA,NA,NA,"ARITHMETIC","2026-08-29","route reproduces snapshot N via Ns sweep"
4,1017,11,102481,"cphfCA","",NA,NA,NA,NA,NA,NA,NA,NA,"ARITHMETIC","2026-08-29","route reproduces snapshot N via Ns sweep"
5,12,11,161051,"fuseBushtCA","",NA,NA,NA,NA,NA,NA,NA,NA,"ARITHMETIC","2026-08-29","route reproduces snapshot N via Ns sweep"
5,30,11,483151,"cphfCA","",NA,NA,NA,NA,NA,NA,NA,NA,"ARITHMETIC","2026-08-29","route reproduces snapshot N via Ns sweep"
5,51,11,644201,"cphfCA","",NA,NA,NA,NA,NA,NA,NA,NA,"ARITHMETIC","2026-08-29","route reproduces snapshot N via Ns sweep"
5,89,11,805251,"cphfCA","",NA,NA,NA,NA,NA,NA,NA,NA,"ARITHMETIC","2026-08-29","route reproduces snapshot N via Ns sweep"
5,159,11,966301,"cphfCA","",NA,NA,NA,NA,NA,NA,NA,NA,"ARITHMETIC","2026-08-29","route reproduces snapshot N via Ns sweep"
6,12,11,1771561,"fuseBushtCA","",NA,NA,NA,NA,NA,NA,NA,NA,"ARITHMETIC","2026-08-29","route reproduces snapshot N via Ns sweep"
2,7,12,144,"miscCA","",NA,NA,NA,NA,NA,NA,NA,NA,"ARITHMETIC","2026-08-29","route reproduces snapshot N via Ns sweep"
2,14,12,165,"CKRS","",NA,NA,NA,NA,NA,NA,NA,NA,"ARITHMETIC","2026-08-29","route reproduces snapshot N via Ns sweep"
2,15,12,168,"projBoseCA","",NA,NA,NA,NA,NA,NA,NA,NA,"ARITHMETIC","2026-08-29","route reproduces snapshot N via Ns sweep"
2,18,12,199,"CS_MS","",NA,NA,NA,NA,NA,NA,NA,NA,"ARITHMETIC","2026-08-29","route reproduces snapshot N via Ns sweep"
2,18,12,199,"CS_LCDST","",NA,NA,NA,NA,NA,NA,NA,NA,"ARITHMETIC","2026-08-29","route reproduces snapshot N via Ns sweep"
2,19,12,210,"CS_MS","",NA,NA,NA,NA,NA,NA,NA,NA,"ARITHMETIC","2026-08-29","route reproduces snapshot N via Ns sweep"
2,19,12,210,"CS_LCDST","",NA,NA,NA,NA,NA,NA,NA,NA,"ARITHMETIC","2026-08-29","route reproduces snapshot N via Ns sweep"
2,20,12,221,"CS_CMMSSY","",NA,NA,NA,NA,NA,NA,NA,NA,"ARITHMETIC","2026-08-29","route reproduces snapshot N via Ns sweep"
2,20,12,221,"CS_MS","",NA,NA,NA,NA,NA,NA,NA,NA,"ARITHMETIC","2026-08-29","route reproduces snapshot N via Ns sweep"
2,25,12,242,"CS_LCDST","",NA,NA,NA,NA,NA,NA,NA,NA,"ARITHMETIC","2026-08-29","route reproduces snapshot N via Ns sweep"
2,32,12,269,"CS_LCDST","",NA,NA,NA,NA,NA,NA,NA,NA,"ARITHMETIC","2026-08-29","route reproduces snapshot N via Ns sweep"
2,49,12,276,"dpCA","",NA,NA,NA,NA,NA,NA,NA,NA,"ARITHMETIC","2026-08-29","route reproduces snapshot N via Ns sweep"
3,6,12,1728,"miscCA","",NA,NA,NA,NA,NA,NA,NA,NA,"ARITHMETIC","2026-08-29","route reproduces snapshot N via Ns sweep"
3,11,12,2046,"ODbasedCA","",NA,NA,NA,NA,NA,NA,NA,NA,"ARITHMETIC","2026-08-29","route reproduces snapshot N via Ns sweep"
3,602,12,7224,"CYCLOTOMY","",NA,NA,NA,NA,NA,NA,NA,NA,"ARITHMETIC","2026-08-29","route reproduces snapshot N via Ns sweep"
3,614,12,7356,"CYCLOTOMY","",NA,NA,NA,NA,NA,NA,NA,NA,"ARITHMETIC","2026-08-29","route reproduces snapshot N via Ns sweep"
3,710,12,8520,"CYCLOTOMY","",NA,NA,NA,NA,NA,NA,NA,NA,"ARITHMETIC","2026-08-29","route reproduces snapshot N via Ns sweep"
4,5,12,20736,"compositCA","",NA,NA,NA,NA,NA,NA,NA,NA,"ARITHMETIC","2026-08-29","route reproduces snapshot N via Ns sweep"
5,6,12,248832,"compositCA","",NA,NA,NA,NA,NA,NA,NA,NA,"ARITHMETIC","2026-08-29","route reproduces snapshot N via Ns sweep"
6,7,12,2985984,"compositCA","",NA,NA,NA,NA,NA,NA,NA,NA,"ARITHMETIC","2026-08-29","route reproduces snapshot N via Ns sweep"
6,14,12,4826807,"fuseBushtCA","",NA,NA,NA,NA,NA,NA,NA,NA,"ARITHMETIC","2026-08-29","route reproduces snapshot N via Ns sweep"
2,14,13,169,"fuseBushtCA","",NA,NA,NA,NA,NA,NA,NA,NA,"ARITHMETIC","2026-08-29","route reproduces snapshot N via Ns sweep"
2,14,13,169,"recBoseCA_PCA","",NA,NA,NA,NA,NA,NA,NA,NA,"ARITHMETIC","2026-08-29","route reproduces snapshot N via Ns sweep"
2,14,13,169,"recBoseCA_CA","",NA,NA,NA,NA,NA,NA,NA,NA,"ARITHMETIC","2026-08-29","route reproduces snapshot N via Ns sweep"
2,14,13,169,"projBoseCA","",NA,NA,NA,NA,NA,NA,NA,NA,"ARITHMETIC","2026-08-29","route reproduces snapshot N via Ns sweep"
2,18,13,217,"CS_CMMSSY","",NA,NA,NA,NA,NA,NA,NA,NA,"ARITHMETIC","2026-08-29","route reproduces snapshot N via Ns sweep"
2,19,13,229,"CS_LCDST","",NA,NA,NA,NA,NA,NA,NA,NA,"ARITHMETIC","2026-08-29","route reproduces snapshot N via Ns sweep"
2,20,13,241,"CS_LCDST","",NA,NA,NA,NA,NA,NA,NA,NA,"ARITHMETIC","2026-08-29","route reproduces snapshot N via Ns sweep"
2,21,13,253,"CS_MS","",NA,NA,NA,NA,NA,NA,NA,NA,"ARITHMETIC","2026-08-29","route reproduces snapshot N via Ns sweep"
2,21,13,253,"CS_LCDST","",NA,NA,NA,NA,NA,NA,NA,NA,"ARITHMETIC","2026-08-29","route reproduces snapshot N via Ns sweep"
2,32,13,301,"CS_LCDST","",NA,NA,NA,NA,NA,NA,NA,NA,"ARITHMETIC","2026-08-29","route reproduces snapshot N via Ns sweep"
2,33,13,309,"CS_LCDST","",NA,NA,NA,NA,NA,NA,NA,NA,"ARITHMETIC","2026-08-29","route reproduces snapshot N via Ns sweep"
2,195,13,325,"recBoseCA_PCA","",NA,NA,NA,NA,NA,NA,NA,NA,"ARITHMETIC","2026-08-29","route reproduces snapshot N via Ns sweep"
2,196,13,336,"recBoseCA_CA","",NA,NA,NA,NA,NA,NA,NA,NA,"ARITHMETIC","2026-08-29","route reproduces snapshot N via Ns sweep"
2,323,13,421,"pcaCA","",NA,NA,NA,NA,NA,NA,NA,NA,"ARITHMETIC","2026-08-29","route reproduces snapshot N via Ns sweep"
2,341,13,433,"pcaCA","",NA,NA,NA,NA,NA,NA,NA,NA,"ARITHMETIC","2026-08-29","route reproduces snapshot N via Ns sweep"
2,2717,13,481,"recBoseCA_PCA","",NA,NA,NA,NA,NA,NA,NA,NA,"ARITHMETIC","2026-08-29","route reproduces snapshot N via Ns sweep"
2,20000,13,637,"recBoseCA_PCA","",NA,NA,NA,NA,NA,NA,NA,NA,"ARITHMETIC","2026-08-29","route reproduces snapshot N via Ns sweep"
3,14,13,2197,"fuseBushtCA","",NA,NA,NA,NA,NA,NA,NA,NA,"ARITHMETIC","2026-08-29","route reproduces snapshot N via Ns sweep"
3,28,13,4225,"CK_doublingCA","",NA,NA,NA,NA,NA,NA,NA,NA,"ARITHMETIC","2026-08-29","route reproduces snapshot N via Ns sweep"
4,14,13,28561,"fuseBushtCA","",NA,NA,NA,NA,NA,NA,NA,NA,"ARITHMETIC","2026-08-29","route reproduces snapshot N via Ns sweep"
4,62,13,85681,"cphfCA","",NA,NA,NA,NA,NA,NA,NA,NA,"ARITHMETIC","2026-08-29","route reproduces snapshot N via Ns sweep"
4,143,13,114241,"cphfCA","",NA,NA,NA,NA,NA,NA,NA,NA,"ARITHMETIC","2026-08-29","route reproduces snapshot N via Ns sweep"
4,313,13,142801,"cphfCA","",NA,NA,NA,NA,NA,NA,NA,NA,"ARITHMETIC","2026-08-29","route reproduces snapshot N via Ns sweep"
4,712,13,171361,"cphfCA","",NA,NA,NA,NA,NA,NA,NA,NA,"ARITHMETIC","2026-08-29","route reproduces snapshot N via Ns sweep"
5,14,13,371293,"fuseBushtCA","",NA,NA,NA,NA,NA,NA,NA,NA,"ARITHMETIC","2026-08-29","route reproduces snapshot N via Ns sweep"
6,14,13,4826809,"fuseBushtCA","",NA,NA,NA,NA,NA,NA,NA,NA,"ARITHMETIC","2026-08-29","route reproduces snapshot N via Ns sweep"
2,21,14,274,"CS_LCDST","",NA,NA,NA,NA,NA,NA,NA,NA,"ARITHMETIC","2026-08-29","route reproduces snapshot N via Ns sweep"
2,22,14,287,"CS_LCDST","",NA,NA,NA,NA,NA,NA,NA,NA,"ARITHMETIC","2026-08-29","route reproduces snapshot N via Ns sweep"
2,23,14,300,"CS_MS","",NA,NA,NA,NA,NA,NA,NA,NA,"ARITHMETIC","2026-08-29","route reproduces snapshot N via Ns sweep"
2,23,14,300,"CS_LCDST","",NA,NA,NA,NA,NA,NA,NA,NA,"ARITHMETIC","2026-08-29","route reproduces snapshot N via Ns sweep"
2,33,14,342,"CS_LCDST","",NA,NA,NA,NA,NA,NA,NA,NA,"ARITHMETIC","2026-08-29","route reproduces snapshot N via Ns sweep"
2,34,14,351,"CS_LCDST","",NA,NA,NA,NA,NA,NA,NA,NA,"ARITHMETIC","2026-08-29","route reproduces snapshot N via Ns sweep"
2,35,14,360,"CS_LCDST","",NA,NA,NA,NA,NA,NA,NA,NA,"ARITHMETIC","2026-08-29","route reproduces snapshot N via Ns sweep"
2,440,14,534,"pcaCA","",NA,NA,NA,NA,NA,NA,NA,NA,"ARITHMETIC","2026-08-29","route reproduces snapshot N via Ns sweep"
3,4,14,2744,"CK_doublingCA","",NA,NA,NA,NA,NA,NA,NA,NA,"ARITHMETIC","2026-08-29","route reproduces snapshot N via Ns sweep"
3,4,14,2744,"compositCA","",NA,NA,NA,NA,NA,NA,NA,NA,"ARITHMETIC","2026-08-29","route reproduces snapshot N via Ns sweep"
3,4,14,2744,"ODbasedCA","",NA,NA,NA,NA,NA,NA,NA,NA,"ARITHMETIC","2026-08-29","route reproduces snapshot N via Ns sweep"
3,11,14,3185,"ODbasedCA","",NA,NA,NA,NA,NA,NA,NA,NA,"ARITHMETIC","2026-08-29","route reproduces snapshot N via Ns sweep"
3,14,14,3549,"ODbasedCA","",NA,NA,NA,NA,NA,NA,NA,NA,"ARITHMETIC","2026-08-29","route reproduces snapshot N via Ns sweep"
3,884,14,12376,"CYCLOTOMY","",NA,NA,NA,NA,NA,NA,NA,NA,"ARITHMETIC","2026-08-29","route reproduces snapshot N via Ns sweep"
3,1052,14,14714,"CYCLOTOMY","",NA,NA,NA,NA,NA,NA,NA,NA,"ARITHMETIC","2026-08-29","route reproduces snapshot N via Ns sweep"
3,1094,14,15302,"CYCLOTOMY","",NA,NA,NA,NA,NA,NA,NA,NA,"ARITHMETIC","2026-08-29","route reproduces snapshot N via Ns sweep"
3,1164,14,16282,"CYCLOTOMY","",NA,NA,NA,NA,NA,NA,NA,NA,"ARITHMETIC","2026-08-29","route reproduces snapshot N via Ns sweep"
4,5,14,38416,"compositCA","",NA,NA,NA,NA,NA,NA,NA,NA,"ARITHMETIC","2026-08-29","route reproduces snapshot N via Ns sweep"
5,6,14,537824,"compositCA","",NA,NA,NA,NA,NA,NA,NA,NA,"ARITHMETIC","2026-08-29","route reproduces snapshot N via Ns sweep"
5,17,14,1048572,"fuseBushtCA","",NA,NA,NA,NA,NA,NA,NA,NA,"ARITHMETIC","2026-08-29","route reproduces snapshot N via Ns sweep"
5,18,14,1419851,"fuseBushtCA","",NA,NA,NA,NA,NA,NA,NA,NA,"ARITHMETIC","2026-08-29","route reproduces snapshot N via Ns sweep"
6,7,14,7529536,"compositCA","",NA,NA,NA,NA,NA,NA,NA,NA,"ARITHMETIC","2026-08-29","route reproduces snapshot N via Ns sweep"
6,17,14,16777212,"fuseBushtCA","",NA,NA,NA,NA,NA,NA,NA,NA,"ARITHMETIC","2026-08-29","route reproduces snapshot N via Ns sweep"
6,18,14,24137563,"fuseBushtCA","",NA,NA,NA,NA,NA,NA,NA,NA,"ARITHMETIC","2026-08-29","route reproduces snapshot N via Ns sweep"
2,18,15,255,"projBoseCA","",NA,NA,NA,NA,NA,NA,NA,NA,"ARITHMETIC","2026-08-29","route reproduces snapshot N via Ns sweep"
2,25,15,351,"CS_LCDST","",NA,NA,NA,NA,NA,NA,NA,NA,"ARITHMETIC","2026-08-29","route reproduces snapshot N via Ns sweep"
2,26,15,365,"CS_LCDST","",NA,NA,NA,NA,NA,NA,NA,NA,"ARITHMETIC","2026-08-29","route reproduces snapshot N via Ns sweep"
2,39,15,439,"CS_LCDST","",NA,NA,NA,NA,NA,NA,NA,NA,"ARITHMETIC","2026-08-29","route reproduces snapshot N via Ns sweep"
2,40,15,449,"CS_LCDST","",NA,NA,NA,NA,NA,NA,NA,NA,"ARITHMETIC","2026-08-29","route reproduces snapshot N via Ns sweep"
3,6,15,3375,"miscCA","",NA,NA,NA,NA,NA,NA,NA,NA,"ARITHMETIC","2026-08-29","route reproduces snapshot N via Ns sweep"
4,5,15,50625,"compositCA","",NA,NA,NA,NA,NA,NA,NA,NA,"ARITHMETIC","2026-08-29","route reproduces snapshot N via Ns sweep"
4,17,15,65534,"fuseBushtCA","",NA,NA,NA,NA,NA,NA,NA,NA,"ARITHMETIC","2026-08-29","route reproduces snapshot N via Ns sweep"
5,6,15,759375,"compositCA","",NA,NA,NA,NA,NA,NA,NA,NA,"ARITHMETIC","2026-08-29","route reproduces snapshot N via Ns sweep"
5,17,15,1048574,"fuseBushtCA","",NA,NA,NA,NA,NA,NA,NA,NA,"ARITHMETIC","2026-08-29","route reproduces snapshot N via Ns sweep"
5,18,15,1419853,"fuseBushtCA","",NA,NA,NA,NA,NA,NA,NA,NA,"ARITHMETIC","2026-08-29","route reproduces snapshot N via Ns sweep"
6,7,15,11390625,"compositCA","",NA,NA,NA,NA,NA,NA,NA,NA,"ARITHMETIC","2026-08-29","route reproduces snapshot N via Ns sweep"
6,17,15,16777214,"fuseBushtCA","",NA,NA,NA,NA,NA,NA,NA,NA,"ARITHMETIC","2026-08-29","route reproduces snapshot N via Ns sweep"
6,18,15,24137565,"fuseBushtCA","",NA,NA,NA,NA,NA,NA,NA,NA,"ARITHMETIC","2026-08-29","route reproduces snapshot N via Ns sweep"
6,20,15,47045873,"fuseBushtCA","",NA,NA,NA,NA,NA,NA,NA,NA,"ARITHMETIC","2026-08-29","route reproduces snapshot N via Ns sweep"
2,17,16,256,"fuseBushtCA","",NA,NA,NA,NA,NA,NA,NA,NA,"ARITHMETIC","2026-08-29","route reproduces snapshot N via Ns sweep"
2,17,16,256,"recBoseCA_PCA","",NA,NA,NA,NA,NA,NA,NA,NA,"ARITHMETIC","2026-08-29","route reproduces snapshot N via Ns sweep"
2,17,16,256,"recBoseCA_CA","",NA,NA,NA,NA,NA,NA,NA,NA,"ARITHMETIC","2026-08-29","route reproduces snapshot N via Ns sweep"
2,17,16,256,"projBoseCA","",NA,NA,NA,NA,NA,NA,NA,NA,"ARITHMETIC","2026-08-29","route reproduces snapshot N via Ns sweep"
2,18,16,286,"fuseBoseCA","",NA,NA,NA,NA,NA,NA,NA,NA,"ARITHMETIC","2026-08-29","route reproduces snapshot N via Ns sweep"
2,19,16,288,"projBoseCA","",NA,NA,NA,NA,NA,NA,NA,NA,"ARITHMETIC","2026-08-29","route reproduces snapshot N via Ns sweep"
2,25,16,376,"CS_LCDST","",NA,NA,NA,NA,NA,NA,NA,NA,"ARITHMETIC","2026-08-29","route reproduces snapshot N via Ns sweep"
2,27,16,406,"CS_LCDST","",NA,NA,NA,NA,NA,NA,NA,NA,"ARITHMETIC","2026-08-29","route reproduces snapshot N via Ns sweep"
2,28,16,421,"CS_LCDST","",NA,NA,NA,NA,NA,NA,NA,NA,"ARITHMETIC","2026-08-29","route reproduces snapshot N via Ns sweep"
2,29,16,436,"CS_MS","",NA,NA,NA,NA,NA,NA,NA,NA,"ARITHMETIC","2026-08-29","route reproduces snapshot N via Ns sweep"
2,29,16,436,"CS_LCDST","",NA,NA,NA,NA,NA,NA,NA,NA,"ARITHMETIC","2026-08-29","route reproduces snapshot N via Ns sweep"
2,39,16,478,"CS_LCDST","",NA,NA,NA,NA,NA,NA,NA,NA,"ARITHMETIC","2026-08-29","route reproduces snapshot N via Ns sweep"
2,288,16,496,"recBoseCA_PCA","",NA,NA,NA,NA,NA,NA,NA,NA,"ARITHMETIC","2026-08-29","route reproduces snapshot N via Ns sweep"
2,289,16,510,"recBoseCA_CA","",NA,NA,NA,NA,NA,NA,NA,NA,"ARITHMETIC","2026-08-29","route reproduces snapshot N via Ns sweep"
2,4880,16,736,"recBoseCA_PCA","",NA,NA,NA,NA,NA,NA,NA,NA,"ARITHMETIC","2026-08-29","route reproduces snapshot N via Ns sweep"
2,20000,16,976,"recBoseCA_PCA","",NA,NA,NA,NA,NA,NA,NA,NA,"ARITHMETIC","2026-08-29","route reproduces snapshot N via Ns sweep"
3,18,16,4096,"fuseBushtCA","",NA,NA,NA,NA,NA,NA,NA,NA,"ARITHMETIC","2026-08-29","route reproduces snapshot N via Ns sweep"
3,34,16,7936,"CK_doublingCA","",NA,NA,NA,NA,NA,NA,NA,NA,"ARITHMETIC","2026-08-29","route reproduces snapshot N via Ns sweep"
4,17,16,65536,"fuseBushtCA","",NA,NA,NA,NA,NA,NA,NA,NA,"ARITHMETIC","2026-08-29","route reproduces snapshot N via Ns sweep"
4,18,16,83519,"fuseBushtCA","",NA,NA,NA,NA,NA,NA,NA,NA,"ARITHMETIC","2026-08-29","route reproduces snapshot N via Ns sweep"
4,75,16,196606,"cphfCA","",NA,NA,NA,NA,NA,NA,NA,NA,"ARITHMETIC","2026-08-29","route reproduces snapshot N via Ns sweep"
4,186,16,262141,"cphfCA","",NA,NA,NA,NA,NA,NA,NA,NA,"ARITHMETIC","2026-08-29","route reproduces snapshot N via Ns sweep"
4,451,16,327676,"cphfCA","",NA,NA,NA,NA,NA,NA,NA,NA,"ARITHMETIC","2026-08-29","route reproduces snapshot N via Ns sweep"
4,871,16,393211,"cphfCA","",NA,NA,NA,NA,NA,NA,NA,NA,"ARITHMETIC","2026-08-29","route reproduces snapshot N via Ns sweep"
5,17,16,1048576,"fuseBushtCA","",NA,NA,NA,NA,NA,NA,NA,NA,"ARITHMETIC","2026-08-29","route reproduces snapshot N via Ns sweep"
5,18,16,1419855,"fuseBushtCA","",NA,NA,NA,NA,NA,NA,NA,NA,"ARITHMETIC","2026-08-29","route reproduces snapshot N via Ns sweep"
6,17,16,16777216,"fuseBushtCA","",NA,NA,NA,NA,NA,NA,NA,NA,"ARITHMETIC","2026-08-29","route reproduces snapshot N via Ns sweep"
6,18,16,24137567,"fuseBushtCA","",NA,NA,NA,NA,NA,NA,NA,NA,"ARITHMETIC","2026-08-29","route reproduces snapshot N via Ns sweep"
6,20,16,47045875,"fuseBushtCA","",NA,NA,NA,NA,NA,NA,NA,NA,"ARITHMETIC","2026-08-29","route reproduces snapshot N via Ns sweep"
2,18,17,289,"fuseBushtCA","",NA,NA,NA,NA,NA,NA,NA,NA,"ARITHMETIC","2026-08-29","route reproduces snapshot N via Ns sweep"
2,18,17,289,"recBoseCA_PCA","",NA,NA,NA,NA,NA,NA,NA,NA,"ARITHMETIC","2026-08-29","route reproduces snapshot N via Ns sweep"
2,18,17,289,"recBoseCA_CA","",NA,NA,NA,NA,NA,NA,NA,NA,"ARITHMETIC","2026-08-29","route reproduces snapshot N via Ns sweep"
2,18,17,289,"projBoseCA","",NA,NA,NA,NA,NA,NA,NA,NA,"ARITHMETIC","2026-08-29","route reproduces snapshot N via Ns sweep"
2,31,17,497,"CS_LCDST","",NA,NA,NA,NA,NA,NA,NA,NA,"ARITHMETIC","2026-08-29","route reproduces snapshot N via Ns sweep"
2,32,17,513,"CS_CMMSSY","",NA,NA,NA,NA,NA,NA,NA,NA,"ARITHMETIC","2026-08-29","route reproduces snapshot N via Ns sweep"
2,32,17,513,"CS_LCDST","",NA,NA,NA,NA,NA,NA,NA,NA,"ARITHMETIC","2026-08-29","route reproduces snapshot N via Ns sweep"
2,39,17,517,"CS_LCDST","",NA,NA,NA,NA,NA,NA,NA,NA,"ARITHMETIC","2026-08-29","route reproduces snapshot N via Ns sweep"
2,40,17,529,"CS_LCDST","",NA,NA,NA,NA,NA,NA,NA,NA,"ARITHMETIC","2026-08-29","route reproduces snapshot N via Ns sweep"
2,41,17,541,"CS_LCDST","",NA,NA,NA,NA,NA,NA,NA,NA,"ARITHMETIC","2026-08-29","route reproduces snapshot N via Ns sweep"
2,323,17,561,"recBoseCA_PCA","",NA,NA,NA,NA,NA,NA,NA,NA,"ARITHMETIC","2026-08-29","route reproduces snapshot N via Ns sweep"
2,324,17,576,"recBoseCA_CA","",NA,NA,NA,NA,NA,NA,NA,NA,"ARITHMETIC","2026-08-29","route reproduces snapshot N via Ns sweep"
2,5797,17,833,"recBoseCA_PCA","",NA,NA,NA,NA,NA,NA,NA,NA,"ARITHMETIC","2026-08-29","route reproduces snapshot N via Ns sweep"
2,20000,17,1105,"recBoseCA_PCA","",NA,NA,NA,NA,NA,NA,NA,NA,"ARITHMETIC","2026-08-29","route reproduces snapshot N via Ns sweep"
3,18,17,4913,"fuseBushtCA","",NA,NA,NA,NA,NA,NA,NA,NA,"ARITHMETIC","2026-08-29","route reproduces snapshot N via Ns sweep"
3,36,17,9537,"CK_doublingCA","",NA,NA,NA,NA,NA,NA,NA,NA,"ARITHMETIC","2026-08-29","route reproduces snapshot N via Ns sweep"
4,18,17,83521,"fuseBushtCA","",NA,NA,NA,NA,NA,NA,NA,NA,"ARITHMETIC","2026-08-29","route reproduces snapshot N via Ns sweep"
4,20,17,130317,"fuseBushtCA","",NA,NA,NA,NA,NA,NA,NA,NA,"ARITHMETIC","2026-08-29","route reproduces snapshot N via Ns sweep"
4,80,17,250561,"cphfCA","",NA,NA,NA,NA,NA,NA,NA,NA,"ARITHMETIC","2026-08-29","route reproduces snapshot N via Ns sweep"
4,203,17,334081,"cphfCA","",NA,NA,NA,NA,NA,NA,NA,NA,"ARITHMETIC","2026-08-29","route reproduces snapshot N via Ns sweep"
4,495,17,417601,"cphfCA","",NA,NA,NA,NA,NA,NA,NA,NA,"ARITHMETIC","2026-08-29","route reproduces snapshot N via Ns sweep"
5,18,17,1419857,"fuseBushtCA","",NA,NA,NA,NA,NA,NA,NA,NA,"ARITHMETIC","2026-08-29","route reproduces snapshot N via Ns sweep"
5,20,17,2476095,"fuseBushtCA","",NA,NA,NA,NA,NA,NA,NA,NA,"ARITHMETIC","2026-08-29","route reproduces snapshot N via Ns sweep"
6,18,17,24137569,"fuseBushtCA","",NA,NA,NA,NA,NA,NA,NA,NA,"ARITHMETIC","2026-08-29","route reproduces snapshot N via Ns sweep"
6,20,17,47045877,"fuseBushtCA","",NA,NA,NA,NA,NA,NA,NA,NA,"ARITHMETIC","2026-08-29","route reproduces snapshot N via Ns sweep"
2,21,18,360,"projBoseCA","",NA,NA,NA,NA,NA,NA,NA,NA,"ARITHMETIC","2026-08-29","route reproduces snapshot N via Ns sweep"
2,32,18,545,"CS_LCDST","",NA,NA,NA,NA,NA,NA,NA,NA,"ARITHMETIC","2026-08-29","route reproduces snapshot N via Ns sweep"
2,34,18,579,"CS_LCDST","",NA,NA,NA,NA,NA,NA,NA,NA,"ARITHMETIC","2026-08-29","route reproduces snapshot N via Ns sweep"
3,4,18,5832,"CK_doublingCA","",NA,NA,NA,NA,NA,NA,NA,NA,"ARITHMETIC","2026-08-29","route reproduces snapshot N via Ns sweep"
3,4,18,5832,"compositCA","",NA,NA,NA,NA,NA,NA,NA,NA,"ARITHMETIC","2026-08-29","route reproduces snapshot N via Ns sweep"
3,4,18,5832,"ODbasedCA","",NA,NA,NA,NA,NA,NA,NA,NA,"ARITHMETIC","2026-08-29","route reproduces snapshot N via Ns sweep"
3,11,18,6579,"ODbasedCA","",NA,NA,NA,NA,NA,NA,NA,NA,"ARITHMETIC","2026-08-29","route reproduces snapshot N via Ns sweep"
3,1298,18,23364,"CYCLOTOMY","",NA,NA,NA,NA,NA,NA,NA,NA,"ARITHMETIC","2026-08-29","route reproduces snapshot N via Ns sweep"
4,5,18,104976,"compositCA","",NA,NA,NA,NA,NA,NA,NA,NA,"ARITHMETIC","2026-08-29","route reproduces snapshot N via Ns sweep"
4,20,18,130319,"fuseBushtCA","",NA,NA,NA,NA,NA,NA,NA,NA,"ARITHMETIC","2026-08-29","route reproduces snapshot N via Ns sweep"
5,6,18,1889568,"compositCA","",NA,NA,NA,NA,NA,NA,NA,NA,"ARITHMETIC","2026-08-29","route reproduces snapshot N via Ns sweep"
5,20,18,2476097,"fuseBushtCA","",NA,NA,NA,NA,NA,NA,NA,NA,"ARITHMETIC","2026-08-29","route reproduces snapshot N via Ns sweep"
5,24,18,6436333,"fuseBushtCA","",NA,NA,NA,NA,NA,NA,NA,NA,"ARITHMETIC","2026-08-29","route reproduces snapshot N via Ns sweep"
6,7,18,34012224,"compositCA","",NA,NA,NA,NA,NA,NA,NA,NA,"ARITHMETIC","2026-08-29","route reproduces snapshot N via Ns sweep"
6,20,18,47045879,"fuseBushtCA","",NA,NA,NA,NA,NA,NA,NA,NA,"ARITHMETIC","2026-08-29","route reproduces snapshot N via Ns sweep"
2,20,19,361,"fuseBushtCA","",NA,NA,NA,NA,NA,NA,NA,NA,"ARITHMETIC","2026-08-29","route reproduces snapshot N via Ns sweep"
2,20,19,361,"recBoseCA_PCA","",NA,NA,NA,NA,NA,NA,NA,NA,"ARITHMETIC","2026-08-29","route reproduces snapshot N via Ns sweep"
2,20,19,361,"recBoseCA_CA","",NA,NA,NA,NA,NA,NA,NA,NA,"ARITHMETIC","2026-08-29","route reproduces snapshot N via Ns sweep"
2,20,19,361,"projBoseCA","",NA,NA,NA,NA,NA,NA,NA,NA,"ARITHMETIC","2026-08-29","route reproduces snapshot N via Ns sweep"
2,399,19,703,"recBoseCA_PCA","",NA,NA,NA,NA,NA,NA,NA,NA,"ARITHMETIC","2026-08-29","route reproduces snapshot N via Ns sweep"
2,400,19,720,"recBoseCA_CA","",NA,NA,NA,NA,NA,NA,NA,NA,"ARITHMETIC","2026-08-29","route reproduces snapshot N via Ns sweep"
2,7961,19,1045,"recBoseCA_PCA","",NA,NA,NA,NA,NA,NA,NA,NA,"ARITHMETIC","2026-08-29","route reproduces snapshot N via Ns sweep"
2,8000,19,1079,"recBoseCA_CA","",NA,NA,NA,NA,NA,NA,NA,NA,"ARITHMETIC","2026-08-29","route reproduces snapshot N via Ns sweep"
2,20000,19,1387,"recBoseCA_PCA","",NA,NA,NA,NA,NA,NA,NA,NA,"ARITHMETIC","2026-08-29","route reproduces snapshot N via Ns sweep"
3,20,19,6859,"fuseBushtCA","",NA,NA,NA,NA,NA,NA,NA,NA,"ARITHMETIC","2026-08-29","route reproduces snapshot N via Ns sweep"
3,40,19,13357,"CK_doublingCA","",NA,NA,NA,NA,NA,NA,NA,NA,"ARITHMETIC","2026-08-29","route reproduces snapshot N via Ns sweep"
4,20,19,130321,"fuseBushtCA","",NA,NA,NA,NA,NA,NA,NA,NA,"ARITHMETIC","2026-08-29","route reproduces snapshot N via Ns sweep"
4,89,19,390961,"cphfCA","",NA,NA,NA,NA,NA,NA,NA,NA,"ARITHMETIC","2026-08-29","route reproduces snapshot N via Ns sweep"
4,233,19,521281,"cphfCA","",NA,NA,NA,NA,NA,NA,NA,NA,"ARITHMETIC","2026-08-29","route reproduces snapshot N via Ns sweep"
4,587,19,651601,"cphfCA","",NA,NA,NA,NA,NA,NA,NA,NA,"ARITHMETIC","2026-08-29","route reproduces snapshot N via Ns sweep"
5,20,19,2476099,"fuseBushtCA","",NA,NA,NA,NA,NA,NA,NA,NA,"ARITHMETIC","2026-08-29","route reproduces snapshot N via Ns sweep"
5,24,19,6436335,"fuseBushtCA","",NA,NA,NA,NA,NA,NA,NA,NA,"ARITHMETIC","2026-08-29","route reproduces snapshot N via Ns sweep"
6,20,19,47045881,"fuseBushtCA","",NA,NA,NA,NA,NA,NA,NA,NA,"ARITHMETIC","2026-08-29","route reproduces snapshot N via Ns sweep"
2,54,20,793,"CS_LCDST","",NA,NA,NA,NA,NA,NA,NA,NA,"ARITHMETIC","2026-08-29","route reproduces snapshot N via Ns sweep"
2,55,20,806,"CS_LCDST","",NA,NA,NA,NA,NA,NA,NA,NA,"ARITHMETIC","2026-08-29","route reproduces snapshot N via Ns sweep"
3,6,20,8000,"compositCA","",NA,NA,NA,NA,NA,NA,NA,NA,"ARITHMETIC","2026-08-29","route reproduces snapshot N via Ns sweep"
3,11,20,8930,"ODbasedCA","",NA,NA,NA,NA,NA,NA,NA,NA,"ARITHMETIC","2026-08-29","route reproduces snapshot N via Ns sweep"
3,14,20,9690,"ODbasedCA","",NA,NA,NA,NA,NA,NA,NA,NA,"ARITHMETIC","2026-08-29","route reproduces snapshot N via Ns sweep"
3,16,20,9880,"ODbasedCA","",NA,NA,NA,NA,NA,NA,NA,NA,"ARITHMETIC","2026-08-29","route reproduces snapshot N via Ns sweep"
3,20,20,10070,"ODbasedCA","",NA,NA,NA,NA,NA,NA,NA,NA,"ARITHMETIC","2026-08-29","route reproduces snapshot N via Ns sweep"
3,1802,20,36040,"CYCLOTOMY","",NA,NA,NA,NA,NA,NA,NA,NA,"ARITHMETIC","2026-08-29","route reproduces snapshot N via Ns sweep"
3,2142,20,42840,"CYCLOTOMY","",NA,NA,NA,NA,NA,NA,NA,NA,"ARITHMETIC","2026-08-29","route reproduces snapshot N via Ns sweep"
3,2162,20,43220,"CYCLOTOMY","",NA,NA,NA,NA,NA,NA,NA,NA,"ARITHMETIC","2026-08-29","route reproduces snapshot N via Ns sweep"
3,2342,20,46820,"CYCLOTOMY","",NA,NA,NA,NA,NA,NA,NA,NA,"ARITHMETIC","2026-08-29","route reproduces snapshot N via Ns sweep"
4,5,20,160000,"compositCA","",NA,NA,NA,NA,NA,NA,NA,NA,"ARITHMETIC","2026-08-29","route reproduces snapshot N via Ns sweep"
5,6,20,3200000,"compositCA","",NA,NA,NA,NA,NA,NA,NA,NA,"ARITHMETIC","2026-08-29","route reproduces snapshot N via Ns sweep"
5,24,20,6436337,"fuseBushtCA","",NA,NA,NA,NA,NA,NA,NA,NA,"ARITHMETIC","2026-08-29","route reproduces snapshot N via Ns sweep"
5,26,20,9765615,"fuseBushtCA","",NA,NA,NA,NA,NA,NA,NA,NA,"ARITHMETIC","2026-08-29","route reproduces snapshot N via Ns sweep"
5,28,20,14348893,"fuseBushtCA","",NA,NA,NA,NA,NA,NA,NA,NA,"ARITHMETIC","2026-08-29","route reproduces snapshot N via Ns sweep"
6,7,20,6.4e+07,"compositCA","",NA,NA,NA,NA,NA,NA,NA,NA,"ARITHMETIC","2026-08-29","route reproduces snapshot N via Ns sweep"
6,24,20,148035883,"fuseBushtCA","",NA,NA,NA,NA,NA,NA,NA,NA,"ARITHMETIC","2026-08-29","route reproduces snapshot N via Ns sweep"
6,26,20,244140615,"fuseBushtCA","",NA,NA,NA,NA,NA,NA,NA,NA,"ARITHMETIC","2026-08-29","route reproduces snapshot N via Ns sweep"
6,28,20,387420475,"fuseBushtCA","",NA,NA,NA,NA,NA,NA,NA,NA,"ARITHMETIC","2026-08-29","route reproduces snapshot N via Ns sweep"
2,54,21,847,"CS_LCDST","",NA,NA,NA,NA,NA,NA,NA,NA,"ARITHMETIC","2026-08-29","route reproduces snapshot N via Ns sweep"
2,55,21,861,"CS_LCDST","",NA,NA,NA,NA,NA,NA,NA,NA,"ARITHMETIC","2026-08-29","route reproduces snapshot N via Ns sweep"
2,56,21,875,"CS_LCDST","",NA,NA,NA,NA,NA,NA,NA,NA,"ARITHMETIC","2026-08-29","route reproduces snapshot N via Ns sweep"
2,57,21,889,"CS_LCDST","",NA,NA,NA,NA,NA,NA,NA,NA,"ARITHMETIC","2026-08-29","route reproduces snapshot N via Ns sweep"
3,6,21,9261,"miscCA","",NA,NA,NA,NA,NA,NA,NA,NA,"ARITHMETIC","2026-08-29","route reproduces snapshot N via Ns sweep"
3,2270,21,47670,"CYCLOTOMY","",NA,NA,NA,NA,NA,NA,NA,NA,"ARITHMETIC","2026-08-29","route reproduces snapshot N via Ns sweep"
3,2312,21,48531,"CYCLOTOMY","",NA,NA,NA,NA,NA,NA,NA,NA,"ARITHMETIC","2026-08-29","route reproduces snapshot N via Ns sweep"
4,5,21,194481,"compositCA","",NA,NA,NA,NA,NA,NA,NA,NA,"ARITHMETIC","2026-08-29","route reproduces snapshot N via Ns sweep"
4,24,21,279837,"fuseBushtCA","",NA,NA,NA,NA,NA,NA,NA,NA,"ARITHMETIC","2026-08-29","route reproduces snapshot N via Ns sweep"
4,26,21,390617,"fuseBushtCA","",NA,NA,NA,NA,NA,NA,NA,NA,"ARITHMETIC","2026-08-29","route reproduces snapshot N via Ns sweep"
4,28,21,531429,"fuseBushtCA","",NA,NA,NA,NA,NA,NA,NA,NA,"ARITHMETIC","2026-08-29","route reproduces snapshot N via Ns sweep"
5,6,21,4084101,"compositCA","",NA,NA,NA,NA,NA,NA,NA,NA,"ARITHMETIC","2026-08-29","route reproduces snapshot N via Ns sweep"
5,24,21,6436339,"fuseBushtCA","",NA,NA,NA,NA,NA,NA,NA,NA,"ARITHMETIC","2026-08-29","route reproduces snapshot N via Ns sweep"
5,26,21,9765617,"fuseBushtCA","",NA,NA,NA,NA,NA,NA,NA,NA,"ARITHMETIC","2026-08-29","route reproduces snapshot N via Ns sweep"
5,28,21,14348895,"fuseBushtCA","",NA,NA,NA,NA,NA,NA,NA,NA,"ARITHMETIC","2026-08-29","route reproduces snapshot N via Ns sweep"
6,7,21,85766121,"compositCA","",NA,NA,NA,NA,NA,NA,NA,NA,"ARITHMETIC","2026-08-29","route reproduces snapshot N via Ns sweep"
6,24,21,148035885,"fuseBushtCA","",NA,NA,NA,NA,NA,NA,NA,NA,"ARITHMETIC","2026-08-29","route reproduces snapshot N via Ns sweep"
6,26,21,244140617,"fuseBushtCA","",NA,NA,NA,NA,NA,NA,NA,NA,"ARITHMETIC","2026-08-29","route reproduces snapshot N via Ns sweep"
6,28,21,387420477,"fuseBushtCA","",NA,NA,NA,NA,NA,NA,NA,NA,"ARITHMETIC","2026-08-29","route reproduces snapshot N via Ns sweep"
2,25,22,528,"projBoseCA","",NA,NA,NA,NA,NA,NA,NA,NA,"ARITHMETIC","2026-08-29","route reproduces snapshot N via Ns sweep"
2,44,22,925,"CS_LCDST","",NA,NA,NA,NA,NA,NA,NA,NA,"ARITHMETIC","2026-08-29","route reproduces snapshot N via Ns sweep"
2,57,22,946,"CS_LCDST","",NA,NA,NA,NA,NA,NA,NA,NA,"ARITHMETIC","2026-08-29","route reproduces snapshot N via Ns sweep"
2,58,22,961,"CS_LCDST","",NA,NA,NA,NA,NA,NA,NA,NA,"ARITHMETIC","2026-08-29","route reproduces snapshot N via Ns sweep"
3,4,22,10648,"CK_doublingCA","",NA,NA,NA,NA,NA,NA,NA,NA,"ARITHMETIC","2026-08-29","route reproduces snapshot N via Ns sweep"
3,4,22,10648,"compositCA","",NA,NA,NA,NA,NA,NA,NA,NA,"ARITHMETIC","2026-08-29","route reproduces snapshot N via Ns sweep"
3,24,22,12165,"fuseBushtCA","",NA,NA,NA,NA,NA,NA,NA,NA,"ARITHMETIC","2026-08-29","route reproduces snapshot N via Ns sweep"
4,5,22,234256,"compositCA","",NA,NA,NA,NA,NA,NA,NA,NA,"ARITHMETIC","2026-08-29","route reproduces snapshot N via Ns sweep"
4,24,22,279839,"fuseBushtCA","",NA,NA,NA,NA,NA,NA,NA,NA,"ARITHMETIC","2026-08-29","route reproduces snapshot N via Ns sweep"
4,26,22,390619,"fuseBushtCA","",NA,NA,NA,NA,NA,NA,NA,NA,"ARITHMETIC","2026-08-29","route reproduces snapshot N via Ns sweep"
4,28,22,531431,"fuseBushtCA","",NA,NA,NA,NA,NA,NA,NA,NA,"ARITHMETIC","2026-08-29","route reproduces snapshot N via Ns sweep"
5,6,22,5153632,"compositCA","",NA,NA,NA,NA,NA,NA,NA,NA,"ARITHMETIC","2026-08-29","route reproduces snapshot N via Ns sweep"
5,24,22,6436341,"fuseBushtCA","",NA,NA,NA,NA,NA,NA,NA,NA,"ARITHMETIC","2026-08-29","route reproduces snapshot N via Ns sweep"
5,26,22,9765619,"fuseBushtCA","",NA,NA,NA,NA,NA,NA,NA,NA,"ARITHMETIC","2026-08-29","route reproduces snapshot N via Ns sweep"
5,28,22,14348897,"fuseBushtCA","",NA,NA,NA,NA,NA,NA,NA,NA,"ARITHMETIC","2026-08-29","route reproduces snapshot N via Ns sweep"
6,7,22,113379904,"compositCA","",NA,NA,NA,NA,NA,NA,NA,NA,"ARITHMETIC","2026-08-29","route reproduces snapshot N via Ns sweep"
6,24,22,148035887,"fuseBushtCA","",NA,NA,NA,NA,NA,NA,NA,NA,"ARITHMETIC","2026-08-29","route reproduces snapshot N via Ns sweep"
6,26,22,244140619,"fuseBushtCA","",NA,NA,NA,NA,NA,NA,NA,NA,"ARITHMETIC","2026-08-29","route reproduces snapshot N via Ns sweep"
6,28,22,387420479,"fuseBushtCA","",NA,NA,NA,NA,NA,NA,NA,NA,"ARITHMETIC","2026-08-29","route reproduces snapshot N via Ns sweep"
2,24,23,529,"fuseBushtCA","",NA,NA,NA,NA,NA,NA,NA,NA,"ARITHMETIC","2026-08-29","route reproduces snapshot N via Ns sweep"
2,24,23,529,"recBoseCA_PCA","",NA,NA,NA,NA,NA,NA,NA,NA,"ARITHMETIC","2026-08-29","route reproduces snapshot N via Ns sweep"
2,24,23,529,"recBoseCA_CA","",NA,NA,NA,NA,NA,NA,NA,NA,"ARITHMETIC","2026-08-29","route reproduces snapshot N via Ns sweep"
2,24,23,529,"projBoseCA","",NA,NA,NA,NA,NA,NA,NA,NA,"ARITHMETIC","2026-08-29","route reproduces snapshot N via Ns sweep"
2,58,23,1019,"CS_LCDST","",NA,NA,NA,NA,NA,NA,NA,NA,"ARITHMETIC","2026-08-29","route reproduces snapshot N via Ns sweep"
2,575,23,1035,"recBoseCA_PCA","",NA,NA,NA,NA,NA,NA,NA,NA,"ARITHMETIC","2026-08-29","route reproduces snapshot N via Ns sweep"
2,576,23,1056,"recBoseCA_CA","",NA,NA,NA,NA,NA,NA,NA,NA,"ARITHMETIC","2026-08-29","route reproduces snapshot N via Ns sweep"
2,13777,23,1541,"recBoseCA_PCA","",NA,NA,NA,NA,NA,NA,NA,NA,"ARITHMETIC","2026-08-29","route reproduces snapshot N via Ns sweep"
3,24,23,12167,"fuseBushtCA","",NA,NA,NA,NA,NA,NA,NA,NA,"ARITHMETIC","2026-08-29","route reproduces snapshot N via Ns sweep"
3,48,23,23805,"CK_doublingCA","",NA,NA,NA,NA,NA,NA,NA,NA,"ARITHMETIC","2026-08-29","route reproduces snapshot N via Ns sweep"
4,24,23,279841,"fuseBushtCA","",NA,NA,NA,NA,NA,NA,NA,NA,"ARITHMETIC","2026-08-29","route reproduces snapshot N via Ns sweep"
4,26,23,390621,"fuseBushtCA","",NA,NA,NA,NA,NA,NA,NA,NA,"ARITHMETIC","2026-08-29","route reproduces snapshot N via Ns sweep"
4,28,23,531433,"fuseBushtCA","",NA,NA,NA,NA,NA,NA,NA,NA,"ARITHMETIC","2026-08-29","route reproduces snapshot N via Ns sweep"
4,107,23,839521,"cphfCA","",NA,NA,NA,NA,NA,NA,NA,NA,"ARITHMETIC","2026-08-29","route reproduces snapshot N via Ns sweep"
5,24,23,6436343,"fuseBushtCA","",NA,NA,NA,NA,NA,NA,NA,NA,"ARITHMETIC","2026-08-29","route reproduces snapshot N via Ns sweep"
5,26,23,9765621,"fuseBushtCA","",NA,NA,NA,NA,NA,NA,NA,NA,"ARITHMETIC","2026-08-29","route reproduces snapshot N via Ns sweep"
5,28,23,14348899,"fuseBushtCA","",NA,NA,NA,NA,NA,NA,NA,NA,"ARITHMETIC","2026-08-29","route reproduces snapshot N via Ns sweep"
6,24,23,148035889,"fuseBushtCA","",NA,NA,NA,NA,NA,NA,NA,NA,"ARITHMETIC","2026-08-29","route reproduces snapshot N via Ns sweep"
6,26,23,244140621,"fuseBushtCA","",NA,NA,NA,NA,NA,NA,NA,NA,"ARITHMETIC","2026-08-29","route reproduces snapshot N via Ns sweep"
6,28,23,387420481,"fuseBushtCA","",NA,NA,NA,NA,NA,NA,NA,NA,"ARITHMETIC","2026-08-29","route reproduces snapshot N via Ns sweep"
2,26,24,622,"fuseBoseCA","",NA,NA,NA,NA,NA,NA,NA,NA,"ARITHMETIC","2026-08-29","route reproduces snapshot N via Ns sweep"
2,27,24,624,"projBoseCA","",NA,NA,NA,NA,NA,NA,NA,NA,"ARITHMETIC","2026-08-29","route reproduces snapshot N via Ns sweep"
3,11,24,15180,"ODbasedCA","",NA,NA,NA,NA,NA,NA,NA,NA,"ARITHMETIC","2026-08-29","route reproduces snapshot N via Ns sweep"
3,26,24,15623,"fuseBushtCA","",NA,NA,NA,NA,NA,NA,NA,NA,"ARITHMETIC","2026-08-29","route reproduces snapshot N via Ns sweep"
3,52,24,29929,"CK_doublingCA","",NA,NA,NA,NA,NA,NA,NA,NA,"ARITHMETIC","2026-08-29","route reproduces snapshot N via Ns sweep"
4,5,24,331776,"compositCA","",NA,NA,NA,NA,NA,NA,NA,NA,"ARITHMETIC","2026-08-29","route reproduces snapshot N via Ns sweep"
4,26,24,390623,"fuseBushtCA","",NA,NA,NA,NA,NA,NA,NA,NA,"ARITHMETIC","2026-08-29","route reproduces snapshot N via Ns sweep"
4,28,24,531435,"fuseBushtCA","",NA,NA,NA,NA,NA,NA,NA,NA,"ARITHMETIC","2026-08-29","route reproduces snapshot N via Ns sweep"
4,30,24,707271,"fuseBushtCA","",NA,NA,NA,NA,NA,NA,NA,NA,"ARITHMETIC","2026-08-29","route reproduces snapshot N via Ns sweep"
5,6,24,7962624,"compositCA","",NA,NA,NA,NA,NA,NA,NA,NA,"ARITHMETIC","2026-08-29","route reproduces snapshot N via Ns sweep"
5,26,24,9765623,"fuseBushtCA","",NA,NA,NA,NA,NA,NA,NA,NA,"ARITHMETIC","2026-08-29","route reproduces snapshot N via Ns sweep"
5,28,24,14348901,"fuseBushtCA","",NA,NA,NA,NA,NA,NA,NA,NA,"ARITHMETIC","2026-08-29","route reproduces snapshot N via Ns sweep"
5,30,24,20511139,"fuseBushtCA","",NA,NA,NA,NA,NA,NA,NA,NA,"ARITHMETIC","2026-08-29","route reproduces snapshot N via Ns sweep"
5,32,24,28629137,"fuseBushtCA","",NA,NA,NA,NA,NA,NA,NA,NA,"ARITHMETIC","2026-08-29","route reproduces snapshot N via Ns sweep"
6,7,24,191102976,"compositCA","",NA,NA,NA,NA,NA,NA,NA,NA,"ARITHMETIC","2026-08-29","route reproduces snapshot N via Ns sweep"
6,26,24,244140623,"fuseBushtCA","",NA,NA,NA,NA,NA,NA,NA,NA,"ARITHMETIC","2026-08-29","route reproduces snapshot N via Ns sweep"
6,28,24,387420483,"fuseBushtCA","",NA,NA,NA,NA,NA,NA,NA,NA,"ARITHMETIC","2026-08-29","route reproduces snapshot N via Ns sweep"
6,30,24,594823311,"fuseBushtCA","",NA,NA,NA,NA,NA,NA,NA,NA,"ARITHMETIC","2026-08-29","route reproduces snapshot N via Ns sweep"
2,26,25,625,"fuseBushtCA","",NA,NA,NA,NA,NA,NA,NA,NA,"ARITHMETIC","2026-08-29","route reproduces snapshot N via Ns sweep"
2,26,25,625,"recBoseCA_PCA","",NA,NA,NA,NA,NA,NA,NA,NA,"ARITHMETIC","2026-08-29","route reproduces snapshot N via Ns sweep"
2,26,25,625,"recBoseCA_CA","",NA,NA,NA,NA,NA,NA,NA,NA,"ARITHMETIC","2026-08-29","route reproduces snapshot N via Ns sweep"
2,26,25,625,"projBoseCA","",NA,NA,NA,NA,NA,NA,NA,NA,"ARITHMETIC","2026-08-29","route reproduces snapshot N via Ns sweep"
2,675,25,1225,"recBoseCA_PCA","",NA,NA,NA,NA,NA,NA,NA,NA,"ARITHMETIC","2026-08-29","route reproduces snapshot N via Ns sweep"
2,676,25,1248,"recBoseCA_CA","",NA,NA,NA,NA,NA,NA,NA,NA,"ARITHMETIC","2026-08-29","route reproduces snapshot N via Ns sweep"
2,17525,25,1825,"recBoseCA_PCA","",NA,NA,NA,NA,NA,NA,NA,NA,"ARITHMETIC","2026-08-29","route reproduces snapshot N via Ns sweep"
2,17576,25,1871,"recBoseCA_CA","",NA,NA,NA,NA,NA,NA,NA,NA,"ARITHMETIC","2026-08-29","route reproduces snapshot N via Ns sweep"
3,26,25,15625,"fuseBushtCA","",NA,NA,NA,NA,NA,NA,NA,NA,"ARITHMETIC","2026-08-29","route reproduces snapshot N via Ns sweep"
3,28,25,19679,"fuseBushtCA","",NA,NA,NA,NA,NA,NA,NA,NA,"ARITHMETIC","2026-08-29","route reproduces snapshot N via Ns sweep"
3,52,25,30625,"CK_doublingCA","",NA,NA,NA,NA,NA,NA,NA,NA,"ARITHMETIC","2026-08-29","route reproduces snapshot N via Ns sweep"
4,26,25,390625,"fuseBushtCA","",NA,NA,NA,NA,NA,NA,NA,NA,"ARITHMETIC","2026-08-29","route reproduces snapshot N via Ns sweep"
4,28,25,531437,"fuseBushtCA","",NA,NA,NA,NA,NA,NA,NA,NA,"ARITHMETIC","2026-08-29","route reproduces snapshot N via Ns sweep"
4,30,25,707273,"fuseBushtCA","",NA,NA,NA,NA,NA,NA,NA,NA,"ARITHMETIC","2026-08-29","route reproduces snapshot N via Ns sweep"
5,26,25,9765625,"fuseBushtCA","",NA,NA,NA,NA,NA,NA,NA,NA,"ARITHMETIC","2026-08-29","route reproduces snapshot N via Ns sweep"
5,28,25,14348903,"fuseBushtCA","",NA,NA,NA,NA,NA,NA,NA,NA,"ARITHMETIC","2026-08-29","route reproduces snapshot N via Ns sweep"
5,30,25,20511141,"fuseBushtCA","",NA,NA,NA,NA,NA,NA,NA,NA,"ARITHMETIC","2026-08-29","route reproduces snapshot N via Ns sweep"
5,32,25,28629139,"fuseBushtCA","",NA,NA,NA,NA,NA,NA,NA,NA,"ARITHMETIC","2026-08-29","route reproduces snapshot N via Ns sweep"
6,26,25,244140625,"fuseBushtCA","",NA,NA,NA,NA,NA,NA,NA,NA,"ARITHMETIC","2026-08-29","route reproduces snapshot N via Ns sweep"
6,28,25,387420485,"fuseBushtCA","",NA,NA,NA,NA,NA,NA,NA,NA,"ARITHMETIC","2026-08-29","route reproduces snapshot N via Ns sweep"
6,30,25,594823313,"fuseBushtCA","",NA,NA,NA,NA,NA,NA,NA,NA,"ARITHMETIC","2026-08-29","route reproduces snapshot N via Ns sweep"
