"catalogue","cat_row","construction","ingredient_call","ing_N","ing_k","ing_vmin","ing_vmax","confidence","stamp_date"
"DPcat",1,"productCA","SCA_LCDST(5, 3)",11,5,3,3,"INGREDIENT_MEASURED","2026-08-31"
"DPcat",1,"productCA","SCA_LCDST(5, 3)",11,5,3,3,"INGREDIENT_MEASURED","2026-08-31"
"DPcat",2,"productCA","SCA_LCDST(5, 3)",11,5,3,3,"INGREDIENT_MEASURED","2026-08-31"
"DPcat",2,"productCA","CS_CMMSSY(6, 3)",13,6,3,3,"INGREDIENT_MEASURED","2026-08-31"
"DPcat",3,"productCA","CS_CMMSSY(6, 3)",13,6,3,3,"INGREDIENT_MEASURED","2026-08-31"
"DPcat",3,"productCA","CS_CMMSSY(6, 3)",13,6,3,3,"INGREDIENT_MEASURED","2026-08-31"
"DPcat",4,"productCA","SCA_Bose(3)",9,4,3,3,"INGREDIENT_MEASURED","2026-08-31"
"DPcat",4,"productCA","productCA(SCA_LCDST(5, 3)[, 1:4], SCA_LCDST(5, 3)[, 1:4], 3)",19,16,3,3,"INGREDIENT_MEASURED","2026-08-31"
"DPcat",4,"productCA","SCA_LCDST(5, 3)",11,5,3,3,"INGREDIENT_MEASURED","2026-08-31"
"DPcat",4,"productCA","SCA_LCDST(5, 3)",11,5,3,3,"INGREDIENT_MEASURED","2026-08-31"
"DPcat",5,"productCA","SCA_LCDST(5, 3)",11,5,3,3,"INGREDIENT_MEASURED","2026-08-31"
"DPcat",5,"productCA","productCA(SCA_LCDST(5, 3)[, 1:4], SCA_LCDST(5, 3)[, 1:4], 3)",19,16,3,3,"INGREDIENT_MEASURED","2026-08-31"
"DPcat",5,"productCA","SCA_LCDST(5, 3)",11,5,3,3,"INGREDIENT_MEASURED","2026-08-31"
"DPcat",5,"productCA","SCA_LCDST(5, 3)",11,5,3,3,"INGREDIENT_MEASURED","2026-08-31"
"DPcat",6,"productCA","SCA_LCDST(5, 3)",11,5,3,3,"INGREDIENT_MEASURED","2026-08-31"
"DPcat",6,"productCA","productCA(SCA_LCDST(5, 3)[, 1:4], CS_CMMSSY(6, 3)[, 1:5], 3)",21,20,3,3,"INGREDIENT_MEASURED","2026-08-31"
"DPcat",6,"productCA","SCA_LCDST(5, 3)",11,5,3,3,"INGREDIENT_MEASURED","2026-08-31"
"DPcat",6,"productCA","CS_CMMSSY(6, 3)",13,6,3,3,"INGREDIENT_MEASURED","2026-08-31"
"DPcat",7,"productCA","SCA_Bose(3)",9,4,3,3,"INGREDIENT_MEASURED","2026-08-31"
"DPcat",7,"productCA","productCA(SCA_Bose(3)[, 1:3], productCA(SCA_LCDST(5, 3)[, 1:4], SCA_LCDST(5, 3)[, 1:4], c1 = 3), 3)",25,48,3,3,"INGREDIENT_MEASURED","2026-08-31"
"DPcat",7,"productCA","SCA_Bose(3)",9,4,3,3,"INGREDIENT_MEASURED","2026-08-31"
"DPcat",7,"productCA","productCA(SCA_LCDST(5, 3)[, 1:4], SCA_LCDST(5, 3)[, 1:4], 3)",19,16,3,3,"INGREDIENT_MEASURED","2026-08-31"
"DPcat",7,"productCA","SCA_LCDST(5, 3)",11,5,3,3,"INGREDIENT_MEASURED","2026-08-31"
"DPcat",7,"productCA","SCA_LCDST(5, 3)",11,5,3,3,"INGREDIENT_MEASURED","2026-08-31"
"DPcat",8,"productCA","SCA_LCDST(5, 3)",11,5,3,3,"INGREDIENT_MEASURED","2026-08-31"
"DPcat",8,"productCA","productCA(SCA_Bose(3)[, 1:3], productCA(SCA_LCDST(5, 3)[, 1:4], SCA_LCDST(5, 3)[, 1:4], c1 = 3), 3)",25,48,3,3,"INGREDIENT_MEASURED","2026-08-31"
"DPcat",8,"productCA","SCA_Bose(3)",9,4,3,3,"INGREDIENT_MEASURED","2026-08-31"
"DPcat",8,"productCA","productCA(SCA_LCDST(5, 3)[, 1:4], SCA_LCDST(5, 3)[, 1:4], 3)",19,16,3,3,"INGREDIENT_MEASURED","2026-08-31"
"DPcat",8,"productCA","SCA_LCDST(5, 3)",11,5,3,3,"INGREDIENT_MEASURED","2026-08-31"
"DPcat",8,"productCA","SCA_LCDST(5, 3)",11,5,3,3,"INGREDIENT_MEASURED","2026-08-31"
"DPcat",9,"productCA","SCA_LCDST(5, 3)",11,5,3,3,"INGREDIENT_MEASURED","2026-08-31"
"DPcat",9,"productCA","productCA(SCA_LCDST(5, 3)[, 1:4], productCA(SCA_LCDST(5, 3)[, 1:4], SCA_LCDST(5, 3)[, 1:4], c1 = 3), 3)",27,64,3,3,"INGREDIENT_MEASURED","2026-08-31"
"DPcat",9,"productCA","SCA_LCDST(5, 3)",11,5,3,3,"INGREDIENT_MEASURED","2026-08-31"
"DPcat",9,"productCA","productCA(SCA_LCDST(5, 3)[, 1:4], SCA_LCDST(5, 3)[, 1:4], 3)",19,16,3,3,"INGREDIENT_MEASURED","2026-08-31"
"DPcat",9,"productCA","SCA_LCDST(5, 3)",11,5,3,3,"INGREDIENT_MEASURED","2026-08-31"
"DPcat",9,"productCA","SCA_LCDST(5, 3)",11,5,3,3,"INGREDIENT_MEASURED","2026-08-31"
"DPcat",10,"productCA","SCA_Bose(3)",9,4,3,3,"INGREDIENT_MEASURED","2026-08-31"
"DPcat",10,"productCA","productCA(SCA_Bose(3)[, 1:3], productCA(SCA_Bose(3)[, 1:3], productCA(SCA_LCDST(5, 3)[, 1:4],     SCA_LCDST(5, 3)[, 1:4], c1 = 3), c1 = 3), 3)",31,144,3,3,"INGREDIENT_MEASURED","2026-08-31"
"DPcat",10,"productCA","SCA_Bose(3)",9,4,3,3,"INGREDIENT_MEASURED","2026-08-31"
"DPcat",10,"productCA","productCA(SCA_Bose(3)[, 1:3], productCA(SCA_LCDST(5, 3)[, 1:4], SCA_LCDST(5, 3)[, 1:4], c1 = 3), 3)",25,48,3,3,"INGREDIENT_MEASURED","2026-08-31"
"DPcat",10,"productCA","SCA_Bose(3)",9,4,3,3,"INGREDIENT_MEASURED","2026-08-31"
"DPcat",10,"productCA","productCA(SCA_LCDST(5, 3)[, 1:4], SCA_LCDST(5, 3)[, 1:4], 3)",19,16,3,3,"INGREDIENT_MEASURED","2026-08-31"
"DPcat",10,"productCA","SCA_LCDST(5, 3)",11,5,3,3,"INGREDIENT_MEASURED","2026-08-31"
"DPcat",10,"productCA","SCA_LCDST(5, 3)",11,5,3,3,"INGREDIENT_MEASURED","2026-08-31"
"DPcat",11,"productCA","SCA_LCDST(5, 3)",11,5,3,3,"INGREDIENT_MEASURED","2026-08-31"
"DPcat",11,"productCA","productCA(SCA_Bose(3)[, 1:3], productCA(SCA_Bose(3)[, 1:3], productCA(SCA_LCDST(5, 3)[, 1:4],     SCA_LCDST(5, 3)[, 1:4], c1 = 3), c1 = 3), 3)",31,144,3,3,"INGREDIENT_MEASURED","2026-08-31"
"DPcat",11,"productCA","SCA_Bose(3)",9,4,3,3,"INGREDIENT_MEASURED","2026-08-31"
"DPcat",11,"productCA","productCA(SCA_Bose(3)[, 1:3], productCA(SCA_LCDST(5, 3)[, 1:4], SCA_LCDST(5, 3)[, 1:4], c1 = 3), 3)",25,48,3,3,"INGREDIENT_MEASURED","2026-08-31"
"DPcat",11,"productCA","SCA_Bose(3)",9,4,3,3,"INGREDIENT_MEASURED","2026-08-31"
"DPcat",11,"productCA","productCA(SCA_LCDST(5, 3)[, 1:4], SCA_LCDST(5, 3)[, 1:4], 3)",19,16,3,3,"INGREDIENT_MEASURED","2026-08-31"
"DPcat",11,"productCA","SCA_LCDST(5, 3)",11,5,3,3,"INGREDIENT_MEASURED","2026-08-31"
"DPcat",11,"productCA","SCA_LCDST(5, 3)",11,5,3,3,"INGREDIENT_MEASURED","2026-08-31"
"DPcat",12,"productCA","SCA_LCDST(5, 3)",11,5,3,3,"INGREDIENT_MEASURED","2026-08-31"
"DPcat",12,"productCA","productCA(SCA_LCDST(5, 3)[, 1:4], productCA(SCA_Bose(3)[, 1:3], productCA(SCA_LCDST(5, 3)[, 1:4],     SCA_LCDST(5, 3)[, 1:4], c1 = 3), c1 = 3), 3)",33,192,3,3,"INGREDIENT_MEASURED","2026-08-31"
"DPcat",12,"productCA","SCA_LCDST(5, 3)",11,5,3,3,"INGREDIENT_MEASURED","2026-08-31"
"DPcat",12,"productCA","productCA(SCA_Bose(3)[, 1:3], productCA(SCA_LCDST(5, 3)[, 1:4], SCA_LCDST(5, 3)[, 1:4], c1 = 3), 3)",25,48,3,3,"INGREDIENT_MEASURED","2026-08-31"
"DPcat",12,"productCA","SCA_Bose(3)",9,4,3,3,"INGREDIENT_MEASURED","2026-08-31"
"DPcat",12,"productCA","productCA(SCA_LCDST(5, 3)[, 1:4], SCA_LCDST(5, 3)[, 1:4], 3)",19,16,3,3,"INGREDIENT_MEASURED","2026-08-31"
"DPcat",12,"productCA","SCA_LCDST(5, 3)",11,5,3,3,"INGREDIENT_MEASURED","2026-08-31"
"DPcat",12,"productCA","SCA_LCDST(5, 3)",11,5,3,3,"INGREDIENT_MEASURED","2026-08-31"
"DPcat",13,"productCA","SCA_Bose(3)",9,4,3,3,"INGREDIENT_MEASURED","2026-08-31"
"DPcat",13,"productCA","productCA(SCA_Bose(3)[, 1:3], productCA(SCA_Bose(3)[, 1:3], productCA(SCA_Bose(3)[, 1:3], productCA(SCA_LCDST(5,     3)[, 1:4], SCA_LCDST(5, 3)[, 1:4], c1 = 3), c1 = 3), c1 = 3), 3)",37,432,3,3,"INGREDIENT_MEASURED","2026-08-31"
"DPcat",13,"productCA","SCA_Bose(3)",9,4,3,3,"INGREDIENT_MEASURED","2026-08-31"
"DPcat",13,"productCA","productCA(SCA_Bose(3)[, 1:3], productCA(SCA_Bose(3)[, 1:3], productCA(SCA_LCDST(5, 3)[, 1:4],     SCA_LCDST(5, 3)[, 1:4], c1 = 3), c1 = 3), 3)",31,144,3,3,"INGREDIENT_MEASURED","2026-08-31"
"DPcat",13,"productCA","SCA_Bose(3)",9,4,3,3,"INGREDIENT_MEASURED","2026-08-31"
"DPcat",13,"productCA","productCA(SCA_Bose(3)[, 1:3], productCA(SCA_LCDST(5, 3)[, 1:4], SCA_LCDST(5, 3)[, 1:4], c1 = 3), 3)",25,48,3,3,"INGREDIENT_MEASURED","2026-08-31"
"DPcat",13,"productCA","SCA_Bose(3)",9,4,3,3,"INGREDIENT_MEASURED","2026-08-31"
"DPcat",13,"productCA","productCA(SCA_LCDST(5, 3)[, 1:4], SCA_LCDST(5, 3)[, 1:4], 3)",19,16,3,3,"INGREDIENT_MEASURED","2026-08-31"
"DPcat",13,"productCA","SCA_LCDST(5, 3)",11,5,3,3,"INGREDIENT_MEASURED","2026-08-31"
"DPcat",13,"productCA","SCA_LCDST(5, 3)",11,5,3,3,"INGREDIENT_MEASURED","2026-08-31"
"DPcat",14,"productCA","SCA_LCDST(5, 3)",11,5,3,3,"INGREDIENT_MEASURED","2026-08-31"
"DPcat",14,"productCA","productCA(SCA_Bose(3)[, 1:3], productCA(SCA_Bose(3)[, 1:3], productCA(SCA_Bose(3)[, 1:3], productCA(SCA_LCDST(5,     3)[, 1:4], SCA_LCDST(5, 3)[, 1:4], c1 = 3), c1 = 3), c1 = 3), 3)",37,432,3,3,"INGREDIENT_MEASURED","2026-08-31"
"DPcat",14,"productCA","SCA_Bose(3)",9,4,3,3,"INGREDIENT_MEASURED","2026-08-31"
"DPcat",14,"productCA","productCA(SCA_Bose(3)[, 1:3], productCA(SCA_Bose(3)[, 1:3], productCA(SCA_LCDST(5, 3)[, 1:4],     SCA_LCDST(5, 3)[, 1:4], c1 = 3), c1 = 3), 3)",31,144,3,3,"INGREDIENT_MEASURED","2026-08-31"
"DPcat",14,"productCA","SCA_Bose(3)",9,4,3,3,"INGREDIENT_MEASURED","2026-08-31"
"DPcat",14,"productCA","productCA(SCA_Bose(3)[, 1:3], productCA(SCA_LCDST(5, 3)[, 1:4], SCA_LCDST(5, 3)[, 1:4], c1 = 3), 3)",25,48,3,3,"INGREDIENT_MEASURED","2026-08-31"
"DPcat",14,"productCA","SCA_Bose(3)",9,4,3,3,"INGREDIENT_MEASURED","2026-08-31"
"DPcat",14,"productCA","productCA(SCA_LCDST(5, 3)[, 1:4], SCA_LCDST(5, 3)[, 1:4], 3)",19,16,3,3,"INGREDIENT_MEASURED","2026-08-31"
"DPcat",14,"productCA","SCA_LCDST(5, 3)",11,5,3,3,"INGREDIENT_MEASURED","2026-08-31"
"DPcat",14,"productCA","SCA_LCDST(5, 3)",11,5,3,3,"INGREDIENT_MEASURED","2026-08-31"
"DPcat",15,"productCA","SCA_LCDST(5, 3)",11,5,3,3,"INGREDIENT_MEASURED","2026-08-31"
"DPcat",15,"productCA","productCA(SCA_LCDST(5, 3)[, 1:4], productCA(SCA_Bose(3)[, 1:3], productCA(SCA_Bose(3)[, 1:3], productCA(SCA_LCDST(5,     3)[, 1:4], SCA_LCDST(5, 3)[, 1:4], c1 = 3), c1 = 3), c1 = 3), 3)",39,576,3,3,"INGREDIENT_MEASURED","2026-08-31"
"DPcat",15,"productCA","SCA_LCDST(5, 3)",11,5,3,3,"INGREDIENT_MEASURED","2026-08-31"
"DPcat",15,"productCA","productCA(SCA_Bose(3)[, 1:3], productCA(SCA_Bose(3)[, 1:3], productCA(SCA_LCDST(5, 3)[, 1:4],     SCA_LCDST(5, 3)[, 1:4], c1 = 3), c1 = 3), 3)",31,144,3,3,"INGREDIENT_MEASURED","2026-08-31"
"DPcat",15,"productCA","SCA_Bose(3)",9,4,3,3,"INGREDIENT_MEASURED","2026-08-31"
"DPcat",15,"productCA","productCA(SCA_Bose(3)[, 1:3], productCA(SCA_LCDST(5, 3)[, 1:4], SCA_LCDST(5, 3)[, 1:4], c1 = 3), 3)",25,48,3,3,"INGREDIENT_MEASURED","2026-08-31"
"DPcat",15,"productCA","SCA_Bose(3)",9,4,3,3,"INGREDIENT_MEASURED","2026-08-31"
"DPcat",15,"productCA","productCA(SCA_LCDST(5, 3)[, 1:4], SCA_LCDST(5, 3)[, 1:4], 3)",19,16,3,3,"INGREDIENT_MEASURED","2026-08-31"
"DPcat",15,"productCA","SCA_LCDST(5, 3)",11,5,3,3,"INGREDIENT_MEASURED","2026-08-31"
"DPcat",15,"productCA","SCA_LCDST(5, 3)",11,5,3,3,"INGREDIENT_MEASURED","2026-08-31"
"DPcat",16,"productCA","SCA_LCDST(5, 3)",11,5,3,3,"INGREDIENT_MEASURED","2026-08-31"
"DPcat",16,"productCA","productCA(SCA_LCDST(5, 3)[, 1:4], productCA(SCA_LCDST(5, 3)[, 1:4], productCA(SCA_Bose(3)[, 1:3],     productCA(SCA_LCDST(5, 3)[, 1:4], SCA_LCDST(5, 3)[, 1:4],         c1 = 3), c1 = 3), c1 = 3), 3)",41,768,3,3,"INGREDIENT_MEASURED","2026-08-31"
"DPcat",16,"productCA","SCA_LCDST(5, 3)",11,5,3,3,"INGREDIENT_MEASURED","2026-08-31"
"DPcat",16,"productCA","productCA(SCA_LCDST(5, 3)[, 1:4], productCA(SCA_Bose(3)[, 1:3], productCA(SCA_LCDST(5, 3)[, 1:4],     SCA_LCDST(5, 3)[, 1:4], c1 = 3), c1 = 3), 3)",33,192,3,3,"INGREDIENT_MEASURED","2026-08-31"
"DPcat",16,"productCA","SCA_LCDST(5, 3)",11,5,3,3,"INGREDIENT_MEASURED","2026-08-31"
"DPcat",16,"productCA","productCA(SCA_Bose(3)[, 1:3], productCA(SCA_LCDST(5, 3)[, 1:4], SCA_LCDST(5, 3)[, 1:4], c1 = 3), 3)",25,48,3,3,"INGREDIENT_MEASURED","2026-08-31"
"DPcat",16,"productCA","SCA_Bose(3)",9,4,3,3,"INGREDIENT_MEASURED","2026-08-31"
"DPcat",16,"productCA","productCA(SCA_LCDST(5, 3)[, 1:4], SCA_LCDST(5, 3)[, 1:4], 3)",19,16,3,3,"INGREDIENT_MEASURED","2026-08-31"
"DPcat",16,"productCA","SCA_LCDST(5, 3)",11,5,3,3,"INGREDIENT_MEASURED","2026-08-31"
"DPcat",16,"productCA","SCA_LCDST(5, 3)",11,5,3,3,"INGREDIENT_MEASURED","2026-08-31"
"DPcat",17,"productCA","SCA_LCDST(5, 3)",11,5,3,3,"INGREDIENT_MEASURED","2026-08-31"
"DPcat",17,"productCA","productCA(SCA_LCDST(5, 3)[, 1:4], productCA(SCA_LCDST(5, 3)[, 1:4], productCA(SCA_LCDST(5, 3)[,     1:4], productCA(SCA_LCDST(5, 3)[, 1:4], SCA_LCDST(5, 3)[,     1:4], c1 = 3), c1 = 3), c1 = 3), 3)",43,1024,3,3,"INGREDIENT_MEASURED","2026-08-31"
"DPcat",17,"productCA","SCA_LCDST(5, 3)",11,5,3,3,"INGREDIENT_MEASURED","2026-08-31"
"DPcat",17,"productCA","productCA(SCA_LCDST(5, 3)[, 1:4], productCA(SCA_LCDST(5, 3)[, 1:4], productCA(SCA_LCDST(5, 3)[,     1:4], SCA_LCDST(5, 3)[, 1:4], c1 = 3), c1 = 3), 3)",35,256,3,3,"INGREDIENT_MEASURED","2026-08-31"
"DPcat",17,"productCA","SCA_LCDST(5, 3)",11,5,3,3,"INGREDIENT_MEASURED","2026-08-31"
"DPcat",17,"productCA","productCA(SCA_LCDST(5, 3)[, 1:4], productCA(SCA_LCDST(5, 3)[, 1:4], SCA_LCDST(5, 3)[, 1:4], c1 = 3), 3)",27,64,3,3,"INGREDIENT_MEASURED","2026-08-31"
"DPcat",17,"productCA","SCA_LCDST(5, 3)",11,5,3,3,"INGREDIENT_MEASURED","2026-08-31"
"DPcat",17,"productCA","productCA(SCA_LCDST(5, 3)[, 1:4], SCA_LCDST(5, 3)[, 1:4], 3)",19,16,3,3,"INGREDIENT_MEASURED","2026-08-31"
"DPcat",17,"productCA","SCA_LCDST(5, 3)",11,5,3,3,"INGREDIENT_MEASURED","2026-08-31"
"DPcat",17,"productCA","SCA_LCDST(5, 3)",11,5,3,3,"INGREDIENT_MEASURED","2026-08-31"
"DPcat",18,"productCA","SCA_LCDST(5, 3)",11,5,3,3,"INGREDIENT_MEASURED","2026-08-31"
"DPcat",18,"productCA","productCA(SCA_LCDST(5, 3)[, 1:4], productCA(SCA_LCDST(5, 3)[, 1:4], productCA(SCA_LCDST(5, 3)[,     1:4], productCA(SCA_LCDST(5, 3)[, 1:4], CS_CMMSSY(6, 3)[,     1:5], c1 = 3), c1 = 3), c1 = 3), 3)",45,1280,3,3,"INGREDIENT_MEASURED","2026-08-31"
"DPcat",18,"productCA","SCA_LCDST(5, 3)",11,5,3,3,"INGREDIENT_MEASURED","2026-08-31"
"DPcat",18,"productCA","productCA(SCA_LCDST(5, 3)[, 1:4], productCA(SCA_LCDST(5, 3)[, 1:4], productCA(SCA_LCDST(5, 3)[,     1:4], CS_CMMSSY(6, 3)[, 1:5], c1 = 3), c1 = 3), 3)",37,320,3,3,"INGREDIENT_MEASURED","2026-08-31"
"DPcat",18,"productCA","SCA_LCDST(5, 3)",11,5,3,3,"INGREDIENT_MEASURED","2026-08-31"
"DPcat",18,"productCA","productCA(SCA_LCDST(5, 3)[, 1:4], productCA(SCA_LCDST(5, 3)[, 1:4], CS_CMMSSY(6, 3)[, 1:5], c1 = 3), 3)",29,80,3,3,"INGREDIENT_MEASURED","2026-08-31"
"DPcat",18,"productCA","SCA_LCDST(5, 3)",11,5,3,3,"INGREDIENT_MEASURED","2026-08-31"
"DPcat",18,"productCA","productCA(SCA_LCDST(5, 3)[, 1:4], CS_CMMSSY(6, 3)[, 1:5], 3)",21,20,3,3,"INGREDIENT_MEASURED","2026-08-31"
"DPcat",18,"productCA","SCA_LCDST(5, 3)",11,5,3,3,"INGREDIENT_MEASURED","2026-08-31"
"DPcat",18,"productCA","CS_CMMSSY(6, 3)",13,6,3,3,"INGREDIENT_MEASURED","2026-08-31"
"DPcat",19,"productCA","SCA_LCDST(5, 3)",11,5,3,3,"INGREDIENT_MEASURED","2026-08-31"
"DPcat",19,"productCA","productCA(SCA_LCDST(5, 3)[, 1:4], productCA(SCA_LCDST(5, 3)[, 1:4], productCA(SCA_LCDST(5, 3)[,     1:4], productCA(CS_CMMSSY(6, 3)[, 1:5], CS_CMMSSY(6, 3)[,     1:5], c1 = 3), c1 = 3), c1 = 3), 3)",47,1600,3,3,"INGREDIENT_MEASURED","2026-08-31"
"DPcat",19,"productCA","SCA_LCDST(5, 3)",11,5,3,3,"INGREDIENT_MEASURED","2026-08-31"
"DPcat",19,"productCA","productCA(SCA_LCDST(5, 3)[, 1:4], productCA(SCA_LCDST(5, 3)[, 1:4], productCA(CS_CMMSSY(6, 3)[,     1:5], CS_CMMSSY(6, 3)[, 1:5], c1 = 3), c1 = 3), 3)",39,400,3,3,"INGREDIENT_MEASURED","2026-08-31"
"DPcat",19,"productCA","SCA_LCDST(5, 3)",11,5,3,3,"INGREDIENT_MEASURED","2026-08-31"
"DPcat",19,"productCA","productCA(SCA_LCDST(5, 3)[, 1:4], productCA(CS_CMMSSY(6, 3)[, 1:5], CS_CMMSSY(6, 3)[, 1:5], c1 = 3), 3)",31,100,3,3,"INGREDIENT_MEASURED","2026-08-31"
"DPcat",19,"productCA","SCA_LCDST(5, 3)",11,5,3,3,"INGREDIENT_MEASURED","2026-08-31"
"DPcat",19,"productCA","productCA(CS_CMMSSY(6, 3)[, 1:5], CS_CMMSSY(6, 3)[, 1:5], 3)",23,25,3,3,"INGREDIENT_MEASURED","2026-08-31"
"DPcat",19,"productCA","CS_CMMSSY(6, 3)",13,6,3,3,"INGREDIENT_MEASURED","2026-08-31"
"DPcat",19,"productCA","CS_CMMSSY(6, 3)",13,6,3,3,"INGREDIENT_MEASURED","2026-08-31"
"DPcat",20,"productCA","SCA_LCDST(5, 3)",11,5,3,3,"INGREDIENT_MEASURED","2026-08-31"
"DPcat",20,"productCA","productCA(SCA_LCDST(5, 3)[, 1:4], productCA(SCA_LCDST(5, 3)[, 1:4], productCA(CS_CMMSSY(6, 3)[,     1:5], productCA(CS_CMMSSY(6, 3)[, 1:5], CS_CMMSSY(6, 3)[,     1:5], c1 = 3), c1 = 3), c1 = 3), 3)",49,2000,3,3,"INGREDIENT_MEASURED","2026-08-31"
"DPcat",20,"productCA","SCA_LCDST(5, 3)",11,5,3,3,"INGREDIENT_MEASURED","2026-08-31"
"DPcat",20,"productCA","productCA(SCA_LCDST(5, 3)[, 1:4], productCA(CS_CMMSSY(6, 3)[, 1:5], productCA(CS_CMMSSY(6, 3)[,     1:5], CS_CMMSSY(6, 3)[, 1:5], c1 = 3), c1 = 3), 3)",41,500,3,3,"INGREDIENT_MEASURED","2026-08-31"
"DPcat",20,"productCA","SCA_LCDST(5, 3)",11,5,3,3,"INGREDIENT_MEASURED","2026-08-31"
"DPcat",20,"productCA","productCA(CS_CMMSSY(6, 3)[, 1:5], productCA(CS_CMMSSY(6, 3)[, 1:5], CS_CMMSSY(6, 3)[, 1:5], c1 = 3), 3)",33,125,3,3,"INGREDIENT_MEASURED","2026-08-31"
"DPcat",20,"productCA","CS_CMMSSY(6, 3)",13,6,3,3,"INGREDIENT_MEASURED","2026-08-31"
"DPcat",20,"productCA","productCA(CS_CMMSSY(6, 3)[, 1:5], CS_CMMSSY(6, 3)[, 1:5], 3)",23,25,3,3,"INGREDIENT_MEASURED","2026-08-31"
"DPcat",20,"productCA","CS_CMMSSY(6, 3)",13,6,3,3,"INGREDIENT_MEASURED","2026-08-31"
"DPcat",20,"productCA","CS_CMMSSY(6, 3)",13,6,3,3,"INGREDIENT_MEASURED","2026-08-31"
"DPcat",21,"productCA","SCA_LCDST(5, 3)",11,5,3,3,"INGREDIENT_MEASURED","2026-08-31"
"DPcat",21,"productCA","productCA(SCA_LCDST(5, 3)[, 1:4], productCA(CS_CMMSSY(6, 3)[, 1:5], productCA(CS_CMMSSY(6, 3)[,     1:5], productCA(CS_CMMSSY(6, 3)[, 1:5], CS_CMMSSY(6, 3)[,     1:5], c1 = 3), c1 = 3), c1 = 3), 3)",51,2500,3,3,"INGREDIENT_MEASURED","2026-08-31"
"DPcat",21,"productCA","SCA_LCDST(5, 3)",11,5,3,3,"INGREDIENT_MEASURED","2026-08-31"
"DPcat",21,"productCA","productCA(CS_CMMSSY(6, 3)[, 1:5], productCA(CS_CMMSSY(6, 3)[, 1:5], productCA(CS_CMMSSY(6, 3)[,     1:5], CS_CMMSSY(6, 3)[, 1:5], c1 = 3), c1 = 3), 3)",43,625,3,3,"INGREDIENT_MEASURED","2026-08-31"
"DPcat",21,"productCA","CS_CMMSSY(6, 3)",13,6,3,3,"INGREDIENT_MEASURED","2026-08-31"
"DPcat",21,"productCA","productCA(CS_CMMSSY(6, 3)[, 1:5], productCA(CS_CMMSSY(6, 3)[, 1:5], CS_CMMSSY(6, 3)[, 1:5], c1 = 3), 3)",33,125,3,3,"INGREDIENT_MEASURED","2026-08-31"
"DPcat",21,"productCA","CS_CMMSSY(6, 3)",13,6,3,3,"INGREDIENT_MEASURED","2026-08-31"
"DPcat",21,"productCA","productCA(CS_CMMSSY(6, 3)[, 1:5], CS_CMMSSY(6, 3)[, 1:5], 3)",23,25,3,3,"INGREDIENT_MEASURED","2026-08-31"
"DPcat",21,"productCA","CS_CMMSSY(6, 3)",13,6,3,3,"INGREDIENT_MEASURED","2026-08-31"
"DPcat",21,"productCA","CS_CMMSSY(6, 3)",13,6,3,3,"INGREDIENT_MEASURED","2026-08-31"
"DPcat",22,"productCA","SCA_LCDST(5, 3)",11,5,3,3,"INGREDIENT_MEASURED","2026-08-31"
"DPcat",22,"productCA","productCA(CS_CMMSSY(6, 3)[, 1:5], productCA(CS_CMMSSY(6, 3)[, 1:5], productCA(CS_CMMSSY(6, 3)[,     1:5], productCA(CS_CMMSSY(6, 3)[, 1:5], CS_CMMSSY(6, 3)[,     1:5], c1 = 3), c1 = 3), c1 = 3), 3)",53,3125,3,3,"INGREDIENT_MEASURED","2026-08-31"
"DPcat",22,"productCA","CS_CMMSSY(6, 3)",13,6,3,3,"INGREDIENT_MEASURED","2026-08-31"
"DPcat",22,"productCA","productCA(CS_CMMSSY(6, 3)[, 1:5], productCA(CS_CMMSSY(6, 3)[, 1:5], productCA(CS_CMMSSY(6, 3)[,     1:5], CS_CMMSSY(6, 3)[, 1:5], c1 = 3), c1 = 3), 3)",43,625,3,3,"INGREDIENT_MEASURED","2026-08-31"
"DPcat",22,"productCA","CS_CMMSSY(6, 3)",13,6,3,3,"INGREDIENT_MEASURED","2026-08-31"
"DPcat",22,"productCA","productCA(CS_CMMSSY(6, 3)[, 1:5], productCA(CS_CMMSSY(6, 3)[, 1:5], CS_CMMSSY(6, 3)[, 1:5], c1 = 3), 3)",33,125,3,3,"INGREDIENT_MEASURED","2026-08-31"
"DPcat",22,"productCA","CS_CMMSSY(6, 3)",13,6,3,3,"INGREDIENT_MEASURED","2026-08-31"
"DPcat",22,"productCA","productCA(CS_CMMSSY(6, 3)[, 1:5], CS_CMMSSY(6, 3)[, 1:5], 3)",23,25,3,3,"INGREDIENT_MEASURED","2026-08-31"
"DPcat",22,"productCA","CS_CMMSSY(6, 3)",13,6,3,3,"INGREDIENT_MEASURED","2026-08-31"
"DPcat",22,"productCA","CS_CMMSSY(6, 3)",13,6,3,3,"INGREDIENT_MEASURED","2026-08-31"
"DPcat",23,"productCA","CS_CMMSSY(6, 3)",13,6,3,3,"INGREDIENT_MEASURED","2026-08-31"
"DPcat",23,"productCA","productCA(CS_CMMSSY(6, 3)[, 1:5], productCA(CS_CMMSSY(6, 3)[, 1:5], productCA(CS_CMMSSY(6, 3)[,     1:5], productCA(CS_CMMSSY(6, 3)[, 1:5], CS_CMMSSY(6, 3)[,     1:5], c1 = 3), c1 = 3), c1 = 3), 3)",53,3125,3,3,"INGREDIENT_MEASURED","2026-08-31"
"DPcat",23,"productCA","CS_CMMSSY(6, 3)",13,6,3,3,"INGREDIENT_MEASURED","2026-08-31"
"DPcat",23,"productCA","productCA(CS_CMMSSY(6, 3)[, 1:5], productCA(CS_CMMSSY(6, 3)[, 1:5], productCA(CS_CMMSSY(6, 3)[,     1:5], CS_CMMSSY(6, 3)[, 1:5], c1 = 3), c1 = 3), 3)",43,625,3,3,"INGREDIENT_MEASURED","2026-08-31"
"DPcat",23,"productCA","CS_CMMSSY(6, 3)",13,6,3,3,"INGREDIENT_MEASURED","2026-08-31"
"DPcat",23,"productCA","productCA(CS_CMMSSY(6, 3)[, 1:5], productCA(CS_CMMSSY(6, 3)[, 1:5], CS_CMMSSY(6, 3)[, 1:5], c1 = 3), 3)",33,125,3,3,"INGREDIENT_MEASURED","2026-08-31"
"DPcat",23,"productCA","CS_CMMSSY(6, 3)",13,6,3,3,"INGREDIENT_MEASURED","2026-08-31"
"DPcat",23,"productCA","productCA(CS_CMMSSY(6, 3)[, 1:5], CS_CMMSSY(6, 3)[, 1:5], 3)",23,25,3,3,"INGREDIENT_MEASURED","2026-08-31"
"DPcat",23,"productCA","CS_CMMSSY(6, 3)",13,6,3,3,"INGREDIENT_MEASURED","2026-08-31"
"DPcat",23,"productCA","CS_CMMSSY(6, 3)",13,6,3,3,"INGREDIENT_MEASURED","2026-08-31"
"DPcat",24,"productCA","CS_CMMSSY(6, 3)",13,6,3,3,"INGREDIENT_MEASURED","2026-08-31"
"DPcat",24,"productCA","productCA(CS_CMMSSY(6, 3)[, 1:5], productCA(CS_CMMSSY(6, 3)[, 1:5], productCA(CS_CMMSSY(6, 3)[,     1:5], productCA(CS_CMMSSY(6, 3)[, 1:5], SCA_MS(7, 3)[, 1:6],     c1 = 3), c1 = 3), c1 = 3), 3)",55,3750,3,3,"INGREDIENT_MEASURED","2026-08-31"
"DPcat",24,"productCA","CS_CMMSSY(6, 3)",13,6,3,3,"INGREDIENT_MEASURED","2026-08-31"
"DPcat",24,"productCA","productCA(CS_CMMSSY(6, 3)[, 1:5], productCA(CS_CMMSSY(6, 3)[, 1:5], productCA(CS_CMMSSY(6, 3)[,     1:5], SCA_MS(7, 3)[, 1:6], c1 = 3), c1 = 3), 3)",45,750,3,3,"INGREDIENT_MEASURED","2026-08-31"
"DPcat",24,"productCA","CS_CMMSSY(6, 3)",13,6,3,3,"INGREDIENT_MEASURED","2026-08-31"
"DPcat",24,"productCA","productCA(CS_CMMSSY(6, 3)[, 1:5], productCA(CS_CMMSSY(6, 3)[, 1:5], SCA_MS(7, 3)[, 1:6], c1 = 3), 3)",35,150,3,3,"INGREDIENT_MEASURED","2026-08-31"
"DPcat",24,"productCA","CS_CMMSSY(6, 3)",13,6,3,3,"INGREDIENT_MEASURED","2026-08-31"
"DPcat",24,"productCA","productCA(CS_CMMSSY(6, 3)[, 1:5], SCA_MS(7, 3)[, 1:6], 3)",25,30,3,3,"INGREDIENT_MEASURED","2026-08-31"
"DPcat",24,"productCA","CS_CMMSSY(6, 3)",13,6,3,3,"INGREDIENT_MEASURED","2026-08-31"
"DPcat",24,"productCA","SCA_MS(7, 3)",15,7,3,3,"INGREDIENT_MEASURED","2026-08-31"
"DPcat",25,"productCA","CS_CMMSSY(6, 3)",13,6,3,3,"INGREDIENT_MEASURED","2026-08-31"
"DPcat",25,"productCA","productCA(CS_CMMSSY(6, 3)[, 1:5], productCA(CS_CMMSSY(6, 3)[, 1:5], productCA(CS_CMMSSY(6, 3)[,     1:5], productCA(SCA_MS(7, 3)[, 1:6], SCA_MS(7, 3)[, 1:6],     c1 = 3), c1 = 3), c1 = 3), 3)",57,4500,3,3,"INGREDIENT_MEASURED","2026-08-31"
"DPcat",25,"productCA","CS_CMMSSY(6, 3)",13,6,3,3,"INGREDIENT_MEASURED","2026-08-31"
"DPcat",25,"productCA","productCA(CS_CMMSSY(6, 3)[, 1:5], productCA(CS_CMMSSY(6, 3)[, 1:5], productCA(SCA_MS(7, 3)[, 1:6],     SCA_MS(7, 3)[, 1:6], c1 = 3), c1 = 3), 3)",47,900,3,3,"INGREDIENT_MEASURED","2026-08-31"
"DPcat",25,"productCA","CS_CMMSSY(6, 3)",13,6,3,3,"INGREDIENT_MEASURED","2026-08-31"
"DPcat",25,"productCA","productCA(CS_CMMSSY(6, 3)[, 1:5], productCA(SCA_MS(7, 3)[, 1:6], SCA_MS(7, 3)[, 1:6], c1 = 3), 3)",37,180,3,3,"INGREDIENT_MEASURED","2026-08-31"
"DPcat",25,"productCA","CS_CMMSSY(6, 3)",13,6,3,3,"INGREDIENT_MEASURED","2026-08-31"
"DPcat",25,"productCA","productCA(SCA_MS(7, 3)[, 1:6], SCA_MS(7, 3)[, 1:6], 3)",27,36,3,3,"INGREDIENT_MEASURED","2026-08-31"
"DPcat",25,"productCA","SCA_MS(7, 3)",15,7,3,3,"INGREDIENT_MEASURED","2026-08-31"
"DPcat",25,"productCA","SCA_MS(7, 3)",15,7,3,3,"INGREDIENT_MEASURED","2026-08-31"
"DPcat",26,"productCA","SCA_LCDST(6, 4)",19,6,4,4,"INGREDIENT_MEASURED","2026-08-31"
"DPcat",26,"productCA","SCA_LCDST(6, 4)",19,6,4,4,"INGREDIENT_MEASURED","2026-08-31"
"DPcat",27,"productCA","SCA_LCDST(6, 4)",19,6,4,4,"INGREDIENT_MEASURED","2026-08-31"
"DPcat",27,"productCA","miscCA(2, 7, 4)",21,7,4,4,"INGREDIENT_MEASURED","2026-08-31"
"DPcat",28,"productCA","miscCA(2, 7, 4)",21,7,4,4,"INGREDIENT_MEASURED","2026-08-31"
"DPcat",28,"productCA","miscCA(2, 7, 4)",21,7,4,4,"INGREDIENT_MEASURED","2026-08-31"
"DPcat",29,"productCA","miscCA(2, 7, 4)",21,7,4,4,"INGREDIENT_MEASURED","2026-08-31"
"DPcat",29,"productCA","miscCA(2, 8, 4)",23,8,4,4,"INGREDIENT_MEASURED","2026-08-31"
"DPcat",30,"productCA","miscCA(2, 8, 4)",23,8,4,4,"INGREDIENT_MEASURED","2026-08-31"
"DPcat",30,"productCA","miscCA(2, 8, 4)",23,8,4,4,"INGREDIENT_MEASURED","2026-08-31"
"DPcat",31,"productCA","miscCA(2, 7, 4)",21,7,4,4,"INGREDIENT_MEASURED","2026-08-31"
"DPcat",31,"productCA","miscCA(2, 11, 4)",26,11,4,4,"INGREDIENT_MEASURED","2026-08-31"
"DPcat",32,"productCA","miscCA(2, 8, 4)",23,8,4,4,"INGREDIENT_MEASURED","2026-08-31"
"DPcat",32,"productCA","miscCA(2, 11, 4)",26,11,4,4,"INGREDIENT_MEASURED","2026-08-31"
"DPcat",33,"productCA","SCA_Bose(4)",16,5,4,4,"INGREDIENT_MEASURED","2026-08-31"
"DPcat",33,"productCA","productCA(SCA_LCDST(6, 4)[, 1:5], SCA_LCDST(6, 4)[, 1:5], 4)",34,25,4,4,"INGREDIENT_MEASURED","2026-08-31"
"DPcat",33,"productCA","SCA_LCDST(6, 4)",19,6,4,4,"INGREDIENT_MEASURED","2026-08-31"
"DPcat",33,"productCA","SCA_LCDST(6, 4)",19,6,4,4,"INGREDIENT_MEASURED","2026-08-31"
"DPcat",34,"productCA","SCA_Bose(4)",16,5,4,4,"INGREDIENT_MEASURED","2026-08-31"
"DPcat",34,"productCA","productCA(SCA_LCDST(6, 4)[, 1:5], miscCA(2, 7, 4), 4)",36,35,4,4,"INGREDIENT_MEASURED","2026-08-31"
"DPcat",34,"productCA","SCA_LCDST(6, 4)",19,6,4,4,"INGREDIENT_MEASURED","2026-08-31"
"DPcat",34,"productCA","miscCA(2, 7, 4)",21,7,4,4,"INGREDIENT_MEASURED","2026-08-31"
"DPcat",35,"productCA","SCA_Bose(4)",16,5,4,4,"INGREDIENT_MEASURED","2026-08-31"
"DPcat",35,"productCA","productCA(miscCA(2, 7, 4), miscCA(2, 7, 4), 2)",38,49,4,4,"INGREDIENT_MEASURED","2026-08-31"
"DPcat",35,"productCA","miscCA(2, 7, 4)",21,7,4,4,"INGREDIENT_MEASURED","2026-08-31"
"DPcat",35,"productCA","miscCA(2, 7, 4)",21,7,4,4,"INGREDIENT_MEASURED","2026-08-31"
"DPcat",36,"productCA","SCA_Bose(4)",16,5,4,4,"INGREDIENT_MEASURED","2026-08-31"
"DPcat",36,"productCA","productCA(miscCA(2, 7, 4), miscCA(2, 8, 4), 2)",40,56,4,4,"INGREDIENT_MEASURED","2026-08-31"
"DPcat",36,"productCA","miscCA(2, 7, 4)",21,7,4,4,"INGREDIENT_MEASURED","2026-08-31"
"DPcat",36,"productCA","miscCA(2, 8, 4)",23,8,4,4,"INGREDIENT_MEASURED","2026-08-31"
"DPcat",37,"productCA","SCA_LCDST(6, 4)",19,6,4,4,"INGREDIENT_MEASURED","2026-08-31"
"DPcat",37,"productCA","productCA(miscCA(2, 7, 4), miscCA(2, 7, 4), 2)",38,49,4,4,"INGREDIENT_MEASURED","2026-08-31"
"DPcat",37,"productCA","miscCA(2, 7, 4)",21,7,4,4,"INGREDIENT_MEASURED","2026-08-31"
"DPcat",37,"productCA","miscCA(2, 7, 4)",21,7,4,4,"INGREDIENT_MEASURED","2026-08-31"
"DPcat",38,"productCA","SCA_Bose(4)",16,5,4,4,"INGREDIENT_MEASURED","2026-08-31"
"DPcat",38,"productCA","productCA(miscCA(2, 8, 4), miscCA(2, 8, 4), 2)",42,64,4,4,"INGREDIENT_MEASURED","2026-08-31"
"DPcat",38,"productCA","miscCA(2, 8, 4)",23,8,4,4,"INGREDIENT_MEASURED","2026-08-31"
"DPcat",38,"productCA","miscCA(2, 8, 4)",23,8,4,4,"INGREDIENT_MEASURED","2026-08-31"
"DPcat",39,"productCA","SCA_Bose(4)",16,5,4,4,"INGREDIENT_MEASURED","2026-08-31"
"DPcat",39,"productCA","productCA(miscCA(2, 7, 4), miscCA(2, 11, 4), 2)",43,77,4,4,"INGREDIENT_MEASURED","2026-08-31"
"DPcat",39,"productCA","miscCA(2, 7, 4)",21,7,4,4,"INGREDIENT_MEASURED","2026-08-31"
"DPcat",39,"productCA","miscCA(2, 11, 4)",26,11,4,4,"INGREDIENT_MEASURED","2026-08-31"
"DPcat",40,"productCA","miscCA(2, 7, 4)",21,7,4,4,"INGREDIENT_MEASURED","2026-08-31"
"DPcat",40,"productCA","productCA(miscCA(2, 7, 4), miscCA(2, 7, 4), 2)",38,49,4,4,"INGREDIENT_MEASURED","2026-08-31"
"DPcat",40,"productCA","miscCA(2, 7, 4)",21,7,4,4,"INGREDIENT_MEASURED","2026-08-31"
"DPcat",40,"productCA","miscCA(2, 7, 4)",21,7,4,4,"INGREDIENT_MEASURED","2026-08-31"
"DPcat",41,"productCA","SCA_Bose(4)",16,5,4,4,"INGREDIENT_MEASURED","2026-08-31"
"DPcat",41,"productCA","productCA(miscCA(2, 8, 4), miscCA(2, 11, 4), 2)",45,88,4,4,"INGREDIENT_MEASURED","2026-08-31"
"DPcat",41,"productCA","miscCA(2, 8, 4)",23,8,4,4,"INGREDIENT_MEASURED","2026-08-31"
"DPcat",41,"productCA","miscCA(2, 11, 4)",26,11,4,4,"INGREDIENT_MEASURED","2026-08-31"
"DPcat",42,"productCA","SCA_Bose(4)",16,5,4,4,"INGREDIENT_MEASURED","2026-08-31"
"DPcat",42,"productCA","productCA(SCA_Bose(4)[, 1:4], productCA(SCA_LCDST(6, 4)[, 1:5], SCA_LCDST(6, 4)[, 1:5], c1 = 4), 4)",46,100,4,4,"INGREDIENT_MEASURED","2026-08-31"
"DPcat",42,"productCA","SCA_Bose(4)",16,5,4,4,"INGREDIENT_MEASURED","2026-08-31"
"DPcat",42,"productCA","productCA(SCA_LCDST(6, 4)[, 1:5], SCA_LCDST(6, 4)[, 1:5], 4)",34,25,4,4,"INGREDIENT_MEASURED","2026-08-31"
"DPcat",42,"productCA","SCA_LCDST(6, 4)",19,6,4,4,"INGREDIENT_MEASURED","2026-08-31"
"DPcat",42,"productCA","SCA_LCDST(6, 4)",19,6,4,4,"INGREDIENT_MEASURED","2026-08-31"
"DPcat",43,"productCA","SCA_Bose(4)",16,5,4,4,"INGREDIENT_MEASURED","2026-08-31"
"DPcat",43,"productCA","productCA(SCA_Bose(4)[, 1:4], productCA(SCA_LCDST(6, 4)[, 1:5], miscCA(2, 7, 4), c1 = 4), 4)",48,140,4,4,"INGREDIENT_MEASURED","2026-08-31"
"DPcat",43,"productCA","SCA_Bose(4)",16,5,4,4,"INGREDIENT_MEASURED","2026-08-31"
"DPcat",43,"productCA","productCA(SCA_LCDST(6, 4)[, 1:5], miscCA(2, 7, 4), 4)",36,35,4,4,"INGREDIENT_MEASURED","2026-08-31"
"DPcat",43,"productCA","SCA_LCDST(6, 4)",19,6,4,4,"INGREDIENT_MEASURED","2026-08-31"
"DPcat",43,"productCA","miscCA(2, 7, 4)",21,7,4,4,"INGREDIENT_MEASURED","2026-08-31"
"DPcat",44,"productCA","SCA_Bose(4)",16,5,4,4,"INGREDIENT_MEASURED","2026-08-31"
"DPcat",44,"productCA","productCA(SCA_Bose(4)[, 1:4], productCA(miscCA(2, 7, 4), miscCA(2, 7, 4), c1 = 2), 4)",50,196,4,4,"INGREDIENT_MEASURED","2026-08-31"
"DPcat",44,"productCA","SCA_Bose(4)",16,5,4,4,"INGREDIENT_MEASURED","2026-08-31"
"DPcat",44,"productCA","productCA(miscCA(2, 7, 4), miscCA(2, 7, 4), 2)",38,49,4,4,"INGREDIENT_MEASURED","2026-08-31"
"DPcat",44,"productCA","miscCA(2, 7, 4)",21,7,4,4,"INGREDIENT_MEASURED","2026-08-31"
"DPcat",44,"productCA","miscCA(2, 7, 4)",21,7,4,4,"INGREDIENT_MEASURED","2026-08-31"
"DPcat",45,"productCA","SCA_Bose(4)",16,5,4,4,"INGREDIENT_MEASURED","2026-08-31"
"DPcat",45,"productCA","productCA(SCA_Bose(4)[, 1:4], productCA(miscCA(2, 7, 4), miscCA(2, 8, 4), c1 = 2), 4)",52,224,4,4,"INGREDIENT_MEASURED","2026-08-31"
"DPcat",45,"productCA","SCA_Bose(4)",16,5,4,4,"INGREDIENT_MEASURED","2026-08-31"
"DPcat",45,"productCA","productCA(miscCA(2, 7, 4), miscCA(2, 8, 4), 2)",40,56,4,4,"INGREDIENT_MEASURED","2026-08-31"
"DPcat",45,"productCA","miscCA(2, 7, 4)",21,7,4,4,"INGREDIENT_MEASURED","2026-08-31"
"DPcat",45,"productCA","miscCA(2, 8, 4)",23,8,4,4,"INGREDIENT_MEASURED","2026-08-31"
"DPcat",46,"productCA","SCA_LCDST(6, 4)",19,6,4,4,"INGREDIENT_MEASURED","2026-08-31"
"DPcat",46,"productCA","productCA(SCA_Bose(4)[, 1:4], productCA(miscCA(2, 7, 4), miscCA(2, 7, 4), c1 = 2), 4)",50,196,4,4,"INGREDIENT_MEASURED","2026-08-31"
"DPcat",46,"productCA","SCA_Bose(4)",16,5,4,4,"INGREDIENT_MEASURED","2026-08-31"
"DPcat",46,"productCA","productCA(miscCA(2, 7, 4), miscCA(2, 7, 4), 2)",38,49,4,4,"INGREDIENT_MEASURED","2026-08-31"
"DPcat",46,"productCA","miscCA(2, 7, 4)",21,7,4,4,"INGREDIENT_MEASURED","2026-08-31"
"DPcat",46,"productCA","miscCA(2, 7, 4)",21,7,4,4,"INGREDIENT_MEASURED","2026-08-31"
"DPcat",47,"productCA","SCA_Bose(4)",16,5,4,4,"INGREDIENT_MEASURED","2026-08-31"
"DPcat",47,"productCA","productCA(SCA_Bose(4)[, 1:4], productCA(miscCA(2, 8, 4), miscCA(2, 8, 4), c1 = 2), 4)",54,256,4,4,"INGREDIENT_MEASURED","2026-08-31"
"DPcat",47,"productCA","SCA_Bose(4)",16,5,4,4,"INGREDIENT_MEASURED","2026-08-31"
"DPcat",47,"productCA","productCA(miscCA(2, 8, 4), miscCA(2, 8, 4), 2)",42,64,4,4,"INGREDIENT_MEASURED","2026-08-31"
"DPcat",47,"productCA","miscCA(2, 8, 4)",23,8,4,4,"INGREDIENT_MEASURED","2026-08-31"
"DPcat",47,"productCA","miscCA(2, 8, 4)",23,8,4,4,"INGREDIENT_MEASURED","2026-08-31"
"DPcat",48,"productCA","SCA_Bose(4)",16,5,4,4,"INGREDIENT_MEASURED","2026-08-31"
"DPcat",48,"productCA","productCA(SCA_Bose(4)[, 1:4], productCA(miscCA(2, 7, 4), miscCA(2, 11, 4), c1 = 2), 4)",55,308,4,4,"INGREDIENT_MEASURED","2026-08-31"
"DPcat",48,"productCA","SCA_Bose(4)",16,5,4,4,"INGREDIENT_MEASURED","2026-08-31"
"DPcat",48,"productCA","productCA(miscCA(2, 7, 4), miscCA(2, 11, 4), 2)",43,77,4,4,"INGREDIENT_MEASURED","2026-08-31"
"DPcat",48,"productCA","miscCA(2, 7, 4)",21,7,4,4,"INGREDIENT_MEASURED","2026-08-31"
"DPcat",48,"productCA","miscCA(2, 11, 4)",26,11,4,4,"INGREDIENT_MEASURED","2026-08-31"
"DPcat",49,"productCA","miscCA(2, 7, 4)",21,7,4,4,"INGREDIENT_MEASURED","2026-08-31"
"DPcat",49,"productCA","productCA(SCA_Bose(4)[, 1:4], productCA(miscCA(2, 7, 4), miscCA(2, 7, 4), c1 = 2), 4)",50,196,4,4,"INGREDIENT_MEASURED","2026-08-31"
"DPcat",49,"productCA","SCA_Bose(4)",16,5,4,4,"INGREDIENT_MEASURED","2026-08-31"
"DPcat",49,"productCA","productCA(miscCA(2, 7, 4), miscCA(2, 7, 4), 2)",38,49,4,4,"INGREDIENT_MEASURED","2026-08-31"
"DPcat",49,"productCA","miscCA(2, 7, 4)",21,7,4,4,"INGREDIENT_MEASURED","2026-08-31"
"DPcat",49,"productCA","miscCA(2, 7, 4)",21,7,4,4,"INGREDIENT_MEASURED","2026-08-31"
"DPcat",50,"productCA","SCA_Bose(4)",16,5,4,4,"INGREDIENT_MEASURED","2026-08-31"
"DPcat",50,"productCA","productCA(SCA_Bose(4)[, 1:4], productCA(miscCA(2, 8, 4), miscCA(2, 11, 4), c1 = 2), 4)",57,352,4,4,"INGREDIENT_MEASURED","2026-08-31"
"DPcat",50,"productCA","SCA_Bose(4)",16,5,4,4,"INGREDIENT_MEASURED","2026-08-31"
"DPcat",50,"productCA","productCA(miscCA(2, 8, 4), miscCA(2, 11, 4), 2)",45,88,4,4,"INGREDIENT_MEASURED","2026-08-31"
"DPcat",50,"productCA","miscCA(2, 8, 4)",23,8,4,4,"INGREDIENT_MEASURED","2026-08-31"
"DPcat",50,"productCA","miscCA(2, 11, 4)",26,11,4,4,"INGREDIENT_MEASURED","2026-08-31"
"DPcat",51,"productCA","SCA_Bose(4)",16,5,4,4,"INGREDIENT_MEASURED","2026-08-31"
"DPcat",51,"productCA","productCA(SCA_Bose(4)[, 1:4], productCA(SCA_Bose(4)[, 1:4], productCA(SCA_LCDST(6, 4)[, 1:5],     SCA_LCDST(6, 4)[, 1:5], c1 = 4), c1 = 4), 4)",58,400,4,4,"INGREDIENT_MEASURED","2026-08-31"
"DPcat",51,"productCA","SCA_Bose(4)",16,5,4,4,"INGREDIENT_MEASURED","2026-08-31"
"DPcat",51,"productCA","productCA(SCA_Bose(4)[, 1:4], productCA(SCA_LCDST(6, 4)[, 1:5], SCA_LCDST(6, 4)[, 1:5], c1 = 4), 4)",46,100,4,4,"INGREDIENT_MEASURED","2026-08-31"
"DPcat",51,"productCA","SCA_Bose(4)",16,5,4,4,"INGREDIENT_MEASURED","2026-08-31"
"DPcat",51,"productCA","productCA(SCA_LCDST(6, 4)[, 1:5], SCA_LCDST(6, 4)[, 1:5], 4)",34,25,4,4,"INGREDIENT_MEASURED","2026-08-31"
"DPcat",51,"productCA","SCA_LCDST(6, 4)",19,6,4,4,"INGREDIENT_MEASURED","2026-08-31"
"DPcat",51,"productCA","SCA_LCDST(6, 4)",19,6,4,4,"INGREDIENT_MEASURED","2026-08-31"
"DPcat",52,"productCA","SCA_LCDST(6, 4)",19,6,4,4,"INGREDIENT_MEASURED","2026-08-31"
"DPcat",52,"productCA","productCA(miscCA(2, 7, 4), productCA(miscCA(2, 7, 4), miscCA(2, 7, 4), c1 = 2), 2)",56,343,4,4,"INGREDIENT_MEASURED","2026-08-31"
"DPcat",52,"productCA","miscCA(2, 7, 4)",21,7,4,4,"INGREDIENT_MEASURED","2026-08-31"
"DPcat",52,"productCA","productCA(miscCA(2, 7, 4), miscCA(2, 7, 4), 2)",38,49,4,4,"INGREDIENT_MEASURED","2026-08-31"
"DPcat",52,"productCA","miscCA(2, 7, 4)",21,7,4,4,"INGREDIENT_MEASURED","2026-08-31"
"DPcat",52,"productCA","miscCA(2, 7, 4)",21,7,4,4,"INGREDIENT_MEASURED","2026-08-31"
"DPcat",53,"productCA","SCA_Bose(4)",16,5,4,4,"INGREDIENT_MEASURED","2026-08-31"
"DPcat",53,"productCA","productCA(SCA_Bose(4)[, 1:4], productCA(SCA_Bose(4)[, 1:4], productCA(SCA_LCDST(6, 4)[, 1:5],     miscCA(2, 7, 4), c1 = 4), c1 = 4), 4)",60,560,4,4,"INGREDIENT_MEASURED","2026-08-31"
"DPcat",53,"productCA","SCA_Bose(4)",16,5,4,4,"INGREDIENT_MEASURED","2026-08-31"
"DPcat",53,"productCA","productCA(SCA_Bose(4)[, 1:4], productCA(SCA_LCDST(6, 4)[, 1:5], miscCA(2, 7, 4), c1 = 4), 4)",48,140,4,4,"INGREDIENT_MEASURED","2026-08-31"
"DPcat",53,"productCA","SCA_Bose(4)",16,5,4,4,"INGREDIENT_MEASURED","2026-08-31"
"DPcat",53,"productCA","productCA(SCA_LCDST(6, 4)[, 1:5], miscCA(2, 7, 4), 4)",36,35,4,4,"INGREDIENT_MEASURED","2026-08-31"
"DPcat",53,"productCA","SCA_LCDST(6, 4)",19,6,4,4,"INGREDIENT_MEASURED","2026-08-31"
"DPcat",53,"productCA","miscCA(2, 7, 4)",21,7,4,4,"INGREDIENT_MEASURED","2026-08-31"
"DPcat",54,"productCA","SCA_Bose(4)",16,5,4,4,"INGREDIENT_MEASURED","2026-08-31"
"DPcat",54,"productCA","productCA(SCA_Bose(4)[, 1:4], productCA(SCA_Bose(4)[, 1:4], productCA(miscCA(2, 7, 4), miscCA(2,     7, 4), c1 = 2), c1 = 4), 4)",62,784,4,4,"INGREDIENT_MEASURED","2026-08-31"
"DPcat",54,"productCA","SCA_Bose(4)",16,5,4,4,"INGREDIENT_MEASURED","2026-08-31"
"DPcat",54,"productCA","productCA(SCA_Bose(4)[, 1:4], productCA(miscCA(2, 7, 4), miscCA(2, 7, 4), c1 = 2), 4)",50,196,4,4,"INGREDIENT_MEASURED","2026-08-31"
"DPcat",54,"productCA","SCA_Bose(4)",16,5,4,4,"INGREDIENT_MEASURED","2026-08-31"
"DPcat",54,"productCA","productCA(miscCA(2, 7, 4), miscCA(2, 7, 4), 2)",38,49,4,4,"INGREDIENT_MEASURED","2026-08-31"
"DPcat",54,"productCA","miscCA(2, 7, 4)",21,7,4,4,"INGREDIENT_MEASURED","2026-08-31"
"DPcat",54,"productCA","miscCA(2, 7, 4)",21,7,4,4,"INGREDIENT_MEASURED","2026-08-31"
"DPcat",55,"productCA","SCA_Bose(4)",16,5,4,4,"INGREDIENT_MEASURED","2026-08-31"
"DPcat",55,"productCA","productCA(SCA_Bose(4)[, 1:4], productCA(SCA_Bose(4)[, 1:4], productCA(miscCA(2, 7, 4), miscCA(2,     8, 4), c1 = 2), c1 = 4), 4)",64,896,4,4,"INGREDIENT_MEASURED","2026-08-31"
"DPcat",55,"productCA","SCA_Bose(4)",16,5,4,4,"INGREDIENT_MEASURED","2026-08-31"
"DPcat",55,"productCA","productCA(SCA_Bose(4)[, 1:4], productCA(miscCA(2, 7, 4), miscCA(2, 8, 4), c1 = 2), 4)",52,224,4,4,"INGREDIENT_MEASURED","2026-08-31"
"DPcat",55,"productCA","SCA_Bose(4)",16,5,4,4,"INGREDIENT_MEASURED","2026-08-31"
"DPcat",55,"productCA","productCA(miscCA(2, 7, 4), miscCA(2, 8, 4), 2)",40,56,4,4,"INGREDIENT_MEASURED","2026-08-31"
"DPcat",55,"productCA","miscCA(2, 7, 4)",21,7,4,4,"INGREDIENT_MEASURED","2026-08-31"
"DPcat",55,"productCA","miscCA(2, 8, 4)",23,8,4,4,"INGREDIENT_MEASURED","2026-08-31"
"DPcat",56,"productCA","SCA_LCDST(6, 4)",19,6,4,4,"INGREDIENT_MEASURED","2026-08-31"
"DPcat",56,"productCA","productCA(SCA_Bose(4)[, 1:4], productCA(SCA_Bose(4)[, 1:4], productCA(miscCA(2, 7, 4), miscCA(2,     7, 4), c1 = 2), c1 = 4), 4)",62,784,4,4,"INGREDIENT_MEASURED","2026-08-31"
"DPcat",56,"productCA","SCA_Bose(4)",16,5,4,4,"INGREDIENT_MEASURED","2026-08-31"
"DPcat",56,"productCA","productCA(SCA_Bose(4)[, 1:4], productCA(miscCA(2, 7, 4), miscCA(2, 7, 4), c1 = 2), 4)",50,196,4,4,"INGREDIENT_MEASURED","2026-08-31"
"DPcat",56,"productCA","SCA_Bose(4)",16,5,4,4,"INGREDIENT_MEASURED","2026-08-31"
"DPcat",56,"productCA","productCA(miscCA(2, 7, 4), miscCA(2, 7, 4), 2)",38,49,4,4,"INGREDIENT_MEASURED","2026-08-31"
"DPcat",56,"productCA","miscCA(2, 7, 4)",21,7,4,4,"INGREDIENT_MEASURED","2026-08-31"
"DPcat",56,"productCA","miscCA(2, 7, 4)",21,7,4,4,"INGREDIENT_MEASURED","2026-08-31"
"DPcat",57,"productCA","SCA_Bose(4)",16,5,4,4,"INGREDIENT_MEASURED","2026-08-31"
"DPcat",57,"productCA","productCA(SCA_Bose(4)[, 1:4], productCA(SCA_Bose(4)[, 1:4], productCA(miscCA(2, 8, 4), miscCA(2,     8, 4), c1 = 2), c1 = 4), 4)",66,1024,4,4,"INGREDIENT_MEASURED","2026-08-31"
"DPcat",57,"productCA","SCA_Bose(4)",16,5,4,4,"INGREDIENT_MEASURED","2026-08-31"
"DPcat",57,"productCA","productCA(SCA_Bose(4)[, 1:4], productCA(miscCA(2, 8, 4), miscCA(2, 8, 4), c1 = 2), 4)",54,256,4,4,"INGREDIENT_MEASURED","2026-08-31"
"DPcat",57,"productCA","SCA_Bose(4)",16,5,4,4,"INGREDIENT_MEASURED","2026-08-31"
"DPcat",57,"productCA","productCA(miscCA(2, 8, 4), miscCA(2, 8, 4), 2)",42,64,4,4,"INGREDIENT_MEASURED","2026-08-31"
"DPcat",57,"productCA","miscCA(2, 8, 4)",23,8,4,4,"INGREDIENT_MEASURED","2026-08-31"
"DPcat",57,"productCA","miscCA(2, 8, 4)",23,8,4,4,"INGREDIENT_MEASURED","2026-08-31"
"DPcat",58,"productCA","SCA_Bose(4)",16,5,4,4,"INGREDIENT_MEASURED","2026-08-31"
"DPcat",58,"productCA","productCA(SCA_Bose(4)[, 1:4], productCA(SCA_Bose(4)[, 1:4], productCA(miscCA(2, 7, 4), miscCA(2,     11, 4), c1 = 2), c1 = 4), 4)",67,1232,4,4,"INGREDIENT_MEASURED","2026-08-31"
"DPcat",58,"productCA","SCA_Bose(4)",16,5,4,4,"INGREDIENT_MEASURED","2026-08-31"
"DPcat",58,"productCA","productCA(SCA_Bose(4)[, 1:4], productCA(miscCA(2, 7, 4), miscCA(2, 11, 4), c1 = 2), 4)",55,308,4,4,"INGREDIENT_MEASURED","2026-08-31"
"DPcat",58,"productCA","SCA_Bose(4)",16,5,4,4,"INGREDIENT_MEASURED","2026-08-31"
"DPcat",58,"productCA","productCA(miscCA(2, 7, 4), miscCA(2, 11, 4), 2)",43,77,4,4,"INGREDIENT_MEASURED","2026-08-31"
"DPcat",58,"productCA","miscCA(2, 7, 4)",21,7,4,4,"INGREDIENT_MEASURED","2026-08-31"
"DPcat",58,"productCA","miscCA(2, 11, 4)",26,11,4,4,"INGREDIENT_MEASURED","2026-08-31"
"DPcat",59,"productCA","miscCA(2, 7, 4)",21,7,4,4,"INGREDIENT_MEASURED","2026-08-31"
"DPcat",59,"productCA","productCA(SCA_Bose(4)[, 1:4], productCA(SCA_Bose(4)[, 1:4], productCA(miscCA(2, 7, 4), miscCA(2,     7, 4), c1 = 2), c1 = 4), 4)",62,784,4,4,"INGREDIENT_MEASURED","2026-08-31"
"DPcat",59,"productCA","SCA_Bose(4)",16,5,4,4,"INGREDIENT_MEASURED","2026-08-31"
"DPcat",59,"productCA","productCA(SCA_Bose(4)[, 1:4], productCA(miscCA(2, 7, 4), miscCA(2, 7, 4), c1 = 2), 4)",50,196,4,4,"INGREDIENT_MEASURED","2026-08-31"
"DPcat",59,"productCA","SCA_Bose(4)",16,5,4,4,"INGREDIENT_MEASURED","2026-08-31"
"DPcat",59,"productCA","productCA(miscCA(2, 7, 4), miscCA(2, 7, 4), 2)",38,49,4,4,"INGREDIENT_MEASURED","2026-08-31"
"DPcat",59,"productCA","miscCA(2, 7, 4)",21,7,4,4,"INGREDIENT_MEASURED","2026-08-31"
"DPcat",59,"productCA","miscCA(2, 7, 4)",21,7,4,4,"INGREDIENT_MEASURED","2026-08-31"
"DPcat",60,"productCA","SCA_Bose(4)",16,5,4,4,"INGREDIENT_MEASURED","2026-08-31"
"DPcat",60,"productCA","productCA(SCA_Bose(4)[, 1:4], productCA(SCA_Bose(4)[, 1:4], productCA(miscCA(2, 8, 4), miscCA(2,     11, 4), c1 = 2), c1 = 4), 4)",69,1408,4,4,"INGREDIENT_MEASURED","2026-08-31"
"DPcat",60,"productCA","SCA_Bose(4)",16,5,4,4,"INGREDIENT_MEASURED","2026-08-31"
"DPcat",60,"productCA","productCA(SCA_Bose(4)[, 1:4], productCA(miscCA(2, 8, 4), miscCA(2, 11, 4), c1 = 2), 4)",57,352,4,4,"INGREDIENT_MEASURED","2026-08-31"
"DPcat",60,"productCA","SCA_Bose(4)",16,5,4,4,"INGREDIENT_MEASURED","2026-08-31"
"DPcat",60,"productCA","productCA(miscCA(2, 8, 4), miscCA(2, 11, 4), 2)",45,88,4,4,"INGREDIENT_MEASURED","2026-08-31"
"DPcat",60,"productCA","miscCA(2, 8, 4)",23,8,4,4,"INGREDIENT_MEASURED","2026-08-31"
"DPcat",60,"productCA","miscCA(2, 11, 4)",26,11,4,4,"INGREDIENT_MEASURED","2026-08-31"
"DPcat",61,"productCA","SCA_Bose(4)",16,5,4,4,"INGREDIENT_MEASURED","2026-08-31"
"DPcat",61,"productCA","productCA(SCA_Bose(4)[, 1:4], productCA(SCA_Bose(4)[, 1:4], productCA(SCA_Bose(4)[, 1:4], productCA(SCA_LCDST(6,     4)[, 1:5], SCA_LCDST(6, 4)[, 1:5], c1 = 4), c1 = 4), c1 = 4), 4)",70,1600,4,4,"INGREDIENT_MEASURED","2026-08-31"
"DPcat",61,"productCA","SCA_Bose(4)",16,5,4,4,"INGREDIENT_MEASURED","2026-08-31"
"DPcat",61,"productCA","productCA(SCA_Bose(4)[, 1:4], productCA(SCA_Bose(4)[, 1:4], productCA(SCA_LCDST(6, 4)[, 1:5],     SCA_LCDST(6, 4)[, 1:5], c1 = 4), c1 = 4), 4)",58,400,4,4,"INGREDIENT_MEASURED","2026-08-31"
"DPcat",61,"productCA","SCA_Bose(4)",16,5,4,4,"INGREDIENT_MEASURED","2026-08-31"
"DPcat",61,"productCA","productCA(SCA_Bose(4)[, 1:4], productCA(SCA_LCDST(6, 4)[, 1:5], SCA_LCDST(6, 4)[, 1:5], c1 = 4), 4)",46,100,4,4,"INGREDIENT_MEASURED","2026-08-31"
"DPcat",61,"productCA","SCA_Bose(4)",16,5,4,4,"INGREDIENT_MEASURED","2026-08-31"
"DPcat",61,"productCA","productCA(SCA_LCDST(6, 4)[, 1:5], SCA_LCDST(6, 4)[, 1:5], 4)",34,25,4,4,"INGREDIENT_MEASURED","2026-08-31"
"DPcat",61,"productCA","SCA_LCDST(6, 4)",19,6,4,4,"INGREDIENT_MEASURED","2026-08-31"
"DPcat",61,"productCA","SCA_LCDST(6, 4)",19,6,4,4,"INGREDIENT_MEASURED","2026-08-31"
"DPcat",62,"productCA","SCA_LCDST(6, 4)",19,6,4,4,"INGREDIENT_MEASURED","2026-08-31"
"DPcat",62,"productCA","productCA(miscCA(2, 7, 4), productCA(SCA_Bose(4)[, 1:4], productCA(miscCA(2, 7, 4), miscCA(2,     7, 4), c1 = 2), c1 = 4), 2)",67,1372,4,4,"INGREDIENT_MEASURED","2026-08-31"
"DPcat",62,"productCA","miscCA(2, 7, 4)",21,7,4,4,"INGREDIENT_MEASURED","2026-08-31"
"DPcat",62,"productCA","productCA(SCA_Bose(4)[, 1:4], productCA(miscCA(2, 7, 4), miscCA(2, 7, 4), c1 = 2), 4)",50,196,4,4,"INGREDIENT_MEASURED","2026-08-31"
"DPcat",62,"productCA","SCA_Bose(4)",16,5,4,4,"INGREDIENT_MEASURED","2026-08-31"
"DPcat",62,"productCA","productCA(miscCA(2, 7, 4), miscCA(2, 7, 4), 2)",38,49,4,4,"INGREDIENT_MEASURED","2026-08-31"
"DPcat",62,"productCA","miscCA(2, 7, 4)",21,7,4,4,"INGREDIENT_MEASURED","2026-08-31"
"DPcat",62,"productCA","miscCA(2, 7, 4)",21,7,4,4,"INGREDIENT_MEASURED","2026-08-31"
"DPcat",63,"productCA","SCA_Bose(4)",16,5,4,4,"INGREDIENT_MEASURED","2026-08-31"
"DPcat",63,"productCA","productCA(SCA_Bose(4)[, 1:4], productCA(SCA_Bose(4)[, 1:4], productCA(SCA_Bose(4)[, 1:4], productCA(SCA_LCDST(6,     4)[, 1:5], miscCA(2, 7, 4), c1 = 4), c1 = 4), c1 = 4), 4)",72,2240,4,4,"INGREDIENT_MEASURED","2026-08-31"
"DPcat",63,"productCA","SCA_Bose(4)",16,5,4,4,"INGREDIENT_MEASURED","2026-08-31"
"DPcat",63,"productCA","productCA(SCA_Bose(4)[, 1:4], productCA(SCA_Bose(4)[, 1:4], productCA(SCA_LCDST(6, 4)[, 1:5],     miscCA(2, 7, 4), c1 = 4), c1 = 4), 4)",60,560,4,4,"INGREDIENT_MEASURED","2026-08-31"
"DPcat",63,"productCA","SCA_Bose(4)",16,5,4,4,"INGREDIENT_MEASURED","2026-08-31"
"DPcat",63,"productCA","productCA(SCA_Bose(4)[, 1:4], productCA(SCA_LCDST(6, 4)[, 1:5], miscCA(2, 7, 4), c1 = 4), 4)",48,140,4,4,"INGREDIENT_MEASURED","2026-08-31"
"DPcat",63,"productCA","SCA_Bose(4)",16,5,4,4,"INGREDIENT_MEASURED","2026-08-31"
"DPcat",63,"productCA","productCA(SCA_LCDST(6, 4)[, 1:5], miscCA(2, 7, 4), 4)",36,35,4,4,"INGREDIENT_MEASURED","2026-08-31"
"DPcat",63,"productCA","SCA_LCDST(6, 4)",19,6,4,4,"INGREDIENT_MEASURED","2026-08-31"
"DPcat",63,"productCA","miscCA(2, 7, 4)",21,7,4,4,"INGREDIENT_MEASURED","2026-08-31"
"DPcat",64,"productCA","SCA_Bose(4)",16,5,4,4,"INGREDIENT_MEASURED","2026-08-31"
"DPcat",64,"productCA","productCA(SCA_Bose(4)[, 1:4], productCA(SCA_Bose(4)[, 1:4], productCA(SCA_Bose(4)[, 1:4], productCA(miscCA(2,     7, 4), miscCA(2, 7, 4), c1 = 2), c1 = 4), c1 = 4), 4)",74,3136,4,4,"INGREDIENT_MEASURED","2026-08-31"
"DPcat",64,"productCA","SCA_Bose(4)",16,5,4,4,"INGREDIENT_MEASURED","2026-08-31"
"DPcat",64,"productCA","productCA(SCA_Bose(4)[, 1:4], productCA(SCA_Bose(4)[, 1:4], productCA(miscCA(2, 7, 4), miscCA(2,     7, 4), c1 = 2), c1 = 4), 4)",62,784,4,4,"INGREDIENT_MEASURED","2026-08-31"
"DPcat",64,"productCA","SCA_Bose(4)",16,5,4,4,"INGREDIENT_MEASURED","2026-08-31"
"DPcat",64,"productCA","productCA(SCA_Bose(4)[, 1:4], productCA(miscCA(2, 7, 4), miscCA(2, 7, 4), c1 = 2), 4)",50,196,4,4,"INGREDIENT_MEASURED","2026-08-31"
"DPcat",64,"productCA","SCA_Bose(4)",16,5,4,4,"INGREDIENT_MEASURED","2026-08-31"
"DPcat",64,"productCA","productCA(miscCA(2, 7, 4), miscCA(2, 7, 4), 2)",38,49,4,4,"INGREDIENT_MEASURED","2026-08-31"
"DPcat",64,"productCA","miscCA(2, 7, 4)",21,7,4,4,"INGREDIENT_MEASURED","2026-08-31"
"DPcat",64,"productCA","miscCA(2, 7, 4)",21,7,4,4,"INGREDIENT_MEASURED","2026-08-31"
"DPcat",65,"productCA","SCA_Bose(4)",16,5,4,4,"INGREDIENT_MEASURED","2026-08-31"
"DPcat",65,"productCA","productCA(SCA_Bose(4)[, 1:4], productCA(SCA_Bose(4)[, 1:4], productCA(SCA_Bose(4)[, 1:4], productCA(miscCA(2,     7, 4), miscCA(2, 8, 4), c1 = 2), c1 = 4), c1 = 4), 4)",76,3584,4,4,"INGREDIENT_MEASURED","2026-08-31"
"DPcat",65,"productCA","SCA_Bose(4)",16,5,4,4,"INGREDIENT_MEASURED","2026-08-31"
"DPcat",65,"productCA","productCA(SCA_Bose(4)[, 1:4], productCA(SCA_Bose(4)[, 1:4], productCA(miscCA(2, 7, 4), miscCA(2,     8, 4), c1 = 2), c1 = 4), 4)",64,896,4,4,"INGREDIENT_MEASURED","2026-08-31"
"DPcat",65,"productCA","SCA_Bose(4)",16,5,4,4,"INGREDIENT_MEASURED","2026-08-31"
"DPcat",65,"productCA","productCA(SCA_Bose(4)[, 1:4], productCA(miscCA(2, 7, 4), miscCA(2, 8, 4), c1 = 2), 4)",52,224,4,4,"INGREDIENT_MEASURED","2026-08-31"
"DPcat",65,"productCA","SCA_Bose(4)",16,5,4,4,"INGREDIENT_MEASURED","2026-08-31"
"DPcat",65,"productCA","productCA(miscCA(2, 7, 4), miscCA(2, 8, 4), 2)",40,56,4,4,"INGREDIENT_MEASURED","2026-08-31"
"DPcat",65,"productCA","miscCA(2, 7, 4)",21,7,4,4,"INGREDIENT_MEASURED","2026-08-31"
"DPcat",65,"productCA","miscCA(2, 8, 4)",23,8,4,4,"INGREDIENT_MEASURED","2026-08-31"
"DPcat",66,"productCA","SCA_LCDST(6, 4)",19,6,4,4,"INGREDIENT_MEASURED","2026-08-31"
"DPcat",66,"productCA","productCA(SCA_Bose(4)[, 1:4], productCA(SCA_Bose(4)[, 1:4], productCA(SCA_Bose(4)[, 1:4], productCA(miscCA(2,     7, 4), miscCA(2, 7, 4), c1 = 2), c1 = 4), c1 = 4), 4)",74,3136,4,4,"INGREDIENT_MEASURED","2026-08-31"
"DPcat",66,"productCA","SCA_Bose(4)",16,5,4,4,"INGREDIENT_MEASURED","2026-08-31"
"DPcat",66,"productCA","productCA(SCA_Bose(4)[, 1:4], productCA(SCA_Bose(4)[, 1:4], productCA(miscCA(2, 7, 4), miscCA(2,     7, 4), c1 = 2), c1 = 4), 4)",62,784,4,4,"INGREDIENT_MEASURED","2026-08-31"
"DPcat",66,"productCA","SCA_Bose(4)",16,5,4,4,"INGREDIENT_MEASURED","2026-08-31"
"DPcat",66,"productCA","productCA(SCA_Bose(4)[, 1:4], productCA(miscCA(2, 7, 4), miscCA(2, 7, 4), c1 = 2), 4)",50,196,4,4,"INGREDIENT_MEASURED","2026-08-31"
"DPcat",66,"productCA","SCA_Bose(4)",16,5,4,4,"INGREDIENT_MEASURED","2026-08-31"
"DPcat",66,"productCA","productCA(miscCA(2, 7, 4), miscCA(2, 7, 4), 2)",38,49,4,4,"INGREDIENT_MEASURED","2026-08-31"
"DPcat",66,"productCA","miscCA(2, 7, 4)",21,7,4,4,"INGREDIENT_MEASURED","2026-08-31"
"DPcat",66,"productCA","miscCA(2, 7, 4)",21,7,4,4,"INGREDIENT_MEASURED","2026-08-31"
"DPcat",67,"productCA","SCA_Bose(4)",16,5,4,4,"INGREDIENT_MEASURED","2026-08-31"
"DPcat",67,"productCA","productCA(SCA_Bose(4)[, 1:4], productCA(SCA_Bose(4)[, 1:4], productCA(SCA_Bose(4)[, 1:4], productCA(miscCA(2,     8, 4), miscCA(2, 8, 4), c1 = 2), c1 = 4), c1 = 4), 4)",78,4096,4,4,"INGREDIENT_MEASURED","2026-08-31"
"DPcat",67,"productCA","SCA_Bose(4)",16,5,4,4,"INGREDIENT_MEASURED","2026-08-31"
"DPcat",67,"productCA","productCA(SCA_Bose(4)[, 1:4], productCA(SCA_Bose(4)[, 1:4], productCA(miscCA(2, 8, 4), miscCA(2,     8, 4), c1 = 2), c1 = 4), 4)",66,1024,4,4,"INGREDIENT_MEASURED","2026-08-31"
"DPcat",67,"productCA","SCA_Bose(4)",16,5,4,4,"INGREDIENT_MEASURED","2026-08-31"
"DPcat",67,"productCA","productCA(SCA_Bose(4)[, 1:4], productCA(miscCA(2, 8, 4), miscCA(2, 8, 4), c1 = 2), 4)",54,256,4,4,"INGREDIENT_MEASURED","2026-08-31"
"DPcat",67,"productCA","SCA_Bose(4)",16,5,4,4,"INGREDIENT_MEASURED","2026-08-31"
"DPcat",67,"productCA","productCA(miscCA(2, 8, 4), miscCA(2, 8, 4), 2)",42,64,4,4,"INGREDIENT_MEASURED","2026-08-31"
"DPcat",67,"productCA","miscCA(2, 8, 4)",23,8,4,4,"INGREDIENT_MEASURED","2026-08-31"
"DPcat",67,"productCA","miscCA(2, 8, 4)",23,8,4,4,"INGREDIENT_MEASURED","2026-08-31"
"DPcat",68,"productCA","SCA_Bose(4)",16,5,4,4,"INGREDIENT_MEASURED","2026-08-31"
"DPcat",68,"productCA","productCA(SCA_Bose(4)[, 1:4], productCA(SCA_Bose(4)[, 1:4], productCA(SCA_Bose(4)[, 1:4], productCA(miscCA(2,     7, 4), miscCA(2, 11, 4), c1 = 2), c1 = 4), c1 = 4), 4)",79,4928,4,4,"INGREDIENT_MEASURED","2026-08-31"
"DPcat",68,"productCA","SCA_Bose(4)",16,5,4,4,"INGREDIENT_MEASURED","2026-08-31"
"DPcat",68,"productCA","productCA(SCA_Bose(4)[, 1:4], productCA(SCA_Bose(4)[, 1:4], productCA(miscCA(2, 7, 4), miscCA(2,     11, 4), c1 = 2), c1 = 4), 4)",67,1232,4,4,"INGREDIENT_MEASURED","2026-08-31"
"DPcat",68,"productCA","SCA_Bose(4)",16,5,4,4,"INGREDIENT_MEASURED","2026-08-31"
"DPcat",68,"productCA","productCA(SCA_Bose(4)[, 1:4], productCA(miscCA(2, 7, 4), miscCA(2, 11, 4), c1 = 2), 4)",55,308,4,4,"INGREDIENT_MEASURED","2026-08-31"
"DPcat",68,"productCA","SCA_Bose(4)",16,5,4,4,"INGREDIENT_MEASURED","2026-08-31"
"DPcat",68,"productCA","productCA(miscCA(2, 7, 4), miscCA(2, 11, 4), 2)",43,77,4,4,"INGREDIENT_MEASURED","2026-08-31"
"DPcat",68,"productCA","miscCA(2, 7, 4)",21,7,4,4,"INGREDIENT_MEASURED","2026-08-31"
"DPcat",68,"productCA","miscCA(2, 11, 4)",26,11,4,4,"INGREDIENT_MEASURED","2026-08-31"
"DPcat",69,"productCA","miscCA(2, 7, 4)",21,7,4,4,"INGREDIENT_MEASURED","2026-08-31"
"DPcat",69,"productCA","productCA(SCA_Bose(4)[, 1:4], productCA(SCA_Bose(4)[, 1:4], productCA(SCA_Bose(4)[, 1:4], productCA(miscCA(2,     7, 4), miscCA(2, 7, 4), c1 = 2), c1 = 4), c1 = 4), 4)",74,3136,4,4,"INGREDIENT_MEASURED","2026-08-31"
"DPcat",69,"productCA","SCA_Bose(4)",16,5,4,4,"INGREDIENT_MEASURED","2026-08-31"
"DPcat",69,"productCA","productCA(SCA_Bose(4)[, 1:4], productCA(SCA_Bose(4)[, 1:4], productCA(miscCA(2, 7, 4), miscCA(2,     7, 4), c1 = 2), c1 = 4), 4)",62,784,4,4,"INGREDIENT_MEASURED","2026-08-31"
"DPcat",69,"productCA","SCA_Bose(4)",16,5,4,4,"INGREDIENT_MEASURED","2026-08-31"
"DPcat",69,"productCA","productCA(SCA_Bose(4)[, 1:4], productCA(miscCA(2, 7, 4), miscCA(2, 7, 4), c1 = 2), 4)",50,196,4,4,"INGREDIENT_MEASURED","2026-08-31"
"DPcat",69,"productCA","SCA_Bose(4)",16,5,4,4,"INGREDIENT_MEASURED","2026-08-31"
"DPcat",69,"productCA","productCA(miscCA(2, 7, 4), miscCA(2, 7, 4), 2)",38,49,4,4,"INGREDIENT_MEASURED","2026-08-31"
"DPcat",69,"productCA","miscCA(2, 7, 4)",21,7,4,4,"INGREDIENT_MEASURED","2026-08-31"
"DPcat",69,"productCA","miscCA(2, 7, 4)",21,7,4,4,"INGREDIENT_MEASURED","2026-08-31"
"DPcat",70,"productCA","CS_CMMSSY(6, 5)",25,6,5,5,"INGREDIENT_MEASURED","2026-08-31"
"DPcat",70,"productCA","CS_CMMSSY(6, 5)",25,6,5,5,"INGREDIENT_MEASURED","2026-08-31"
"DPcat",71,"productCA","CS_CMMSSY(6, 5)",25,6,5,5,"INGREDIENT_MEASURED","2026-08-31"
"DPcat",71,"productCA","CS_CMMSSY(7, 5)",29,7,5,5,"INGREDIENT_MEASURED","2026-08-31"
"DPcat",72,"productCA","CS_CMMSSY(6, 5)",25,6,5,5,"INGREDIENT_MEASURED","2026-08-31"
"DPcat",72,"productCA","miscCA(2, 7, 5)",30,7,5,5,"INGREDIENT_MEASURED","2026-08-31"
"DPcat",73,"productCA","CS_CMMSSY(7, 5)",29,7,5,5,"INGREDIENT_MEASURED","2026-08-31"
"DPcat",73,"productCA","CS_CMMSSY(7, 5)",29,7,5,5,"INGREDIENT_MEASURED","2026-08-31"
"DPcat",74,"productCA","CS_CMMSSY(7, 5)",29,7,5,5,"INGREDIENT_MEASURED","2026-08-31"
"DPcat",74,"productCA","miscCA(2, 7, 5)",30,7,5,5,"INGREDIENT_MEASURED","2026-08-31"
"DPcat",75,"productCA","miscCA(2, 7, 5)",30,7,5,5,"INGREDIENT_MEASURED","2026-08-31"
"DPcat",75,"productCA","miscCA(2, 7, 5)",30,7,5,5,"INGREDIENT_MEASURED","2026-08-31"
"DPcat",76,"productCA","CS_CMMSSY(7, 5)",29,7,5,5,"INGREDIENT_MEASURED","2026-08-31"
"DPcat",76,"productCA","miscCA(2, 9, 5)",35,9,5,5,"INGREDIENT_MEASURED","2026-08-31"
"DPcat",77,"productCA","miscCA(2, 7, 5)",30,7,5,5,"INGREDIENT_MEASURED","2026-08-31"
"DPcat",77,"productCA","miscCA(2, 9, 5)",35,9,5,5,"INGREDIENT_MEASURED","2026-08-31"
"DPcat",78,"productCA","CS_CMMSSY(6, 5)",25,6,5,5,"INGREDIENT_MEASURED","2026-08-31"
"DPcat",78,"productCA","productCA(CS_CMMSSY(6, 5)[, 1:5], CS_CMMSSY(6, 5)[, 1:5], 5)",45,25,5,5,"INGREDIENT_MEASURED","2026-08-31"
"DPcat",78,"productCA","CS_CMMSSY(6, 5)",25,6,5,5,"INGREDIENT_MEASURED","2026-08-31"
"DPcat",78,"productCA","CS_CMMSSY(6, 5)",25,6,5,5,"INGREDIENT_MEASURED","2026-08-31"
"DPcat",79,"productCA","CS_CMMSSY(6, 5)",25,6,5,5,"INGREDIENT_MEASURED","2026-08-31"
"DPcat",79,"productCA","productCA(CS_CMMSSY(6, 5)[, 1:5], CS_CMMSSY(7, 5)[, 1:6], 5)",49,30,5,5,"INGREDIENT_MEASURED","2026-08-31"
"DPcat",79,"productCA","CS_CMMSSY(6, 5)",25,6,5,5,"INGREDIENT_MEASURED","2026-08-31"
"DPcat",79,"productCA","CS_CMMSSY(7, 5)",29,7,5,5,"INGREDIENT_MEASURED","2026-08-31"
"DPcat",80,"productCA","CS_CMMSSY(6, 5)",25,6,5,5,"INGREDIENT_MEASURED","2026-08-31"
"DPcat",80,"productCA","productCA(CS_CMMSSY(6, 5)[, 1:5], miscCA(2, 7, 5), 5)",50,35,5,5,"INGREDIENT_MEASURED","2026-08-31"
"DPcat",80,"productCA","CS_CMMSSY(6, 5)",25,6,5,5,"INGREDIENT_MEASURED","2026-08-31"
"DPcat",80,"productCA","miscCA(2, 7, 5)",30,7,5,5,"INGREDIENT_MEASURED","2026-08-31"
"DPcat",81,"productCA","CS_CMMSSY(6, 5)",25,6,5,5,"INGREDIENT_MEASURED","2026-08-31"
"DPcat",81,"productCA","productCA(CS_CMMSSY(7, 5)[, 1:6], CS_CMMSSY(7, 5)[, 1:6], 5)",53,36,5,5,"INGREDIENT_MEASURED","2026-08-31"
"DPcat",81,"productCA","CS_CMMSSY(7, 5)",29,7,5,5,"INGREDIENT_MEASURED","2026-08-31"
"DPcat",81,"productCA","CS_CMMSSY(7, 5)",29,7,5,5,"INGREDIENT_MEASURED","2026-08-31"
"DPcat",82,"productCA","CS_CMMSSY(6, 5)",25,6,5,5,"INGREDIENT_MEASURED","2026-08-31"
"DPcat",82,"productCA","productCA(CS_CMMSSY(7, 5)[, 1:6], miscCA(2, 7, 5), 5)",54,42,5,5,"INGREDIENT_MEASURED","2026-08-31"
"DPcat",82,"productCA","CS_CMMSSY(7, 5)",29,7,5,5,"INGREDIENT_MEASURED","2026-08-31"
"DPcat",82,"productCA","miscCA(2, 7, 5)",30,7,5,5,"INGREDIENT_MEASURED","2026-08-31"
"DPcat",83,"productCA","CS_CMMSSY(6, 5)",25,6,5,5,"INGREDIENT_MEASURED","2026-08-31"
"DPcat",83,"productCA","productCA(miscCA(2, 7, 5), miscCA(2, 7, 5), 3)",55,49,5,5,"INGREDIENT_MEASURED","2026-08-31"
"DPcat",83,"productCA","miscCA(2, 7, 5)",30,7,5,5,"INGREDIENT_MEASURED","2026-08-31"
"DPcat",83,"productCA","miscCA(2, 7, 5)",30,7,5,5,"INGREDIENT_MEASURED","2026-08-31"
"DPcat",84,"productCA","CS_CMMSSY(7, 5)",29,7,5,5,"INGREDIENT_MEASURED","2026-08-31"
"DPcat",84,"productCA","productCA(CS_CMMSSY(7, 5)[, 1:6], miscCA(2, 7, 5), 5)",54,42,5,5,"INGREDIENT_MEASURED","2026-08-31"
"DPcat",84,"productCA","CS_CMMSSY(7, 5)",29,7,5,5,"INGREDIENT_MEASURED","2026-08-31"
"DPcat",84,"productCA","miscCA(2, 7, 5)",30,7,5,5,"INGREDIENT_MEASURED","2026-08-31"
"DPcat",85,"productCA","CS_CMMSSY(7, 5)",29,7,5,5,"INGREDIENT_MEASURED","2026-08-31"
"DPcat",85,"productCA","productCA(miscCA(2, 7, 5), miscCA(2, 7, 5), 3)",55,49,5,5,"INGREDIENT_MEASURED","2026-08-31"
"DPcat",85,"productCA","miscCA(2, 7, 5)",30,7,5,5,"INGREDIENT_MEASURED","2026-08-31"
"DPcat",85,"productCA","miscCA(2, 7, 5)",30,7,5,5,"INGREDIENT_MEASURED","2026-08-31"
"DPcat",86,"productCA","CS_CMMSSY(6, 5)",25,6,5,5,"INGREDIENT_MEASURED","2026-08-31"
"DPcat",86,"productCA","productCA(miscCA(2, 7, 5), miscCA(2, 9, 5), 3)",60,63,5,5,"INGREDIENT_MEASURED","2026-08-31"
"DPcat",86,"productCA","miscCA(2, 7, 5)",30,7,5,5,"INGREDIENT_MEASURED","2026-08-31"
"DPcat",86,"productCA","miscCA(2, 9, 5)",35,9,5,5,"INGREDIENT_MEASURED","2026-08-31"
"DPcat",87,"productCA","miscCA(2, 7, 5)",30,7,5,5,"INGREDIENT_MEASURED","2026-08-31"
"DPcat",87,"productCA","productCA(miscCA(2, 7, 5), miscCA(2, 7, 5), 3)",55,49,5,5,"INGREDIENT_MEASURED","2026-08-31"
"DPcat",87,"productCA","miscCA(2, 7, 5)",30,7,5,5,"INGREDIENT_MEASURED","2026-08-31"
"DPcat",87,"productCA","miscCA(2, 7, 5)",30,7,5,5,"INGREDIENT_MEASURED","2026-08-31"
"DPcat",88,"productCA","CS_CMMSSY(7, 5)",29,7,5,5,"INGREDIENT_MEASURED","2026-08-31"
"DPcat",88,"productCA","productCA(miscCA(2, 7, 5), miscCA(2, 9, 5), 3)",60,63,5,5,"INGREDIENT_MEASURED","2026-08-31"
"DPcat",88,"productCA","miscCA(2, 7, 5)",30,7,5,5,"INGREDIENT_MEASURED","2026-08-31"
"DPcat",88,"productCA","miscCA(2, 9, 5)",35,9,5,5,"INGREDIENT_MEASURED","2026-08-31"
"DPcat",89,"productCA","CS_CMMSSY(6, 5)",25,6,5,5,"INGREDIENT_MEASURED","2026-08-31"
"DPcat",89,"productCA","productCA(CS_CMMSSY(6, 5)[, 1:5], productCA(CS_CMMSSY(6, 5)[, 1:5], CS_CMMSSY(6, 5)[, 1:5], c1 = 5), 5)",65,125,5,5,"INGREDIENT_MEASURED","2026-08-31"
"DPcat",89,"productCA","CS_CMMSSY(6, 5)",25,6,5,5,"INGREDIENT_MEASURED","2026-08-31"
"DPcat",89,"productCA","productCA(CS_CMMSSY(6, 5)[, 1:5], CS_CMMSSY(6, 5)[, 1:5], 5)",45,25,5,5,"INGREDIENT_MEASURED","2026-08-31"
"DPcat",89,"productCA","CS_CMMSSY(6, 5)",25,6,5,5,"INGREDIENT_MEASURED","2026-08-31"
"DPcat",89,"productCA","CS_CMMSSY(6, 5)",25,6,5,5,"INGREDIENT_MEASURED","2026-08-31"
"DPcat",90,"productCA","CS_CMMSSY(6, 5)",25,6,5,5,"INGREDIENT_MEASURED","2026-08-31"
"DPcat",90,"productCA","productCA(CS_CMMSSY(6, 5)[, 1:5], productCA(CS_CMMSSY(6, 5)[, 1:5], CS_CMMSSY(7, 5)[, 1:6], c1 = 5), 5)",69,150,5,5,"INGREDIENT_MEASURED","2026-08-31"
"DPcat",90,"productCA","CS_CMMSSY(6, 5)",25,6,5,5,"INGREDIENT_MEASURED","2026-08-31"
"DPcat",90,"productCA","productCA(CS_CMMSSY(6, 5)[, 1:5], CS_CMMSSY(7, 5)[, 1:6], 5)",49,30,5,5,"INGREDIENT_MEASURED","2026-08-31"
"DPcat",90,"productCA","CS_CMMSSY(6, 5)",25,6,5,5,"INGREDIENT_MEASURED","2026-08-31"
"DPcat",90,"productCA","CS_CMMSSY(7, 5)",29,7,5,5,"INGREDIENT_MEASURED","2026-08-31"
"DPcat",91,"productCA","CS_CMMSSY(6, 5)",25,6,5,5,"INGREDIENT_MEASURED","2026-08-31"
"DPcat",91,"productCA","productCA(CS_CMMSSY(6, 5)[, 1:5], productCA(CS_CMMSSY(6, 5)[, 1:5], miscCA(2, 7, 5), c1 = 5), 5)",70,175,5,5,"INGREDIENT_MEASURED","2026-08-31"
"DPcat",91,"productCA","CS_CMMSSY(6, 5)",25,6,5,5,"INGREDIENT_MEASURED","2026-08-31"
"DPcat",91,"productCA","productCA(CS_CMMSSY(6, 5)[, 1:5], miscCA(2, 7, 5), 5)",50,35,5,5,"INGREDIENT_MEASURED","2026-08-31"
"DPcat",91,"productCA","CS_CMMSSY(6, 5)",25,6,5,5,"INGREDIENT_MEASURED","2026-08-31"
"DPcat",91,"productCA","miscCA(2, 7, 5)",30,7,5,5,"INGREDIENT_MEASURED","2026-08-31"
"DPcat",92,"productCA","CS_CMMSSY(6, 5)",25,6,5,5,"INGREDIENT_MEASURED","2026-08-31"
"DPcat",92,"productCA","productCA(CS_CMMSSY(6, 5)[, 1:5], productCA(CS_CMMSSY(7, 5)[, 1:6], CS_CMMSSY(7, 5)[, 1:6], c1 = 5), 5)",73,180,5,5,"INGREDIENT_MEASURED","2026-08-31"
"DPcat",92,"productCA","CS_CMMSSY(6, 5)",25,6,5,5,"INGREDIENT_MEASURED","2026-08-31"
"DPcat",92,"productCA","productCA(CS_CMMSSY(7, 5)[, 1:6], CS_CMMSSY(7, 5)[, 1:6], 5)",53,36,5,5,"INGREDIENT_MEASURED","2026-08-31"
"DPcat",92,"productCA","CS_CMMSSY(7, 5)",29,7,5,5,"INGREDIENT_MEASURED","2026-08-31"
"DPcat",92,"productCA","CS_CMMSSY(7, 5)",29,7,5,5,"INGREDIENT_MEASURED","2026-08-31"
"DPcat",93,"productCA","CS_CMMSSY(6, 5)",25,6,5,5,"INGREDIENT_MEASURED","2026-08-31"
"DPcat",93,"productCA","productCA(CS_CMMSSY(6, 5)[, 1:5], productCA(CS_CMMSSY(7, 5)[, 1:6], miscCA(2, 7, 5), c1 = 5), 5)",74,210,5,5,"INGREDIENT_MEASURED","2026-08-31"
"DPcat",93,"productCA","CS_CMMSSY(6, 5)",25,6,5,5,"INGREDIENT_MEASURED","2026-08-31"
"DPcat",93,"productCA","productCA(CS_CMMSSY(7, 5)[, 1:6], miscCA(2, 7, 5), 5)",54,42,5,5,"INGREDIENT_MEASURED","2026-08-31"
"DPcat",93,"productCA","CS_CMMSSY(7, 5)",29,7,5,5,"INGREDIENT_MEASURED","2026-08-31"
"DPcat",93,"productCA","miscCA(2, 7, 5)",30,7,5,5,"INGREDIENT_MEASURED","2026-08-31"
"DPcat",94,"productCA","CS_CMMSSY(6, 5)",25,6,5,5,"INGREDIENT_MEASURED","2026-08-31"
"DPcat",94,"productCA","productCA(CS_CMMSSY(6, 5)[, 1:5], productCA(miscCA(2, 7, 5), miscCA(2, 7, 5), c1 = 3), 5)",75,245,5,5,"INGREDIENT_MEASURED","2026-08-31"
"DPcat",94,"productCA","CS_CMMSSY(6, 5)",25,6,5,5,"INGREDIENT_MEASURED","2026-08-31"
"DPcat",94,"productCA","productCA(miscCA(2, 7, 5), miscCA(2, 7, 5), 3)",55,49,5,5,"INGREDIENT_MEASURED","2026-08-31"
"DPcat",94,"productCA","miscCA(2, 7, 5)",30,7,5,5,"INGREDIENT_MEASURED","2026-08-31"
"DPcat",94,"productCA","miscCA(2, 7, 5)",30,7,5,5,"INGREDIENT_MEASURED","2026-08-31"
"DPcat",95,"productCA","CS_CMMSSY(6, 5)",25,6,5,5,"INGREDIENT_MEASURED","2026-08-31"
"DPcat",95,"productCA","productCA(CS_CMMSSY(7, 5)[, 1:6], productCA(CS_CMMSSY(7, 5)[, 1:6], miscCA(2, 7, 5), c1 = 5), 5)",78,252,5,5,"INGREDIENT_MEASURED","2026-08-31"
"DPcat",95,"productCA","CS_CMMSSY(7, 5)",29,7,5,5,"INGREDIENT_MEASURED","2026-08-31"
"DPcat",95,"productCA","productCA(CS_CMMSSY(7, 5)[, 1:6], miscCA(2, 7, 5), 5)",54,42,5,5,"INGREDIENT_MEASURED","2026-08-31"
"DPcat",95,"productCA","CS_CMMSSY(7, 5)",29,7,5,5,"INGREDIENT_MEASURED","2026-08-31"
"DPcat",95,"productCA","miscCA(2, 7, 5)",30,7,5,5,"INGREDIENT_MEASURED","2026-08-31"
"DPcat",96,"productCA","CS_CMMSSY(6, 5)",25,6,5,5,"INGREDIENT_MEASURED","2026-08-31"
"DPcat",96,"productCA","productCA(CS_CMMSSY(7, 5)[, 1:6], productCA(miscCA(2, 7, 5), miscCA(2, 7, 5), c1 = 3), 5)",79,294,5,5,"INGREDIENT_MEASURED","2026-08-31"
"DPcat",96,"productCA","CS_CMMSSY(7, 5)",29,7,5,5,"INGREDIENT_MEASURED","2026-08-31"
"DPcat",96,"productCA","productCA(miscCA(2, 7, 5), miscCA(2, 7, 5), 3)",55,49,5,5,"INGREDIENT_MEASURED","2026-08-31"
"DPcat",96,"productCA","miscCA(2, 7, 5)",30,7,5,5,"INGREDIENT_MEASURED","2026-08-31"
"DPcat",96,"productCA","miscCA(2, 7, 5)",30,7,5,5,"INGREDIENT_MEASURED","2026-08-31"
"DPcat",97,"productCA","CS_CMMSSY(6, 5)",25,6,5,5,"INGREDIENT_MEASURED","2026-08-31"
"DPcat",97,"productCA","productCA(CS_CMMSSY(6, 5)[, 1:5], productCA(miscCA(2, 7, 5), miscCA(2, 9, 5), c1 = 3), 5)",80,315,5,5,"INGREDIENT_MEASURED","2026-08-31"
"DPcat",97,"productCA","CS_CMMSSY(6, 5)",25,6,5,5,"INGREDIENT_MEASURED","2026-08-31"
"DPcat",97,"productCA","productCA(miscCA(2, 7, 5), miscCA(2, 9, 5), 3)",60,63,5,5,"INGREDIENT_MEASURED","2026-08-31"
"DPcat",97,"productCA","miscCA(2, 7, 5)",30,7,5,5,"INGREDIENT_MEASURED","2026-08-31"
"DPcat",97,"productCA","miscCA(2, 9, 5)",35,9,5,5,"INGREDIENT_MEASURED","2026-08-31"
"DPcat",98,"productCA","CS_CMMSSY(6, 5)",25,6,5,5,"INGREDIENT_MEASURED","2026-08-31"
"DPcat",98,"productCA","productCA(miscCA(2, 7, 5), productCA(miscCA(2, 7, 5), miscCA(2, 7, 5), c1 = 3), 3)",80,343,5,5,"INGREDIENT_MEASURED","2026-08-31"
"DPcat",98,"productCA","miscCA(2, 7, 5)",30,7,5,5,"INGREDIENT_MEASURED","2026-08-31"
"DPcat",98,"productCA","productCA(miscCA(2, 7, 5), miscCA(2, 7, 5), 3)",55,49,5,5,"INGREDIENT_MEASURED","2026-08-31"
"DPcat",98,"productCA","miscCA(2, 7, 5)",30,7,5,5,"INGREDIENT_MEASURED","2026-08-31"
"DPcat",98,"productCA","miscCA(2, 7, 5)",30,7,5,5,"INGREDIENT_MEASURED","2026-08-31"
"DPcat",99,"productCA","CS_CMMSSY(7, 5)",29,7,5,5,"INGREDIENT_MEASURED","2026-08-31"
"DPcat",99,"productCA","productCA(CS_CMMSSY(7, 5)[, 1:6], productCA(miscCA(2, 7, 5), miscCA(2, 7, 5), c1 = 3), 5)",79,294,5,5,"INGREDIENT_MEASURED","2026-08-31"
"DPcat",99,"productCA","CS_CMMSSY(7, 5)",29,7,5,5,"INGREDIENT_MEASURED","2026-08-31"
"DPcat",99,"productCA","productCA(miscCA(2, 7, 5), miscCA(2, 7, 5), 3)",55,49,5,5,"INGREDIENT_MEASURED","2026-08-31"
"DPcat",99,"productCA","miscCA(2, 7, 5)",30,7,5,5,"INGREDIENT_MEASURED","2026-08-31"
"DPcat",99,"productCA","miscCA(2, 7, 5)",30,7,5,5,"INGREDIENT_MEASURED","2026-08-31"
"DPcat",100,"productCA","CS_CMMSSY(6, 5)",25,6,5,5,"INGREDIENT_MEASURED","2026-08-31"
"DPcat",100,"productCA","productCA(CS_CMMSSY(7, 5)[, 1:6], productCA(miscCA(2, 7, 5), miscCA(2, 9, 5), c1 = 3), 5)",84,378,5,5,"INGREDIENT_MEASURED","2026-08-31"
"DPcat",100,"productCA","CS_CMMSSY(7, 5)",29,7,5,5,"INGREDIENT_MEASURED","2026-08-31"
"DPcat",100,"productCA","productCA(miscCA(2, 7, 5), miscCA(2, 9, 5), 3)",60,63,5,5,"INGREDIENT_MEASURED","2026-08-31"
"DPcat",100,"productCA","miscCA(2, 7, 5)",30,7,5,5,"INGREDIENT_MEASURED","2026-08-31"
"DPcat",100,"productCA","miscCA(2, 9, 5)",35,9,5,5,"INGREDIENT_MEASURED","2026-08-31"
"DPcat",101,"productCA","CS_CMMSSY(6, 5)",25,6,5,5,"INGREDIENT_MEASURED","2026-08-31"
"DPcat",101,"productCA","productCA(CS_CMMSSY(6, 5)[, 1:5], productCA(CS_CMMSSY(6, 5)[, 1:5], productCA(CS_CMMSSY(6, 5)[,     1:5], CS_CMMSSY(6, 5)[, 1:5], c1 = 5), c1 = 5), 5)",85,625,5,5,"INGREDIENT_MEASURED","2026-08-31"
"DPcat",101,"productCA","CS_CMMSSY(6, 5)",25,6,5,5,"INGREDIENT_MEASURED","2026-08-31"
"DPcat",101,"productCA","productCA(CS_CMMSSY(6, 5)[, 1:5], productCA(CS_CMMSSY(6, 5)[, 1:5], CS_CMMSSY(6, 5)[, 1:5], c1 = 5), 5)",65,125,5,5,"INGREDIENT_MEASURED","2026-08-31"
"DPcat",101,"productCA","CS_CMMSSY(6, 5)",25,6,5,5,"INGREDIENT_MEASURED","2026-08-31"
"DPcat",101,"productCA","productCA(CS_CMMSSY(6, 5)[, 1:5], CS_CMMSSY(6, 5)[, 1:5], 5)",45,25,5,5,"INGREDIENT_MEASURED","2026-08-31"
"DPcat",101,"productCA","CS_CMMSSY(6, 5)",25,6,5,5,"INGREDIENT_MEASURED","2026-08-31"
"DPcat",101,"productCA","CS_CMMSSY(6, 5)",25,6,5,5,"INGREDIENT_MEASURED","2026-08-31"
"DPcat",102,"productCA","CS_CMMSSY(6, 5)",25,6,5,5,"INGREDIENT_MEASURED","2026-08-31"
"DPcat",102,"productCA","productCA(CS_CMMSSY(6, 5)[, 1:5], productCA(CS_CMMSSY(6, 5)[, 1:5], productCA(CS_CMMSSY(6, 5)[,     1:5], CS_CMMSSY(7, 5)[, 1:6], c1 = 5), c1 = 5), 5)",89,750,5,5,"INGREDIENT_MEASURED","2026-08-31"
"DPcat",102,"productCA","CS_CMMSSY(6, 5)",25,6,5,5,"INGREDIENT_MEASURED","2026-08-31"
"DPcat",102,"productCA","productCA(CS_CMMSSY(6, 5)[, 1:5], productCA(CS_CMMSSY(6, 5)[, 1:5], CS_CMMSSY(7, 5)[, 1:6], c1 = 5), 5)",69,150,5,5,"INGREDIENT_MEASURED","2026-08-31"
"DPcat",102,"productCA","CS_CMMSSY(6, 5)",25,6,5,5,"INGREDIENT_MEASURED","2026-08-31"
"DPcat",102,"productCA","productCA(CS_CMMSSY(6, 5)[, 1:5], CS_CMMSSY(7, 5)[, 1:6], 5)",49,30,5,5,"INGREDIENT_MEASURED","2026-08-31"
"DPcat",102,"productCA","CS_CMMSSY(6, 5)",25,6,5,5,"INGREDIENT_MEASURED","2026-08-31"
"DPcat",102,"productCA","CS_CMMSSY(7, 5)",29,7,5,5,"INGREDIENT_MEASURED","2026-08-31"
"DPcat",103,"productCA","CS_CMMSSY(6, 5)",25,6,5,5,"INGREDIENT_MEASURED","2026-08-31"
"DPcat",103,"productCA","productCA(CS_CMMSSY(6, 5)[, 1:5], productCA(CS_CMMSSY(6, 5)[, 1:5], productCA(CS_CMMSSY(6, 5)[,     1:5], miscCA(2, 7, 5), c1 = 5), c1 = 5), 5)",90,875,5,5,"INGREDIENT_MEASURED","2026-08-31"
"DPcat",103,"productCA","CS_CMMSSY(6, 5)",25,6,5,5,"INGREDIENT_MEASURED","2026-08-31"
"DPcat",103,"productCA","productCA(CS_CMMSSY(6, 5)[, 1:5], productCA(CS_CMMSSY(6, 5)[, 1:5], miscCA(2, 7, 5), c1 = 5), 5)",70,175,5,5,"INGREDIENT_MEASURED","2026-08-31"
"DPcat",103,"productCA","CS_CMMSSY(6, 5)",25,6,5,5,"INGREDIENT_MEASURED","2026-08-31"
"DPcat",103,"productCA","productCA(CS_CMMSSY(6, 5)[, 1:5], miscCA(2, 7, 5), 5)",50,35,5,5,"INGREDIENT_MEASURED","2026-08-31"
"DPcat",103,"productCA","CS_CMMSSY(6, 5)",25,6,5,5,"INGREDIENT_MEASURED","2026-08-31"
"DPcat",103,"productCA","miscCA(2, 7, 5)",30,7,5,5,"INGREDIENT_MEASURED","2026-08-31"
"DPcat",104,"productCA","CS_CMMSSY(6, 5)",25,6,5,5,"INGREDIENT_MEASURED","2026-08-31"
"DPcat",104,"productCA","productCA(CS_CMMSSY(6, 5)[, 1:5], productCA(CS_CMMSSY(6, 5)[, 1:5], productCA(CS_CMMSSY(7, 5)[,     1:6], CS_CMMSSY(7, 5)[, 1:6], c1 = 5), c1 = 5), 5)",93,900,5,5,"INGREDIENT_MEASURED","2026-08-31"
"DPcat",104,"productCA","CS_CMMSSY(6, 5)",25,6,5,5,"INGREDIENT_MEASURED","2026-08-31"
"DPcat",104,"productCA","productCA(CS_CMMSSY(6, 5)[, 1:5], productCA(CS_CMMSSY(7, 5)[, 1:6], CS_CMMSSY(7, 5)[, 1:6], c1 = 5), 5)",73,180,5,5,"INGREDIENT_MEASURED","2026-08-31"
"DPcat",104,"productCA","CS_CMMSSY(6, 5)",25,6,5,5,"INGREDIENT_MEASURED","2026-08-31"
"DPcat",104,"productCA","productCA(CS_CMMSSY(7, 5)[, 1:6], CS_CMMSSY(7, 5)[, 1:6], 5)",53,36,5,5,"INGREDIENT_MEASURED","2026-08-31"
"DPcat",104,"productCA","CS_CMMSSY(7, 5)",29,7,5,5,"INGREDIENT_MEASURED","2026-08-31"
"DPcat",104,"productCA","CS_CMMSSY(7, 5)",29,7,5,5,"INGREDIENT_MEASURED","2026-08-31"
"DPcat",105,"productCA","CS_CMMSSY(6, 5)",25,6,5,5,"INGREDIENT_MEASURED","2026-08-31"
"DPcat",105,"productCA","productCA(CS_CMMSSY(6, 5)[, 1:5], productCA(CS_CMMSSY(6, 5)[, 1:5], productCA(CS_CMMSSY(7, 5)[,     1:6], miscCA(2, 7, 5), c1 = 5), c1 = 5), 5)",94,1050,5,5,"INGREDIENT_MEASURED","2026-08-31"
"DPcat",105,"productCA","CS_CMMSSY(6, 5)",25,6,5,5,"INGREDIENT_MEASURED","2026-08-31"
"DPcat",105,"productCA","productCA(CS_CMMSSY(6, 5)[, 1:5], productCA(CS_CMMSSY(7, 5)[, 1:6], miscCA(2, 7, 5), c1 = 5), 5)",74,210,5,5,"INGREDIENT_MEASURED","2026-08-31"
"DPcat",105,"productCA","CS_CMMSSY(6, 5)",25,6,5,5,"INGREDIENT_MEASURED","2026-08-31"
"DPcat",105,"productCA","productCA(CS_CMMSSY(7, 5)[, 1:6], miscCA(2, 7, 5), 5)",54,42,5,5,"INGREDIENT_MEASURED","2026-08-31"
"DPcat",105,"productCA","CS_CMMSSY(7, 5)",29,7,5,5,"INGREDIENT_MEASURED","2026-08-31"
"DPcat",105,"productCA","miscCA(2, 7, 5)",30,7,5,5,"INGREDIENT_MEASURED","2026-08-31"
"DPcat",106,"productCA","CS_CMMSSY(6, 5)",25,6,5,5,"INGREDIENT_MEASURED","2026-08-31"
"DPcat",106,"productCA","productCA(CS_CMMSSY(6, 5)[, 1:5], productCA(CS_CMMSSY(6, 5)[, 1:5], productCA(miscCA(2, 7, 5),     miscCA(2, 7, 5), c1 = 3), c1 = 5), 5)",95,1225,5,5,"INGREDIENT_MEASURED","2026-08-31"
"DPcat",106,"productCA","CS_CMMSSY(6, 5)",25,6,5,5,"INGREDIENT_MEASURED","2026-08-31"
"DPcat",106,"productCA","productCA(CS_CMMSSY(6, 5)[, 1:5], productCA(miscCA(2, 7, 5), miscCA(2, 7, 5), c1 = 3), 5)",75,245,5,5,"INGREDIENT_MEASURED","2026-08-31"
"DPcat",106,"productCA","CS_CMMSSY(6, 5)",25,6,5,5,"INGREDIENT_MEASURED","2026-08-31"
"DPcat",106,"productCA","productCA(miscCA(2, 7, 5), miscCA(2, 7, 5), 3)",55,49,5,5,"INGREDIENT_MEASURED","2026-08-31"
"DPcat",106,"productCA","miscCA(2, 7, 5)",30,7,5,5,"INGREDIENT_MEASURED","2026-08-31"
"DPcat",106,"productCA","miscCA(2, 7, 5)",30,7,5,5,"INGREDIENT_MEASURED","2026-08-31"
"DPcat",107,"productCA","CS_CMMSSY(6, 5)",25,6,5,5,"INGREDIENT_MEASURED","2026-08-31"
"DPcat",107,"productCA","productCA(CS_CMMSSY(6, 5)[, 1:5], productCA(CS_CMMSSY(7, 5)[, 1:6], productCA(CS_CMMSSY(7, 5)[,     1:6], miscCA(2, 7, 5), c1 = 5), c1 = 5), 5)",98,1260,5,5,"INGREDIENT_MEASURED","2026-08-31"
"DPcat",107,"productCA","CS_CMMSSY(6, 5)",25,6,5,5,"INGREDIENT_MEASURED","2026-08-31"
"DPcat",107,"productCA","productCA(CS_CMMSSY(7, 5)[, 1:6], productCA(CS_CMMSSY(7, 5)[, 1:6], miscCA(2, 7, 5), c1 = 5), 5)",78,252,5,5,"INGREDIENT_MEASURED","2026-08-31"
"DPcat",107,"productCA","CS_CMMSSY(7, 5)",29,7,5,5,"INGREDIENT_MEASURED","2026-08-31"
"DPcat",107,"productCA","productCA(CS_CMMSSY(7, 5)[, 1:6], miscCA(2, 7, 5), 5)",54,42,5,5,"INGREDIENT_MEASURED","2026-08-31"
"DPcat",107,"productCA","CS_CMMSSY(7, 5)",29,7,5,5,"INGREDIENT_MEASURED","2026-08-31"
"DPcat",107,"productCA","miscCA(2, 7, 5)",30,7,5,5,"INGREDIENT_MEASURED","2026-08-31"
"DPcat",108,"productCA","CS_CMMSSY(6, 5)",25,6,5,5,"INGREDIENT_MEASURED","2026-08-31"
"DPcat",108,"productCA","productCA(CS_CMMSSY(6, 5)[, 1:5], productCA(CS_CMMSSY(7, 5)[, 1:6], productCA(miscCA(2, 7, 5),     miscCA(2, 7, 5), c1 = 3), c1 = 5), 5)",99,1470,5,5,"INGREDIENT_MEASURED","2026-08-31"
"DPcat",108,"productCA","CS_CMMSSY(6, 5)",25,6,5,5,"INGREDIENT_MEASURED","2026-08-31"
"DPcat",108,"productCA","productCA(CS_CMMSSY(7, 5)[, 1:6], productCA(miscCA(2, 7, 5), miscCA(2, 7, 5), c1 = 3), 5)",79,294,5,5,"INGREDIENT_MEASURED","2026-08-31"
"DPcat",108,"productCA","CS_CMMSSY(7, 5)",29,7,5,5,"INGREDIENT_MEASURED","2026-08-31"
"DPcat",108,"productCA","productCA(miscCA(2, 7, 5), miscCA(2, 7, 5), 3)",55,49,5,5,"INGREDIENT_MEASURED","2026-08-31"
"DPcat",108,"productCA","miscCA(2, 7, 5)",30,7,5,5,"INGREDIENT_MEASURED","2026-08-31"
"DPcat",108,"productCA","miscCA(2, 7, 5)",30,7,5,5,"INGREDIENT_MEASURED","2026-08-31"
"DPcat",109,"productCA","CS_CMMSSY(6, 5)",25,6,5,5,"INGREDIENT_MEASURED","2026-08-31"
"DPcat",109,"productCA","productCA(CS_CMMSSY(6, 5)[, 1:5], productCA(CS_CMMSSY(6, 5)[, 1:5], productCA(miscCA(2, 7, 5),     miscCA(2, 9, 5), c1 = 3), c1 = 5), 5)",100,1575,5,5,"INGREDIENT_MEASURED","2026-08-31"
"DPcat",109,"productCA","CS_CMMSSY(6, 5)",25,6,5,5,"INGREDIENT_MEASURED","2026-08-31"
"DPcat",109,"productCA","productCA(CS_CMMSSY(6, 5)[, 1:5], productCA(miscCA(2, 7, 5), miscCA(2, 9, 5), c1 = 3), 5)",80,315,5,5,"INGREDIENT_MEASURED","2026-08-31"
"DPcat",109,"productCA","CS_CMMSSY(6, 5)",25,6,5,5,"INGREDIENT_MEASURED","2026-08-31"
"DPcat",109,"productCA","productCA(miscCA(2, 7, 5), miscCA(2, 9, 5), 3)",60,63,5,5,"INGREDIENT_MEASURED","2026-08-31"
"DPcat",109,"productCA","miscCA(2, 7, 5)",30,7,5,5,"INGREDIENT_MEASURED","2026-08-31"
"DPcat",109,"productCA","miscCA(2, 9, 5)",35,9,5,5,"INGREDIENT_MEASURED","2026-08-31"
"DPcat",110,"productCA","CS_CMMSSY(6, 5)",25,6,5,5,"INGREDIENT_MEASURED","2026-08-31"
"DPcat",110,"productCA","productCA(CS_CMMSSY(6, 5)[, 1:5], productCA(miscCA(2, 7, 5), productCA(miscCA(2, 7, 5), miscCA(2,     7, 5), c1 = 3), c1 = 3), 5)",100,1715,5,5,"INGREDIENT_MEASURED","2026-08-31"
"DPcat",110,"productCA","CS_CMMSSY(6, 5)",25,6,5,5,"INGREDIENT_MEASURED","2026-08-31"
"DPcat",110,"productCA","productCA(miscCA(2, 7, 5), productCA(miscCA(2, 7, 5), miscCA(2, 7, 5), c1 = 3), 3)",80,343,5,5,"INGREDIENT_MEASURED","2026-08-31"
"DPcat",110,"productCA","miscCA(2, 7, 5)",30,7,5,5,"INGREDIENT_MEASURED","2026-08-31"
"DPcat",110,"productCA","productCA(miscCA(2, 7, 5), miscCA(2, 7, 5), 3)",55,49,5,5,"INGREDIENT_MEASURED","2026-08-31"
"DPcat",110,"productCA","miscCA(2, 7, 5)",30,7,5,5,"INGREDIENT_MEASURED","2026-08-31"
"DPcat",110,"productCA","miscCA(2, 7, 5)",30,7,5,5,"INGREDIENT_MEASURED","2026-08-31"
"DPcat",111,"productCA","CS_CMMSSY(6, 5)",25,6,5,5,"INGREDIENT_MEASURED","2026-08-31"
"DPcat",111,"productCA","productCA(CS_CMMSSY(7, 5)[, 1:6], productCA(CS_CMMSSY(7, 5)[, 1:6], productCA(miscCA(2, 7, 5),     miscCA(2, 7, 5), c1 = 3), c1 = 5), 5)",103,1764,5,5,"INGREDIENT_MEASURED","2026-08-31"
"DPcat",111,"productCA","CS_CMMSSY(7, 5)",29,7,5,5,"INGREDIENT_MEASURED","2026-08-31"
"DPcat",111,"productCA","productCA(CS_CMMSSY(7, 5)[, 1:6], productCA(miscCA(2, 7, 5), miscCA(2, 7, 5), c1 = 3), 5)",79,294,5,5,"INGREDIENT_MEASURED","2026-08-31"
"DPcat",111,"productCA","CS_CMMSSY(7, 5)",29,7,5,5,"INGREDIENT_MEASURED","2026-08-31"
"DPcat",111,"productCA","productCA(miscCA(2, 7, 5), miscCA(2, 7, 5), 3)",55,49,5,5,"INGREDIENT_MEASURED","2026-08-31"
"DPcat",111,"productCA","miscCA(2, 7, 5)",30,7,5,5,"INGREDIENT_MEASURED","2026-08-31"
"DPcat",111,"productCA","miscCA(2, 7, 5)",30,7,5,5,"INGREDIENT_MEASURED","2026-08-31"
"DPcat",112,"productCA","CS_CMMSSY(6, 5)",25,6,5,5,"INGREDIENT_MEASURED","2026-08-31"
"DPcat",112,"productCA","productCA(CS_CMMSSY(6, 5)[, 1:5], productCA(CS_CMMSSY(7, 5)[, 1:6], productCA(miscCA(2, 7, 5),     miscCA(2, 9, 5), c1 = 3), c1 = 5), 5)",104,1890,5,5,"INGREDIENT_MEASURED","2026-08-31"
"DPcat",112,"productCA","CS_CMMSSY(6, 5)",25,6,5,5,"INGREDIENT_MEASURED","2026-08-31"
"DPcat",112,"productCA","productCA(CS_CMMSSY(7, 5)[, 1:6], productCA(miscCA(2, 7, 5), miscCA(2, 9, 5), c1 = 3), 5)",84,378,5,5,"INGREDIENT_MEASURED","2026-08-31"
"DPcat",112,"productCA","CS_CMMSSY(7, 5)",29,7,5,5,"INGREDIENT_MEASURED","2026-08-31"
"DPcat",112,"productCA","productCA(miscCA(2, 7, 5), miscCA(2, 9, 5), 3)",60,63,5,5,"INGREDIENT_MEASURED","2026-08-31"
"DPcat",112,"productCA","miscCA(2, 7, 5)",30,7,5,5,"INGREDIENT_MEASURED","2026-08-31"
"DPcat",112,"productCA","miscCA(2, 9, 5)",35,9,5,5,"INGREDIENT_MEASURED","2026-08-31"
"DPcat",113,"productCA","CS_CMMSSY(6, 5)",25,6,5,5,"INGREDIENT_MEASURED","2026-08-31"
"DPcat",113,"productCA","productCA(CS_CMMSSY(6, 5)[, 1:5], productCA(CS_CMMSSY(6, 5)[, 1:5], productCA(CS_CMMSSY(6, 5)[,     1:5], productCA(CS_CMMSSY(6, 5)[, 1:5], CS_CMMSSY(6, 5)[,     1:5], c1 = 5), c1 = 5), c1 = 5), 5)",105,3125,5,5,"INGREDIENT_MEASURED","2026-08-31"
"DPcat",113,"productCA","CS_CMMSSY(6, 5)",25,6,5,5,"INGREDIENT_MEASURED","2026-08-31"
"DPcat",113,"productCA","productCA(CS_CMMSSY(6, 5)[, 1:5], productCA(CS_CMMSSY(6, 5)[, 1:5], productCA(CS_CMMSSY(6, 5)[,     1:5], CS_CMMSSY(6, 5)[, 1:5], c1 = 5), c1 = 5), 5)",85,625,5,5,"INGREDIENT_MEASURED","2026-08-31"
"DPcat",113,"productCA","CS_CMMSSY(6, 5)",25,6,5,5,"INGREDIENT_MEASURED","2026-08-31"
"DPcat",113,"productCA","productCA(CS_CMMSSY(6, 5)[, 1:5], productCA(CS_CMMSSY(6, 5)[, 1:5], CS_CMMSSY(6, 5)[, 1:5], c1 = 5), 5)",65,125,5,5,"INGREDIENT_MEASURED","2026-08-31"
"DPcat",113,"productCA","CS_CMMSSY(6, 5)",25,6,5,5,"INGREDIENT_MEASURED","2026-08-31"
"DPcat",113,"productCA","productCA(CS_CMMSSY(6, 5)[, 1:5], CS_CMMSSY(6, 5)[, 1:5], 5)",45,25,5,5,"INGREDIENT_MEASURED","2026-08-31"
"DPcat",113,"productCA","CS_CMMSSY(6, 5)",25,6,5,5,"INGREDIENT_MEASURED","2026-08-31"
"DPcat",113,"productCA","CS_CMMSSY(6, 5)",25,6,5,5,"INGREDIENT_MEASURED","2026-08-31"
"DPcat",114,"productCA","CS_CMMSSY(6, 5)",25,6,5,5,"INGREDIENT_MEASURED","2026-08-31"
"DPcat",114,"productCA","productCA(CS_CMMSSY(6, 5)[, 1:5], productCA(CS_CMMSSY(6, 5)[, 1:5], productCA(CS_CMMSSY(6, 5)[,     1:5], productCA(CS_CMMSSY(6, 5)[, 1:5], CS_CMMSSY(7, 5)[,     1:6], c1 = 5), c1 = 5), c1 = 5), 5)",109,3750,5,5,"INGREDIENT_MEASURED","2026-08-31"
"DPcat",114,"productCA","CS_CMMSSY(6, 5)",25,6,5,5,"INGREDIENT_MEASURED","2026-08-31"
"DPcat",114,"productCA","productCA(CS_CMMSSY(6, 5)[, 1:5], productCA(CS_CMMSSY(6, 5)[, 1:5], productCA(CS_CMMSSY(6, 5)[,     1:5], CS_CMMSSY(7, 5)[, 1:6], c1 = 5), c1 = 5), 5)",89,750,5,5,"INGREDIENT_MEASURED","2026-08-31"
"DPcat",114,"productCA","CS_CMMSSY(6, 5)",25,6,5,5,"INGREDIENT_MEASURED","2026-08-31"
"DPcat",114,"productCA","productCA(CS_CMMSSY(6, 5)[, 1:5], productCA(CS_CMMSSY(6, 5)[, 1:5], CS_CMMSSY(7, 5)[, 1:6], c1 = 5), 5)",69,150,5,5,"INGREDIENT_MEASURED","2026-08-31"
"DPcat",114,"productCA","CS_CMMSSY(6, 5)",25,6,5,5,"INGREDIENT_MEASURED","2026-08-31"
"DPcat",114,"productCA","productCA(CS_CMMSSY(6, 5)[, 1:5], CS_CMMSSY(7, 5)[, 1:6], 5)",49,30,5,5,"INGREDIENT_MEASURED","2026-08-31"
"DPcat",114,"productCA","CS_CMMSSY(6, 5)",25,6,5,5,"INGREDIENT_MEASURED","2026-08-31"
"DPcat",114,"productCA","CS_CMMSSY(7, 5)",29,7,5,5,"INGREDIENT_MEASURED","2026-08-31"
"DPcat",115,"productCA","CS_CMMSSY(6, 5)",25,6,5,5,"INGREDIENT_MEASURED","2026-08-31"
"DPcat",115,"productCA","productCA(CS_CMMSSY(6, 5)[, 1:5], productCA(CS_CMMSSY(6, 5)[, 1:5], productCA(CS_CMMSSY(6, 5)[,     1:5], productCA(CS_CMMSSY(6, 5)[, 1:5], miscCA(2, 7, 5),     c1 = 5), c1 = 5), c1 = 5), 5)",110,4375,5,5,"INGREDIENT_MEASURED","2026-08-31"
"DPcat",115,"productCA","CS_CMMSSY(6, 5)",25,6,5,5,"INGREDIENT_MEASURED","2026-08-31"
"DPcat",115,"productCA","productCA(CS_CMMSSY(6, 5)[, 1:5], productCA(CS_CMMSSY(6, 5)[, 1:5], productCA(CS_CMMSSY(6, 5)[,     1:5], miscCA(2, 7, 5), c1 = 5), c1 = 5), 5)",90,875,5,5,"INGREDIENT_MEASURED","2026-08-31"
"DPcat",115,"productCA","CS_CMMSSY(6, 5)",25,6,5,5,"INGREDIENT_MEASURED","2026-08-31"
"DPcat",115,"productCA","productCA(CS_CMMSSY(6, 5)[, 1:5], productCA(CS_CMMSSY(6, 5)[, 1:5], miscCA(2, 7, 5), c1 = 5), 5)",70,175,5,5,"INGREDIENT_MEASURED","2026-08-31"
"DPcat",115,"productCA","CS_CMMSSY(6, 5)",25,6,5,5,"INGREDIENT_MEASURED","2026-08-31"
"DPcat",115,"productCA","productCA(CS_CMMSSY(6, 5)[, 1:5], miscCA(2, 7, 5), 5)",50,35,5,5,"INGREDIENT_MEASURED","2026-08-31"
"DPcat",115,"productCA","CS_CMMSSY(6, 5)",25,6,5,5,"INGREDIENT_MEASURED","2026-08-31"
"DPcat",115,"productCA","miscCA(2, 7, 5)",30,7,5,5,"INGREDIENT_MEASURED","2026-08-31"
"DPcat",116,"productCA","miscCA(2, 3, 6)",36,3,6,6,"INGREDIENT_MEASURED","2026-08-31"
"DPcat",116,"productCA","miscCA(2, 3, 6)",36,3,6,6,"INGREDIENT_MEASURED","2026-08-31"
"DPcat",117,"productCA","miscCA(2, 3, 6)",36,3,6,6,"INGREDIENT_MEASURED","2026-08-31"
"DPcat",117,"productCA","miscCA(2, 4, 6)",37,4,6,6,"INGREDIENT_MEASURED","2026-08-31"
"DPcat",118,"productCA","miscCA(2, 4, 6)",37,4,6,6,"INGREDIENT_MEASURED","2026-08-31"
"DPcat",118,"productCA","miscCA(2, 4, 6)",37,4,6,6,"INGREDIENT_MEASURED","2026-08-31"
"DPcat",119,"productCA","miscCA(2, 4, 6)",37,4,6,6,"INGREDIENT_MEASURED","2026-08-31"
"DPcat",119,"productCA","miscCA(2, 5, 6)",39,5,6,6,"INGREDIENT_MEASURED","2026-08-31"
"DPcat",120,"productCA","miscCA(2, 5, 6)",39,5,6,6,"INGREDIENT_MEASURED","2026-08-31"
"DPcat",120,"productCA","miscCA(2, 5, 6)",39,5,6,6,"INGREDIENT_MEASURED","2026-08-31"
"DPcat",121,"productCA","miscCA(2, 5, 6)",39,5,6,6,"INGREDIENT_MEASURED","2026-08-31"
"DPcat",121,"productCA","miscCA(2, 6, 6)",41,6,6,6,"INGREDIENT_MEASURED","2026-08-31"
"DPcat",122,"productCA","miscCA(2, 6, 6)",41,6,6,6,"INGREDIENT_MEASURED","2026-08-31"
"DPcat",122,"productCA","miscCA(2, 6, 6)",41,6,6,6,"INGREDIENT_MEASURED","2026-08-31"
"DPcat",123,"productCA","miscCA(2, 5, 6)",39,5,6,6,"INGREDIENT_MEASURED","2026-08-31"
"DPcat",123,"productCA","CS_CMMSSY(9, 6)",46,9,6,6,"INGREDIENT_MEASURED","2026-08-31"
"DPcat",124,"productCA","miscCA(2, 6, 6)",41,6,6,6,"INGREDIENT_MEASURED","2026-08-31"
"DPcat",124,"productCA","CS_CMMSSY(9, 6)",46,9,6,6,"INGREDIENT_MEASURED","2026-08-31"
"DPcat",125,"productCA","CS_CMMSSY(9, 6)",46,9,6,6,"INGREDIENT_MEASURED","2026-08-31"
"DPcat",125,"productCA","CS_CMMSSY(9, 6)",46,9,6,6,"INGREDIENT_MEASURED","2026-08-31"
"DPcat",126,"productCA","CS_CMMSSY(9, 6)",46,9,6,6,"INGREDIENT_MEASURED","2026-08-31"
"DPcat",126,"productCA","CS_CMMSSY(10, 6)",51,10,6,6,"INGREDIENT_MEASURED","2026-08-31"
"DPcat",127,"productCA","CS_CMMSSY(10, 6)",51,10,6,6,"INGREDIENT_MEASURED","2026-08-31"
"DPcat",127,"productCA","CS_CMMSSY(10, 6)",51,10,6,6,"INGREDIENT_MEASURED","2026-08-31"
"DPcat",128,"productCA","CS_CMMSSY(10, 6)",51,10,6,6,"INGREDIENT_MEASURED","2026-08-31"
"DPcat",128,"productCA","CS_CMMSSY(11, 6)",56,11,6,6,"INGREDIENT_MEASURED","2026-08-31"
"DPcat",129,"productCA","miscCA(2, 4, 6)",37,4,6,6,"INGREDIENT_MEASURED","2026-08-31"
"DPcat",129,"productCA","productCA(miscCA(2, 5, 6), miscCA(2, 5, 6), 4)",72,25,6,6,"INGREDIENT_MEASURED","2026-08-31"
"DPcat",129,"productCA","miscCA(2, 5, 6)",39,5,6,6,"INGREDIENT_MEASURED","2026-08-31"
"DPcat",129,"productCA","miscCA(2, 5, 6)",39,5,6,6,"INGREDIENT_MEASURED","2026-08-31"
"DPcat",130,"productCA","miscCA(2, 5, 6)",39,5,6,6,"INGREDIENT_MEASURED","2026-08-31"
"DPcat",130,"productCA","productCA(miscCA(2, 5, 6), miscCA(2, 5, 6), 4)",72,25,6,6,"INGREDIENT_MEASURED","2026-08-31"
"DPcat",130,"productCA","miscCA(2, 5, 6)",39,5,6,6,"INGREDIENT_MEASURED","2026-08-31"
"DPcat",130,"productCA","miscCA(2, 5, 6)",39,5,6,6,"INGREDIENT_MEASURED","2026-08-31"
"DPcat",131,"productCA","miscCA(2, 5, 6)",39,5,6,6,"INGREDIENT_MEASURED","2026-08-31"
"DPcat",131,"productCA","productCA(miscCA(2, 5, 6), miscCA(2, 6, 6), 4)",74,30,6,6,"INGREDIENT_MEASURED","2026-08-31"
"DPcat",131,"productCA","miscCA(2, 5, 6)",39,5,6,6,"INGREDIENT_MEASURED","2026-08-31"
"DPcat",131,"productCA","miscCA(2, 6, 6)",41,6,6,6,"INGREDIENT_MEASURED","2026-08-31"
"DPcat",132,"productCA","miscCA(2, 5, 6)",39,5,6,6,"INGREDIENT_MEASURED","2026-08-31"
"DPcat",132,"productCA","productCA(miscCA(2, 6, 6), miscCA(2, 6, 6), 6)",76,36,6,6,"INGREDIENT_MEASURED","2026-08-31"
"DPcat",132,"productCA","miscCA(2, 6, 6)",41,6,6,6,"INGREDIENT_MEASURED","2026-08-31"
"DPcat",132,"productCA","miscCA(2, 6, 6)",41,6,6,6,"INGREDIENT_MEASURED","2026-08-31"
"DPcat",133,"productCA","miscCA(2, 6, 6)",41,6,6,6,"INGREDIENT_MEASURED","2026-08-31"
"DPcat",133,"productCA","productCA(miscCA(2, 6, 6), miscCA(2, 6, 6), 6)",76,36,6,6,"INGREDIENT_MEASURED","2026-08-31"
"DPcat",133,"productCA","miscCA(2, 6, 6)",41,6,6,6,"INGREDIENT_MEASURED","2026-08-31"
"DPcat",133,"productCA","miscCA(2, 6, 6)",41,6,6,6,"INGREDIENT_MEASURED","2026-08-31"
"DPcat",134,"productCA","miscCA(2, 5, 6)",39,5,6,6,"INGREDIENT_MEASURED","2026-08-31"
"DPcat",134,"productCA","productCA(miscCA(2, 6, 6), CS_CMMSSY(9, 6)[, 1:8], 6)",81,48,6,6,"INGREDIENT_MEASURED","2026-08-31"
"DPcat",134,"productCA","miscCA(2, 6, 6)",41,6,6,6,"INGREDIENT_MEASURED","2026-08-31"
"DPcat",134,"productCA","CS_CMMSSY(9, 6)",46,9,6,6,"INGREDIENT_MEASURED","2026-08-31"
"DPcat",135,"productCA","miscCA(2, 6, 6)",41,6,6,6,"INGREDIENT_MEASURED","2026-08-31"
"DPcat",135,"productCA","productCA(miscCA(2, 6, 6), CS_CMMSSY(9, 6)[, 1:8], 6)",81,48,6,6,"INGREDIENT_MEASURED","2026-08-31"
"DPcat",135,"productCA","miscCA(2, 6, 6)",41,6,6,6,"INGREDIENT_MEASURED","2026-08-31"
"DPcat",135,"productCA","CS_CMMSSY(9, 6)",46,9,6,6,"INGREDIENT_MEASURED","2026-08-31"
"DPcat",136,"productCA","miscCA(2, 5, 6)",39,5,6,6,"INGREDIENT_MEASURED","2026-08-31"
"DPcat",136,"productCA","productCA(CS_CMMSSY(9, 6)[, 1:8], CS_CMMSSY(9, 6)[, 1:8], 6)",86,64,6,6,"INGREDIENT_MEASURED","2026-08-31"
"DPcat",136,"productCA","CS_CMMSSY(9, 6)",46,9,6,6,"INGREDIENT_MEASURED","2026-08-31"
"DPcat",136,"productCA","CS_CMMSSY(9, 6)",46,9,6,6,"INGREDIENT_MEASURED","2026-08-31"
"DPcat",137,"productCA","miscCA(2, 6, 6)",41,6,6,6,"INGREDIENT_MEASURED","2026-08-31"
"DPcat",137,"productCA","productCA(CS_CMMSSY(9, 6)[, 1:8], CS_CMMSSY(9, 6)[, 1:8], 6)",86,64,6,6,"INGREDIENT_MEASURED","2026-08-31"
"DPcat",137,"productCA","CS_CMMSSY(9, 6)",46,9,6,6,"INGREDIENT_MEASURED","2026-08-31"
"DPcat",137,"productCA","CS_CMMSSY(9, 6)",46,9,6,6,"INGREDIENT_MEASURED","2026-08-31"
"DPcat",138,"productCA","CS_CMMSSY(9, 6)",46,9,6,6,"INGREDIENT_MEASURED","2026-08-31"
"DPcat",138,"productCA","productCA(CS_CMMSSY(9, 6)[, 1:8], CS_CMMSSY(9, 6)[, 1:8], 6)",86,64,6,6,"INGREDIENT_MEASURED","2026-08-31"
"DPcat",138,"productCA","CS_CMMSSY(9, 6)",46,9,6,6,"INGREDIENT_MEASURED","2026-08-31"
"DPcat",138,"productCA","CS_CMMSSY(9, 6)",46,9,6,6,"INGREDIENT_MEASURED","2026-08-31"
"DPcat",139,"productCA","CS_CMMSSY(9, 6)",46,9,6,6,"INGREDIENT_MEASURED","2026-08-31"
"DPcat",139,"productCA","productCA(CS_CMMSSY(9, 6)[, 1:8], CS_CMMSSY(10, 6)[, 1:9], 6)",91,72,6,6,"INGREDIENT_MEASURED","2026-08-31"
"DPcat",139,"productCA","CS_CMMSSY(9, 6)",46,9,6,6,"INGREDIENT_MEASURED","2026-08-31"
"DPcat",139,"productCA","CS_CMMSSY(10, 6)",51,10,6,6,"INGREDIENT_MEASURED","2026-08-31"
"DPcat",140,"productCA","CS_CMMSSY(9, 6)",46,9,6,6,"INGREDIENT_MEASURED","2026-08-31"
"DPcat",140,"productCA","productCA(CS_CMMSSY(10, 6)[, 1:9], CS_CMMSSY(10, 6)[, 1:9], 6)",96,81,6,6,"INGREDIENT_MEASURED","2026-08-31"
"DPcat",140,"productCA","CS_CMMSSY(10, 6)",51,10,6,6,"INGREDIENT_MEASURED","2026-08-31"
"DPcat",140,"productCA","CS_CMMSSY(10, 6)",51,10,6,6,"INGREDIENT_MEASURED","2026-08-31"
"DPcat",141,"productCA","miscCA(2, 5, 6)",39,5,6,6,"INGREDIENT_MEASURED","2026-08-31"
"DPcat",141,"productCA","productCA(miscCA(2, 5, 6), productCA(miscCA(2, 5, 6), miscCA(2, 6, 6), c1 = 4), 4)",107,150,6,6,"INGREDIENT_MEASURED","2026-08-31"
"DPcat",141,"productCA","miscCA(2, 5, 6)",39,5,6,6,"INGREDIENT_MEASURED","2026-08-31"
"DPcat",141,"productCA","productCA(miscCA(2, 5, 6), miscCA(2, 6, 6), 4)",74,30,6,6,"INGREDIENT_MEASURED","2026-08-31"
"DPcat",141,"productCA","miscCA(2, 5, 6)",39,5,6,6,"INGREDIENT_MEASURED","2026-08-31"
"DPcat",141,"productCA","miscCA(2, 6, 6)",41,6,6,6,"INGREDIENT_MEASURED","2026-08-31"
"DPcat",142,"productCA","miscCA(2, 5, 6)",39,5,6,6,"INGREDIENT_MEASURED","2026-08-31"
"DPcat",142,"productCA","productCA(miscCA(2, 5, 6), productCA(miscCA(2, 6, 6), miscCA(2, 6, 6), c1 = 6), 4)",109,180,6,6,"INGREDIENT_MEASURED","2026-08-31"
"DPcat",142,"productCA","miscCA(2, 5, 6)",39,5,6,6,"INGREDIENT_MEASURED","2026-08-31"
"DPcat",142,"productCA","productCA(miscCA(2, 6, 6), miscCA(2, 6, 6), 6)",76,36,6,6,"INGREDIENT_MEASURED","2026-08-31"
"DPcat",142,"productCA","miscCA(2, 6, 6)",41,6,6,6,"INGREDIENT_MEASURED","2026-08-31"
"DPcat",142,"productCA","miscCA(2, 6, 6)",41,6,6,6,"INGREDIENT_MEASURED","2026-08-31"
"DPcat",143,"productCA","miscCA(2, 5, 6)",39,5,6,6,"INGREDIENT_MEASURED","2026-08-31"
"DPcat",143,"productCA","productCA(miscCA(2, 6, 6), productCA(miscCA(2, 6, 6), miscCA(2, 6, 6), c1 = 6), 6)",111,216,6,6,"INGREDIENT_MEASURED","2026-08-31"
"DPcat",143,"productCA","miscCA(2, 6, 6)",41,6,6,6,"INGREDIENT_MEASURED","2026-08-31"
"DPcat",143,"productCA","productCA(miscCA(2, 6, 6), miscCA(2, 6, 6), 6)",76,36,6,6,"INGREDIENT_MEASURED","2026-08-31"
"DPcat",143,"productCA","miscCA(2, 6, 6)",41,6,6,6,"INGREDIENT_MEASURED","2026-08-31"
"DPcat",143,"productCA","miscCA(2, 6, 6)",41,6,6,6,"INGREDIENT_MEASURED","2026-08-31"
"DPcat",144,"productCA","miscCA(2, 6, 6)",41,6,6,6,"INGREDIENT_MEASURED","2026-08-31"
"DPcat",144,"productCA","productCA(miscCA(2, 6, 6), productCA(miscCA(2, 6, 6), miscCA(2, 6, 6), c1 = 6), 6)",111,216,6,6,"INGREDIENT_MEASURED","2026-08-31"
"DPcat",144,"productCA","miscCA(2, 6, 6)",41,6,6,6,"INGREDIENT_MEASURED","2026-08-31"
"DPcat",144,"productCA","productCA(miscCA(2, 6, 6), miscCA(2, 6, 6), 6)",76,36,6,6,"INGREDIENT_MEASURED","2026-08-31"
"DPcat",144,"productCA","miscCA(2, 6, 6)",41,6,6,6,"INGREDIENT_MEASURED","2026-08-31"
"DPcat",144,"productCA","miscCA(2, 6, 6)",41,6,6,6,"INGREDIENT_MEASURED","2026-08-31"
"DPcat",145,"productCA","miscCA(2, 5, 6)",39,5,6,6,"INGREDIENT_MEASURED","2026-08-31"
"DPcat",145,"productCA","productCA(miscCA(2, 6, 6), productCA(miscCA(2, 6, 6), CS_CMMSSY(9, 6)[, 1:8], c1 = 6), 6)",116,288,6,6,"INGREDIENT_MEASURED","2026-08-31"
"DPcat",145,"productCA","miscCA(2, 6, 6)",41,6,6,6,"INGREDIENT_MEASURED","2026-08-31"
"DPcat",145,"productCA","productCA(miscCA(2, 6, 6), CS_CMMSSY(9, 6)[, 1:8], 6)",81,48,6,6,"INGREDIENT_MEASURED","2026-08-31"
"DPcat",145,"productCA","miscCA(2, 6, 6)",41,6,6,6,"INGREDIENT_MEASURED","2026-08-31"
"DPcat",145,"productCA","CS_CMMSSY(9, 6)",46,9,6,6,"INGREDIENT_MEASURED","2026-08-31"
"DPcat",146,"productCA","miscCA(2, 6, 6)",41,6,6,6,"INGREDIENT_MEASURED","2026-08-31"
"DPcat",146,"productCA","productCA(miscCA(2, 6, 6), productCA(miscCA(2, 6, 6), CS_CMMSSY(9, 6)[, 1:8], c1 = 6), 6)",116,288,6,6,"INGREDIENT_MEASURED","2026-08-31"
"DPcat",146,"productCA","miscCA(2, 6, 6)",41,6,6,6,"INGREDIENT_MEASURED","2026-08-31"
"DPcat",146,"productCA","productCA(miscCA(2, 6, 6), CS_CMMSSY(9, 6)[, 1:8], 6)",81,48,6,6,"INGREDIENT_MEASURED","2026-08-31"
"DPcat",146,"productCA","miscCA(2, 6, 6)",41,6,6,6,"INGREDIENT_MEASURED","2026-08-31"
"DPcat",146,"productCA","CS_CMMSSY(9, 6)",46,9,6,6,"INGREDIENT_MEASURED","2026-08-31"
"DPcat",147,"productCA","miscCA(2, 5, 6)",39,5,6,6,"INGREDIENT_MEASURED","2026-08-31"
"DPcat",147,"productCA","productCA(miscCA(2, 6, 6), productCA(CS_CMMSSY(9, 6)[, 1:8], CS_CMMSSY(9, 6)[, 1:8], c1 = 6), 6)",121,384,6,6,"INGREDIENT_MEASURED","2026-08-31"
"DPcat",147,"productCA","miscCA(2, 6, 6)",41,6,6,6,"INGREDIENT_MEASURED","2026-08-31"
"DPcat",147,"productCA","productCA(CS_CMMSSY(9, 6)[, 1:8], CS_CMMSSY(9, 6)[, 1:8], 6)",86,64,6,6,"INGREDIENT_MEASURED","2026-08-31"
"DPcat",147,"productCA","CS_CMMSSY(9, 6)",46,9,6,6,"INGREDIENT_MEASURED","2026-08-31"
"DPcat",147,"productCA","CS_CMMSSY(9, 6)",46,9,6,6,"INGREDIENT_MEASURED","2026-08-31"
"DPcat",148,"productCA","miscCA(2, 6, 6)",41,6,6,6,"INGREDIENT_MEASURED","2026-08-31"
"DPcat",148,"productCA","productCA(miscCA(2, 6, 6), productCA(CS_CMMSSY(9, 6)[, 1:8], CS_CMMSSY(9, 6)[, 1:8], c1 = 6), 6)",121,384,6,6,"INGREDIENT_MEASURED","2026-08-31"
"DPcat",148,"productCA","miscCA(2, 6, 6)",41,6,6,6,"INGREDIENT_MEASURED","2026-08-31"
"DPcat",148,"productCA","productCA(CS_CMMSSY(9, 6)[, 1:8], CS_CMMSSY(9, 6)[, 1:8], 6)",86,64,6,6,"INGREDIENT_MEASURED","2026-08-31"
"DPcat",148,"productCA","CS_CMMSSY(9, 6)",46,9,6,6,"INGREDIENT_MEASURED","2026-08-31"
"DPcat",148,"productCA","CS_CMMSSY(9, 6)",46,9,6,6,"INGREDIENT_MEASURED","2026-08-31"
"DPcat",149,"productCA","miscCA(2, 5, 6)",39,5,6,6,"INGREDIENT_MEASURED","2026-08-31"
"DPcat",149,"productCA","productCA(CS_CMMSSY(9, 6)[, 1:8], productCA(CS_CMMSSY(9, 6)[, 1:8], CS_CMMSSY(9, 6)[, 1:8], c1 = 6), 6)",126,512,6,6,"INGREDIENT_MEASURED","2026-08-31"
"DPcat",149,"productCA","CS_CMMSSY(9, 6)",46,9,6,6,"INGREDIENT_MEASURED","2026-08-31"
"DPcat",149,"productCA","productCA(CS_CMMSSY(9, 6)[, 1:8], CS_CMMSSY(9, 6)[, 1:8], 6)",86,64,6,6,"INGREDIENT_MEASURED","2026-08-31"
"DPcat",149,"productCA","CS_CMMSSY(9, 6)",46,9,6,6,"INGREDIENT_MEASURED","2026-08-31"
"DPcat",149,"productCA","CS_CMMSSY(9, 6)",46,9,6,6,"INGREDIENT_MEASURED","2026-08-31"
"DPcat",150,"productCA","miscCA(2, 6, 6)",41,6,6,6,"INGREDIENT_MEASURED","2026-08-31"
"DPcat",150,"productCA","productCA(CS_CMMSSY(9, 6)[, 1:8], productCA(CS_CMMSSY(9, 6)[, 1:8], CS_CMMSSY(9, 6)[, 1:8], c1 = 6), 6)",126,512,6,6,"INGREDIENT_MEASURED","2026-08-31"
"DPcat",150,"productCA","CS_CMMSSY(9, 6)",46,9,6,6,"INGREDIENT_MEASURED","2026-08-31"
"DPcat",150,"productCA","productCA(CS_CMMSSY(9, 6)[, 1:8], CS_CMMSSY(9, 6)[, 1:8], 6)",86,64,6,6,"INGREDIENT_MEASURED","2026-08-31"
"DPcat",150,"productCA","CS_CMMSSY(9, 6)",46,9,6,6,"INGREDIENT_MEASURED","2026-08-31"
"DPcat",150,"productCA","CS_CMMSSY(9, 6)",46,9,6,6,"INGREDIENT_MEASURED","2026-08-31"
"DPcat",151,"productCA","CS_CMMSSY(9, 6)",46,9,6,6,"INGREDIENT_MEASURED","2026-08-31"
"DPcat",151,"productCA","productCA(CS_CMMSSY(9, 6)[, 1:8], productCA(CS_CMMSSY(9, 6)[, 1:8], CS_CMMSSY(9, 6)[, 1:8], c1 = 6), 6)",126,512,6,6,"INGREDIENT_MEASURED","2026-08-31"
"DPcat",151,"productCA","CS_CMMSSY(9, 6)",46,9,6,6,"INGREDIENT_MEASURED","2026-08-31"
"DPcat",151,"productCA","productCA(CS_CMMSSY(9, 6)[, 1:8], CS_CMMSSY(9, 6)[, 1:8], 6)",86,64,6,6,"INGREDIENT_MEASURED","2026-08-31"
"DPcat",151,"productCA","CS_CMMSSY(9, 6)",46,9,6,6,"INGREDIENT_MEASURED","2026-08-31"
"DPcat",151,"productCA","CS_CMMSSY(9, 6)",46,9,6,6,"INGREDIENT_MEASURED","2026-08-31"
"DPcat",152,"productCA","CS_CMMSSY(9, 6)",46,9,6,6,"INGREDIENT_MEASURED","2026-08-31"
"DPcat",152,"productCA","productCA(CS_CMMSSY(9, 6)[, 1:8], productCA(CS_CMMSSY(9, 6)[, 1:8], CS_CMMSSY(10, 6)[, 1:9], c1 = 6), 6)",131,576,6,6,"INGREDIENT_MEASURED","2026-08-31"
"DPcat",152,"productCA","CS_CMMSSY(9, 6)",46,9,6,6,"INGREDIENT_MEASURED","2026-08-31"
"DPcat",152,"productCA","productCA(CS_CMMSSY(9, 6)[, 1:8], CS_CMMSSY(10, 6)[, 1:9], 6)",91,72,6,6,"INGREDIENT_MEASURED","2026-08-31"
"DPcat",152,"productCA","CS_CMMSSY(9, 6)",46,9,6,6,"INGREDIENT_MEASURED","2026-08-31"
"DPcat",152,"productCA","CS_CMMSSY(10, 6)",51,10,6,6,"INGREDIENT_MEASURED","2026-08-31"
"DPcat",153,"productCA","CS_CMMSSY(9, 6)",46,9,6,6,"INGREDIENT_MEASURED","2026-08-31"
"DPcat",153,"productCA","productCA(CS_CMMSSY(9, 6)[, 1:8], productCA(CS_CMMSSY(10, 6)[, 1:9], CS_CMMSSY(10, 6)[, 1:9], c1 = 6), 6)",136,648,6,6,"INGREDIENT_MEASURED","2026-08-31"
"DPcat",153,"productCA","CS_CMMSSY(9, 6)",46,9,6,6,"INGREDIENT_MEASURED","2026-08-31"
"DPcat",153,"productCA","productCA(CS_CMMSSY(10, 6)[, 1:9], CS_CMMSSY(10, 6)[, 1:9], 6)",96,81,6,6,"INGREDIENT_MEASURED","2026-08-31"
"DPcat",153,"productCA","CS_CMMSSY(10, 6)",51,10,6,6,"INGREDIENT_MEASURED","2026-08-31"
"DPcat",153,"productCA","CS_CMMSSY(10, 6)",51,10,6,6,"INGREDIENT_MEASURED","2026-08-31"
"DPcat",154,"productCA","miscCA(2, 5, 6)",39,5,6,6,"INGREDIENT_MEASURED","2026-08-31"
"DPcat",154,"productCA","productCA(miscCA(2, 5, 6), productCA(miscCA(2, 6, 6), productCA(miscCA(2, 6, 6), miscCA(2,     6, 6), c1 = 6), c1 = 6), 4)",144,1080,6,6,"INGREDIENT_MEASURED","2026-08-31"
"DPcat",154,"productCA","miscCA(2, 5, 6)",39,5,6,6,"INGREDIENT_MEASURED","2026-08-31"
"DPcat",154,"productCA","productCA(miscCA(2, 6, 6), productCA(miscCA(2, 6, 6), miscCA(2, 6, 6), c1 = 6), 6)",111,216,6,6,"INGREDIENT_MEASURED","2026-08-31"
"DPcat",154,"productCA","miscCA(2, 6, 6)",41,6,6,6,"INGREDIENT_MEASURED","2026-08-31"
"DPcat",154,"productCA","productCA(miscCA(2, 6, 6), miscCA(2, 6, 6), 6)",76,36,6,6,"INGREDIENT_MEASURED","2026-08-31"
"DPcat",154,"productCA","miscCA(2, 6, 6)",41,6,6,6,"INGREDIENT_MEASURED","2026-08-31"
"DPcat",154,"productCA","miscCA(2, 6, 6)",41,6,6,6,"INGREDIENT_MEASURED","2026-08-31"
"DPcat",155,"productCA","miscCA(2, 5, 6)",39,5,6,6,"INGREDIENT_MEASURED","2026-08-31"
"DPcat",155,"productCA","productCA(miscCA(2, 6, 6), productCA(miscCA(2, 6, 6), productCA(miscCA(2, 6, 6), miscCA(2,     6, 6), c1 = 6), c1 = 6), 6)",146,1296,6,6,"INGREDIENT_MEASURED","2026-08-31"
"DPcat",155,"productCA","miscCA(2, 6, 6)",41,6,6,6,"INGREDIENT_MEASURED","2026-08-31"
"DPcat",155,"productCA","productCA(miscCA(2, 6, 6), productCA(miscCA(2, 6, 6), miscCA(2, 6, 6), c1 = 6), 6)",111,216,6,6,"INGREDIENT_MEASURED","2026-08-31"
"DPcat",155,"productCA","miscCA(2, 6, 6)",41,6,6,6,"INGREDIENT_MEASURED","2026-08-31"
"DPcat",155,"productCA","productCA(miscCA(2, 6, 6), miscCA(2, 6, 6), 6)",76,36,6,6,"INGREDIENT_MEASURED","2026-08-31"
"DPcat",155,"productCA","miscCA(2, 6, 6)",41,6,6,6,"INGREDIENT_MEASURED","2026-08-31"
"DPcat",155,"productCA","miscCA(2, 6, 6)",41,6,6,6,"INGREDIENT_MEASURED","2026-08-31"
"DPcat",156,"productCA","miscCA(2, 6, 6)",41,6,6,6,"INGREDIENT_MEASURED","2026-08-31"
"DPcat",156,"productCA","productCA(miscCA(2, 6, 6), productCA(miscCA(2, 6, 6), productCA(miscCA(2, 6, 6), miscCA(2,     6, 6), c1 = 6), c1 = 6), 6)",146,1296,6,6,"INGREDIENT_MEASURED","2026-08-31"
"DPcat",156,"productCA","miscCA(2, 6, 6)",41,6,6,6,"INGREDIENT_MEASURED","2026-08-31"
"DPcat",156,"productCA","productCA(miscCA(2, 6, 6), productCA(miscCA(2, 6, 6), miscCA(2, 6, 6), c1 = 6), 6)",111,216,6,6,"INGREDIENT_MEASURED","2026-08-31"
"DPcat",156,"productCA","miscCA(2, 6, 6)",41,6,6,6,"INGREDIENT_MEASURED","2026-08-31"
"DPcat",156,"productCA","productCA(miscCA(2, 6, 6), miscCA(2, 6, 6), 6)",76,36,6,6,"INGREDIENT_MEASURED","2026-08-31"
"DPcat",156,"productCA","miscCA(2, 6, 6)",41,6,6,6,"INGREDIENT_MEASURED","2026-08-31"
"DPcat",156,"productCA","miscCA(2, 6, 6)",41,6,6,6,"INGREDIENT_MEASURED","2026-08-31"
"DPcat",157,"productCA","miscCA(2, 5, 6)",39,5,6,6,"INGREDIENT_MEASURED","2026-08-31"
"DPcat",157,"productCA","productCA(miscCA(2, 6, 6), productCA(miscCA(2, 6, 6), productCA(miscCA(2, 6, 6), CS_CMMSSY(9,     6)[, 1:8], c1 = 6), c1 = 6), 6)",151,1728,6,6,"INGREDIENT_MEASURED","2026-08-31"
"DPcat",157,"productCA","miscCA(2, 6, 6)",41,6,6,6,"INGREDIENT_MEASURED","2026-08-31"
"DPcat",157,"productCA","productCA(miscCA(2, 6, 6), productCA(miscCA(2, 6, 6), CS_CMMSSY(9, 6)[, 1:8], c1 = 6), 6)",116,288,6,6,"INGREDIENT_MEASURED","2026-08-31"
"DPcat",157,"productCA","miscCA(2, 6, 6)",41,6,6,6,"INGREDIENT_MEASURED","2026-08-31"
"DPcat",157,"productCA","productCA(miscCA(2, 6, 6), CS_CMMSSY(9, 6)[, 1:8], 6)",81,48,6,6,"INGREDIENT_MEASURED","2026-08-31"
"DPcat",157,"productCA","miscCA(2, 6, 6)",41,6,6,6,"INGREDIENT_MEASURED","2026-08-31"
"DPcat",157,"productCA","CS_CMMSSY(9, 6)",46,9,6,6,"INGREDIENT_MEASURED","2026-08-31"
"DPcat",158,"productCA","miscCA(2, 6, 6)",41,6,6,6,"INGREDIENT_MEASURED","2026-08-31"
"DPcat",158,"productCA","productCA(miscCA(2, 6, 6), productCA(miscCA(2, 6, 6), productCA(miscCA(2, 6, 6), CS_CMMSSY(9,     6)[, 1:8], c1 = 6), c1 = 6), 6)",151,1728,6,6,"INGREDIENT_MEASURED","2026-08-31"
"DPcat",158,"productCA","miscCA(2, 6, 6)",41,6,6,6,"INGREDIENT_MEASURED","2026-08-31"
"DPcat",158,"productCA","productCA(miscCA(2, 6, 6), productCA(miscCA(2, 6, 6), CS_CMMSSY(9, 6)[, 1:8], c1 = 6), 6)",116,288,6,6,"INGREDIENT_MEASURED","2026-08-31"
"DPcat",158,"productCA","miscCA(2, 6, 6)",41,6,6,6,"INGREDIENT_MEASURED","2026-08-31"
"DPcat",158,"productCA","productCA(miscCA(2, 6, 6), CS_CMMSSY(9, 6)[, 1:8], 6)",81,48,6,6,"INGREDIENT_MEASURED","2026-08-31"
"DPcat",158,"productCA","miscCA(2, 6, 6)",41,6,6,6,"INGREDIENT_MEASURED","2026-08-31"
"DPcat",158,"productCA","CS_CMMSSY(9, 6)",46,9,6,6,"INGREDIENT_MEASURED","2026-08-31"
"DPcat",159,"productCA","miscCA(2, 5, 6)",39,5,6,6,"INGREDIENT_MEASURED","2026-08-31"
"DPcat",159,"productCA","productCA(miscCA(2, 6, 6), productCA(miscCA(2, 6, 6), productCA(CS_CMMSSY(9, 6)[, 1:8],     CS_CMMSSY(9, 6)[, 1:8], c1 = 6), c1 = 6), 6)",156,2304,6,6,"INGREDIENT_MEASURED","2026-08-31"
"DPcat",159,"productCA","miscCA(2, 6, 6)",41,6,6,6,"INGREDIENT_MEASURED","2026-08-31"
"DPcat",159,"productCA","productCA(miscCA(2, 6, 6), productCA(CS_CMMSSY(9, 6)[, 1:8], CS_CMMSSY(9, 6)[, 1:8], c1 = 6), 6)",121,384,6,6,"INGREDIENT_MEASURED","2026-08-31"
"DPcat",159,"productCA","miscCA(2, 6, 6)",41,6,6,6,"INGREDIENT_MEASURED","2026-08-31"
"DPcat",159,"productCA","productCA(CS_CMMSSY(9, 6)[, 1:8], CS_CMMSSY(9, 6)[, 1:8], 6)",86,64,6,6,"INGREDIENT_MEASURED","2026-08-31"
"DPcat",159,"productCA","CS_CMMSSY(9, 6)",46,9,6,6,"INGREDIENT_MEASURED","2026-08-31"
"DPcat",159,"productCA","CS_CMMSSY(9, 6)",46,9,6,6,"INGREDIENT_MEASURED","2026-08-31"
"DPcat",160,"productCA","miscCA(2, 6, 6)",41,6,6,6,"INGREDIENT_MEASURED","2026-08-31"
"DPcat",160,"productCA","productCA(miscCA(2, 6, 6), productCA(miscCA(2, 6, 6), productCA(CS_CMMSSY(9, 6)[, 1:8],     CS_CMMSSY(9, 6)[, 1:8], c1 = 6), c1 = 6), 6)",156,2304,6,6,"INGREDIENT_MEASURED","2026-08-31"
"DPcat",160,"productCA","miscCA(2, 6, 6)",41,6,6,6,"INGREDIENT_MEASURED","2026-08-31"
"DPcat",160,"productCA","productCA(miscCA(2, 6, 6), productCA(CS_CMMSSY(9, 6)[, 1:8], CS_CMMSSY(9, 6)[, 1:8], c1 = 6), 6)",121,384,6,6,"INGREDIENT_MEASURED","2026-08-31"
"DPcat",160,"productCA","miscCA(2, 6, 6)",41,6,6,6,"INGREDIENT_MEASURED","2026-08-31"
"DPcat",160,"productCA","productCA(CS_CMMSSY(9, 6)[, 1:8], CS_CMMSSY(9, 6)[, 1:8], 6)",86,64,6,6,"INGREDIENT_MEASURED","2026-08-31"
"DPcat",160,"productCA","CS_CMMSSY(9, 6)",46,9,6,6,"INGREDIENT_MEASURED","2026-08-31"
"DPcat",160,"productCA","CS_CMMSSY(9, 6)",46,9,6,6,"INGREDIENT_MEASURED","2026-08-31"
"DPcat",161,"productCA","miscCA(2, 5, 6)",39,5,6,6,"INGREDIENT_MEASURED","2026-08-31"
"DPcat",161,"productCA","productCA(miscCA(2, 6, 6), productCA(CS_CMMSSY(9, 6)[, 1:8], productCA(CS_CMMSSY(9, 6)[,     1:8], CS_CMMSSY(9, 6)[, 1:8], c1 = 6), c1 = 6), 6)",161,3072,6,6,"INGREDIENT_MEASURED","2026-08-31"
"DPcat",161,"productCA","miscCA(2, 6, 6)",41,6,6,6,"INGREDIENT_MEASURED","2026-08-31"
"DPcat",161,"productCA","productCA(CS_CMMSSY(9, 6)[, 1:8], productCA(CS_CMMSSY(9, 6)[, 1:8], CS_CMMSSY(9, 6)[, 1:8], c1 = 6), 6)",126,512,6,6,"INGREDIENT_MEASURED","2026-08-31"
"DPcat",161,"productCA","CS_CMMSSY(9, 6)",46,9,6,6,"INGREDIENT_MEASURED","2026-08-31"
"DPcat",161,"productCA","productCA(CS_CMMSSY(9, 6)[, 1:8], CS_CMMSSY(9, 6)[, 1:8], 6)",86,64,6,6,"INGREDIENT_MEASURED","2026-08-31"
"DPcat",161,"productCA","CS_CMMSSY(9, 6)",46,9,6,6,"INGREDIENT_MEASURED","2026-08-31"
"DPcat",161,"productCA","CS_CMMSSY(9, 6)",46,9,6,6,"INGREDIENT_MEASURED","2026-08-31"
"DPcat",162,"productCA","miscCA(2, 6, 6)",41,6,6,6,"INGREDIENT_MEASURED","2026-08-31"
"DPcat",162,"productCA","productCA(miscCA(2, 6, 6), productCA(CS_CMMSSY(9, 6)[, 1:8], productCA(CS_CMMSSY(9, 6)[,     1:8], CS_CMMSSY(9, 6)[, 1:8], c1 = 6), c1 = 6), 6)",161,3072,6,6,"INGREDIENT_MEASURED","2026-08-31"
"DPcat",162,"productCA","miscCA(2, 6, 6)",41,6,6,6,"INGREDIENT_MEASURED","2026-08-31"
"DPcat",162,"productCA","productCA(CS_CMMSSY(9, 6)[, 1:8], productCA(CS_CMMSSY(9, 6)[, 1:8], CS_CMMSSY(9, 6)[, 1:8], c1 = 6), 6)",126,512,6,6,"INGREDIENT_MEASURED","2026-08-31"
"DPcat",162,"productCA","CS_CMMSSY(9, 6)",46,9,6,6,"INGREDIENT_MEASURED","2026-08-31"
"DPcat",162,"productCA","productCA(CS_CMMSSY(9, 6)[, 1:8], CS_CMMSSY(9, 6)[, 1:8], 6)",86,64,6,6,"INGREDIENT_MEASURED","2026-08-31"
"DPcat",162,"productCA","CS_CMMSSY(9, 6)",46,9,6,6,"INGREDIENT_MEASURED","2026-08-31"
"DPcat",162,"productCA","CS_CMMSSY(9, 6)",46,9,6,6,"INGREDIENT_MEASURED","2026-08-31"
"DPcat",163,"productCA","miscCA(2, 5, 6)",39,5,6,6,"INGREDIENT_MEASURED","2026-08-31"
"DPcat",163,"productCA","productCA(CS_CMMSSY(9, 6)[, 1:8], productCA(CS_CMMSSY(9, 6)[, 1:8], productCA(CS_CMMSSY(9, 6)[,     1:8], CS_CMMSSY(9, 6)[, 1:8], c1 = 6), c1 = 6), 6)",166,4096,6,6,"INGREDIENT_MEASURED","2026-08-31"
"DPcat",163,"productCA","CS_CMMSSY(9, 6)",46,9,6,6,"INGREDIENT_MEASURED","2026-08-31"
"DPcat",163,"productCA","productCA(CS_CMMSSY(9, 6)[, 1:8], productCA(CS_CMMSSY(9, 6)[, 1:8], CS_CMMSSY(9, 6)[, 1:8], c1 = 6), 6)",126,512,6,6,"INGREDIENT_MEASURED","2026-08-31"
"DPcat",163,"productCA","CS_CMMSSY(9, 6)",46,9,6,6,"INGREDIENT_MEASURED","2026-08-31"
"DPcat",163,"productCA","productCA(CS_CMMSSY(9, 6)[, 1:8], CS_CMMSSY(9, 6)[, 1:8], 6)",86,64,6,6,"INGREDIENT_MEASURED","2026-08-31"
"DPcat",163,"productCA","CS_CMMSSY(9, 6)",46,9,6,6,"INGREDIENT_MEASURED","2026-08-31"
"DPcat",163,"productCA","CS_CMMSSY(9, 6)",46,9,6,6,"INGREDIENT_MEASURED","2026-08-31"
"DPcat",164,"productCA","CS_CMMSSY(8, 7)",49,8,7,7,"INGREDIENT_MEASURED","2026-08-31"
"DPcat",164,"productCA","CS_CMMSSY(8, 7)",49,8,7,7,"INGREDIENT_MEASURED","2026-08-31"
"DPcat",165,"productCA","CS_CMMSSY(8, 7)",49,8,7,7,"INGREDIENT_MEASURED","2026-08-31"
"DPcat",165,"productCA","CS_CMMSSY(10, 7)",61,10,7,7,"INGREDIENT_MEASURED","2026-08-31"
"DPcat",166,"productCA","CS_CMMSSY(8, 7)",49,8,7,7,"INGREDIENT_MEASURED","2026-08-31"
"DPcat",166,"productCA","CS_CMMSSY(11, 7)",67,11,7,7,"INGREDIENT_MEASURED","2026-08-31"
"DPcat",167,"productCA","CS_CMMSSY(10, 7)",61,10,7,7,"INGREDIENT_MEASURED","2026-08-31"
"DPcat",167,"productCA","CS_CMMSSY(10, 7)",61,10,7,7,"INGREDIENT_MEASURED","2026-08-31"
"DPcat",168,"productCA","CS_CMMSSY(10, 7)",61,10,7,7,"INGREDIENT_MEASURED","2026-08-31"
"DPcat",168,"productCA","CS_CMMSSY(11, 7)",67,11,7,7,"INGREDIENT_MEASURED","2026-08-31"
"DPcat",169,"productCA","CS_CMMSSY(11, 7)",67,11,7,7,"INGREDIENT_MEASURED","2026-08-31"
"DPcat",169,"productCA","CS_CMMSSY(11, 7)",67,11,7,7,"INGREDIENT_MEASURED","2026-08-31"
"DPcat",170,"productCA","CS_CMMSSY(8, 7)",49,8,7,7,"INGREDIENT_MEASURED","2026-08-31"
"DPcat",170,"productCA","productCA(CS_CMMSSY(8, 7)[, 1:7], CS_CMMSSY(8, 7)[, 1:7], 7)",91,49,7,7,"INGREDIENT_MEASURED","2026-08-31"
"DPcat",170,"productCA","CS_CMMSSY(8, 7)",49,8,7,7,"INGREDIENT_MEASURED","2026-08-31"
"DPcat",170,"productCA","CS_CMMSSY(8, 7)",49,8,7,7,"INGREDIENT_MEASURED","2026-08-31"
"DPcat",171,"productCA","CS_CMMSSY(8, 7)",49,8,7,7,"INGREDIENT_MEASURED","2026-08-31"
"DPcat",171,"productCA","productCA(CS_CMMSSY(8, 7)[, 1:7], CS_CMMSSY(10, 7)[, 1:9], 7)",103,63,7,7,"INGREDIENT_MEASURED","2026-08-31"
"DPcat",171,"productCA","CS_CMMSSY(8, 7)",49,8,7,7,"INGREDIENT_MEASURED","2026-08-31"
"DPcat",171,"productCA","CS_CMMSSY(10, 7)",61,10,7,7,"INGREDIENT_MEASURED","2026-08-31"
"DPcat",172,"productCA","CS_CMMSSY(8, 7)",49,8,7,7,"INGREDIENT_MEASURED","2026-08-31"
"DPcat",172,"productCA","productCA(CS_CMMSSY(8, 7)[, 1:7], CS_CMMSSY(11, 7)[, 1:10], 7)",109,70,7,7,"INGREDIENT_MEASURED","2026-08-31"
"DPcat",172,"productCA","CS_CMMSSY(8, 7)",49,8,7,7,"INGREDIENT_MEASURED","2026-08-31"
"DPcat",172,"productCA","CS_CMMSSY(11, 7)",67,11,7,7,"INGREDIENT_MEASURED","2026-08-31"
"DPcat",173,"productCA","CS_CMMSSY(8, 7)",49,8,7,7,"INGREDIENT_MEASURED","2026-08-31"
"DPcat",173,"productCA","productCA(CS_CMMSSY(10, 7)[, 1:9], CS_CMMSSY(10, 7)[, 1:9], 7)",115,81,7,7,"INGREDIENT_MEASURED","2026-08-31"
"DPcat",173,"productCA","CS_CMMSSY(10, 7)",61,10,7,7,"INGREDIENT_MEASURED","2026-08-31"
"DPcat",173,"productCA","CS_CMMSSY(10, 7)",61,10,7,7,"INGREDIENT_MEASURED","2026-08-31"
"DPcat",174,"productCA","CS_CMMSSY(8, 7)",49,8,7,7,"INGREDIENT_MEASURED","2026-08-31"
"DPcat",174,"productCA","productCA(CS_CMMSSY(10, 7)[, 1:9], CS_CMMSSY(11, 7)[, 1:10], 7)",121,90,7,7,"INGREDIENT_MEASURED","2026-08-31"
"DPcat",174,"productCA","CS_CMMSSY(10, 7)",61,10,7,7,"INGREDIENT_MEASURED","2026-08-31"
"DPcat",174,"productCA","CS_CMMSSY(11, 7)",67,11,7,7,"INGREDIENT_MEASURED","2026-08-31"
"DPcat",175,"productCA","CS_CMMSSY(10, 7)",61,10,7,7,"INGREDIENT_MEASURED","2026-08-31"
"DPcat",175,"productCA","productCA(CS_CMMSSY(10, 7)[, 1:9], CS_CMMSSY(10, 7)[, 1:9], 7)",115,81,7,7,"INGREDIENT_MEASURED","2026-08-31"
"DPcat",175,"productCA","CS_CMMSSY(10, 7)",61,10,7,7,"INGREDIENT_MEASURED","2026-08-31"
"DPcat",175,"productCA","CS_CMMSSY(10, 7)",61,10,7,7,"INGREDIENT_MEASURED","2026-08-31"
"DPcat",176,"productCA","CS_CMMSSY(8, 7)",49,8,7,7,"INGREDIENT_MEASURED","2026-08-31"
"DPcat",176,"productCA","productCA(CS_CMMSSY(8, 7)[, 1:7], productCA(CS_CMMSSY(8, 7)[, 1:7], CS_CMMSSY(8, 7)[, 1:7], c1 = 7), 7)",133,343,7,7,"INGREDIENT_MEASURED","2026-08-31"
"DPcat",176,"productCA","CS_CMMSSY(8, 7)",49,8,7,7,"INGREDIENT_MEASURED","2026-08-31"
"DPcat",176,"productCA","productCA(CS_CMMSSY(8, 7)[, 1:7], CS_CMMSSY(8, 7)[, 1:7], 7)",91,49,7,7,"INGREDIENT_MEASURED","2026-08-31"
"DPcat",176,"productCA","CS_CMMSSY(8, 7)",49,8,7,7,"INGREDIENT_MEASURED","2026-08-31"
"DPcat",176,"productCA","CS_CMMSSY(8, 7)",49,8,7,7,"INGREDIENT_MEASURED","2026-08-31"
"DPcat",177,"productCA","CS_CMMSSY(8, 7)",49,8,7,7,"INGREDIENT_MEASURED","2026-08-31"
"DPcat",177,"productCA","productCA(CS_CMMSSY(8, 7)[, 1:7], productCA(CS_CMMSSY(8, 7)[, 1:7], CS_CMMSSY(10, 7)[, 1:9], c1 = 7), 7)",145,441,7,7,"INGREDIENT_MEASURED","2026-08-31"
"DPcat",177,"productCA","CS_CMMSSY(8, 7)",49,8,7,7,"INGREDIENT_MEASURED","2026-08-31"
"DPcat",177,"productCA","productCA(CS_CMMSSY(8, 7)[, 1:7], CS_CMMSSY(10, 7)[, 1:9], 7)",103,63,7,7,"INGREDIENT_MEASURED","2026-08-31"
"DPcat",177,"productCA","CS_CMMSSY(8, 7)",49,8,7,7,"INGREDIENT_MEASURED","2026-08-31"
"DPcat",177,"productCA","CS_CMMSSY(10, 7)",61,10,7,7,"INGREDIENT_MEASURED","2026-08-31"
"DPcat",178,"productCA","CS_CMMSSY(8, 7)",49,8,7,7,"INGREDIENT_MEASURED","2026-08-31"
"DPcat",178,"productCA","productCA(CS_CMMSSY(8, 7)[, 1:7], productCA(CS_CMMSSY(8, 7)[, 1:7], CS_CMMSSY(11, 7)[, 1:10], c1 = 7), 7)",151,490,7,7,"INGREDIENT_MEASURED","2026-08-31"
"DPcat",178,"productCA","CS_CMMSSY(8, 7)",49,8,7,7,"INGREDIENT_MEASURED","2026-08-31"
"DPcat",178,"productCA","productCA(CS_CMMSSY(8, 7)[, 1:7], CS_CMMSSY(11, 7)[, 1:10], 7)",109,70,7,7,"INGREDIENT_MEASURED","2026-08-31"
"DPcat",178,"productCA","CS_CMMSSY(8, 7)",49,8,7,7,"INGREDIENT_MEASURED","2026-08-31"
"DPcat",178,"productCA","CS_CMMSSY(11, 7)",67,11,7,7,"INGREDIENT_MEASURED","2026-08-31"
"DPcat",179,"productCA","CS_CMMSSY(8, 7)",49,8,7,7,"INGREDIENT_MEASURED","2026-08-31"
"DPcat",179,"productCA","productCA(CS_CMMSSY(8, 7)[, 1:7], productCA(CS_CMMSSY(10, 7)[, 1:9], CS_CMMSSY(10, 7)[, 1:9], c1 = 7), 7)",157,567,7,7,"INGREDIENT_MEASURED","2026-08-31"
"DPcat",179,"productCA","CS_CMMSSY(8, 7)",49,8,7,7,"INGREDIENT_MEASURED","2026-08-31"
"DPcat",179,"productCA","productCA(CS_CMMSSY(10, 7)[, 1:9], CS_CMMSSY(10, 7)[, 1:9], 7)",115,81,7,7,"INGREDIENT_MEASURED","2026-08-31"
"DPcat",179,"productCA","CS_CMMSSY(10, 7)",61,10,7,7,"INGREDIENT_MEASURED","2026-08-31"
"DPcat",179,"productCA","CS_CMMSSY(10, 7)",61,10,7,7,"INGREDIENT_MEASURED","2026-08-31"
"DPcat",180,"productCA","CS_CMMSSY(8, 7)",49,8,7,7,"INGREDIENT_MEASURED","2026-08-31"
"DPcat",180,"productCA","productCA(CS_CMMSSY(8, 7)[, 1:7], productCA(CS_CMMSSY(10, 7)[, 1:9], CS_CMMSSY(11, 7)[, 1:10],     c1 = 7), 7)",163,630,7,7,"INGREDIENT_MEASURED","2026-08-31"
"DPcat",180,"productCA","CS_CMMSSY(8, 7)",49,8,7,7,"INGREDIENT_MEASURED","2026-08-31"
"DPcat",180,"productCA","productCA(CS_CMMSSY(10, 7)[, 1:9], CS_CMMSSY(11, 7)[, 1:10], 7)",121,90,7,7,"INGREDIENT_MEASURED","2026-08-31"
"DPcat",180,"productCA","CS_CMMSSY(10, 7)",61,10,7,7,"INGREDIENT_MEASURED","2026-08-31"
"DPcat",180,"productCA","CS_CMMSSY(11, 7)",67,11,7,7,"INGREDIENT_MEASURED","2026-08-31"
"DPcat",181,"productCA","CS_CMMSSY(8, 7)",49,8,7,7,"INGREDIENT_MEASURED","2026-08-31"
"DPcat",181,"productCA","productCA(CS_CMMSSY(10, 7)[, 1:9], productCA(CS_CMMSSY(10, 7)[, 1:9], CS_CMMSSY(10, 7)[, 1:9], c1 = 7), 7)",169,729,7,7,"INGREDIENT_MEASURED","2026-08-31"
"DPcat",181,"productCA","CS_CMMSSY(10, 7)",61,10,7,7,"INGREDIENT_MEASURED","2026-08-31"
"DPcat",181,"productCA","productCA(CS_CMMSSY(10, 7)[, 1:9], CS_CMMSSY(10, 7)[, 1:9], 7)",115,81,7,7,"INGREDIENT_MEASURED","2026-08-31"
"DPcat",181,"productCA","CS_CMMSSY(10, 7)",61,10,7,7,"INGREDIENT_MEASURED","2026-08-31"
"DPcat",181,"productCA","CS_CMMSSY(10, 7)",61,10,7,7,"INGREDIENT_MEASURED","2026-08-31"
"DPcat",182,"productCA","CS_CMMSSY(8, 7)",49,8,7,7,"INGREDIENT_MEASURED","2026-08-31"
"DPcat",182,"productCA","productCA(CS_CMMSSY(8, 7)[, 1:7], productCA(CS_CMMSSY(8, 7)[, 1:7], productCA(CS_CMMSSY(8, 7)[,     1:7], CS_CMMSSY(8, 7)[, 1:7], c1 = 7), c1 = 7), 7)",175,2401,7,7,"INGREDIENT_MEASURED","2026-08-31"
"DPcat",182,"productCA","CS_CMMSSY(8, 7)",49,8,7,7,"INGREDIENT_MEASURED","2026-08-31"
"DPcat",182,"productCA","productCA(CS_CMMSSY(8, 7)[, 1:7], productCA(CS_CMMSSY(8, 7)[, 1:7], CS_CMMSSY(8, 7)[, 1:7], c1 = 7), 7)",133,343,7,7,"INGREDIENT_MEASURED","2026-08-31"
"DPcat",182,"productCA","CS_CMMSSY(8, 7)",49,8,7,7,"INGREDIENT_MEASURED","2026-08-31"
"DPcat",182,"productCA","productCA(CS_CMMSSY(8, 7)[, 1:7], CS_CMMSSY(8, 7)[, 1:7], 7)",91,49,7,7,"INGREDIENT_MEASURED","2026-08-31"
"DPcat",182,"productCA","CS_CMMSSY(8, 7)",49,8,7,7,"INGREDIENT_MEASURED","2026-08-31"
"DPcat",182,"productCA","CS_CMMSSY(8, 7)",49,8,7,7,"INGREDIENT_MEASURED","2026-08-31"
"DPcat",183,"productCA","CS_CMMSSY(8, 7)",49,8,7,7,"INGREDIENT_MEASURED","2026-08-31"
"DPcat",183,"productCA","productCA(CS_CMMSSY(8, 7)[, 1:7], productCA(CS_CMMSSY(8, 7)[, 1:7], productCA(CS_CMMSSY(8, 7)[,     1:7], CS_CMMSSY(10, 7)[, 1:9], c1 = 7), c1 = 7), 7)",187,3087,7,7,"INGREDIENT_MEASURED","2026-08-31"
"DPcat",183,"productCA","CS_CMMSSY(8, 7)",49,8,7,7,"INGREDIENT_MEASURED","2026-08-31"
"DPcat",183,"productCA","productCA(CS_CMMSSY(8, 7)[, 1:7], productCA(CS_CMMSSY(8, 7)[, 1:7], CS_CMMSSY(10, 7)[, 1:9], c1 = 7), 7)",145,441,7,7,"INGREDIENT_MEASURED","2026-08-31"
"DPcat",183,"productCA","CS_CMMSSY(8, 7)",49,8,7,7,"INGREDIENT_MEASURED","2026-08-31"
"DPcat",183,"productCA","productCA(CS_CMMSSY(8, 7)[, 1:7], CS_CMMSSY(10, 7)[, 1:9], 7)",103,63,7,7,"INGREDIENT_MEASURED","2026-08-31"
"DPcat",183,"productCA","CS_CMMSSY(8, 7)",49,8,7,7,"INGREDIENT_MEASURED","2026-08-31"
"DPcat",183,"productCA","CS_CMMSSY(10, 7)",61,10,7,7,"INGREDIENT_MEASURED","2026-08-31"
"DPcat",184,"productCA","SCA_LCDST(11, 8)",78,11,8,8,"INGREDIENT_MEASURED","2026-08-31"
"DPcat",184,"productCA","SCA_LCDST(11, 8)",78,11,8,8,"INGREDIENT_MEASURED","2026-08-31"
"DPcat",185,"productCA","SCA_LCDST(11, 8)",78,11,8,8,"INGREDIENT_MEASURED","2026-08-31"
"DPcat",185,"productCA","CS_CMMSSY(12, 8)",85,12,8,8,"INGREDIENT_MEASURED","2026-08-31"
"DPcat",186,"productCA","CS_CMMSSY(12, 8)",85,12,8,8,"INGREDIENT_MEASURED","2026-08-31"
"DPcat",186,"productCA","CS_CMMSSY(12, 8)",85,12,8,8,"INGREDIENT_MEASURED","2026-08-31"
"DPcat",187,"productCA","CS_CMMSSY(12, 8)",85,12,8,8,"INGREDIENT_MEASURED","2026-08-31"
"DPcat",187,"productCA","CS_CMMSSY(13, 8)",92,13,8,8,"INGREDIENT_MEASURED","2026-08-31"
"DPcat",188,"productCA","CS_CMMSSY(13, 8)",92,13,8,8,"INGREDIENT_MEASURED","2026-08-31"
"DPcat",188,"productCA","CS_CMMSSY(13, 8)",92,13,8,8,"INGREDIENT_MEASURED","2026-08-31"
"DPcat",189,"productCA","CS_CMMSSY(13, 8)",92,13,8,8,"INGREDIENT_MEASURED","2026-08-31"
"DPcat",189,"productCA","CS_CMMSSY(14, 8)",99,14,8,8,"INGREDIENT_MEASURED","2026-08-31"
"DPcat",190,"productCA","CS_CMMSSY(14, 8)",99,14,8,8,"INGREDIENT_MEASURED","2026-08-31"
"DPcat",190,"productCA","CS_CMMSSY(14, 8)",99,14,8,8,"INGREDIENT_MEASURED","2026-08-31"
"DPcat",191,"productCA","CS_CMMSSY(14, 8)",99,14,8,8,"INGREDIENT_MEASURED","2026-08-31"
"DPcat",191,"productCA","CS_CMMSSY(15, 8)",106,15,8,8,"INGREDIENT_MEASURED","2026-08-31"
"DPcat",192,"productCA","SCA_Bose(8)",64,9,8,8,"INGREDIENT_MEASURED","2026-08-31"
"DPcat",192,"productCA","productCA(SCA_LCDST(11, 8)[, 1:10], SCA_LCDST(11, 8)[, 1:10], 8)",148,100,8,8,"INGREDIENT_MEASURED","2026-08-31"
"DPcat",192,"productCA","SCA_LCDST(11, 8)",78,11,8,8,"INGREDIENT_MEASURED","2026-08-31"
"DPcat",192,"productCA","SCA_LCDST(11, 8)",78,11,8,8,"INGREDIENT_MEASURED","2026-08-31"
"DPcat",193,"productCA","SCA_Bose(8)",64,9,8,8,"INGREDIENT_MEASURED","2026-08-31"
"DPcat",193,"productCA","productCA(SCA_LCDST(11, 8)[, 1:10], CS_CMMSSY(12, 8)[, 1:11], 8)",155,110,8,8,"INGREDIENT_MEASURED","2026-08-31"
"DPcat",193,"productCA","SCA_LCDST(11, 8)",78,11,8,8,"INGREDIENT_MEASURED","2026-08-31"
"DPcat",193,"productCA","CS_CMMSSY(12, 8)",85,12,8,8,"INGREDIENT_MEASURED","2026-08-31"
"DPcat",194,"productCA","SCA_LCDST(11, 8)",78,11,8,8,"INGREDIENT_MEASURED","2026-08-31"
"DPcat",194,"productCA","productCA(SCA_LCDST(11, 8)[, 1:10], SCA_LCDST(11, 8)[, 1:10], 8)",148,100,8,8,"INGREDIENT_MEASURED","2026-08-31"
"DPcat",194,"productCA","SCA_LCDST(11, 8)",78,11,8,8,"INGREDIENT_MEASURED","2026-08-31"
"DPcat",194,"productCA","SCA_LCDST(11, 8)",78,11,8,8,"INGREDIENT_MEASURED","2026-08-31"
"DPcat",195,"productCA","SCA_LCDST(11, 8)",78,11,8,8,"INGREDIENT_MEASURED","2026-08-31"
"DPcat",195,"productCA","productCA(SCA_LCDST(11, 8)[, 1:10], CS_CMMSSY(12, 8)[, 1:11], 8)",155,110,8,8,"INGREDIENT_MEASURED","2026-08-31"
"DPcat",195,"productCA","SCA_LCDST(11, 8)",78,11,8,8,"INGREDIENT_MEASURED","2026-08-31"
"DPcat",195,"productCA","CS_CMMSSY(12, 8)",85,12,8,8,"INGREDIENT_MEASURED","2026-08-31"
"DPcat",196,"productCA","SCA_LCDST(11, 8)",78,11,8,8,"INGREDIENT_MEASURED","2026-08-31"
"DPcat",196,"productCA","productCA(CS_CMMSSY(12, 8)[, 1:11], CS_CMMSSY(12, 8)[, 1:11], 8)",162,121,8,8,"INGREDIENT_MEASURED","2026-08-31"
"DPcat",196,"productCA","CS_CMMSSY(12, 8)",85,12,8,8,"INGREDIENT_MEASURED","2026-08-31"
"DPcat",196,"productCA","CS_CMMSSY(12, 8)",85,12,8,8,"INGREDIENT_MEASURED","2026-08-31"
"DPcat",197,"productCA","CS_CMMSSY(12, 8)",85,12,8,8,"INGREDIENT_MEASURED","2026-08-31"
"DPcat",197,"productCA","productCA(CS_CMMSSY(12, 8)[, 1:11], CS_CMMSSY(12, 8)[, 1:11], 8)",162,121,8,8,"INGREDIENT_MEASURED","2026-08-31"
"DPcat",197,"productCA","CS_CMMSSY(12, 8)",85,12,8,8,"INGREDIENT_MEASURED","2026-08-31"
"DPcat",197,"productCA","CS_CMMSSY(12, 8)",85,12,8,8,"INGREDIENT_MEASURED","2026-08-31"
"DPcat",198,"productCA","CS_CMMSSY(12, 8)",85,12,8,8,"INGREDIENT_MEASURED","2026-08-31"
"DPcat",198,"productCA","productCA(CS_CMMSSY(12, 8)[, 1:11], CS_CMMSSY(13, 8)[, 1:12], 8)",169,132,8,8,"INGREDIENT_MEASURED","2026-08-31"
"DPcat",198,"productCA","CS_CMMSSY(12, 8)",85,12,8,8,"INGREDIENT_MEASURED","2026-08-31"
"DPcat",198,"productCA","CS_CMMSSY(13, 8)",92,13,8,8,"INGREDIENT_MEASURED","2026-08-31"
"DPcat",199,"productCA","CS_CMMSSY(12, 8)",85,12,8,8,"INGREDIENT_MEASURED","2026-08-31"
"DPcat",199,"productCA","productCA(CS_CMMSSY(13, 8)[, 1:12], CS_CMMSSY(13, 8)[, 1:12], 8)",176,144,8,8,"INGREDIENT_MEASURED","2026-08-31"
"DPcat",199,"productCA","CS_CMMSSY(13, 8)",92,13,8,8,"INGREDIENT_MEASURED","2026-08-31"
"DPcat",199,"productCA","CS_CMMSSY(13, 8)",92,13,8,8,"INGREDIENT_MEASURED","2026-08-31"
"DPcat",200,"productCA","SCA_Bose(8)",64,9,8,8,"INGREDIENT_MEASURED","2026-08-31"
"DPcat",200,"productCA","productCA(SCA_Bose(8)[, 1:8], productCA(SCA_LCDST(11, 8)[, 1:10], SCA_LCDST(11, 8)[, 1:10],     c1 = 8), 8)",204,800,8,8,"INGREDIENT_MEASURED","2026-08-31"
"DPcat",200,"productCA","SCA_Bose(8)",64,9,8,8,"INGREDIENT_MEASURED","2026-08-31"
"DPcat",200,"productCA","productCA(SCA_LCDST(11, 8)[, 1:10], SCA_LCDST(11, 8)[, 1:10], 8)",148,100,8,8,"INGREDIENT_MEASURED","2026-08-31"
"DPcat",200,"productCA","SCA_LCDST(11, 8)",78,11,8,8,"INGREDIENT_MEASURED","2026-08-31"
"DPcat",200,"productCA","SCA_LCDST(11, 8)",78,11,8,8,"INGREDIENT_MEASURED","2026-08-31"
"DPcat",201,"productCA","SCA_Bose(8)",64,9,8,8,"INGREDIENT_MEASURED","2026-08-31"
"DPcat",201,"productCA","productCA(SCA_Bose(8)[, 1:8], productCA(SCA_LCDST(11, 8)[, 1:10], CS_CMMSSY(12, 8)[, 1:11],     c1 = 8), 8)",211,880,8,8,"INGREDIENT_MEASURED","2026-08-31"
"DPcat",201,"productCA","SCA_Bose(8)",64,9,8,8,"INGREDIENT_MEASURED","2026-08-31"
"DPcat",201,"productCA","productCA(SCA_LCDST(11, 8)[, 1:10], CS_CMMSSY(12, 8)[, 1:11], 8)",155,110,8,8,"INGREDIENT_MEASURED","2026-08-31"
"DPcat",201,"productCA","SCA_LCDST(11, 8)",78,11,8,8,"INGREDIENT_MEASURED","2026-08-31"
"DPcat",201,"productCA","CS_CMMSSY(12, 8)",85,12,8,8,"INGREDIENT_MEASURED","2026-08-31"
"DPcat",202,"productCA","SCA_LCDST(11, 8)",78,11,8,8,"INGREDIENT_MEASURED","2026-08-31"
"DPcat",202,"productCA","productCA(SCA_Bose(8)[, 1:8], productCA(SCA_LCDST(11, 8)[, 1:10], SCA_LCDST(11, 8)[, 1:10],     c1 = 8), 8)",204,800,8,8,"INGREDIENT_MEASURED","2026-08-31"
"DPcat",202,"productCA","SCA_Bose(8)",64,9,8,8,"INGREDIENT_MEASURED","2026-08-31"
"DPcat",202,"productCA","productCA(SCA_LCDST(11, 8)[, 1:10], SCA_LCDST(11, 8)[, 1:10], 8)",148,100,8,8,"INGREDIENT_MEASURED","2026-08-31"
"DPcat",202,"productCA","SCA_LCDST(11, 8)",78,11,8,8,"INGREDIENT_MEASURED","2026-08-31"
"DPcat",202,"productCA","SCA_LCDST(11, 8)",78,11,8,8,"INGREDIENT_MEASURED","2026-08-31"
"DPcat",203,"productCA","SCA_LCDST(11, 8)",78,11,8,8,"INGREDIENT_MEASURED","2026-08-31"
"DPcat",203,"productCA","productCA(SCA_Bose(8)[, 1:8], productCA(SCA_LCDST(11, 8)[, 1:10], CS_CMMSSY(12, 8)[, 1:11],     c1 = 8), 8)",211,880,8,8,"INGREDIENT_MEASURED","2026-08-31"
"DPcat",203,"productCA","SCA_Bose(8)",64,9,8,8,"INGREDIENT_MEASURED","2026-08-31"
"DPcat",203,"productCA","productCA(SCA_LCDST(11, 8)[, 1:10], CS_CMMSSY(12, 8)[, 1:11], 8)",155,110,8,8,"INGREDIENT_MEASURED","2026-08-31"
"DPcat",203,"productCA","SCA_LCDST(11, 8)",78,11,8,8,"INGREDIENT_MEASURED","2026-08-31"
"DPcat",203,"productCA","CS_CMMSSY(12, 8)",85,12,8,8,"INGREDIENT_MEASURED","2026-08-31"
"DPcat",204,"productCA","SCA_LCDST(11, 8)",78,11,8,8,"INGREDIENT_MEASURED","2026-08-31"
"DPcat",204,"productCA","productCA(SCA_LCDST(11, 8)[, 1:10], productCA(SCA_LCDST(11, 8)[, 1:10], SCA_LCDST(11, 8)[, 1:10],     c1 = 8), 8)",218,1000,8,8,"INGREDIENT_MEASURED","2026-08-31"
"DPcat",204,"productCA","SCA_LCDST(11, 8)",78,11,8,8,"INGREDIENT_MEASURED","2026-08-31"
"DPcat",204,"productCA","productCA(SCA_LCDST(11, 8)[, 1:10], SCA_LCDST(11, 8)[, 1:10], 8)",148,100,8,8,"INGREDIENT_MEASURED","2026-08-31"
"DPcat",204,"productCA","SCA_LCDST(11, 8)",78,11,8,8,"INGREDIENT_MEASURED","2026-08-31"
"DPcat",204,"productCA","SCA_LCDST(11, 8)",78,11,8,8,"INGREDIENT_MEASURED","2026-08-31"
"DPcat",205,"productCA","SCA_LCDST(11, 8)",78,11,8,8,"INGREDIENT_MEASURED","2026-08-31"
"DPcat",205,"productCA","productCA(SCA_LCDST(11, 8)[, 1:10], productCA(SCA_LCDST(11, 8)[, 1:10], CS_CMMSSY(12, 8)[, 1:11],     c1 = 8), 8)",225,1100,8,8,"INGREDIENT_MEASURED","2026-08-31"
"DPcat",205,"productCA","SCA_LCDST(11, 8)",78,11,8,8,"INGREDIENT_MEASURED","2026-08-31"
"DPcat",205,"productCA","productCA(SCA_LCDST(11, 8)[, 1:10], CS_CMMSSY(12, 8)[, 1:11], 8)",155,110,8,8,"INGREDIENT_MEASURED","2026-08-31"
"DPcat",205,"productCA","SCA_LCDST(11, 8)",78,11,8,8,"INGREDIENT_MEASURED","2026-08-31"
"DPcat",205,"productCA","CS_CMMSSY(12, 8)",85,12,8,8,"INGREDIENT_MEASURED","2026-08-31"
"DPcat",206,"productCA","SCA_LCDST(11, 8)",78,11,8,8,"INGREDIENT_MEASURED","2026-08-31"
"DPcat",206,"productCA","productCA(SCA_LCDST(11, 8)[, 1:10], productCA(CS_CMMSSY(12, 8)[, 1:11], CS_CMMSSY(12, 8)[, 1:11],     c1 = 8), 8)",232,1210,8,8,"INGREDIENT_MEASURED","2026-08-31"
"DPcat",206,"productCA","SCA_LCDST(11, 8)",78,11,8,8,"INGREDIENT_MEASURED","2026-08-31"
"DPcat",206,"productCA","productCA(CS_CMMSSY(12, 8)[, 1:11], CS_CMMSSY(12, 8)[, 1:11], 8)",162,121,8,8,"INGREDIENT_MEASURED","2026-08-31"
"DPcat",206,"productCA","CS_CMMSSY(12, 8)",85,12,8,8,"INGREDIENT_MEASURED","2026-08-31"
"DPcat",206,"productCA","CS_CMMSSY(12, 8)",85,12,8,8,"INGREDIENT_MEASURED","2026-08-31"
"DPcat",207,"productCA","SCA_LCDST(11, 8)",78,11,8,8,"INGREDIENT_MEASURED","2026-08-31"
"DPcat",207,"productCA","productCA(CS_CMMSSY(12, 8)[, 1:11], productCA(CS_CMMSSY(12, 8)[, 1:11], CS_CMMSSY(12, 8)[, 1:11],     c1 = 8), 8)",239,1331,8,8,"INGREDIENT_MEASURED","2026-08-31"
"DPcat",207,"productCA","CS_CMMSSY(12, 8)",85,12,8,8,"INGREDIENT_MEASURED","2026-08-31"
"DPcat",207,"productCA","productCA(CS_CMMSSY(12, 8)[, 1:11], CS_CMMSSY(12, 8)[, 1:11], 8)",162,121,8,8,"INGREDIENT_MEASURED","2026-08-31"
"DPcat",207,"productCA","CS_CMMSSY(12, 8)",85,12,8,8,"INGREDIENT_MEASURED","2026-08-31"
"DPcat",207,"productCA","CS_CMMSSY(12, 8)",85,12,8,8,"INGREDIENT_MEASURED","2026-08-31"
"DPcat",208,"productCA","SCA_Bose(8)",64,9,8,8,"INGREDIENT_MEASURED","2026-08-31"
"DPcat",208,"productCA","productCA(SCA_Bose(8)[, 1:8], productCA(SCA_Bose(8)[, 1:8], productCA(SCA_LCDST(11, 8)[, 1:10],     SCA_LCDST(11, 8)[, 1:10], c1 = 8), c1 = 8), 8)",260,6400,8,8,"INGREDIENT_MEASURED","2026-08-31"
"DPcat",208,"productCA","SCA_Bose(8)",64,9,8,8,"INGREDIENT_MEASURED","2026-08-31"
"DPcat",208,"productCA","productCA(SCA_Bose(8)[, 1:8], productCA(SCA_LCDST(11, 8)[, 1:10], SCA_LCDST(11, 8)[, 1:10],     c1 = 8), 8)",204,800,8,8,"INGREDIENT_MEASURED","2026-08-31"
"DPcat",208,"productCA","SCA_Bose(8)",64,9,8,8,"INGREDIENT_MEASURED","2026-08-31"
"DPcat",208,"productCA","productCA(SCA_LCDST(11, 8)[, 1:10], SCA_LCDST(11, 8)[, 1:10], 8)",148,100,8,8,"INGREDIENT_MEASURED","2026-08-31"
"DPcat",208,"productCA","SCA_LCDST(11, 8)",78,11,8,8,"INGREDIENT_MEASURED","2026-08-31"
"DPcat",208,"productCA","SCA_LCDST(11, 8)",78,11,8,8,"INGREDIENT_MEASURED","2026-08-31"
"DPcat",209,"productCA","CS_CMMSSY(13, 9)",105,13,9,9,"INGREDIENT_MEASURED","2026-08-31"
"DPcat",209,"productCA","CS_CMMSSY(13, 9)",105,13,9,9,"INGREDIENT_MEASURED","2026-08-31"
"DPcat",210,"productCA","CS_CMMSSY(13, 9)",105,13,9,9,"INGREDIENT_MEASURED","2026-08-31"
"DPcat",210,"productCA","CS_CMMSSY(14, 9)",113,14,9,9,"INGREDIENT_MEASURED","2026-08-31"
"DPcat",211,"productCA","CS_CMMSSY(14, 9)",113,14,9,9,"INGREDIENT_MEASURED","2026-08-31"
"DPcat",211,"productCA","CS_CMMSSY(14, 9)",113,14,9,9,"INGREDIENT_MEASURED","2026-08-31"
"DPcat",212,"productCA","CS_CMMSSY(14, 9)",113,14,9,9,"INGREDIENT_MEASURED","2026-08-31"
"DPcat",212,"productCA","CS_CMMSSY(15, 9)",121,15,9,9,"INGREDIENT_MEASURED","2026-08-31"
"DPcat",213,"productCA","CS_CMMSSY(15, 9)",121,15,9,9,"INGREDIENT_MEASURED","2026-08-31"
"DPcat",213,"productCA","CS_CMMSSY(15, 9)",121,15,9,9,"INGREDIENT_MEASURED","2026-08-31"
"DPcat",214,"productCA","CS_CMMSSY(15, 9)",121,15,9,9,"INGREDIENT_MEASURED","2026-08-31"
"DPcat",214,"productCA","CS_CMMSSY(16, 9)",129,16,9,9,"INGREDIENT_MEASURED","2026-08-31"
"DPcat",215,"productCA","CS_CMMSSY(16, 9)",129,16,9,9,"INGREDIENT_MEASURED","2026-08-31"
"DPcat",215,"productCA","CS_CMMSSY(16, 9)",129,16,9,9,"INGREDIENT_MEASURED","2026-08-31"
"DPcat",216,"productCA","CS_CMMSSY(16, 9)",129,16,9,9,"INGREDIENT_MEASURED","2026-08-31"
"DPcat",216,"productCA","SCA_MS(17, 9)",137,17,9,9,"INGREDIENT_MEASURED","2026-08-31"
"DPcat",217,"productCA","SCA_MS(17, 9)",137,17,9,9,"INGREDIENT_MEASURED","2026-08-31"
"DPcat",217,"productCA","SCA_MS(17, 9)",137,17,9,9,"INGREDIENT_MEASURED","2026-08-31"
"DPcat",218,"productCA","SCA_Bose(9)",81,10,9,9,"INGREDIENT_MEASURED","2026-08-31"
"DPcat",218,"productCA","productCA(CS_CMMSSY(13, 9)[, 1:12], CS_CMMSSY(13, 9)[, 1:12], 9)",201,144,9,9,"INGREDIENT_MEASURED","2026-08-31"
"DPcat",218,"productCA","CS_CMMSSY(13, 9)",105,13,9,9,"INGREDIENT_MEASURED","2026-08-31"
"DPcat",218,"productCA","CS_CMMSSY(13, 9)",105,13,9,9,"INGREDIENT_MEASURED","2026-08-31"
"DPcat",219,"productCA","SCA_Bose(9)",81,10,9,9,"INGREDIENT_MEASURED","2026-08-31"
"DPcat",219,"productCA","productCA(CS_CMMSSY(13, 9)[, 1:12], CS_CMMSSY(14, 9)[, 1:13], 9)",209,156,9,9,"INGREDIENT_MEASURED","2026-08-31"
"DPcat",219,"productCA","CS_CMMSSY(13, 9)",105,13,9,9,"INGREDIENT_MEASURED","2026-08-31"
"DPcat",219,"productCA","CS_CMMSSY(14, 9)",113,14,9,9,"INGREDIENT_MEASURED","2026-08-31"
"DPcat",220,"productCA","SCA_Bose(9)",81,10,9,9,"INGREDIENT_MEASURED","2026-08-31"
"DPcat",220,"productCA","productCA(CS_CMMSSY(14, 9)[, 1:13], CS_CMMSSY(14, 9)[, 1:13], 9)",217,169,9,9,"INGREDIENT_MEASURED","2026-08-31"
"DPcat",220,"productCA","CS_CMMSSY(14, 9)",113,14,9,9,"INGREDIENT_MEASURED","2026-08-31"
"DPcat",220,"productCA","CS_CMMSSY(14, 9)",113,14,9,9,"INGREDIENT_MEASURED","2026-08-31"
"DPcat",221,"productCA","CS_CMMSSY(13, 9)",105,13,9,9,"INGREDIENT_MEASURED","2026-08-31"
"DPcat",221,"productCA","productCA(CS_CMMSSY(13, 9)[, 1:12], CS_CMMSSY(13, 9)[, 1:12], 9)",201,144,9,9,"INGREDIENT_MEASURED","2026-08-31"
"DPcat",221,"productCA","CS_CMMSSY(13, 9)",105,13,9,9,"INGREDIENT_MEASURED","2026-08-31"
"DPcat",221,"productCA","CS_CMMSSY(13, 9)",105,13,9,9,"INGREDIENT_MEASURED","2026-08-31"
"DPcat",222,"productCA","CS_CMMSSY(13, 9)",105,13,9,9,"INGREDIENT_MEASURED","2026-08-31"
"DPcat",222,"productCA","productCA(CS_CMMSSY(13, 9)[, 1:12], CS_CMMSSY(14, 9)[, 1:13], 9)",209,156,9,9,"INGREDIENT_MEASURED","2026-08-31"
"DPcat",222,"productCA","CS_CMMSSY(13, 9)",105,13,9,9,"INGREDIENT_MEASURED","2026-08-31"
"DPcat",222,"productCA","CS_CMMSSY(14, 9)",113,14,9,9,"INGREDIENT_MEASURED","2026-08-31"
"DPcat",223,"productCA","CS_CMMSSY(13, 9)",105,13,9,9,"INGREDIENT_MEASURED","2026-08-31"
"DPcat",223,"productCA","productCA(CS_CMMSSY(14, 9)[, 1:13], CS_CMMSSY(14, 9)[, 1:13], 9)",217,169,9,9,"INGREDIENT_MEASURED","2026-08-31"
"DPcat",223,"productCA","CS_CMMSSY(14, 9)",113,14,9,9,"INGREDIENT_MEASURED","2026-08-31"
"DPcat",223,"productCA","CS_CMMSSY(14, 9)",113,14,9,9,"INGREDIENT_MEASURED","2026-08-31"
"DPcat",224,"productCA","CS_CMMSSY(14, 9)",113,14,9,9,"INGREDIENT_MEASURED","2026-08-31"
"DPcat",224,"productCA","productCA(CS_CMMSSY(14, 9)[, 1:13], CS_CMMSSY(14, 9)[, 1:13], 9)",217,169,9,9,"INGREDIENT_MEASURED","2026-08-31"
"DPcat",224,"productCA","CS_CMMSSY(14, 9)",113,14,9,9,"INGREDIENT_MEASURED","2026-08-31"
"DPcat",224,"productCA","CS_CMMSSY(14, 9)",113,14,9,9,"INGREDIENT_MEASURED","2026-08-31"
"DPcat",225,"productCA","CS_CMMSSY(14, 9)",113,14,9,9,"INGREDIENT_MEASURED","2026-08-31"
"DPcat",225,"productCA","productCA(CS_CMMSSY(14, 9)[, 1:13], CS_CMMSSY(15, 9)[, 1:14], 9)",225,182,9,9,"INGREDIENT_MEASURED","2026-08-31"
"DPcat",225,"productCA","CS_CMMSSY(14, 9)",113,14,9,9,"INGREDIENT_MEASURED","2026-08-31"
"DPcat",225,"productCA","CS_CMMSSY(15, 9)",121,15,9,9,"INGREDIENT_MEASURED","2026-08-31"
"DPcat",226,"productCA","CS_CMMSSY(14, 9)",113,14,9,9,"INGREDIENT_MEASURED","2026-08-31"
"DPcat",226,"productCA","productCA(CS_CMMSSY(15, 9)[, 1:14], CS_CMMSSY(15, 9)[, 1:14], 9)",233,196,9,9,"INGREDIENT_MEASURED","2026-08-31"
"DPcat",226,"productCA","CS_CMMSSY(15, 9)",121,15,9,9,"INGREDIENT_MEASURED","2026-08-31"
"DPcat",226,"productCA","CS_CMMSSY(15, 9)",121,15,9,9,"INGREDIENT_MEASURED","2026-08-31"
"DPcat",227,"productCA","SCA_Bose(9)",81,10,9,9,"INGREDIENT_MEASURED","2026-08-31"
"DPcat",227,"productCA","productCA(SCA_Bose(9)[, 1:9], productCA(CS_CMMSSY(13, 9)[, 1:12], CS_CMMSSY(13, 9)[, 1:12],     c1 = 9), 9)",273,1296,9,9,"INGREDIENT_MEASURED","2026-08-31"
"DPcat",227,"productCA","SCA_Bose(9)",81,10,9,9,"INGREDIENT_MEASURED","2026-08-31"
"DPcat",227,"productCA","productCA(CS_CMMSSY(13, 9)[, 1:12], CS_CMMSSY(13, 9)[, 1:12], 9)",201,144,9,9,"INGREDIENT_MEASURED","2026-08-31"
"DPcat",227,"productCA","CS_CMMSSY(13, 9)",105,13,9,9,"INGREDIENT_MEASURED","2026-08-31"
"DPcat",227,"productCA","CS_CMMSSY(13, 9)",105,13,9,9,"INGREDIENT_MEASURED","2026-08-31"
"DPcat",228,"productCA","SCA_Bose(9)",81,10,9,9,"INGREDIENT_MEASURED","2026-08-31"
"DPcat",228,"productCA","productCA(SCA_Bose(9)[, 1:9], productCA(CS_CMMSSY(13, 9)[, 1:12], CS_CMMSSY(14, 9)[, 1:13],     c1 = 9), 9)",281,1404,9,9,"INGREDIENT_MEASURED","2026-08-31"
"DPcat",228,"productCA","SCA_Bose(9)",81,10,9,9,"INGREDIENT_MEASURED","2026-08-31"
"DPcat",228,"productCA","productCA(CS_CMMSSY(13, 9)[, 1:12], CS_CMMSSY(14, 9)[, 1:13], 9)",209,156,9,9,"INGREDIENT_MEASURED","2026-08-31"
"DPcat",228,"productCA","CS_CMMSSY(13, 9)",105,13,9,9,"INGREDIENT_MEASURED","2026-08-31"
"DPcat",228,"productCA","CS_CMMSSY(14, 9)",113,14,9,9,"INGREDIENT_MEASURED","2026-08-31"
"DPcat",229,"productCA","SCA_Bose(9)",81,10,9,9,"INGREDIENT_MEASURED","2026-08-31"
"DPcat",229,"productCA","productCA(SCA_Bose(9)[, 1:9], productCA(CS_CMMSSY(14, 9)[, 1:13], CS_CMMSSY(14, 9)[, 1:13],     c1 = 9), 9)",289,1521,9,9,"INGREDIENT_MEASURED","2026-08-31"
"DPcat",229,"productCA","SCA_Bose(9)",81,10,9,9,"INGREDIENT_MEASURED","2026-08-31"
"DPcat",229,"productCA","productCA(CS_CMMSSY(14, 9)[, 1:13], CS_CMMSSY(14, 9)[, 1:13], 9)",217,169,9,9,"INGREDIENT_MEASURED","2026-08-31"
"DPcat",229,"productCA","CS_CMMSSY(14, 9)",113,14,9,9,"INGREDIENT_MEASURED","2026-08-31"
"DPcat",229,"productCA","CS_CMMSSY(14, 9)",113,14,9,9,"INGREDIENT_MEASURED","2026-08-31"
"DPcat",230,"productCA","CS_CMMSSY(13, 9)",105,13,9,9,"INGREDIENT_MEASURED","2026-08-31"
"DPcat",230,"productCA","productCA(SCA_Bose(9)[, 1:9], productCA(CS_CMMSSY(13, 9)[, 1:12], CS_CMMSSY(13, 9)[, 1:12],     c1 = 9), 9)",273,1296,9,9,"INGREDIENT_MEASURED","2026-08-31"
"DPcat",230,"productCA","SCA_Bose(9)",81,10,9,9,"INGREDIENT_MEASURED","2026-08-31"
"DPcat",230,"productCA","productCA(CS_CMMSSY(13, 9)[, 1:12], CS_CMMSSY(13, 9)[, 1:12], 9)",201,144,9,9,"INGREDIENT_MEASURED","2026-08-31"
"DPcat",230,"productCA","CS_CMMSSY(13, 9)",105,13,9,9,"INGREDIENT_MEASURED","2026-08-31"
"DPcat",230,"productCA","CS_CMMSSY(13, 9)",105,13,9,9,"INGREDIENT_MEASURED","2026-08-31"
"DPcat",231,"productCA","CS_CMMSSY(13, 9)",105,13,9,9,"INGREDIENT_MEASURED","2026-08-31"
"DPcat",231,"productCA","productCA(SCA_Bose(9)[, 1:9], productCA(CS_CMMSSY(13, 9)[, 1:12], CS_CMMSSY(14, 9)[, 1:13],     c1 = 9), 9)",281,1404,9,9,"INGREDIENT_MEASURED","2026-08-31"
"DPcat",231,"productCA","SCA_Bose(9)",81,10,9,9,"INGREDIENT_MEASURED","2026-08-31"
"DPcat",231,"productCA","productCA(CS_CMMSSY(13, 9)[, 1:12], CS_CMMSSY(14, 9)[, 1:13], 9)",209,156,9,9,"INGREDIENT_MEASURED","2026-08-31"
"DPcat",231,"productCA","CS_CMMSSY(13, 9)",105,13,9,9,"INGREDIENT_MEASURED","2026-08-31"
"DPcat",231,"productCA","CS_CMMSSY(14, 9)",113,14,9,9,"INGREDIENT_MEASURED","2026-08-31"
"DPcat",232,"productCA","CS_CMMSSY(13, 9)",105,13,9,9,"INGREDIENT_MEASURED","2026-08-31"
"DPcat",232,"productCA","productCA(SCA_Bose(9)[, 1:9], productCA(CS_CMMSSY(14, 9)[, 1:13], CS_CMMSSY(14, 9)[, 1:13],     c1 = 9), 9)",289,1521,9,9,"INGREDIENT_MEASURED","2026-08-31"
"DPcat",232,"productCA","SCA_Bose(9)",81,10,9,9,"INGREDIENT_MEASURED","2026-08-31"
"DPcat",232,"productCA","productCA(CS_CMMSSY(14, 9)[, 1:13], CS_CMMSSY(14, 9)[, 1:13], 9)",217,169,9,9,"INGREDIENT_MEASURED","2026-08-31"
"DPcat",232,"productCA","CS_CMMSSY(14, 9)",113,14,9,9,"INGREDIENT_MEASURED","2026-08-31"
"DPcat",232,"productCA","CS_CMMSSY(14, 9)",113,14,9,9,"INGREDIENT_MEASURED","2026-08-31"
"DPcat",233,"productCA","CS_CMMSSY(13, 9)",105,13,9,9,"INGREDIENT_MEASURED","2026-08-31"
"DPcat",233,"productCA","productCA(CS_CMMSSY(13, 9)[, 1:12], productCA(CS_CMMSSY(13, 9)[, 1:12], CS_CMMSSY(13, 9)[, 1:12],     c1 = 9), 9)",297,1728,9,9,"INGREDIENT_MEASURED","2026-08-31"
"DPcat",233,"productCA","CS_CMMSSY(13, 9)",105,13,9,9,"INGREDIENT_MEASURED","2026-08-31"
"DPcat",233,"productCA","productCA(CS_CMMSSY(13, 9)[, 1:12], CS_CMMSSY(13, 9)[, 1:12], 9)",201,144,9,9,"INGREDIENT_MEASURED","2026-08-31"
"DPcat",233,"productCA","CS_CMMSSY(13, 9)",105,13,9,9,"INGREDIENT_MEASURED","2026-08-31"
"DPcat",233,"productCA","CS_CMMSSY(13, 9)",105,13,9,9,"INGREDIENT_MEASURED","2026-08-31"
"DPcat",234,"productCA","miscCA(2, 4, 10)",100,4,10,10,"INGREDIENT_MEASURED","2026-08-31"
"DPcat",234,"productCA","miscCA(2, 4, 10)",100,4,10,10,"INGREDIENT_MEASURED","2026-08-31"
"DPcat",235,"productCA","miscCA(2, 4, 10)",100,4,10,10,"INGREDIENT_MEASURED","2026-08-31"
"DPcat",235,"productCA","SCA_LCDST(15, 10)",136,15,10,10,"INGREDIENT_MEASURED","2026-08-31"
"DPcat",236,"productCA","miscCA(2, 4, 10)",100,4,10,10,"INGREDIENT_MEASURED","2026-08-31"
"DPcat",236,"productCA","CS_CMMSSY(16, 10)",145,16,10,10,"INGREDIENT_MEASURED","2026-08-31"
"DPcat",237,"productCA","miscCA(2, 4, 10)",100,4,10,10,"INGREDIENT_MEASURED","2026-08-31"
"DPcat",237,"productCA","SCA_MS(17, 10)",154,17,10,10,"INGREDIENT_MEASURED","2026-08-31"
"DPcat",238,"productCA","miscCA(2, 4, 10)",100,4,10,10,"INGREDIENT_MEASURED","2026-08-31"
"DPcat",238,"productCA","SCA_MS(18, 10)",163,18,10,10,"INGREDIENT_MEASURED","2026-08-31"
"DPcat",239,"productCA","SCA_LCDST(15, 10)",136,15,10,10,"INGREDIENT_MEASURED","2026-08-31"
"DPcat",239,"productCA","SCA_LCDST(15, 10)",136,15,10,10,"INGREDIENT_MEASURED","2026-08-31"
"DPcat",240,"productCA","SCA_LCDST(15, 10)",136,15,10,10,"INGREDIENT_MEASURED","2026-08-31"
"DPcat",240,"productCA","CS_CMMSSY(16, 10)",145,16,10,10,"INGREDIENT_MEASURED","2026-08-31"
"DPcat",241,"productCA","CS_CMMSSY(16, 10)",145,16,10,10,"INGREDIENT_MEASURED","2026-08-31"
"DPcat",241,"productCA","CS_CMMSSY(16, 10)",145,16,10,10,"INGREDIENT_MEASURED","2026-08-31"
"DPcat",242,"productCA","CS_CMMSSY(16, 10)",145,16,10,10,"INGREDIENT_MEASURED","2026-08-31"
"DPcat",242,"productCA","SCA_MS(17, 10)",154,17,10,10,"INGREDIENT_MEASURED","2026-08-31"
"DPcat",243,"productCA","SCA_MS(17, 10)",154,17,10,10,"INGREDIENT_MEASURED","2026-08-31"
"DPcat",243,"productCA","SCA_MS(17, 10)",154,17,10,10,"INGREDIENT_MEASURED","2026-08-31"
"DPcat",244,"productCA","SCA_MS(17, 10)",154,17,10,10,"INGREDIENT_MEASURED","2026-08-31"
"DPcat",244,"productCA","SCA_MS(18, 10)",163,18,10,10,"INGREDIENT_MEASURED","2026-08-31"
"DPcat",245,"productCA","SCA_MS(18, 10)",163,18,10,10,"INGREDIENT_MEASURED","2026-08-31"
"DPcat",245,"productCA","SCA_MS(18, 10)",163,18,10,10,"INGREDIENT_MEASURED","2026-08-31"
"DPcat",246,"productCA","SCA_MS(18, 10)",163,18,10,10,"INGREDIENT_MEASURED","2026-08-31"
"DPcat",246,"productCA","SCA_MS(19, 10)",172,19,10,10,"INGREDIENT_MEASURED","2026-08-31"
"DPcat",247,"productCA","SCA_MS(19, 10)",172,19,10,10,"INGREDIENT_MEASURED","2026-08-31"
"DPcat",247,"productCA","SCA_MS(19, 10)",172,19,10,10,"INGREDIENT_MEASURED","2026-08-31"
"DPcat",248,"productCA","SCA_MS(18, 10)",163,18,10,10,"INGREDIENT_MEASURED","2026-08-31"
"DPcat",248,"productCA","SCA_MS(21, 10)",190,21,10,10,"INGREDIENT_MEASURED","2026-08-31"
"DPcat",249,"productCA","miscCA(2, 4, 10)",100,4,10,10,"INGREDIENT_MEASURED","2026-08-31"
"DPcat",249,"productCA","productCA(SCA_LCDST(15, 10)[, 1:14], SCA_LCDST(15, 10)[, 1:14], 10)",262,196,10,10,"INGREDIENT_MEASURED","2026-08-31"
"DPcat",249,"productCA","SCA_LCDST(15, 10)",136,15,10,10,"INGREDIENT_MEASURED","2026-08-31"
"DPcat",249,"productCA","SCA_LCDST(15, 10)",136,15,10,10,"INGREDIENT_MEASURED","2026-08-31"
"DPcat",250,"productCA","miscCA(2, 4, 10)",100,4,10,10,"INGREDIENT_MEASURED","2026-08-31"
"DPcat",250,"productCA","productCA(SCA_LCDST(15, 10)[, 1:14], CS_CMMSSY(16, 10)[, 1:15], 10)",271,210,10,10,"INGREDIENT_MEASURED","2026-08-31"
"DPcat",250,"productCA","SCA_LCDST(15, 10)",136,15,10,10,"INGREDIENT_MEASURED","2026-08-31"
"DPcat",250,"productCA","CS_CMMSSY(16, 10)",145,16,10,10,"INGREDIENT_MEASURED","2026-08-31"
"DPcat",251,"productCA","miscCA(2, 4, 10)",100,4,10,10,"INGREDIENT_MEASURED","2026-08-31"
"DPcat",251,"productCA","productCA(CS_CMMSSY(16, 10)[, 1:15], CS_CMMSSY(16, 10)[, 1:15], 10)",280,225,10,10,"INGREDIENT_MEASURED","2026-08-31"
"DPcat",251,"productCA","CS_CMMSSY(16, 10)",145,16,10,10,"INGREDIENT_MEASURED","2026-08-31"
"DPcat",251,"productCA","CS_CMMSSY(16, 10)",145,16,10,10,"INGREDIENT_MEASURED","2026-08-31"
"DPcat",252,"productCA","miscCA(2, 4, 10)",100,4,10,10,"INGREDIENT_MEASURED","2026-08-31"
"DPcat",252,"productCA","productCA(CS_CMMSSY(16, 10)[, 1:15], SCA_MS(17, 10)[, 1:16], 10)",289,240,10,10,"INGREDIENT_MEASURED","2026-08-31"
"DPcat",252,"productCA","CS_CMMSSY(16, 10)",145,16,10,10,"INGREDIENT_MEASURED","2026-08-31"
"DPcat",252,"productCA","SCA_MS(17, 10)",154,17,10,10,"INGREDIENT_MEASURED","2026-08-31"
"DPcat",253,"productCA","SCA_LCDST(15, 10)",136,15,10,10,"INGREDIENT_MEASURED","2026-08-31"
"DPcat",253,"productCA","productCA(SCA_LCDST(15, 10)[, 1:14], SCA_LCDST(15, 10)[, 1:14], 10)",262,196,10,10,"INGREDIENT_MEASURED","2026-08-31"
"DPcat",253,"productCA","SCA_LCDST(15, 10)",136,15,10,10,"INGREDIENT_MEASURED","2026-08-31"
"DPcat",253,"productCA","SCA_LCDST(15, 10)",136,15,10,10,"INGREDIENT_MEASURED","2026-08-31"
"DPcat",254,"productCA","SCA_LCDST(15, 10)",136,15,10,10,"INGREDIENT_MEASURED","2026-08-31"
"DPcat",254,"productCA","productCA(SCA_LCDST(15, 10)[, 1:14], CS_CMMSSY(16, 10)[, 1:15], 10)",271,210,10,10,"INGREDIENT_MEASURED","2026-08-31"
"DPcat",254,"productCA","SCA_LCDST(15, 10)",136,15,10,10,"INGREDIENT_MEASURED","2026-08-31"
"DPcat",254,"productCA","CS_CMMSSY(16, 10)",145,16,10,10,"INGREDIENT_MEASURED","2026-08-31"
"DPcat",255,"productCA","SCA_LCDST(15, 10)",136,15,10,10,"INGREDIENT_MEASURED","2026-08-31"
"DPcat",255,"productCA","productCA(CS_CMMSSY(16, 10)[, 1:15], CS_CMMSSY(16, 10)[, 1:15], 10)",280,225,10,10,"INGREDIENT_MEASURED","2026-08-31"
"DPcat",255,"productCA","CS_CMMSSY(16, 10)",145,16,10,10,"INGREDIENT_MEASURED","2026-08-31"
"DPcat",255,"productCA","CS_CMMSSY(16, 10)",145,16,10,10,"INGREDIENT_MEASURED","2026-08-31"
"DPcat",256,"productCA","CS_CMMSSY(16, 10)",145,16,10,10,"INGREDIENT_MEASURED","2026-08-31"
"DPcat",256,"productCA","productCA(CS_CMMSSY(16, 10)[, 1:15], CS_CMMSSY(16, 10)[, 1:15], 10)",280,225,10,10,"INGREDIENT_MEASURED","2026-08-31"
"DPcat",256,"productCA","CS_CMMSSY(16, 10)",145,16,10,10,"INGREDIENT_MEASURED","2026-08-31"
"DPcat",256,"productCA","CS_CMMSSY(16, 10)",145,16,10,10,"INGREDIENT_MEASURED","2026-08-31"
"DPcat",257,"productCA","CS_CMMSSY(16, 10)",145,16,10,10,"INGREDIENT_MEASURED","2026-08-31"
"DPcat",257,"productCA","productCA(CS_CMMSSY(16, 10)[, 1:15], SCA_MS(17, 10)[, 1:16], 10)",289,240,10,10,"INGREDIENT_MEASURED","2026-08-31"
"DPcat",257,"productCA","CS_CMMSSY(16, 10)",145,16,10,10,"INGREDIENT_MEASURED","2026-08-31"
"DPcat",257,"productCA","SCA_MS(17, 10)",154,17,10,10,"INGREDIENT_MEASURED","2026-08-31"
"DPcat",258,"productCA","CS_CMMSSY(16, 10)",145,16,10,10,"INGREDIENT_MEASURED","2026-08-31"
"DPcat",258,"productCA","productCA(SCA_MS(17, 10)[, 1:16], SCA_MS(17, 10)[, 1:16], 10)",298,256,10,10,"INGREDIENT_MEASURED","2026-08-31"
"DPcat",258,"productCA","SCA_MS(17, 10)",154,17,10,10,"INGREDIENT_MEASURED","2026-08-31"
"DPcat",258,"productCA","SCA_MS(17, 10)",154,17,10,10,"INGREDIENT_MEASURED","2026-08-31"
"DPcat",259,"productCA","SCA_MS(17, 10)",154,17,10,10,"INGREDIENT_MEASURED","2026-08-31"
"DPcat",259,"productCA","productCA(SCA_MS(17, 10)[, 1:16], SCA_MS(17, 10)[, 1:16], 10)",298,256,10,10,"INGREDIENT_MEASURED","2026-08-31"
"DPcat",259,"productCA","SCA_MS(17, 10)",154,17,10,10,"INGREDIENT_MEASURED","2026-08-31"
"DPcat",259,"productCA","SCA_MS(17, 10)",154,17,10,10,"INGREDIENT_MEASURED","2026-08-31"
"DPcat",260,"productCA","SCA_MS(17, 10)",154,17,10,10,"INGREDIENT_MEASURED","2026-08-31"
"DPcat",260,"productCA","productCA(SCA_MS(17, 10)[, 1:16], SCA_MS(18, 10)[, 1:17], 10)",307,272,10,10,"INGREDIENT_MEASURED","2026-08-31"
"DPcat",260,"productCA","SCA_MS(17, 10)",154,17,10,10,"INGREDIENT_MEASURED","2026-08-31"
"DPcat",260,"productCA","SCA_MS(18, 10)",163,18,10,10,"INGREDIENT_MEASURED","2026-08-31"
"DPcat",261,"productCA","SCA_MS(17, 10)",154,17,10,10,"INGREDIENT_MEASURED","2026-08-31"
"DPcat",261,"productCA","productCA(SCA_MS(18, 10)[, 1:17], SCA_MS(18, 10)[, 1:17], 10)",316,289,10,10,"INGREDIENT_MEASURED","2026-08-31"
"DPcat",261,"productCA","SCA_MS(18, 10)",163,18,10,10,"INGREDIENT_MEASURED","2026-08-31"
"DPcat",261,"productCA","SCA_MS(18, 10)",163,18,10,10,"INGREDIENT_MEASURED","2026-08-31"
"DPcat",262,"productCA","SCA_MS(18, 10)",163,18,10,10,"INGREDIENT_MEASURED","2026-08-31"
"DPcat",262,"productCA","productCA(SCA_MS(18, 10)[, 1:17], SCA_MS(18, 10)[, 1:17], 10)",316,289,10,10,"INGREDIENT_MEASURED","2026-08-31"
"DPcat",262,"productCA","SCA_MS(18, 10)",163,18,10,10,"INGREDIENT_MEASURED","2026-08-31"
"DPcat",262,"productCA","SCA_MS(18, 10)",163,18,10,10,"INGREDIENT_MEASURED","2026-08-31"
"DPcat",263,"productCA","miscCA(2, 4, 10)",100,4,10,10,"INGREDIENT_MEASURED","2026-08-31"
"DPcat",263,"productCA","productCA(SCA_LCDST(15, 10)[, 1:14], productCA(SCA_LCDST(15, 10)[, 1:14], SCA_LCDST(15, 10)[, 1:14],     c1 = 10), 10)",388,2744,10,10,"INGREDIENT_MEASURED","2026-08-31"
"DPcat",263,"productCA","SCA_LCDST(15, 10)",136,15,10,10,"INGREDIENT_MEASURED","2026-08-31"
"DPcat",263,"productCA","productCA(SCA_LCDST(15, 10)[, 1:14], SCA_LCDST(15, 10)[, 1:14], 10)",262,196,10,10,"INGREDIENT_MEASURED","2026-08-31"
"DPcat",263,"productCA","SCA_LCDST(15, 10)",136,15,10,10,"INGREDIENT_MEASURED","2026-08-31"
"DPcat",263,"productCA","SCA_LCDST(15, 10)",136,15,10,10,"INGREDIENT_MEASURED","2026-08-31"
"DPcat",264,"productCA","miscCA(2, 4, 10)",100,4,10,10,"INGREDIENT_MEASURED","2026-08-31"
"DPcat",264,"productCA","productCA(SCA_LCDST(15, 10)[, 1:14], productCA(SCA_LCDST(15, 10)[, 1:14], CS_CMMSSY(16, 10)[, 1:15],     c1 = 10), 10)",397,2940,10,10,"INGREDIENT_MEASURED","2026-08-31"
"DPcat",264,"productCA","SCA_LCDST(15, 10)",136,15,10,10,"INGREDIENT_MEASURED","2026-08-31"
"DPcat",264,"productCA","productCA(SCA_LCDST(15, 10)[, 1:14], CS_CMMSSY(16, 10)[, 1:15], 10)",271,210,10,10,"INGREDIENT_MEASURED","2026-08-31"
"DPcat",264,"productCA","SCA_LCDST(15, 10)",136,15,10,10,"INGREDIENT_MEASURED","2026-08-31"
"DPcat",264,"productCA","CS_CMMSSY(16, 10)",145,16,10,10,"INGREDIENT_MEASURED","2026-08-31"
"DPcat",265,"productCA","miscCA(2, 4, 10)",100,4,10,10,"INGREDIENT_MEASURED","2026-08-31"
"DPcat",265,"productCA","productCA(SCA_LCDST(15, 10)[, 1:14], productCA(CS_CMMSSY(16, 10)[, 1:15], CS_CMMSSY(16, 10)[, 1:15],     c1 = 10), 10)",406,3150,10,10,"INGREDIENT_MEASURED","2026-08-31"
"DPcat",265,"productCA","SCA_LCDST(15, 10)",136,15,10,10,"INGREDIENT_MEASURED","2026-08-31"
"DPcat",265,"productCA","productCA(CS_CMMSSY(16, 10)[, 1:15], CS_CMMSSY(16, 10)[, 1:15], 10)",280,225,10,10,"INGREDIENT_MEASURED","2026-08-31"
"DPcat",265,"productCA","CS_CMMSSY(16, 10)",145,16,10,10,"INGREDIENT_MEASURED","2026-08-31"
"DPcat",265,"productCA","CS_CMMSSY(16, 10)",145,16,10,10,"INGREDIENT_MEASURED","2026-08-31"
"DPcat",266,"productCA","miscCA(2, 4, 10)",100,4,10,10,"INGREDIENT_MEASURED","2026-08-31"
"DPcat",266,"productCA","productCA(CS_CMMSSY(16, 10)[, 1:15], productCA(CS_CMMSSY(16, 10)[, 1:15], CS_CMMSSY(16, 10)[, 1:15],     c1 = 10), 10)",415,3375,10,10,"INGREDIENT_MEASURED","2026-08-31"
"DPcat",266,"productCA","CS_CMMSSY(16, 10)",145,16,10,10,"INGREDIENT_MEASURED","2026-08-31"
"DPcat",266,"productCA","productCA(CS_CMMSSY(16, 10)[, 1:15], CS_CMMSSY(16, 10)[, 1:15], 10)",280,225,10,10,"INGREDIENT_MEASURED","2026-08-31"
"DPcat",266,"productCA","CS_CMMSSY(16, 10)",145,16,10,10,"INGREDIENT_MEASURED","2026-08-31"
"DPcat",266,"productCA","CS_CMMSSY(16, 10)",145,16,10,10,"INGREDIENT_MEASURED","2026-08-31"
"DPcat",267,"productCA","SCA_LCDST(15, 10)",136,15,10,10,"INGREDIENT_MEASURED","2026-08-31"
"DPcat",267,"productCA","productCA(SCA_LCDST(15, 10)[, 1:14], productCA(SCA_LCDST(15, 10)[, 1:14], SCA_LCDST(15, 10)[, 1:14],     c1 = 10), 10)",388,2744,10,10,"INGREDIENT_MEASURED","2026-08-31"
"DPcat",267,"productCA","SCA_LCDST(15, 10)",136,15,10,10,"INGREDIENT_MEASURED","2026-08-31"
"DPcat",267,"productCA","productCA(SCA_LCDST(15, 10)[, 1:14], SCA_LCDST(15, 10)[, 1:14], 10)",262,196,10,10,"INGREDIENT_MEASURED","2026-08-31"
"DPcat",267,"productCA","SCA_LCDST(15, 10)",136,15,10,10,"INGREDIENT_MEASURED","2026-08-31"
"DPcat",267,"productCA","SCA_LCDST(15, 10)",136,15,10,10,"INGREDIENT_MEASURED","2026-08-31"
"DPcat",268,"productCA","SCA_LCDST(16, 11)",161,16,11,11,"INGREDIENT_MEASURED","2026-08-31"
"DPcat",268,"productCA","SCA_LCDST(16, 11)",161,16,11,11,"INGREDIENT_MEASURED","2026-08-31"
"DPcat",269,"productCA","SCA_LCDST(16, 11)",161,16,11,11,"INGREDIENT_MEASURED","2026-08-31"
"DPcat",269,"productCA","SCA_LCDST(17, 11)",171,17,11,11,"INGREDIENT_MEASURED","2026-08-31"
"DPcat",270,"productCA","SCA_LCDST(17, 11)",171,17,11,11,"INGREDIENT_MEASURED","2026-08-31"
"DPcat",270,"productCA","SCA_LCDST(17, 11)",171,17,11,11,"INGREDIENT_MEASURED","2026-08-31"
"DPcat",271,"productCA","SCA_LCDST(17, 11)",171,17,11,11,"INGREDIENT_MEASURED","2026-08-31"
"DPcat",271,"productCA","SCA_MS(18, 11)",181,18,11,11,"INGREDIENT_MEASURED","2026-08-31"
"DPcat",272,"productCA","SCA_MS(18, 11)",181,18,11,11,"INGREDIENT_MEASURED","2026-08-31"
"DPcat",272,"productCA","SCA_MS(18, 11)",181,18,11,11,"INGREDIENT_MEASURED","2026-08-31"
"DPcat",273,"productCA","SCA_MS(18, 11)",181,18,11,11,"INGREDIENT_MEASURED","2026-08-31"
"DPcat",273,"productCA","SCA_MS(19, 11)",191,19,11,11,"INGREDIENT_MEASURED","2026-08-31"
"DPcat",274,"productCA","SCA_MS(19, 11)",191,19,11,11,"INGREDIENT_MEASURED","2026-08-31"
"DPcat",274,"productCA","SCA_MS(19, 11)",191,19,11,11,"INGREDIENT_MEASURED","2026-08-31"
"DPcat",275,"productCA","SCA_MS(19, 11)",191,19,11,11,"INGREDIENT_MEASURED","2026-08-31"
"DPcat",275,"productCA","SCA_MS(20, 11)",201,20,11,11,"INGREDIENT_MEASURED","2026-08-31"
"DPcat",276,"productCA","SCA_MS(20, 11)",201,20,11,11,"INGREDIENT_MEASURED","2026-08-31"
"DPcat",276,"productCA","SCA_MS(20, 11)",201,20,11,11,"INGREDIENT_MEASURED","2026-08-31"
"DPcat",277,"productCA","SCA_MS(20, 11)",201,20,11,11,"INGREDIENT_MEASURED","2026-08-31"
"DPcat",277,"productCA","SCA_MS(21, 11)",211,21,11,11,"INGREDIENT_MEASURED","2026-08-31"
"DPcat",278,"productCA","SCA_MS(21, 11)",211,21,11,11,"INGREDIENT_MEASURED","2026-08-31"
"DPcat",278,"productCA","SCA_MS(21, 11)",211,21,11,11,"INGREDIENT_MEASURED","2026-08-31"
"DPcat",279,"productCA","SCA_Bose(11)",121,12,11,11,"INGREDIENT_MEASURED","2026-08-31"
"DPcat",279,"productCA","productCA(SCA_LCDST(16, 11)[, 1:15], SCA_LCDST(16, 11)[, 1:15], 11)",311,225,11,11,"INGREDIENT_MEASURED","2026-08-31"
"DPcat",279,"productCA","SCA_LCDST(16, 11)",161,16,11,11,"INGREDIENT_MEASURED","2026-08-31"
"DPcat",279,"productCA","SCA_LCDST(16, 11)",161,16,11,11,"INGREDIENT_MEASURED","2026-08-31"
"DPcat",280,"productCA","SCA_Bose(11)",121,12,11,11,"INGREDIENT_MEASURED","2026-08-31"
"DPcat",280,"productCA","productCA(SCA_LCDST(16, 11)[, 1:15], SCA_LCDST(17, 11)[, 1:16], 11)",321,240,11,11,"INGREDIENT_MEASURED","2026-08-31"
"DPcat",280,"productCA","SCA_LCDST(16, 11)",161,16,11,11,"INGREDIENT_MEASURED","2026-08-31"
"DPcat",280,"productCA","SCA_LCDST(17, 11)",171,17,11,11,"INGREDIENT_MEASURED","2026-08-31"
"DPcat",281,"productCA","SCA_Bose(11)",121,12,11,11,"INGREDIENT_MEASURED","2026-08-31"
"DPcat",281,"productCA","productCA(SCA_LCDST(17, 11)[, 1:16], SCA_LCDST(17, 11)[, 1:16], 11)",331,256,11,11,"INGREDIENT_MEASURED","2026-08-31"
"DPcat",281,"productCA","SCA_LCDST(17, 11)",171,17,11,11,"INGREDIENT_MEASURED","2026-08-31"
"DPcat",281,"productCA","SCA_LCDST(17, 11)",171,17,11,11,"INGREDIENT_MEASURED","2026-08-31"
"DPcat",282,"productCA","SCA_Bose(11)",121,12,11,11,"INGREDIENT_MEASURED","2026-08-31"
"DPcat",282,"productCA","productCA(SCA_LCDST(17, 11)[, 1:16], SCA_MS(18, 11)[, 1:17], 11)",341,272,11,11,"INGREDIENT_MEASURED","2026-08-31"
"DPcat",282,"productCA","SCA_LCDST(17, 11)",171,17,11,11,"INGREDIENT_MEASURED","2026-08-31"
"DPcat",282,"productCA","SCA_MS(18, 11)",181,18,11,11,"INGREDIENT_MEASURED","2026-08-31"
"DPcat",283,"productCA","SCA_LCDST(16, 11)",161,16,11,11,"INGREDIENT_MEASURED","2026-08-31"
"DPcat",283,"productCA","productCA(SCA_LCDST(16, 11)[, 1:15], SCA_LCDST(16, 11)[, 1:15], 11)",311,225,11,11,"INGREDIENT_MEASURED","2026-08-31"
"DPcat",283,"productCA","SCA_LCDST(16, 11)",161,16,11,11,"INGREDIENT_MEASURED","2026-08-31"
"DPcat",283,"productCA","SCA_LCDST(16, 11)",161,16,11,11,"INGREDIENT_MEASURED","2026-08-31"
"DPcat",284,"productCA","SCA_LCDST(16, 11)",161,16,11,11,"INGREDIENT_MEASURED","2026-08-31"
"DPcat",284,"productCA","productCA(SCA_LCDST(16, 11)[, 1:15], SCA_LCDST(17, 11)[, 1:16], 11)",321,240,11,11,"INGREDIENT_MEASURED","2026-08-31"
"DPcat",284,"productCA","SCA_LCDST(16, 11)",161,16,11,11,"INGREDIENT_MEASURED","2026-08-31"
"DPcat",284,"productCA","SCA_LCDST(17, 11)",171,17,11,11,"INGREDIENT_MEASURED","2026-08-31"
"DPcat",285,"productCA","SCA_LCDST(16, 11)",161,16,11,11,"INGREDIENT_MEASURED","2026-08-31"
"DPcat",285,"productCA","productCA(SCA_LCDST(17, 11)[, 1:16], SCA_LCDST(17, 11)[, 1:16], 11)",331,256,11,11,"INGREDIENT_MEASURED","2026-08-31"
"DPcat",285,"productCA","SCA_LCDST(17, 11)",171,17,11,11,"INGREDIENT_MEASURED","2026-08-31"
"DPcat",285,"productCA","SCA_LCDST(17, 11)",171,17,11,11,"INGREDIENT_MEASURED","2026-08-31"
"DPcat",286,"productCA","SCA_LCDST(17, 11)",171,17,11,11,"INGREDIENT_MEASURED","2026-08-31"
"DPcat",286,"productCA","productCA(SCA_LCDST(17, 11)[, 1:16], SCA_LCDST(17, 11)[, 1:16], 11)",331,256,11,11,"INGREDIENT_MEASURED","2026-08-31"
"DPcat",286,"productCA","SCA_LCDST(17, 11)",171,17,11,11,"INGREDIENT_MEASURED","2026-08-31"
"DPcat",286,"productCA","SCA_LCDST(17, 11)",171,17,11,11,"INGREDIENT_MEASURED","2026-08-31"
"DPcat",287,"productCA","SCA_LCDST(17, 11)",171,17,11,11,"INGREDIENT_MEASURED","2026-08-31"
"DPcat",287,"productCA","productCA(SCA_LCDST(17, 11)[, 1:16], SCA_MS(18, 11)[, 1:17], 11)",341,272,11,11,"INGREDIENT_MEASURED","2026-08-31"
"DPcat",287,"productCA","SCA_LCDST(17, 11)",171,17,11,11,"INGREDIENT_MEASURED","2026-08-31"
"DPcat",287,"productCA","SCA_MS(18, 11)",181,18,11,11,"INGREDIENT_MEASURED","2026-08-31"
"DPcat",288,"productCA","SCA_LCDST(17, 11)",171,17,11,11,"INGREDIENT_MEASURED","2026-08-31"
"DPcat",288,"productCA","productCA(SCA_MS(18, 11)[, 1:17], SCA_MS(18, 11)[, 1:17], 11)",351,289,11,11,"INGREDIENT_MEASURED","2026-08-31"
"DPcat",288,"productCA","SCA_MS(18, 11)",181,18,11,11,"INGREDIENT_MEASURED","2026-08-31"
"DPcat",288,"productCA","SCA_MS(18, 11)",181,18,11,11,"INGREDIENT_MEASURED","2026-08-31"
"DPcat",289,"productCA","SCA_MS(18, 11)",181,18,11,11,"INGREDIENT_MEASURED","2026-08-31"
"DPcat",289,"productCA","productCA(SCA_MS(18, 11)[, 1:17], SCA_MS(18, 11)[, 1:17], 11)",351,289,11,11,"INGREDIENT_MEASURED","2026-08-31"
"DPcat",289,"productCA","SCA_MS(18, 11)",181,18,11,11,"INGREDIENT_MEASURED","2026-08-31"
"DPcat",289,"productCA","SCA_MS(18, 11)",181,18,11,11,"INGREDIENT_MEASURED","2026-08-31"
"DPcat",290,"productCA","SCA_Bose(11)",121,12,11,11,"INGREDIENT_MEASURED","2026-08-31"
"DPcat",290,"productCA","productCA(SCA_Bose(11)[, 1:11], productCA(SCA_LCDST(16, 11)[, 1:15], SCA_LCDST(16, 11)[, 1:15],     c1 = 11), 11)",421,2475,11,11,"INGREDIENT_MEASURED","2026-08-31"
"DPcat",290,"productCA","SCA_Bose(11)",121,12,11,11,"INGREDIENT_MEASURED","2026-08-31"
"DPcat",290,"productCA","productCA(SCA_LCDST(16, 11)[, 1:15], SCA_LCDST(16, 11)[, 1:15], 11)",311,225,11,11,"INGREDIENT_MEASURED","2026-08-31"
"DPcat",290,"productCA","SCA_LCDST(16, 11)",161,16,11,11,"INGREDIENT_MEASURED","2026-08-31"
"DPcat",290,"productCA","SCA_LCDST(16, 11)",161,16,11,11,"INGREDIENT_MEASURED","2026-08-31"
"DPcat",291,"productCA","miscCA(2, 7, 12)",144,7,12,12,"INGREDIENT_MEASURED","2026-08-31"
"DPcat",291,"productCA","miscCA(2, 7, 12)",144,7,12,12,"INGREDIENT_MEASURED","2026-08-31"
"DPcat",292,"productCA","miscCA(2, 7, 12)",144,7,12,12,"INGREDIENT_MEASURED","2026-08-31"
"DPcat",292,"productCA","SCA_LCDST(18, 12)",199,18,12,12,"INGREDIENT_MEASURED","2026-08-31"
"DPcat",293,"productCA","miscCA(2, 7, 12)",144,7,12,12,"INGREDIENT_MEASURED","2026-08-31"
"DPcat",293,"productCA","SCA_LCDST(19, 12)",210,19,12,12,"INGREDIENT_MEASURED","2026-08-31"
"DPcat",294,"productCA","miscCA(2, 7, 12)",144,7,12,12,"INGREDIENT_MEASURED","2026-08-31"
"DPcat",294,"productCA","CS_CMMSSY(20, 12)",221,20,12,12,"INGREDIENT_MEASURED","2026-08-31"
"DPcat",295,"productCA","miscCA(2, 7, 12)",144,7,12,12,"INGREDIENT_MEASURED","2026-08-31"
"DPcat",295,"productCA","SCA_MS(21, 12)",232,21,12,12,"INGREDIENT_MEASURED","2026-08-31"
"DPcat",296,"productCA","miscCA(2, 7, 12)",144,7,12,12,"INGREDIENT_MEASURED","2026-08-31"
"DPcat",296,"productCA","SCA_MS(22, 12)",243,22,12,12,"INGREDIENT_MEASURED","2026-08-31"
"DPcat",297,"productCA","SCA_LCDST(18, 12)",199,18,12,12,"INGREDIENT_MEASURED","2026-08-31"
"DPcat",297,"productCA","SCA_LCDST(18, 12)",199,18,12,12,"INGREDIENT_MEASURED","2026-08-31"
"DPcat",298,"productCA","SCA_LCDST(18, 12)",199,18,12,12,"INGREDIENT_MEASURED","2026-08-31"
"DPcat",298,"productCA","SCA_LCDST(19, 12)",210,19,12,12,"INGREDIENT_MEASURED","2026-08-31"
"DPcat",299,"productCA","miscCA(2, 7, 12)",144,7,12,12,"INGREDIENT_MEASURED","2026-08-31"
"DPcat",299,"productCA","productCA(miscCA(2, 7, 12), miscCA(2, 7, 12), 9)",276,49,12,12,"INGREDIENT_MEASURED","2026-08-31"
"DPcat",299,"productCA","miscCA(2, 7, 12)",144,7,12,12,"INGREDIENT_MEASURED","2026-08-31"
"DPcat",299,"productCA","miscCA(2, 7, 12)",144,7,12,12,"INGREDIENT_MEASURED","2026-08-31"
"DPcat",300,"productCA","CS_CMMSSY(20, 12)",221,20,12,12,"INGREDIENT_MEASURED","2026-08-31"
"DPcat",300,"productCA","CS_CMMSSY(20, 12)",221,20,12,12,"INGREDIENT_MEASURED","2026-08-31"
"DPcat",301,"productCA","CS_CMMSSY(20, 12)",221,20,12,12,"INGREDIENT_MEASURED","2026-08-31"
"DPcat",301,"productCA","SCA_MS(21, 12)",232,21,12,12,"INGREDIENT_MEASURED","2026-08-31"
"DPcat",302,"productCA","SCA_MS(21, 12)",232,21,12,12,"INGREDIENT_MEASURED","2026-08-31"
"DPcat",302,"productCA","SCA_MS(21, 12)",232,21,12,12,"INGREDIENT_MEASURED","2026-08-31"
"DPcat",303,"productCA","miscCA(2, 7, 12)",144,7,12,12,"INGREDIENT_MEASURED","2026-08-31"
"DPcat",303,"productCA","productCA(miscCA(2, 7, 12), SCA_LCDST(18, 12)[, 1:17], 9)",331,119,12,12,"INGREDIENT_MEASURED","2026-08-31"
"DPcat",303,"productCA","miscCA(2, 7, 12)",144,7,12,12,"INGREDIENT_MEASURED","2026-08-31"
"DPcat",303,"productCA","SCA_LCDST(18, 12)",199,18,12,12,"INGREDIENT_MEASURED","2026-08-31"
"DPcat",304,"productCA","miscCA(2, 7, 12)",144,7,12,12,"INGREDIENT_MEASURED","2026-08-31"
"DPcat",304,"productCA","productCA(miscCA(2, 7, 12), SCA_LCDST(19, 12)[, 1:18], 9)",342,126,12,12,"INGREDIENT_MEASURED","2026-08-31"
"DPcat",304,"productCA","miscCA(2, 7, 12)",144,7,12,12,"INGREDIENT_MEASURED","2026-08-31"
"DPcat",304,"productCA","SCA_LCDST(19, 12)",210,19,12,12,"INGREDIENT_MEASURED","2026-08-31"
"DPcat",305,"productCA","miscCA(2, 7, 12)",144,7,12,12,"INGREDIENT_MEASURED","2026-08-31"
"DPcat",305,"productCA","productCA(miscCA(2, 7, 12), CS_CMMSSY(20, 12)[, 1:19], 9)",353,133,12,12,"INGREDIENT_MEASURED","2026-08-31"
"DPcat",305,"productCA","miscCA(2, 7, 12)",144,7,12,12,"INGREDIENT_MEASURED","2026-08-31"
"DPcat",305,"productCA","CS_CMMSSY(20, 12)",221,20,12,12,"INGREDIENT_MEASURED","2026-08-31"
"DPcat",306,"productCA","miscCA(2, 7, 12)",144,7,12,12,"INGREDIENT_MEASURED","2026-08-31"
"DPcat",306,"productCA","productCA(miscCA(2, 7, 12), SCA_MS(21, 12)[, 1:20], 9)",364,140,12,12,"INGREDIENT_MEASURED","2026-08-31"
"DPcat",306,"productCA","miscCA(2, 7, 12)",144,7,12,12,"INGREDIENT_MEASURED","2026-08-31"
"DPcat",306,"productCA","SCA_MS(21, 12)",232,21,12,12,"INGREDIENT_MEASURED","2026-08-31"
"DPcat",307,"productCA","miscCA(2, 7, 12)",144,7,12,12,"INGREDIENT_MEASURED","2026-08-31"
"DPcat",307,"productCA","productCA(miscCA(2, 7, 12), SCA_MS(22, 12)[, 1:21], 9)",375,147,12,12,"INGREDIENT_MEASURED","2026-08-31"
"DPcat",307,"productCA","miscCA(2, 7, 12)",144,7,12,12,"INGREDIENT_MEASURED","2026-08-31"
"DPcat",307,"productCA","SCA_MS(22, 12)",243,22,12,12,"INGREDIENT_MEASURED","2026-08-31"
"DPcat",308,"productCA","miscCA(2, 7, 12)",144,7,12,12,"INGREDIENT_MEASURED","2026-08-31"
"DPcat",308,"productCA","productCA(SCA_LCDST(18, 12)[, 1:17], SCA_LCDST(18, 12)[, 1:17], 12)",386,289,12,12,"INGREDIENT_MEASURED","2026-08-31"
"DPcat",308,"productCA","SCA_LCDST(18, 12)",199,18,12,12,"INGREDIENT_MEASURED","2026-08-31"
"DPcat",308,"productCA","SCA_LCDST(18, 12)",199,18,12,12,"INGREDIENT_MEASURED","2026-08-31"
"DPcat",309,"productCA","miscCA(2, 7, 12)",144,7,12,12,"INGREDIENT_MEASURED","2026-08-31"
"DPcat",309,"productCA","productCA(SCA_LCDST(18, 12)[, 1:17], SCA_LCDST(19, 12)[, 1:18], 12)",397,306,12,12,"INGREDIENT_MEASURED","2026-08-31"
"DPcat",309,"productCA","SCA_LCDST(18, 12)",199,18,12,12,"INGREDIENT_MEASURED","2026-08-31"
"DPcat",309,"productCA","SCA_LCDST(19, 12)",210,19,12,12,"INGREDIENT_MEASURED","2026-08-31"
"DPcat",310,"productCA","miscCA(2, 7, 12)",144,7,12,12,"INGREDIENT_MEASURED","2026-08-31"
"DPcat",310,"productCA","productCA(miscCA(2, 7, 12), productCA(miscCA(2, 7, 12), miscCA(2, 7, 12), c1 = 9), 9)",408,343,12,12,"INGREDIENT_MEASURED","2026-08-31"
"DPcat",310,"productCA","miscCA(2, 7, 12)",144,7,12,12,"INGREDIENT_MEASURED","2026-08-31"
"DPcat",310,"productCA","productCA(miscCA(2, 7, 12), miscCA(2, 7, 12), 9)",276,49,12,12,"INGREDIENT_MEASURED","2026-08-31"
"DPcat",310,"productCA","miscCA(2, 7, 12)",144,7,12,12,"INGREDIENT_MEASURED","2026-08-31"
"DPcat",310,"productCA","miscCA(2, 7, 12)",144,7,12,12,"INGREDIENT_MEASURED","2026-08-31"
"DPcat",311,"productCA","miscCA(2, 7, 12)",144,7,12,12,"INGREDIENT_MEASURED","2026-08-31"
"DPcat",311,"productCA","productCA(CS_CMMSSY(20, 12)[, 1:19], CS_CMMSSY(20, 12)[, 1:19], 12)",430,361,12,12,"INGREDIENT_MEASURED","2026-08-31"
"DPcat",311,"productCA","CS_CMMSSY(20, 12)",221,20,12,12,"INGREDIENT_MEASURED","2026-08-31"
"DPcat",311,"productCA","CS_CMMSSY(20, 12)",221,20,12,12,"INGREDIENT_MEASURED","2026-08-31"
"DPcat",312,"productCA","SCA_LCDST(18, 12)",199,18,12,12,"INGREDIENT_MEASURED","2026-08-31"
"DPcat",312,"productCA","productCA(SCA_LCDST(18, 12)[, 1:17], SCA_LCDST(18, 12)[, 1:17], 12)",386,289,12,12,"INGREDIENT_MEASURED","2026-08-31"
"DPcat",312,"productCA","SCA_LCDST(18, 12)",199,18,12,12,"INGREDIENT_MEASURED","2026-08-31"
"DPcat",312,"productCA","SCA_LCDST(18, 12)",199,18,12,12,"INGREDIENT_MEASURED","2026-08-31"
"DPcat",313,"productCA","SCA_LCDST(18, 12)",199,18,12,12,"INGREDIENT_MEASURED","2026-08-31"
"DPcat",313,"productCA","productCA(SCA_LCDST(18, 12)[, 1:17], SCA_LCDST(19, 12)[, 1:18], 12)",397,306,12,12,"INGREDIENT_MEASURED","2026-08-31"
"DPcat",313,"productCA","SCA_LCDST(18, 12)",199,18,12,12,"INGREDIENT_MEASURED","2026-08-31"
"DPcat",313,"productCA","SCA_LCDST(19, 12)",210,19,12,12,"INGREDIENT_MEASURED","2026-08-31"
"DPcat",314,"productCA","miscCA(2, 7, 12)",144,7,12,12,"INGREDIENT_MEASURED","2026-08-31"
"DPcat",314,"productCA","productCA(miscCA(2, 7, 12), productCA(miscCA(2, 7, 12), SCA_LCDST(18, 12)[, 1:17], c1 = 9), 9)",463,833,12,12,"INGREDIENT_MEASURED","2026-08-31"
"DPcat",314,"productCA","miscCA(2, 7, 12)",144,7,12,12,"INGREDIENT_MEASURED","2026-08-31"
"DPcat",314,"productCA","productCA(miscCA(2, 7, 12), SCA_LCDST(18, 12)[, 1:17], 9)",331,119,12,12,"INGREDIENT_MEASURED","2026-08-31"
"DPcat",314,"productCA","miscCA(2, 7, 12)",144,7,12,12,"INGREDIENT_MEASURED","2026-08-31"
"DPcat",314,"productCA","SCA_LCDST(18, 12)",199,18,12,12,"INGREDIENT_MEASURED","2026-08-31"
"DPcat",315,"productCA","miscCA(2, 7, 12)",144,7,12,12,"INGREDIENT_MEASURED","2026-08-31"
"DPcat",315,"productCA","productCA(miscCA(2, 7, 12), productCA(miscCA(2, 7, 12), SCA_LCDST(19, 12)[, 1:18], c1 = 9), 9)",474,882,12,12,"INGREDIENT_MEASURED","2026-08-31"
"DPcat",315,"productCA","miscCA(2, 7, 12)",144,7,12,12,"INGREDIENT_MEASURED","2026-08-31"
"DPcat",315,"productCA","productCA(miscCA(2, 7, 12), SCA_LCDST(19, 12)[, 1:18], 9)",342,126,12,12,"INGREDIENT_MEASURED","2026-08-31"
"DPcat",315,"productCA","miscCA(2, 7, 12)",144,7,12,12,"INGREDIENT_MEASURED","2026-08-31"
"DPcat",315,"productCA","SCA_LCDST(19, 12)",210,19,12,12,"INGREDIENT_MEASURED","2026-08-31"
"DPcat",316,"productCA","miscCA(2, 7, 12)",144,7,12,12,"INGREDIENT_MEASURED","2026-08-31"
"DPcat",316,"productCA","productCA(miscCA(2, 7, 12), productCA(miscCA(2, 7, 12), CS_CMMSSY(20, 12)[, 1:19], c1 = 9), 9)",485,931,12,12,"INGREDIENT_MEASURED","2026-08-31"
"DPcat",316,"productCA","miscCA(2, 7, 12)",144,7,12,12,"INGREDIENT_MEASURED","2026-08-31"
"DPcat",316,"productCA","productCA(miscCA(2, 7, 12), CS_CMMSSY(20, 12)[, 1:19], 9)",353,133,12,12,"INGREDIENT_MEASURED","2026-08-31"
"DPcat",316,"productCA","miscCA(2, 7, 12)",144,7,12,12,"INGREDIENT_MEASURED","2026-08-31"
"DPcat",316,"productCA","CS_CMMSSY(20, 12)",221,20,12,12,"INGREDIENT_MEASURED","2026-08-31"
"DPcat",317,"productCA","miscCA(2, 7, 12)",144,7,12,12,"INGREDIENT_MEASURED","2026-08-31"
"DPcat",317,"productCA","productCA(miscCA(2, 7, 12), productCA(miscCA(2, 7, 12), SCA_MS(21, 12)[, 1:20], c1 = 9), 9)",496,980,12,12,"INGREDIENT_MEASURED","2026-08-31"
"DPcat",317,"productCA","miscCA(2, 7, 12)",144,7,12,12,"INGREDIENT_MEASURED","2026-08-31"
"DPcat",317,"productCA","productCA(miscCA(2, 7, 12), SCA_MS(21, 12)[, 1:20], 9)",364,140,12,12,"INGREDIENT_MEASURED","2026-08-31"
"DPcat",317,"productCA","miscCA(2, 7, 12)",144,7,12,12,"INGREDIENT_MEASURED","2026-08-31"
"DPcat",317,"productCA","SCA_MS(21, 12)",232,21,12,12,"INGREDIENT_MEASURED","2026-08-31"
"DPcat",318,"productCA","miscCA(2, 7, 12)",144,7,12,12,"INGREDIENT_MEASURED","2026-08-31"
"DPcat",318,"productCA","productCA(miscCA(2, 7, 12), productCA(miscCA(2, 7, 12), SCA_MS(22, 12)[, 1:21], c1 = 9), 9)",507,1029,12,12,"INGREDIENT_MEASURED","2026-08-31"
"DPcat",318,"productCA","miscCA(2, 7, 12)",144,7,12,12,"INGREDIENT_MEASURED","2026-08-31"
"DPcat",318,"productCA","productCA(miscCA(2, 7, 12), SCA_MS(22, 12)[, 1:21], 9)",375,147,12,12,"INGREDIENT_MEASURED","2026-08-31"
"DPcat",318,"productCA","miscCA(2, 7, 12)",144,7,12,12,"INGREDIENT_MEASURED","2026-08-31"
"DPcat",318,"productCA","SCA_MS(22, 12)",243,22,12,12,"INGREDIENT_MEASURED","2026-08-31"
"DPcat",319,"productCA","miscCA(2, 7, 12)",144,7,12,12,"INGREDIENT_MEASURED","2026-08-31"
"DPcat",319,"productCA","productCA(miscCA(2, 7, 12), productCA(SCA_LCDST(18, 12)[, 1:17], SCA_LCDST(18, 12)[, 1:17],     c1 = 12), 9)",518,2023,12,12,"INGREDIENT_MEASURED","2026-08-31"
"DPcat",319,"productCA","miscCA(2, 7, 12)",144,7,12,12,"INGREDIENT_MEASURED","2026-08-31"
"DPcat",319,"productCA","productCA(SCA_LCDST(18, 12)[, 1:17], SCA_LCDST(18, 12)[, 1:17], 12)",386,289,12,12,"INGREDIENT_MEASURED","2026-08-31"
"DPcat",319,"productCA","SCA_LCDST(18, 12)",199,18,12,12,"INGREDIENT_MEASURED","2026-08-31"
"DPcat",319,"productCA","SCA_LCDST(18, 12)",199,18,12,12,"INGREDIENT_MEASURED","2026-08-31"
"DPcat",320,"productCA","miscCA(2, 7, 12)",144,7,12,12,"INGREDIENT_MEASURED","2026-08-31"
"DPcat",320,"productCA","productCA(miscCA(2, 7, 12), productCA(SCA_LCDST(18, 12)[, 1:17], SCA_LCDST(19, 12)[, 1:18],     c1 = 12), 9)",529,2142,12,12,"INGREDIENT_MEASURED","2026-08-31"
"DPcat",320,"productCA","miscCA(2, 7, 12)",144,7,12,12,"INGREDIENT_MEASURED","2026-08-31"
"DPcat",320,"productCA","productCA(SCA_LCDST(18, 12)[, 1:17], SCA_LCDST(19, 12)[, 1:18], 12)",397,306,12,12,"INGREDIENT_MEASURED","2026-08-31"
"DPcat",320,"productCA","SCA_LCDST(18, 12)",199,18,12,12,"INGREDIENT_MEASURED","2026-08-31"
"DPcat",320,"productCA","SCA_LCDST(19, 12)",210,19,12,12,"INGREDIENT_MEASURED","2026-08-31"
"DPcat",321,"productCA","miscCA(2, 7, 12)",144,7,12,12,"INGREDIENT_MEASURED","2026-08-31"
"DPcat",321,"productCA","productCA(miscCA(2, 7, 12), productCA(SCA_LCDST(19, 12)[, 1:18], SCA_LCDST(19, 12)[, 1:18],     c1 = 12), 9)",540,2268,12,12,"INGREDIENT_MEASURED","2026-08-31"
"DPcat",321,"productCA","miscCA(2, 7, 12)",144,7,12,12,"INGREDIENT_MEASURED","2026-08-31"
"DPcat",321,"productCA","productCA(SCA_LCDST(19, 12)[, 1:18], SCA_LCDST(19, 12)[, 1:18], 12)",408,324,12,12,"INGREDIENT_MEASURED","2026-08-31"
"DPcat",321,"productCA","SCA_LCDST(19, 12)",210,19,12,12,"INGREDIENT_MEASURED","2026-08-31"
"DPcat",321,"productCA","SCA_LCDST(19, 12)",210,19,12,12,"INGREDIENT_MEASURED","2026-08-31"
"DPcat",322,"productCA","miscCA(2, 7, 12)",144,7,12,12,"INGREDIENT_MEASURED","2026-08-31"
"DPcat",322,"productCA","productCA(miscCA(2, 7, 12), productCA(miscCA(2, 7, 12), productCA(miscCA(2, 7, 12), miscCA(2,     7, 12), c1 = 9), c1 = 9), 9)",540,2401,12,12,"INGREDIENT_MEASURED","2026-08-31"
"DPcat",322,"productCA","miscCA(2, 7, 12)",144,7,12,12,"INGREDIENT_MEASURED","2026-08-31"
"DPcat",322,"productCA","productCA(miscCA(2, 7, 12), productCA(miscCA(2, 7, 12), miscCA(2, 7, 12), c1 = 9), 9)",408,343,12,12,"INGREDIENT_MEASURED","2026-08-31"
"DPcat",322,"productCA","miscCA(2, 7, 12)",144,7,12,12,"INGREDIENT_MEASURED","2026-08-31"
"DPcat",322,"productCA","productCA(miscCA(2, 7, 12), miscCA(2, 7, 12), 9)",276,49,12,12,"INGREDIENT_MEASURED","2026-08-31"
"DPcat",322,"productCA","miscCA(2, 7, 12)",144,7,12,12,"INGREDIENT_MEASURED","2026-08-31"
"DPcat",322,"productCA","miscCA(2, 7, 12)",144,7,12,12,"INGREDIENT_MEASURED","2026-08-31"
"DPcat",323,"productCA","miscCA(2, 7, 12)",144,7,12,12,"INGREDIENT_MEASURED","2026-08-31"
"DPcat",323,"productCA","productCA(miscCA(2, 7, 12), productCA(CS_CMMSSY(20, 12)[, 1:19], CS_CMMSSY(20, 12)[, 1:19],     c1 = 12), 9)",562,2527,12,12,"INGREDIENT_MEASURED","2026-08-31"
"DPcat",323,"productCA","miscCA(2, 7, 12)",144,7,12,12,"INGREDIENT_MEASURED","2026-08-31"
"DPcat",323,"productCA","productCA(CS_CMMSSY(20, 12)[, 1:19], CS_CMMSSY(20, 12)[, 1:19], 12)",430,361,12,12,"INGREDIENT_MEASURED","2026-08-31"
"DPcat",323,"productCA","CS_CMMSSY(20, 12)",221,20,12,12,"INGREDIENT_MEASURED","2026-08-31"
"DPcat",323,"productCA","CS_CMMSSY(20, 12)",221,20,12,12,"INGREDIENT_MEASURED","2026-08-31"
"DPcat",324,"productCA","miscCA(2, 7, 12)",144,7,12,12,"INGREDIENT_MEASURED","2026-08-31"
"DPcat",324,"productCA","productCA(SCA_LCDST(18, 12)[, 1:17], productCA(SCA_LCDST(18, 12)[, 1:17], SCA_LCDST(18, 12)[, 1:17],     c1 = 12), 12)",573,4913,12,12,"INGREDIENT_MEASURED","2026-08-31"
"DPcat",324,"productCA","SCA_LCDST(18, 12)",199,18,12,12,"INGREDIENT_MEASURED","2026-08-31"
"DPcat",324,"productCA","productCA(SCA_LCDST(18, 12)[, 1:17], SCA_LCDST(18, 12)[, 1:17], 12)",386,289,12,12,"INGREDIENT_MEASURED","2026-08-31"
"DPcat",324,"productCA","SCA_LCDST(18, 12)",199,18,12,12,"INGREDIENT_MEASURED","2026-08-31"
"DPcat",324,"productCA","SCA_LCDST(18, 12)",199,18,12,12,"INGREDIENT_MEASURED","2026-08-31"
"DPcat",325,"productCA","CS_CMMSSY(18, 13)",217,18,13,13,"INGREDIENT_MEASURED","2026-08-31"
"DPcat",325,"productCA","CS_CMMSSY(18, 13)",217,18,13,13,"INGREDIENT_MEASURED","2026-08-31"
"DPcat",326,"productCA","CS_CMMSSY(18, 13)",217,18,13,13,"INGREDIENT_MEASURED","2026-08-31"
"DPcat",326,"productCA","SCA_LCDST(19, 13)",229,19,13,13,"INGREDIENT_MEASURED","2026-08-31"
"DPcat",327,"productCA","SCA_LCDST(19, 13)",229,19,13,13,"INGREDIENT_MEASURED","2026-08-31"
"DPcat",327,"productCA","SCA_LCDST(19, 13)",229,19,13,13,"INGREDIENT_MEASURED","2026-08-31"
"DPcat",328,"productCA","SCA_LCDST(19, 13)",229,19,13,13,"INGREDIENT_MEASURED","2026-08-31"
"DPcat",328,"productCA","SCA_LCDST(20, 13)",241,20,13,13,"INGREDIENT_MEASURED","2026-08-31"
"DPcat",329,"productCA","SCA_LCDST(20, 13)",241,20,13,13,"INGREDIENT_MEASURED","2026-08-31"
"DPcat",329,"productCA","SCA_LCDST(20, 13)",241,20,13,13,"INGREDIENT_MEASURED","2026-08-31"
"DPcat",330,"productCA","SCA_LCDST(20, 13)",241,20,13,13,"INGREDIENT_MEASURED","2026-08-31"
"DPcat",330,"productCA","SCA_LCDST(21, 13)",253,21,13,13,"INGREDIENT_MEASURED","2026-08-31"
"DPcat",331,"productCA","SCA_LCDST(21, 13)",253,21,13,13,"INGREDIENT_MEASURED","2026-08-31"
"DPcat",331,"productCA","SCA_LCDST(21, 13)",253,21,13,13,"INGREDIENT_MEASURED","2026-08-31"
"DPcat",332,"productCA","SCA_LCDST(21, 13)",253,21,13,13,"INGREDIENT_MEASURED","2026-08-31"
"DPcat",332,"productCA","SCA_MS(22, 13)",265,22,13,13,"INGREDIENT_MEASURED","2026-08-31"
"DPcat",333,"productCA","SCA_MS(22, 13)",265,22,13,13,"INGREDIENT_MEASURED","2026-08-31"
"DPcat",333,"productCA","SCA_MS(22, 13)",265,22,13,13,"INGREDIENT_MEASURED","2026-08-31"
"DPcat",334,"productCA","SCA_MS(22, 13)",265,22,13,13,"INGREDIENT_MEASURED","2026-08-31"
"DPcat",334,"productCA","SCA_MS(23, 13)",277,23,13,13,"INGREDIENT_MEASURED","2026-08-31"
"DPcat",335,"productCA","SCA_MS(23, 13)",277,23,13,13,"INGREDIENT_MEASURED","2026-08-31"
"DPcat",335,"productCA","SCA_MS(23, 13)",277,23,13,13,"INGREDIENT_MEASURED","2026-08-31"
"DPcat",336,"productCA","SCA_MS(23, 13)",277,23,13,13,"INGREDIENT_MEASURED","2026-08-31"
"DPcat",336,"productCA","SCA_MS(24, 13)",289,24,13,13,"INGREDIENT_MEASURED","2026-08-31"
"DPcat",337,"productCA","SCA_MS(24, 13)",289,24,13,13,"INGREDIENT_MEASURED","2026-08-31"
"DPcat",337,"productCA","SCA_MS(24, 13)",289,24,13,13,"INGREDIENT_MEASURED","2026-08-31"
"DPcat",338,"productCA","SCA_Bose(13)",169,14,13,13,"INGREDIENT_MEASURED","2026-08-31"
"DPcat",338,"productCA","productCA(CS_CMMSSY(18, 13)[, 1:17], CS_CMMSSY(18, 13)[, 1:17], 13)",421,289,13,13,"INGREDIENT_MEASURED","2026-08-31"
"DPcat",338,"productCA","CS_CMMSSY(18, 13)",217,18,13,13,"INGREDIENT_MEASURED","2026-08-31"
"DPcat",338,"productCA","CS_CMMSSY(18, 13)",217,18,13,13,"INGREDIENT_MEASURED","2026-08-31"
"DPcat",339,"productCA","SCA_Bose(13)",169,14,13,13,"INGREDIENT_MEASURED","2026-08-31"
"DPcat",339,"productCA","productCA(CS_CMMSSY(18, 13)[, 1:17], SCA_LCDST(19, 13)[, 1:18], 13)",433,306,13,13,"INGREDIENT_MEASURED","2026-08-31"
"DPcat",339,"productCA","CS_CMMSSY(18, 13)",217,18,13,13,"INGREDIENT_MEASURED","2026-08-31"
"DPcat",339,"productCA","SCA_LCDST(19, 13)",229,19,13,13,"INGREDIENT_MEASURED","2026-08-31"
"DPcat",340,"productCA","SCA_Bose(13)",169,14,13,13,"INGREDIENT_MEASURED","2026-08-31"
"DPcat",340,"productCA","productCA(SCA_LCDST(19, 13)[, 1:18], SCA_LCDST(19, 13)[, 1:18], 13)",445,324,13,13,"INGREDIENT_MEASURED","2026-08-31"
"DPcat",340,"productCA","SCA_LCDST(19, 13)",229,19,13,13,"INGREDIENT_MEASURED","2026-08-31"
"DPcat",340,"productCA","SCA_LCDST(19, 13)",229,19,13,13,"INGREDIENT_MEASURED","2026-08-31"
"DPcat",341,"productCA","SCA_Bose(13)",169,14,13,13,"INGREDIENT_MEASURED","2026-08-31"
"DPcat",341,"productCA","productCA(SCA_LCDST(19, 13)[, 1:18], SCA_LCDST(20, 13)[, 1:19], 13)",457,342,13,13,"INGREDIENT_MEASURED","2026-08-31"
"DPcat",341,"productCA","SCA_LCDST(19, 13)",229,19,13,13,"INGREDIENT_MEASURED","2026-08-31"
"DPcat",341,"productCA","SCA_LCDST(20, 13)",241,20,13,13,"INGREDIENT_MEASURED","2026-08-31"
"DPcat",342,"productCA","CS_CMMSSY(18, 13)",217,18,13,13,"INGREDIENT_MEASURED","2026-08-31"
"DPcat",342,"productCA","productCA(CS_CMMSSY(18, 13)[, 1:17], CS_CMMSSY(18, 13)[, 1:17], 13)",421,289,13,13,"INGREDIENT_MEASURED","2026-08-31"
"DPcat",342,"productCA","CS_CMMSSY(18, 13)",217,18,13,13,"INGREDIENT_MEASURED","2026-08-31"
"DPcat",342,"productCA","CS_CMMSSY(18, 13)",217,18,13,13,"INGREDIENT_MEASURED","2026-08-31"
"DPcat",343,"productCA","CS_CMMSSY(18, 13)",217,18,13,13,"INGREDIENT_MEASURED","2026-08-31"
"DPcat",343,"productCA","productCA(CS_CMMSSY(18, 13)[, 1:17], SCA_LCDST(19, 13)[, 1:18], 13)",433,306,13,13,"INGREDIENT_MEASURED","2026-08-31"
"DPcat",343,"productCA","CS_CMMSSY(18, 13)",217,18,13,13,"INGREDIENT_MEASURED","2026-08-31"
"DPcat",343,"productCA","SCA_LCDST(19, 13)",229,19,13,13,"INGREDIENT_MEASURED","2026-08-31"
"DPcat",344,"productCA","CS_CMMSSY(18, 13)",217,18,13,13,"INGREDIENT_MEASURED","2026-08-31"
"DPcat",344,"productCA","productCA(SCA_LCDST(19, 13)[, 1:18], SCA_LCDST(19, 13)[, 1:18], 13)",445,324,13,13,"INGREDIENT_MEASURED","2026-08-31"
"DPcat",344,"productCA","SCA_LCDST(19, 13)",229,19,13,13,"INGREDIENT_MEASURED","2026-08-31"
"DPcat",344,"productCA","SCA_LCDST(19, 13)",229,19,13,13,"INGREDIENT_MEASURED","2026-08-31"
"DPcat",345,"productCA","SCA_LCDST(19, 13)",229,19,13,13,"INGREDIENT_MEASURED","2026-08-31"
"DPcat",345,"productCA","productCA(SCA_LCDST(19, 13)[, 1:18], SCA_LCDST(19, 13)[, 1:18], 13)",445,324,13,13,"INGREDIENT_MEASURED","2026-08-31"
"DPcat",345,"productCA","SCA_LCDST(19, 13)",229,19,13,13,"INGREDIENT_MEASURED","2026-08-31"
"DPcat",345,"productCA","SCA_LCDST(19, 13)",229,19,13,13,"INGREDIENT_MEASURED","2026-08-31"
"DPcat",346,"productCA","SCA_LCDST(19, 13)",229,19,13,13,"INGREDIENT_MEASURED","2026-08-31"
"DPcat",346,"productCA","productCA(SCA_LCDST(19, 13)[, 1:18], SCA_LCDST(20, 13)[, 1:19], 13)",457,342,13,13,"INGREDIENT_MEASURED","2026-08-31"
"DPcat",346,"productCA","SCA_LCDST(19, 13)",229,19,13,13,"INGREDIENT_MEASURED","2026-08-31"
"DPcat",346,"productCA","SCA_LCDST(20, 13)",241,20,13,13,"INGREDIENT_MEASURED","2026-08-31"
"DPcat",347,"productCA","SCA_LCDST(19, 13)",229,19,13,13,"INGREDIENT_MEASURED","2026-08-31"
"DPcat",347,"productCA","productCA(SCA_LCDST(20, 13)[, 1:19], SCA_LCDST(20, 13)[, 1:19], 13)",469,361,13,13,"INGREDIENT_MEASURED","2026-08-31"
"DPcat",347,"productCA","SCA_LCDST(20, 13)",241,20,13,13,"INGREDIENT_MEASURED","2026-08-31"
"DPcat",347,"productCA","SCA_LCDST(20, 13)",241,20,13,13,"INGREDIENT_MEASURED","2026-08-31"
"DPcat",348,"productCA","SCA_LCDST(20, 13)",241,20,13,13,"INGREDIENT_MEASURED","2026-08-31"
"DPcat",348,"productCA","productCA(SCA_LCDST(20, 13)[, 1:19], SCA_LCDST(20, 13)[, 1:19], 13)",469,361,13,13,"INGREDIENT_MEASURED","2026-08-31"
"DPcat",348,"productCA","SCA_LCDST(20, 13)",241,20,13,13,"INGREDIENT_MEASURED","2026-08-31"
"DPcat",348,"productCA","SCA_LCDST(20, 13)",241,20,13,13,"INGREDIENT_MEASURED","2026-08-31"
"DPcat",349,"productCA","SCA_LCDST(20, 13)",241,20,13,13,"INGREDIENT_MEASURED","2026-08-31"
"DPcat",349,"productCA","productCA(SCA_LCDST(20, 13)[, 1:19], SCA_LCDST(21, 13)[, 1:20], 13)",481,380,13,13,"INGREDIENT_MEASURED","2026-08-31"
"DPcat",349,"productCA","SCA_LCDST(20, 13)",241,20,13,13,"INGREDIENT_MEASURED","2026-08-31"
"DPcat",349,"productCA","SCA_LCDST(21, 13)",253,21,13,13,"INGREDIENT_MEASURED","2026-08-31"
"DPcat",350,"productCA","SCA_LCDST(20, 13)",241,20,13,13,"INGREDIENT_MEASURED","2026-08-31"
"DPcat",350,"productCA","productCA(SCA_LCDST(21, 13)[, 1:20], SCA_LCDST(21, 13)[, 1:20], 13)",493,400,13,13,"INGREDIENT_MEASURED","2026-08-31"
"DPcat",350,"productCA","SCA_LCDST(21, 13)",253,21,13,13,"INGREDIENT_MEASURED","2026-08-31"
"DPcat",350,"productCA","SCA_LCDST(21, 13)",253,21,13,13,"INGREDIENT_MEASURED","2026-08-31"
"DPcat",351,"productCA","SCA_Bose(13)",169,14,13,13,"INGREDIENT_MEASURED","2026-08-31"
"DPcat",351,"productCA","productCA(SCA_Bose(13)[, 1:13], productCA(CS_CMMSSY(18, 13)[, 1:17], CS_CMMSSY(18, 13)[, 1:17],     c1 = 13), 13)",577,3757,13,13,"INGREDIENT_MEASURED","2026-08-31"
"DPcat",351,"productCA","SCA_Bose(13)",169,14,13,13,"INGREDIENT_MEASURED","2026-08-31"
"DPcat",351,"productCA","productCA(CS_CMMSSY(18, 13)[, 1:17], CS_CMMSSY(18, 13)[, 1:17], 13)",421,289,13,13,"INGREDIENT_MEASURED","2026-08-31"
"DPcat",351,"productCA","CS_CMMSSY(18, 13)",217,18,13,13,"INGREDIENT_MEASURED","2026-08-31"
"DPcat",351,"productCA","CS_CMMSSY(18, 13)",217,18,13,13,"INGREDIENT_MEASURED","2026-08-31"
"DPcat",352,"productCA","SCA_LCDST(21, 14)",274,21,14,14,"INGREDIENT_MEASURED","2026-08-31"
"DPcat",352,"productCA","SCA_LCDST(21, 14)",274,21,14,14,"INGREDIENT_MEASURED","2026-08-31"
"DPcat",353,"productCA","SCA_LCDST(21, 14)",274,21,14,14,"INGREDIENT_MEASURED","2026-08-31"
"DPcat",353,"productCA","SCA_LCDST(22, 14)",287,22,14,14,"INGREDIENT_MEASURED","2026-08-31"
"DPcat",354,"productCA","SCA_LCDST(22, 14)",287,22,14,14,"INGREDIENT_MEASURED","2026-08-31"
"DPcat",354,"productCA","SCA_LCDST(22, 14)",287,22,14,14,"INGREDIENT_MEASURED","2026-08-31"
"DPcat",355,"productCA","SCA_LCDST(22, 14)",287,22,14,14,"INGREDIENT_MEASURED","2026-08-31"
"DPcat",355,"productCA","SCA_LCDST(23, 14)",300,23,14,14,"INGREDIENT_MEASURED","2026-08-31"
"DPcat",356,"productCA","SCA_LCDST(23, 14)",300,23,14,14,"INGREDIENT_MEASURED","2026-08-31"
"DPcat",356,"productCA","SCA_LCDST(23, 14)",300,23,14,14,"INGREDIENT_MEASURED","2026-08-31"
"DPcat",357,"productCA","SCA_LCDST(23, 14)",300,23,14,14,"INGREDIENT_MEASURED","2026-08-31"
"DPcat",357,"productCA","SCA_MS(24, 14)",313,24,14,14,"INGREDIENT_MEASURED","2026-08-31"
"DPcat",358,"productCA","SCA_MS(24, 14)",313,24,14,14,"INGREDIENT_MEASURED","2026-08-31"
"DPcat",358,"productCA","SCA_MS(24, 14)",313,24,14,14,"INGREDIENT_MEASURED","2026-08-31"
"DPcat",359,"productCA","SCA_MS(24, 14)",313,24,14,14,"INGREDIENT_MEASURED","2026-08-31"
"DPcat",359,"productCA","SCA_LCDST(25, 14)",326,25,14,14,"INGREDIENT_MEASURED","2026-08-31"
"DPcat",360,"productCA","SCA_LCDST(25, 14)",326,25,14,14,"INGREDIENT_MEASURED","2026-08-31"
"DPcat",360,"productCA","SCA_LCDST(25, 14)",326,25,14,14,"INGREDIENT_MEASURED","2026-08-31"
"DPcat",361,"productCA","SCA_LCDST(25, 14)",326,25,14,14,"INGREDIENT_MEASURED","2026-08-31"
"DPcat",361,"productCA","SCA_MS(26, 14)",339,26,14,14,"INGREDIENT_MEASURED","2026-08-31"
"DPcat",362,"productCA","SCA_MS(26, 14)",339,26,14,14,"INGREDIENT_MEASURED","2026-08-31"
"DPcat",362,"productCA","SCA_MS(26, 14)",339,26,14,14,"INGREDIENT_MEASURED","2026-08-31"
"DPcat",363,"productCA","SCA_MS(26, 14)",339,26,14,14,"INGREDIENT_MEASURED","2026-08-31"
"DPcat",363,"productCA","SCA_MS(27, 14)",352,27,14,14,"INGREDIENT_MEASURED","2026-08-31"
"DPcat",364,"productCA","SCA_MS(27, 14)",352,27,14,14,"INGREDIENT_MEASURED","2026-08-31"
"DPcat",364,"productCA","SCA_MS(27, 14)",352,27,14,14,"INGREDIENT_MEASURED","2026-08-31"
"DPcat",365,"productCA","SCA_MS(27, 14)",352,27,14,14,"INGREDIENT_MEASURED","2026-08-31"
"DPcat",365,"productCA","SCA_MS(28, 14)",365,28,14,14,"INGREDIENT_MEASURED","2026-08-31"
"DPcat",366,"productCA","SCA_MS(28, 14)",365,28,14,14,"INGREDIENT_MEASURED","2026-08-31"
"DPcat",366,"productCA","SCA_MS(28, 14)",365,28,14,14,"INGREDIENT_MEASURED","2026-08-31"
"DPcat",367,"productCA","SCA_MS(28, 14)",365,28,14,14,"INGREDIENT_MEASURED","2026-08-31"
"DPcat",367,"productCA","SCA_MS(29, 14)",378,29,14,14,"INGREDIENT_MEASURED","2026-08-31"
"DPcat",368,"productCA","SCA_MS(29, 14)",378,29,14,14,"INGREDIENT_MEASURED","2026-08-31"
"DPcat",368,"productCA","SCA_MS(29, 14)",378,29,14,14,"INGREDIENT_MEASURED","2026-08-31"
"DPcat",369,"productCA","SCA_LCDST(21, 14)",274,21,14,14,"INGREDIENT_MEASURED","2026-08-31"
"DPcat",369,"productCA","productCA(SCA_LCDST(21, 14)[, 1:20], SCA_LCDST(21, 14)[, 1:20], 14)",534,400,14,14,"INGREDIENT_MEASURED","2026-08-31"
"DPcat",369,"productCA","SCA_LCDST(21, 14)",274,21,14,14,"INGREDIENT_MEASURED","2026-08-31"
"DPcat",369,"productCA","SCA_LCDST(21, 14)",274,21,14,14,"INGREDIENT_MEASURED","2026-08-31"
"DPcat",370,"productCA","SCA_LCDST(21, 14)",274,21,14,14,"INGREDIENT_MEASURED","2026-08-31"
"DPcat",370,"productCA","productCA(SCA_LCDST(21, 14)[, 1:20], SCA_LCDST(22, 14)[, 1:21], 14)",547,420,14,14,"INGREDIENT_MEASURED","2026-08-31"
"DPcat",370,"productCA","SCA_LCDST(21, 14)",274,21,14,14,"INGREDIENT_MEASURED","2026-08-31"
"DPcat",370,"productCA","SCA_LCDST(22, 14)",287,22,14,14,"INGREDIENT_MEASURED","2026-08-31"
"DPcat",371,"productCA","SCA_LCDST(21, 14)",274,21,14,14,"INGREDIENT_MEASURED","2026-08-31"
"DPcat",371,"productCA","productCA(SCA_LCDST(22, 14)[, 1:21], SCA_LCDST(22, 14)[, 1:21], 14)",560,441,14,14,"INGREDIENT_MEASURED","2026-08-31"
"DPcat",371,"productCA","SCA_LCDST(22, 14)",287,22,14,14,"INGREDIENT_MEASURED","2026-08-31"
"DPcat",371,"productCA","SCA_LCDST(22, 14)",287,22,14,14,"INGREDIENT_MEASURED","2026-08-31"
"DPcat",372,"productCA","SCA_LCDST(22, 14)",287,22,14,14,"INGREDIENT_MEASURED","2026-08-31"
"DPcat",372,"productCA","productCA(SCA_LCDST(22, 14)[, 1:21], SCA_LCDST(22, 14)[, 1:21], 14)",560,441,14,14,"INGREDIENT_MEASURED","2026-08-31"
"DPcat",372,"productCA","SCA_LCDST(22, 14)",287,22,14,14,"INGREDIENT_MEASURED","2026-08-31"
"DPcat",372,"productCA","SCA_LCDST(22, 14)",287,22,14,14,"INGREDIENT_MEASURED","2026-08-31"
"DPcat",373,"productCA","SCA_LCDST(22, 14)",287,22,14,14,"INGREDIENT_MEASURED","2026-08-31"
"DPcat",373,"productCA","productCA(SCA_LCDST(22, 14)[, 1:21], SCA_LCDST(23, 14)[, 1:22], 14)",573,462,14,14,"INGREDIENT_MEASURED","2026-08-31"
"DPcat",373,"productCA","SCA_LCDST(22, 14)",287,22,14,14,"INGREDIENT_MEASURED","2026-08-31"
"DPcat",373,"productCA","SCA_LCDST(23, 14)",300,23,14,14,"INGREDIENT_MEASURED","2026-08-31"
"DPcat",374,"productCA","SCA_LCDST(22, 14)",287,22,14,14,"INGREDIENT_MEASURED","2026-08-31"
"DPcat",374,"productCA","productCA(SCA_LCDST(23, 14)[, 1:22], SCA_LCDST(23, 14)[, 1:22], 14)",586,484,14,14,"INGREDIENT_MEASURED","2026-08-31"
"DPcat",374,"productCA","SCA_LCDST(23, 14)",300,23,14,14,"INGREDIENT_MEASURED","2026-08-31"
"DPcat",374,"productCA","SCA_LCDST(23, 14)",300,23,14,14,"INGREDIENT_MEASURED","2026-08-31"
"DPcat",375,"productCA","SCA_LCDST(23, 14)",300,23,14,14,"INGREDIENT_MEASURED","2026-08-31"
"DPcat",375,"productCA","productCA(SCA_LCDST(23, 14)[, 1:22], SCA_LCDST(23, 14)[, 1:22], 14)",586,484,14,14,"INGREDIENT_MEASURED","2026-08-31"
"DPcat",375,"productCA","SCA_LCDST(23, 14)",300,23,14,14,"INGREDIENT_MEASURED","2026-08-31"
"DPcat",375,"productCA","SCA_LCDST(23, 14)",300,23,14,14,"INGREDIENT_MEASURED","2026-08-31"
"DPcat",376,"productCA","SCA_LCDST(23, 14)",300,23,14,14,"INGREDIENT_MEASURED","2026-08-31"
"DPcat",376,"productCA","productCA(SCA_LCDST(23, 14)[, 1:22], SCA_MS(24, 14)[, 1:23], 14)",599,506,14,14,"INGREDIENT_MEASURED","2026-08-31"
"DPcat",376,"productCA","SCA_LCDST(23, 14)",300,23,14,14,"INGREDIENT_MEASURED","2026-08-31"
"DPcat",376,"productCA","SCA_MS(24, 14)",313,24,14,14,"INGREDIENT_MEASURED","2026-08-31"
"DPcat",377,"productCA","SCA_LCDST(23, 14)",300,23,14,14,"INGREDIENT_MEASURED","2026-08-31"
"DPcat",377,"productCA","productCA(SCA_MS(24, 14)[, 1:23], SCA_MS(24, 14)[, 1:23], 14)",612,529,14,14,"INGREDIENT_MEASURED","2026-08-31"
"DPcat",377,"productCA","SCA_MS(24, 14)",313,24,14,14,"INGREDIENT_MEASURED","2026-08-31"
"DPcat",377,"productCA","SCA_MS(24, 14)",313,24,14,14,"INGREDIENT_MEASURED","2026-08-31"
"DPcat",378,"productCA","SCA_MS(24, 14)",313,24,14,14,"INGREDIENT_MEASURED","2026-08-31"
"DPcat",378,"productCA","productCA(SCA_MS(24, 14)[, 1:23], SCA_MS(24, 14)[, 1:23], 14)",612,529,14,14,"INGREDIENT_MEASURED","2026-08-31"
"DPcat",378,"productCA","SCA_MS(24, 14)",313,24,14,14,"INGREDIENT_MEASURED","2026-08-31"
"DPcat",378,"productCA","SCA_MS(24, 14)",313,24,14,14,"INGREDIENT_MEASURED","2026-08-31"
"DPcat",379,"productCA","SCA_MS(24, 14)",313,24,14,14,"INGREDIENT_MEASURED","2026-08-31"
"DPcat",379,"productCA","productCA(SCA_MS(24, 14)[, 1:23], SCA_LCDST(25, 14)[, 1:24], 14)",625,552,14,14,"INGREDIENT_MEASURED","2026-08-31"
"DPcat",379,"productCA","SCA_MS(24, 14)",313,24,14,14,"INGREDIENT_MEASURED","2026-08-31"
"DPcat",379,"productCA","SCA_LCDST(25, 14)",326,25,14,14,"INGREDIENT_MEASURED","2026-08-31"
"DPcat",380,"productCA","SCA_MS(24, 14)",313,24,14,14,"INGREDIENT_MEASURED","2026-08-31"
"DPcat",380,"productCA","productCA(SCA_LCDST(25, 14)[, 1:24], SCA_LCDST(25, 14)[, 1:24], 14)",638,576,14,14,"INGREDIENT_MEASURED","2026-08-31"
"DPcat",380,"productCA","SCA_LCDST(25, 14)",326,25,14,14,"INGREDIENT_MEASURED","2026-08-31"
"DPcat",380,"productCA","SCA_LCDST(25, 14)",326,25,14,14,"INGREDIENT_MEASURED","2026-08-31"
"DPcat",381,"productCA","SCA_LCDST(25, 14)",326,25,14,14,"INGREDIENT_MEASURED","2026-08-31"
"DPcat",381,"productCA","productCA(SCA_LCDST(25, 14)[, 1:24], SCA_LCDST(25, 14)[, 1:24], 14)",638,576,14,14,"INGREDIENT_MEASURED","2026-08-31"
"DPcat",381,"productCA","SCA_LCDST(25, 14)",326,25,14,14,"INGREDIENT_MEASURED","2026-08-31"
"DPcat",381,"productCA","SCA_LCDST(25, 14)",326,25,14,14,"INGREDIENT_MEASURED","2026-08-31"
"DPcat",382,"productCA","SCA_LCDST(25, 14)",326,25,14,14,"INGREDIENT_MEASURED","2026-08-31"
"DPcat",382,"productCA","productCA(SCA_LCDST(25, 14)[, 1:24], SCA_MS(26, 14)[, 1:25], 14)",651,600,14,14,"INGREDIENT_MEASURED","2026-08-31"
"DPcat",382,"productCA","SCA_LCDST(25, 14)",326,25,14,14,"INGREDIENT_MEASURED","2026-08-31"
"DPcat",382,"productCA","SCA_MS(26, 14)",339,26,14,14,"INGREDIENT_MEASURED","2026-08-31"
"DPcat",383,"productCA","SCA_LCDST(25, 14)",326,25,14,14,"INGREDIENT_MEASURED","2026-08-31"
"DPcat",383,"productCA","productCA(SCA_MS(26, 14)[, 1:25], SCA_MS(26, 14)[, 1:25], 14)",664,625,14,14,"INGREDIENT_MEASURED","2026-08-31"
"DPcat",383,"productCA","SCA_MS(26, 14)",339,26,14,14,"INGREDIENT_MEASURED","2026-08-31"
"DPcat",383,"productCA","SCA_MS(26, 14)",339,26,14,14,"INGREDIENT_MEASURED","2026-08-31"
"DPcat",384,"productCA","SCA_MS(26, 14)",339,26,14,14,"INGREDIENT_MEASURED","2026-08-31"
"DPcat",384,"productCA","productCA(SCA_MS(26, 14)[, 1:25], SCA_MS(26, 14)[, 1:25], 14)",664,625,14,14,"INGREDIENT_MEASURED","2026-08-31"
"DPcat",384,"productCA","SCA_MS(26, 14)",339,26,14,14,"INGREDIENT_MEASURED","2026-08-31"
"DPcat",384,"productCA","SCA_MS(26, 14)",339,26,14,14,"INGREDIENT_MEASURED","2026-08-31"
"DPcat",385,"productCA","SCA_MS(26, 14)",339,26,14,14,"INGREDIENT_MEASURED","2026-08-31"
"DPcat",385,"productCA","productCA(SCA_MS(26, 14)[, 1:25], SCA_MS(27, 14)[, 1:26], 14)",677,650,14,14,"INGREDIENT_MEASURED","2026-08-31"
"DPcat",385,"productCA","SCA_MS(26, 14)",339,26,14,14,"INGREDIENT_MEASURED","2026-08-31"
"DPcat",385,"productCA","SCA_MS(27, 14)",352,27,14,14,"INGREDIENT_MEASURED","2026-08-31"
"DPcat",386,"productCA","SCA_MS(26, 14)",339,26,14,14,"INGREDIENT_MEASURED","2026-08-31"
"DPcat",386,"productCA","productCA(SCA_MS(27, 14)[, 1:26], SCA_MS(27, 14)[, 1:26], 14)",690,676,14,14,"INGREDIENT_MEASURED","2026-08-31"
"DPcat",386,"productCA","SCA_MS(27, 14)",352,27,14,14,"INGREDIENT_MEASURED","2026-08-31"
"DPcat",386,"productCA","SCA_MS(27, 14)",352,27,14,14,"INGREDIENT_MEASURED","2026-08-31"
"DPcat",387,"productCA","SCA_MS(27, 14)",352,27,14,14,"INGREDIENT_MEASURED","2026-08-31"
"DPcat",387,"productCA","productCA(SCA_MS(27, 14)[, 1:26], SCA_MS(27, 14)[, 1:26], 14)",690,676,14,14,"INGREDIENT_MEASURED","2026-08-31"
"DPcat",387,"productCA","SCA_MS(27, 14)",352,27,14,14,"INGREDIENT_MEASURED","2026-08-31"
"DPcat",387,"productCA","SCA_MS(27, 14)",352,27,14,14,"INGREDIENT_MEASURED","2026-08-31"
"DPcat",388,"productCA","SCA_MS(27, 14)",352,27,14,14,"INGREDIENT_MEASURED","2026-08-31"
"DPcat",388,"productCA","productCA(SCA_MS(27, 14)[, 1:26], SCA_MS(28, 14)[, 1:27], 14)",703,702,14,14,"INGREDIENT_MEASURED","2026-08-31"
"DPcat",388,"productCA","SCA_MS(27, 14)",352,27,14,14,"INGREDIENT_MEASURED","2026-08-31"
"DPcat",388,"productCA","SCA_MS(28, 14)",365,28,14,14,"INGREDIENT_MEASURED","2026-08-31"
"DPcat",389,"productCA","SCA_LCDST(21, 14)",274,21,14,14,"INGREDIENT_MEASURED","2026-08-31"
"DPcat",389,"productCA","productCA(SCA_LCDST(21, 14)[, 1:20], productCA(SCA_LCDST(21, 14)[, 1:20], SCA_LCDST(21, 14)[, 1:20],     c1 = 14), 14)",794,8000,14,14,"INGREDIENT_MEASURED","2026-08-31"
"DPcat",389,"productCA","SCA_LCDST(21, 14)",274,21,14,14,"INGREDIENT_MEASURED","2026-08-31"
"DPcat",389,"productCA","productCA(SCA_LCDST(21, 14)[, 1:20], SCA_LCDST(21, 14)[, 1:20], 14)",534,400,14,14,"INGREDIENT_MEASURED","2026-08-31"
"DPcat",389,"productCA","SCA_LCDST(21, 14)",274,21,14,14,"INGREDIENT_MEASURED","2026-08-31"
"DPcat",389,"productCA","SCA_LCDST(21, 14)",274,21,14,14,"INGREDIENT_MEASURED","2026-08-31"
"DPcat",390,"productCA","SCA_LCDST(24, 15)",337,24,15,15,"INGREDIENT_MEASURED","2026-08-31"
"DPcat",390,"productCA","SCA_LCDST(24, 15)",337,24,15,15,"INGREDIENT_MEASURED","2026-08-31"
"DPcat",391,"productCA","SCA_LCDST(24, 15)",337,24,15,15,"INGREDIENT_MEASURED","2026-08-31"
"DPcat",391,"productCA","SCA_LCDST(25, 15)",351,25,15,15,"INGREDIENT_MEASURED","2026-08-31"
"DPcat",392,"productCA","SCA_LCDST(25, 15)",351,25,15,15,"INGREDIENT_MEASURED","2026-08-31"
"DPcat",392,"productCA","SCA_LCDST(25, 15)",351,25,15,15,"INGREDIENT_MEASURED","2026-08-31"
"DPcat",393,"productCA","SCA_LCDST(25, 15)",351,25,15,15,"INGREDIENT_MEASURED","2026-08-31"
"DPcat",393,"productCA","SCA_LCDST(26, 15)",365,26,15,15,"INGREDIENT_MEASURED","2026-08-31"
"DPcat",394,"productCA","SCA_LCDST(26, 15)",365,26,15,15,"INGREDIENT_MEASURED","2026-08-31"
"DPcat",394,"productCA","SCA_LCDST(26, 15)",365,26,15,15,"INGREDIENT_MEASURED","2026-08-31"
"DPcat",395,"productCA","SCA_LCDST(26, 15)",365,26,15,15,"INGREDIENT_MEASURED","2026-08-31"
"DPcat",395,"productCA","SCA_LCDST(27, 15)",379,27,15,15,"INGREDIENT_MEASURED","2026-08-31"
"DPcat",396,"productCA","SCA_LCDST(27, 15)",379,27,15,15,"INGREDIENT_MEASURED","2026-08-31"
"DPcat",396,"productCA","SCA_LCDST(27, 15)",379,27,15,15,"INGREDIENT_MEASURED","2026-08-31"
"DPcat",397,"productCA","SCA_LCDST(27, 15)",379,27,15,15,"INGREDIENT_MEASURED","2026-08-31"
"DPcat",397,"productCA","CS_CMMSSY(28, 15)",393,28,15,15,"INGREDIENT_MEASURED","2026-08-31"
"DPcat",398,"productCA","CS_CMMSSY(28, 15)",393,28,15,15,"INGREDIENT_MEASURED","2026-08-31"
"DPcat",398,"productCA","CS_CMMSSY(28, 15)",393,28,15,15,"INGREDIENT_MEASURED","2026-08-31"
"DPcat",399,"productCA","CS_CMMSSY(28, 15)",393,28,15,15,"INGREDIENT_MEASURED","2026-08-31"
"DPcat",399,"productCA","SCA_MS(29, 15)",407,29,15,15,"INGREDIENT_MEASURED","2026-08-31"
"DPcat",400,"productCA","SCA_MS(29, 15)",407,29,15,15,"INGREDIENT_MEASURED","2026-08-31"
"DPcat",400,"productCA","SCA_MS(29, 15)",407,29,15,15,"INGREDIENT_MEASURED","2026-08-31"
"DPcat",401,"productCA","SCA_MS(29, 15)",407,29,15,15,"INGREDIENT_MEASURED","2026-08-31"
"DPcat",401,"productCA","SCA_MS(30, 15)",421,30,15,15,"INGREDIENT_MEASURED","2026-08-31"
"DPcat",402,"productCA","SCA_MS(30, 15)",421,30,15,15,"INGREDIENT_MEASURED","2026-08-31"
"DPcat",402,"productCA","SCA_MS(30, 15)",421,30,15,15,"INGREDIENT_MEASURED","2026-08-31"
"DPcat",403,"productCA","SCA_MS(30, 15)",421,30,15,15,"INGREDIENT_MEASURED","2026-08-31"
"DPcat",403,"productCA","SCA_MS(31, 15)",435,31,15,15,"INGREDIENT_MEASURED","2026-08-31"
"DPcat",404,"productCA","SCA_MS(31, 15)",435,31,15,15,"INGREDIENT_MEASURED","2026-08-31"
"DPcat",404,"productCA","SCA_MS(31, 15)",435,31,15,15,"INGREDIENT_MEASURED","2026-08-31"
"DPcat",405,"productCA","SCA_LCDST(24, 15)",337,24,15,15,"INGREDIENT_MEASURED","2026-08-31"
"DPcat",405,"productCA","productCA(SCA_LCDST(24, 15)[, 1:23], SCA_LCDST(24, 15)[, 1:23], 15)",659,529,15,15,"INGREDIENT_MEASURED","2026-08-31"
"DPcat",405,"productCA","SCA_LCDST(24, 15)",337,24,15,15,"INGREDIENT_MEASURED","2026-08-31"
"DPcat",405,"productCA","SCA_LCDST(24, 15)",337,24,15,15,"INGREDIENT_MEASURED","2026-08-31"
"DPcat",406,"productCA","SCA_LCDST(24, 15)",337,24,15,15,"INGREDIENT_MEASURED","2026-08-31"
"DPcat",406,"productCA","productCA(SCA_LCDST(24, 15)[, 1:23], SCA_LCDST(25, 15)[, 1:24], 15)",673,552,15,15,"INGREDIENT_MEASURED","2026-08-31"
"DPcat",406,"productCA","SCA_LCDST(24, 15)",337,24,15,15,"INGREDIENT_MEASURED","2026-08-31"
"DPcat",406,"productCA","SCA_LCDST(25, 15)",351,25,15,15,"INGREDIENT_MEASURED","2026-08-31"
"DPcat",407,"productCA","SCA_LCDST(24, 15)",337,24,15,15,"INGREDIENT_MEASURED","2026-08-31"
"DPcat",407,"productCA","productCA(SCA_LCDST(25, 15)[, 1:24], SCA_LCDST(25, 15)[, 1:24], 15)",687,576,15,15,"INGREDIENT_MEASURED","2026-08-31"
"DPcat",407,"productCA","SCA_LCDST(25, 15)",351,25,15,15,"INGREDIENT_MEASURED","2026-08-31"
"DPcat",407,"productCA","SCA_LCDST(25, 15)",351,25,15,15,"INGREDIENT_MEASURED","2026-08-31"
"DPcat",408,"productCA","SCA_LCDST(25, 15)",351,25,15,15,"INGREDIENT_MEASURED","2026-08-31"
"DPcat",408,"productCA","productCA(SCA_LCDST(25, 15)[, 1:24], SCA_LCDST(25, 15)[, 1:24], 15)",687,576,15,15,"INGREDIENT_MEASURED","2026-08-31"
"DPcat",408,"productCA","SCA_LCDST(25, 15)",351,25,15,15,"INGREDIENT_MEASURED","2026-08-31"
"DPcat",408,"productCA","SCA_LCDST(25, 15)",351,25,15,15,"INGREDIENT_MEASURED","2026-08-31"
"DPcat",409,"productCA","SCA_LCDST(25, 15)",351,25,15,15,"INGREDIENT_MEASURED","2026-08-31"
"DPcat",409,"productCA","productCA(SCA_LCDST(25, 15)[, 1:24], SCA_LCDST(26, 15)[, 1:25], 15)",701,600,15,15,"INGREDIENT_MEASURED","2026-08-31"
"DPcat",409,"productCA","SCA_LCDST(25, 15)",351,25,15,15,"INGREDIENT_MEASURED","2026-08-31"
"DPcat",409,"productCA","SCA_LCDST(26, 15)",365,26,15,15,"INGREDIENT_MEASURED","2026-08-31"
"DPcat",410,"productCA","SCA_LCDST(25, 15)",351,25,15,15,"INGREDIENT_MEASURED","2026-08-31"
"DPcat",410,"productCA","productCA(SCA_LCDST(26, 15)[, 1:25], SCA_LCDST(26, 15)[, 1:25], 15)",715,625,15,15,"INGREDIENT_MEASURED","2026-08-31"
"DPcat",410,"productCA","SCA_LCDST(26, 15)",365,26,15,15,"INGREDIENT_MEASURED","2026-08-31"
"DPcat",410,"productCA","SCA_LCDST(26, 15)",365,26,15,15,"INGREDIENT_MEASURED","2026-08-31"
"DPcat",411,"productCA","SCA_LCDST(26, 15)",365,26,15,15,"INGREDIENT_MEASURED","2026-08-31"
"DPcat",411,"productCA","productCA(SCA_LCDST(26, 15)[, 1:25], SCA_LCDST(26, 15)[, 1:25], 15)",715,625,15,15,"INGREDIENT_MEASURED","2026-08-31"
"DPcat",411,"productCA","SCA_LCDST(26, 15)",365,26,15,15,"INGREDIENT_MEASURED","2026-08-31"
"DPcat",411,"productCA","SCA_LCDST(26, 15)",365,26,15,15,"INGREDIENT_MEASURED","2026-08-31"
"DPcat",412,"productCA","SCA_LCDST(26, 15)",365,26,15,15,"INGREDIENT_MEASURED","2026-08-31"
"DPcat",412,"productCA","productCA(SCA_LCDST(26, 15)[, 1:25], SCA_LCDST(27, 15)[, 1:26], 15)",729,650,15,15,"INGREDIENT_MEASURED","2026-08-31"
"DPcat",412,"productCA","SCA_LCDST(26, 15)",365,26,15,15,"INGREDIENT_MEASURED","2026-08-31"
"DPcat",412,"productCA","SCA_LCDST(27, 15)",379,27,15,15,"INGREDIENT_MEASURED","2026-08-31"
"DPcat",413,"productCA","SCA_LCDST(26, 15)",365,26,15,15,"INGREDIENT_MEASURED","2026-08-31"
"DPcat",413,"productCA","productCA(SCA_LCDST(27, 15)[, 1:26], SCA_LCDST(27, 15)[, 1:26], 15)",743,676,15,15,"INGREDIENT_MEASURED","2026-08-31"
"DPcat",413,"productCA","SCA_LCDST(27, 15)",379,27,15,15,"INGREDIENT_MEASURED","2026-08-31"
"DPcat",413,"productCA","SCA_LCDST(27, 15)",379,27,15,15,"INGREDIENT_MEASURED","2026-08-31"
"DPcat",414,"productCA","SCA_LCDST(27, 15)",379,27,15,15,"INGREDIENT_MEASURED","2026-08-31"
"DPcat",414,"productCA","productCA(SCA_LCDST(27, 15)[, 1:26], SCA_LCDST(27, 15)[, 1:26], 15)",743,676,15,15,"INGREDIENT_MEASURED","2026-08-31"
"DPcat",414,"productCA","SCA_LCDST(27, 15)",379,27,15,15,"INGREDIENT_MEASURED","2026-08-31"
"DPcat",414,"productCA","SCA_LCDST(27, 15)",379,27,15,15,"INGREDIENT_MEASURED","2026-08-31"
"DPcat",415,"productCA","SCA_LCDST(27, 15)",379,27,15,15,"INGREDIENT_MEASURED","2026-08-31"
"DPcat",415,"productCA","productCA(SCA_LCDST(27, 15)[, 1:26], CS_CMMSSY(28, 15)[, 1:27], 15)",757,702,15,15,"INGREDIENT_MEASURED","2026-08-31"
"DPcat",415,"productCA","SCA_LCDST(27, 15)",379,27,15,15,"INGREDIENT_MEASURED","2026-08-31"
"DPcat",415,"productCA","CS_CMMSSY(28, 15)",393,28,15,15,"INGREDIENT_MEASURED","2026-08-31"
"DPcat",416,"productCA","SCA_LCDST(27, 15)",379,27,15,15,"INGREDIENT_MEASURED","2026-08-31"
"DPcat",416,"productCA","productCA(CS_CMMSSY(28, 15)[, 1:27], CS_CMMSSY(28, 15)[, 1:27], 15)",771,729,15,15,"INGREDIENT_MEASURED","2026-08-31"
"DPcat",416,"productCA","CS_CMMSSY(28, 15)",393,28,15,15,"INGREDIENT_MEASURED","2026-08-31"
"DPcat",416,"productCA","CS_CMMSSY(28, 15)",393,28,15,15,"INGREDIENT_MEASURED","2026-08-31"
"DPcat",417,"productCA","CS_CMMSSY(28, 15)",393,28,15,15,"INGREDIENT_MEASURED","2026-08-31"
"DPcat",417,"productCA","productCA(CS_CMMSSY(28, 15)[, 1:27], CS_CMMSSY(28, 15)[, 1:27], 15)",771,729,15,15,"INGREDIENT_MEASURED","2026-08-31"
"DPcat",417,"productCA","CS_CMMSSY(28, 15)",393,28,15,15,"INGREDIENT_MEASURED","2026-08-31"
"DPcat",417,"productCA","CS_CMMSSY(28, 15)",393,28,15,15,"INGREDIENT_MEASURED","2026-08-31"
"DPcat",418,"productCA","CS_CMMSSY(28, 15)",393,28,15,15,"INGREDIENT_MEASURED","2026-08-31"
"DPcat",418,"productCA","productCA(CS_CMMSSY(28, 15)[, 1:27], SCA_MS(29, 15)[, 1:28], 15)",785,756,15,15,"INGREDIENT_MEASURED","2026-08-31"
"DPcat",418,"productCA","CS_CMMSSY(28, 15)",393,28,15,15,"INGREDIENT_MEASURED","2026-08-31"
"DPcat",418,"productCA","SCA_MS(29, 15)",407,29,15,15,"INGREDIENT_MEASURED","2026-08-31"
"DPcat",419,"productCA","SCA_LCDST(25, 16)",376,25,16,16,"INGREDIENT_MEASURED","2026-08-31"
"DPcat",419,"productCA","SCA_LCDST(25, 16)",376,25,16,16,"INGREDIENT_MEASURED","2026-08-31"
"DPcat",420,"productCA","SCA_LCDST(25, 16)",376,25,16,16,"INGREDIENT_MEASURED","2026-08-31"
"DPcat",420,"productCA","SCA_LCDST(27, 16)",406,27,16,16,"INGREDIENT_MEASURED","2026-08-31"
"DPcat",421,"productCA","SCA_LCDST(25, 16)",376,25,16,16,"INGREDIENT_MEASURED","2026-08-31"
"DPcat",421,"productCA","SCA_LCDST(28, 16)",421,28,16,16,"INGREDIENT_MEASURED","2026-08-31"
"DPcat",422,"productCA","SCA_LCDST(27, 16)",406,27,16,16,"INGREDIENT_MEASURED","2026-08-31"
"DPcat",422,"productCA","SCA_LCDST(27, 16)",406,27,16,16,"INGREDIENT_MEASURED","2026-08-31"
"DPcat",423,"productCA","SCA_LCDST(27, 16)",406,27,16,16,"INGREDIENT_MEASURED","2026-08-31"
"DPcat",423,"productCA","SCA_LCDST(28, 16)",421,28,16,16,"INGREDIENT_MEASURED","2026-08-31"
"DPcat",424,"productCA","SCA_LCDST(28, 16)",421,28,16,16,"INGREDIENT_MEASURED","2026-08-31"
"DPcat",424,"productCA","SCA_LCDST(28, 16)",421,28,16,16,"INGREDIENT_MEASURED","2026-08-31"
"DPcat",425,"productCA","SCA_LCDST(28, 16)",421,28,16,16,"INGREDIENT_MEASURED","2026-08-31"
"DPcat",425,"productCA","SCA_LCDST(29, 16)",436,29,16,16,"INGREDIENT_MEASURED","2026-08-31"
"DPcat",426,"productCA","SCA_LCDST(29, 16)",436,29,16,16,"INGREDIENT_MEASURED","2026-08-31"
"DPcat",426,"productCA","SCA_LCDST(29, 16)",436,29,16,16,"INGREDIENT_MEASURED","2026-08-31"
"DPcat",427,"productCA","SCA_LCDST(29, 16)",436,29,16,16,"INGREDIENT_MEASURED","2026-08-31"
"DPcat",427,"productCA","SCA_MS(30, 16)",451,30,16,16,"INGREDIENT_MEASURED","2026-08-31"
"DPcat",428,"productCA","SCA_MS(30, 16)",451,30,16,16,"INGREDIENT_MEASURED","2026-08-31"
"DPcat",428,"productCA","SCA_MS(30, 16)",451,30,16,16,"INGREDIENT_MEASURED","2026-08-31"
"DPcat",429,"productCA","SCA_MS(30, 16)",451,30,16,16,"INGREDIENT_MEASURED","2026-08-31"
"DPcat",429,"productCA","SCA_MS(31, 16)",466,31,16,16,"INGREDIENT_MEASURED","2026-08-31"
"DPcat",430,"productCA","SCA_MS(31, 16)",466,31,16,16,"INGREDIENT_MEASURED","2026-08-31"
"DPcat",430,"productCA","SCA_MS(31, 16)",466,31,16,16,"INGREDIENT_MEASURED","2026-08-31"
"DPcat",431,"productCA","SCA_MS(31, 16)",466,31,16,16,"INGREDIENT_MEASURED","2026-08-31"
"DPcat",431,"productCA","SCA_MS(32, 16)",481,32,16,16,"INGREDIENT_MEASURED","2026-08-31"
"DPcat",432,"productCA","SCA_MS(32, 16)",481,32,16,16,"INGREDIENT_MEASURED","2026-08-31"
"DPcat",432,"productCA","SCA_MS(32, 16)",481,32,16,16,"INGREDIENT_MEASURED","2026-08-31"
"DPcat",433,"productCA","SCA_MS(32, 16)",481,32,16,16,"INGREDIENT_MEASURED","2026-08-31"
"DPcat",433,"productCA","SCA_MS(33, 16)",496,33,16,16,"INGREDIENT_MEASURED","2026-08-31"
"DPcat",434,"productCA","SCA_Bose(16)",256,17,16,16,"INGREDIENT_MEASURED","2026-08-31"
"DPcat",434,"productCA","productCA(SCA_LCDST(25, 16)[, 1:24], SCA_LCDST(25, 16)[, 1:24], 16)",736,576,16,16,"INGREDIENT_MEASURED","2026-08-31"
"DPcat",434,"productCA","SCA_LCDST(25, 16)",376,25,16,16,"INGREDIENT_MEASURED","2026-08-31"
"DPcat",434,"productCA","SCA_LCDST(25, 16)",376,25,16,16,"INGREDIENT_MEASURED","2026-08-31"
"DPcat",435,"productCA","SCA_Bose(16)",256,17,16,16,"INGREDIENT_MEASURED","2026-08-31"
"DPcat",435,"productCA","productCA(SCA_LCDST(25, 16)[, 1:24], SCA_LCDST(27, 16)[, 1:26], 16)",766,624,16,16,"INGREDIENT_MEASURED","2026-08-31"
"DPcat",435,"productCA","SCA_LCDST(25, 16)",376,25,16,16,"INGREDIENT_MEASURED","2026-08-31"
"DPcat",435,"productCA","SCA_LCDST(27, 16)",406,27,16,16,"INGREDIENT_MEASURED","2026-08-31"
"DPcat",436,"productCA","SCA_Bose(16)",256,17,16,16,"INGREDIENT_MEASURED","2026-08-31"
"DPcat",436,"productCA","productCA(SCA_LCDST(25, 16)[, 1:24], SCA_LCDST(28, 16)[, 1:27], 16)",781,648,16,16,"INGREDIENT_MEASURED","2026-08-31"
"DPcat",436,"productCA","SCA_LCDST(25, 16)",376,25,16,16,"INGREDIENT_MEASURED","2026-08-31"
"DPcat",436,"productCA","SCA_LCDST(28, 16)",421,28,16,16,"INGREDIENT_MEASURED","2026-08-31"
"DPcat",437,"productCA","SCA_Bose(16)",256,17,16,16,"INGREDIENT_MEASURED","2026-08-31"
"DPcat",437,"productCA","productCA(SCA_LCDST(27, 16)[, 1:26], SCA_LCDST(27, 16)[, 1:26], 16)",796,676,16,16,"INGREDIENT_MEASURED","2026-08-31"
"DPcat",437,"productCA","SCA_LCDST(27, 16)",406,27,16,16,"INGREDIENT_MEASURED","2026-08-31"
"DPcat",437,"productCA","SCA_LCDST(27, 16)",406,27,16,16,"INGREDIENT_MEASURED","2026-08-31"
"DPcat",438,"productCA","SCA_Bose(16)",256,17,16,16,"INGREDIENT_MEASURED","2026-08-31"
"DPcat",438,"productCA","productCA(SCA_LCDST(27, 16)[, 1:26], SCA_LCDST(28, 16)[, 1:27], 16)",811,702,16,16,"INGREDIENT_MEASURED","2026-08-31"
"DPcat",438,"productCA","SCA_LCDST(27, 16)",406,27,16,16,"INGREDIENT_MEASURED","2026-08-31"
"DPcat",438,"productCA","SCA_LCDST(28, 16)",421,28,16,16,"INGREDIENT_MEASURED","2026-08-31"
"DPcat",439,"productCA","SCA_Bose(16)",256,17,16,16,"INGREDIENT_MEASURED","2026-08-31"
"DPcat",439,"productCA","productCA(SCA_LCDST(28, 16)[, 1:27], SCA_LCDST(28, 16)[, 1:27], 16)",826,729,16,16,"INGREDIENT_MEASURED","2026-08-31"
"DPcat",439,"productCA","SCA_LCDST(28, 16)",421,28,16,16,"INGREDIENT_MEASURED","2026-08-31"
"DPcat",439,"productCA","SCA_LCDST(28, 16)",421,28,16,16,"INGREDIENT_MEASURED","2026-08-31"
"DPcat",440,"productCA","SCA_Bose(16)",256,17,16,16,"INGREDIENT_MEASURED","2026-08-31"
"DPcat",440,"productCA","productCA(SCA_LCDST(28, 16)[, 1:27], SCA_LCDST(29, 16)[, 1:28], 16)",841,756,16,16,"INGREDIENT_MEASURED","2026-08-31"
"DPcat",440,"productCA","SCA_LCDST(28, 16)",421,28,16,16,"INGREDIENT_MEASURED","2026-08-31"
"DPcat",440,"productCA","SCA_LCDST(29, 16)",436,29,16,16,"INGREDIENT_MEASURED","2026-08-31"
"DPcat",441,"productCA","SCA_LCDST(25, 16)",376,25,16,16,"INGREDIENT_MEASURED","2026-08-31"
"DPcat",441,"productCA","productCA(SCA_LCDST(25, 16)[, 1:24], SCA_LCDST(25, 16)[, 1:24], 16)",736,576,16,16,"INGREDIENT_MEASURED","2026-08-31"
"DPcat",441,"productCA","SCA_LCDST(25, 16)",376,25,16,16,"INGREDIENT_MEASURED","2026-08-31"
"DPcat",441,"productCA","SCA_LCDST(25, 16)",376,25,16,16,"INGREDIENT_MEASURED","2026-08-31"
"DPcat",442,"productCA","SCA_LCDST(25, 16)",376,25,16,16,"INGREDIENT_MEASURED","2026-08-31"
"DPcat",442,"productCA","productCA(SCA_LCDST(25, 16)[, 1:24], SCA_LCDST(27, 16)[, 1:26], 16)",766,624,16,16,"INGREDIENT_MEASURED","2026-08-31"
"DPcat",442,"productCA","SCA_LCDST(25, 16)",376,25,16,16,"INGREDIENT_MEASURED","2026-08-31"
"DPcat",442,"productCA","SCA_LCDST(27, 16)",406,27,16,16,"INGREDIENT_MEASURED","2026-08-31"
"DPcat",443,"productCA","SCA_LCDST(25, 16)",376,25,16,16,"INGREDIENT_MEASURED","2026-08-31"
"DPcat",443,"productCA","productCA(SCA_LCDST(25, 16)[, 1:24], SCA_LCDST(28, 16)[, 1:27], 16)",781,648,16,16,"INGREDIENT_MEASURED","2026-08-31"
"DPcat",443,"productCA","SCA_LCDST(25, 16)",376,25,16,16,"INGREDIENT_MEASURED","2026-08-31"
"DPcat",443,"productCA","SCA_LCDST(28, 16)",421,28,16,16,"INGREDIENT_MEASURED","2026-08-31"
"DPcat",444,"productCA","SCA_LCDST(25, 16)",376,25,16,16,"INGREDIENT_MEASURED","2026-08-31"
"DPcat",444,"productCA","productCA(SCA_LCDST(27, 16)[, 1:26], SCA_LCDST(27, 16)[, 1:26], 16)",796,676,16,16,"INGREDIENT_MEASURED","2026-08-31"
"DPcat",444,"productCA","SCA_LCDST(27, 16)",406,27,16,16,"INGREDIENT_MEASURED","2026-08-31"
"DPcat",444,"productCA","SCA_LCDST(27, 16)",406,27,16,16,"INGREDIENT_MEASURED","2026-08-31"
"DPcat",445,"productCA","SCA_LCDST(25, 16)",376,25,16,16,"INGREDIENT_MEASURED","2026-08-31"
"DPcat",445,"productCA","productCA(SCA_LCDST(27, 16)[, 1:26], SCA_LCDST(28, 16)[, 1:27], 16)",811,702,16,16,"INGREDIENT_MEASURED","2026-08-31"
"DPcat",445,"productCA","SCA_LCDST(27, 16)",406,27,16,16,"INGREDIENT_MEASURED","2026-08-31"
"DPcat",445,"productCA","SCA_LCDST(28, 16)",421,28,16,16,"INGREDIENT_MEASURED","2026-08-31"
"DPcat",446,"productCA","SCA_LCDST(27, 16)",406,27,16,16,"INGREDIENT_MEASURED","2026-08-31"
"DPcat",446,"productCA","productCA(SCA_LCDST(27, 16)[, 1:26], SCA_LCDST(27, 16)[, 1:26], 16)",796,676,16,16,"INGREDIENT_MEASURED","2026-08-31"
"DPcat",446,"productCA","SCA_LCDST(27, 16)",406,27,16,16,"INGREDIENT_MEASURED","2026-08-31"
"DPcat",446,"productCA","SCA_LCDST(27, 16)",406,27,16,16,"INGREDIENT_MEASURED","2026-08-31"
"DPcat",447,"productCA","SCA_LCDST(27, 16)",406,27,16,16,"INGREDIENT_MEASURED","2026-08-31"
"DPcat",447,"productCA","productCA(SCA_LCDST(27, 16)[, 1:26], SCA_LCDST(28, 16)[, 1:27], 16)",811,702,16,16,"INGREDIENT_MEASURED","2026-08-31"
"DPcat",447,"productCA","SCA_LCDST(27, 16)",406,27,16,16,"INGREDIENT_MEASURED","2026-08-31"
"DPcat",447,"productCA","SCA_LCDST(28, 16)",421,28,16,16,"INGREDIENT_MEASURED","2026-08-31"
"DPcat",448,"productCA","SCA_Bose(16)",256,17,16,16,"INGREDIENT_MEASURED","2026-08-31"
"DPcat",448,"productCA","productCA(SCA_Bose(16)[, 1:16], productCA(SCA_LCDST(25, 16)[, 1:24], SCA_LCDST(25, 16)[, 1:24],     c1 = 16), 16)",976,9216,16,16,"INGREDIENT_MEASURED","2026-08-31"
"DPcat",448,"productCA","SCA_Bose(16)",256,17,16,16,"INGREDIENT_MEASURED","2026-08-31"
"DPcat",448,"productCA","productCA(SCA_LCDST(25, 16)[, 1:24], SCA_LCDST(25, 16)[, 1:24], 16)",736,576,16,16,"INGREDIENT_MEASURED","2026-08-31"
"DPcat",448,"productCA","SCA_LCDST(25, 16)",376,25,16,16,"INGREDIENT_MEASURED","2026-08-31"
"DPcat",448,"productCA","SCA_LCDST(25, 16)",376,25,16,16,"INGREDIENT_MEASURED","2026-08-31"
"DPcat",449,"productCA","SCA_LCDST(31, 17)",497,31,17,17,"INGREDIENT_MEASURED","2026-08-31"
"DPcat",449,"productCA","SCA_LCDST(31, 17)",497,31,17,17,"INGREDIENT_MEASURED","2026-08-31"
"DPcat",450,"productCA","SCA_LCDST(31, 17)",497,31,17,17,"INGREDIENT_MEASURED","2026-08-31"
"DPcat",450,"productCA","CS_CMMSSY(32, 17)",513,32,17,17,"INGREDIENT_MEASURED","2026-08-31"
"DPcat",451,"productCA","CS_CMMSSY(32, 17)",513,32,17,17,"INGREDIENT_MEASURED","2026-08-31"
"DPcat",451,"productCA","CS_CMMSSY(32, 17)",513,32,17,17,"INGREDIENT_MEASURED","2026-08-31"
"DPcat",452,"productCA","CS_CMMSSY(32, 17)",513,32,17,17,"INGREDIENT_MEASURED","2026-08-31"
"DPcat",452,"productCA","SCA_MS(33, 17)",529,33,17,17,"INGREDIENT_MEASURED","2026-08-31"
"DPcat",453,"productCA","SCA_MS(33, 17)",529,33,17,17,"INGREDIENT_MEASURED","2026-08-31"
"DPcat",453,"productCA","SCA_MS(33, 17)",529,33,17,17,"INGREDIENT_MEASURED","2026-08-31"
"DPcat",454,"productCA","SCA_MS(33, 17)",529,33,17,17,"INGREDIENT_MEASURED","2026-08-31"
"DPcat",454,"productCA","SCA_MS(34, 17)",545,34,17,17,"INGREDIENT_MEASURED","2026-08-31"
"DPcat",455,"productCA","SCA_MS(34, 17)",545,34,17,17,"INGREDIENT_MEASURED","2026-08-31"
"DPcat",455,"productCA","SCA_MS(34, 17)",545,34,17,17,"INGREDIENT_MEASURED","2026-08-31"
"DPcat",456,"productCA","SCA_Bose(17)",289,18,17,17,"INGREDIENT_MEASURED","2026-08-31"
"DPcat",456,"productCA","productCA(SCA_LCDST(31, 17)[, 1:30], SCA_LCDST(31, 17)[, 1:30], 17)",977,900,17,17,"INGREDIENT_MEASURED","2026-08-31"
"DPcat",456,"productCA","SCA_LCDST(31, 17)",497,31,17,17,"INGREDIENT_MEASURED","2026-08-31"
"DPcat",456,"productCA","SCA_LCDST(31, 17)",497,31,17,17,"INGREDIENT_MEASURED","2026-08-31"
"DPcat",457,"productCA","SCA_Bose(17)",289,18,17,17,"INGREDIENT_MEASURED","2026-08-31"
"DPcat",457,"productCA","productCA(SCA_LCDST(31, 17)[, 1:30], CS_CMMSSY(32, 17)[, 1:31], 17)",993,930,17,17,"INGREDIENT_MEASURED","2026-08-31"
"DPcat",457,"productCA","SCA_LCDST(31, 17)",497,31,17,17,"INGREDIENT_MEASURED","2026-08-31"
"DPcat",457,"productCA","CS_CMMSSY(32, 17)",513,32,17,17,"INGREDIENT_MEASURED","2026-08-31"
"DPcat",458,"productCA","SCA_Bose(17)",289,18,17,17,"INGREDIENT_MEASURED","2026-08-31"
"DPcat",458,"productCA","productCA(CS_CMMSSY(32, 17)[, 1:31], CS_CMMSSY(32, 17)[, 1:31], 17)",1009,961,17,17,"INGREDIENT_MEASURED","2026-08-31"
"DPcat",458,"productCA","CS_CMMSSY(32, 17)",513,32,17,17,"INGREDIENT_MEASURED","2026-08-31"
"DPcat",458,"productCA","CS_CMMSSY(32, 17)",513,32,17,17,"INGREDIENT_MEASURED","2026-08-31"
"DPcat",459,"productCA","SCA_Bose(17)",289,18,17,17,"INGREDIENT_MEASURED","2026-08-31"
"DPcat",459,"productCA","productCA(CS_CMMSSY(32, 17)[, 1:31], SCA_MS(33, 17)[, 1:32], 17)",1025,992,17,17,"INGREDIENT_MEASURED","2026-08-31"
"DPcat",459,"productCA","CS_CMMSSY(32, 17)",513,32,17,17,"INGREDIENT_MEASURED","2026-08-31"
"DPcat",459,"productCA","SCA_MS(33, 17)",529,33,17,17,"INGREDIENT_MEASURED","2026-08-31"
"DPcat",460,"productCA","SCA_Bose(17)",289,18,17,17,"INGREDIENT_MEASURED","2026-08-31"
"DPcat",460,"productCA","productCA(SCA_MS(33, 17)[, 1:32], SCA_MS(33, 17)[, 1:32], 17)",1041,1024,17,17,"INGREDIENT_MEASURED","2026-08-31"
"DPcat",460,"productCA","SCA_MS(33, 17)",529,33,17,17,"INGREDIENT_MEASURED","2026-08-31"
"DPcat",460,"productCA","SCA_MS(33, 17)",529,33,17,17,"INGREDIENT_MEASURED","2026-08-31"
"DPcat",461,"productCA","SCA_Bose(17)",289,18,17,17,"INGREDIENT_MEASURED","2026-08-31"
"DPcat",461,"productCA","productCA(SCA_MS(33, 17)[, 1:32], SCA_MS(34, 17)[, 1:33], 17)",1057,1056,17,17,"INGREDIENT_MEASURED","2026-08-31"
"DPcat",461,"productCA","SCA_MS(33, 17)",529,33,17,17,"INGREDIENT_MEASURED","2026-08-31"
"DPcat",461,"productCA","SCA_MS(34, 17)",545,34,17,17,"INGREDIENT_MEASURED","2026-08-31"
"DPcat",462,"productCA","SCA_Bose(17)",289,18,17,17,"INGREDIENT_MEASURED","2026-08-31"
"DPcat",462,"productCA","productCA(SCA_MS(34, 17)[, 1:33], SCA_MS(34, 17)[, 1:33], 17)",1073,1089,17,17,"INGREDIENT_MEASURED","2026-08-31"
"DPcat",462,"productCA","SCA_MS(34, 17)",545,34,17,17,"INGREDIENT_MEASURED","2026-08-31"
"DPcat",462,"productCA","SCA_MS(34, 17)",545,34,17,17,"INGREDIENT_MEASURED","2026-08-31"
"DPcat",463,"productCA","SCA_LCDST(31, 17)",497,31,17,17,"INGREDIENT_MEASURED","2026-08-31"
"DPcat",463,"productCA","productCA(SCA_LCDST(31, 17)[, 1:30], SCA_LCDST(31, 17)[, 1:30], 17)",977,900,17,17,"INGREDIENT_MEASURED","2026-08-31"
"DPcat",463,"productCA","SCA_LCDST(31, 17)",497,31,17,17,"INGREDIENT_MEASURED","2026-08-31"
"DPcat",463,"productCA","SCA_LCDST(31, 17)",497,31,17,17,"INGREDIENT_MEASURED","2026-08-31"
"DPcat",464,"productCA","SCA_LCDST(32, 18)",545,32,18,18,"INGREDIENT_MEASURED","2026-08-31"
"DPcat",464,"productCA","SCA_LCDST(32, 18)",545,32,18,18,"INGREDIENT_MEASURED","2026-08-31"
"DPcat",465,"productCA","SCA_LCDST(32, 18)",545,32,18,18,"INGREDIENT_MEASURED","2026-08-31"
"DPcat",465,"productCA","SCA_LCDST(34, 18)",579,34,18,18,"INGREDIENT_MEASURED","2026-08-31"
"DPcat",466,"productCA","SCA_LCDST(32, 18)",545,32,18,18,"INGREDIENT_MEASURED","2026-08-31"
"DPcat",466,"productCA","SCA_MS(35, 18)",596,35,18,18,"INGREDIENT_MEASURED","2026-08-31"
"DPcat",467,"productCA","SCA_LCDST(34, 18)",579,34,18,18,"INGREDIENT_MEASURED","2026-08-31"
"DPcat",467,"productCA","SCA_LCDST(34, 18)",579,34,18,18,"INGREDIENT_MEASURED","2026-08-31"
"DPcat",468,"productCA","SCA_LCDST(34, 18)",579,34,18,18,"INGREDIENT_MEASURED","2026-08-31"
"DPcat",468,"productCA","SCA_MS(35, 18)",596,35,18,18,"INGREDIENT_MEASURED","2026-08-31"
"DPcat",469,"productCA","SCA_MS(35, 18)",596,35,18,18,"INGREDIENT_MEASURED","2026-08-31"
"DPcat",469,"productCA","SCA_MS(35, 18)",596,35,18,18,"INGREDIENT_MEASURED","2026-08-31"
"DPcat",470,"productCA","SCA_MS(35, 18)",596,35,18,18,"INGREDIENT_MEASURED","2026-08-31"
"DPcat",470,"productCA","SCA_MS(36, 18)",613,36,18,18,"INGREDIENT_MEASURED","2026-08-31"
"DPcat",471,"productCA","SCA_MS(36, 18)",613,36,18,18,"INGREDIENT_MEASURED","2026-08-31"
"DPcat",471,"productCA","SCA_MS(36, 18)",613,36,18,18,"INGREDIENT_MEASURED","2026-08-31"
"DPcat",472,"productCA","SCA_MS(36, 18)",613,36,18,18,"INGREDIENT_MEASURED","2026-08-31"
"DPcat",472,"productCA","SCA_MS(37, 18)",630,37,18,18,"INGREDIENT_MEASURED","2026-08-31"
"DPcat",473,"productCA","SCA_MS(37, 18)",630,37,18,18,"INGREDIENT_MEASURED","2026-08-31"
"DPcat",473,"productCA","SCA_MS(37, 18)",630,37,18,18,"INGREDIENT_MEASURED","2026-08-31"
"DPcat",474,"productCA","SCA_LCDST(32, 18)",545,32,18,18,"INGREDIENT_MEASURED","2026-08-31"
"DPcat",474,"productCA","productCA(SCA_LCDST(32, 18)[, 1:31], SCA_LCDST(32, 18)[, 1:31], 18)",1072,961,18,18,"INGREDIENT_MEASURED","2026-08-31"
"DPcat",474,"productCA","SCA_LCDST(32, 18)",545,32,18,18,"INGREDIENT_MEASURED","2026-08-31"
"DPcat",474,"productCA","SCA_LCDST(32, 18)",545,32,18,18,"INGREDIENT_MEASURED","2026-08-31"
"DPcat",475,"productCA","SCA_LCDST(36, 19)",649,36,19,19,"INGREDIENT_MEASURED","2026-08-31"
"DPcat",475,"productCA","SCA_LCDST(36, 19)",649,36,19,19,"INGREDIENT_MEASURED","2026-08-31"
"DPcat",476,"productCA","SCA_Bose(19)",361,20,19,19,"INGREDIENT_MEASURED","2026-08-31"
"DPcat",476,"productCA","productCA(SCA_LCDST(36, 19)[, 1:35], SCA_LCDST(36, 19)[, 1:35], 19)",1279,1225,19,19,"INGREDIENT_MEASURED","2026-08-31"
"DPcat",476,"productCA","SCA_LCDST(36, 19)",649,36,19,19,"INGREDIENT_MEASURED","2026-08-31"
"DPcat",476,"productCA","SCA_LCDST(36, 19)",649,36,19,19,"INGREDIENT_MEASURED","2026-08-31"
"DPcat",477,"productCA","SCA_LCDST(38, 20)",723,38,20,20,"INGREDIENT_MEASURED","2026-08-31"
"DPcat",477,"productCA","SCA_LCDST(38, 20)",723,38,20,20,"INGREDIENT_MEASURED","2026-08-31"
"DPcat",478,"productCA","SCA_LCDST(38, 20)",723,38,20,20,"INGREDIENT_MEASURED","2026-08-31"
"DPcat",478,"productCA","SCA_LCDST(39, 20)",742,39,20,20,"INGREDIENT_MEASURED","2026-08-31"
"DPcat",479,"productCA","SCA_LCDST(39, 20)",742,39,20,20,"INGREDIENT_MEASURED","2026-08-31"
"DPcat",479,"productCA","SCA_LCDST(39, 20)",742,39,20,20,"INGREDIENT_MEASURED","2026-08-31"
"DPcat",480,"productCA","SCA_LCDST(38, 20)",723,38,20,20,"INGREDIENT_MEASURED","2026-08-31"
"DPcat",480,"productCA","productCA(SCA_LCDST(38, 20)[, 1:37], SCA_LCDST(38, 20)[, 1:37], 20)",1426,1369,20,20,"INGREDIENT_MEASURED","2026-08-31"
"DPcat",480,"productCA","SCA_LCDST(38, 20)",723,38,20,20,"INGREDIENT_MEASURED","2026-08-31"
"DPcat",480,"productCA","SCA_LCDST(38, 20)",723,38,20,20,"INGREDIENT_MEASURED","2026-08-31"
"DPcat",481,"productCA","SCA_LCDST(42, 21)",841,42,21,21,"INGREDIENT_MEASURED","2026-08-31"
"DPcat",481,"productCA","SCA_LCDST(42, 21)",841,42,21,21,"INGREDIENT_MEASURED","2026-08-31"
"DPcat",482,"productCA","SCA_LCDST(42, 21)",841,42,21,21,"INGREDIENT_MEASURED","2026-08-31"
"DPcat",482,"productCA","productCA(SCA_LCDST(42, 21)[, 1:41], SCA_LCDST(42, 21)[, 1:41], 21)",1661,1681,21,21,"INGREDIENT_MEASURED","2026-08-31"
"DPcat",482,"productCA","SCA_LCDST(42, 21)",841,42,21,21,"INGREDIENT_MEASURED","2026-08-31"
"DPcat",482,"productCA","SCA_LCDST(42, 21)",841,42,21,21,"INGREDIENT_MEASURED","2026-08-31"
"DPcat",483,"productCA","SCA_LCDST(44, 22)",925,44,22,22,"INGREDIENT_MEASURED","2026-08-31"
"DPcat",483,"productCA","SCA_LCDST(44, 22)",925,44,22,22,"INGREDIENT_MEASURED","2026-08-31"
"DPcat",484,"productCA","SCA_LCDST(44, 22)",925,44,22,22,"INGREDIENT_MEASURED","2026-08-31"
"DPcat",484,"productCA","productCA(SCA_LCDST(44, 22)[, 1:43], SCA_LCDST(44, 22)[, 1:43], 22)",1828,1849,22,22,"INGREDIENT_MEASURED","2026-08-31"
"DPcat",484,"productCA","SCA_LCDST(44, 22)",925,44,22,22,"INGREDIENT_MEASURED","2026-08-31"
"DPcat",484,"productCA","SCA_LCDST(44, 22)",925,44,22,22,"INGREDIENT_MEASURED","2026-08-31"
"PCAcat",1,"productPCA","SCA_LCDST(5, 3)",11,5,3,3,"INGREDIENT_MEASURED","2026-08-31"
"PCAcat",1,"productPCA","SCA_LCDST(5, 3)",11,5,3,3,"INGREDIENT_MEASURED","2026-08-31"
"PCAcat",2,"productPCA","SCA_LCDST(5, 3)",11,5,3,3,"INGREDIENT_MEASURED","2026-08-31"
"PCAcat",2,"productPCA","miscCA(2, 9, 3)",13,9,3,3,"INGREDIENT_MEASURED","2026-08-31"
"PCAcat",3,"productPCA","SCA_LCDST(5, 3)",11,5,3,3,"INGREDIENT_MEASURED","2026-08-31"
"PCAcat",3,"productPCA","miscCA(2, 10, 3)",14,10,3,3,"INGREDIENT_MEASURED","2026-08-31"
"PCAcat",4,"productPCA","miscCA(2, 9, 3)",13,9,3,3,"INGREDIENT_MEASURED","2026-08-31"
"PCAcat",4,"productPCA","miscCA(2, 9, 3)",13,9,3,3,"INGREDIENT_MEASURED","2026-08-31"
"PCAcat",5,"productPCA","SCA_Bose(3)",9,4,3,3,"INGREDIENT_MEASURED","2026-08-31"
"PCAcat",5,"productPCA","productPCA(SCA_LCDST(5, 3), SCA_LCDST(5, 3))",19,24,3,3,"INGREDIENT_MEASURED","2026-08-31"
"PCAcat",5,"productPCA","SCA_LCDST(5, 3)",11,5,3,3,"INGREDIENT_MEASURED","2026-08-31"
"PCAcat",5,"productPCA","SCA_LCDST(5, 3)",11,5,3,3,"INGREDIENT_MEASURED","2026-08-31"
"PCAcat",6,"productPCA","SCA_Bose(3)",9,4,3,3,"INGREDIENT_MEASURED","2026-08-31"
"PCAcat",6,"productPCA","productPCA(SCA_LCDST(5, 3), miscCA(2, 9, 3))",21,40,3,3,"INGREDIENT_MEASURED","2026-08-31"
"PCAcat",6,"productPCA","SCA_LCDST(5, 3)",11,5,3,3,"INGREDIENT_MEASURED","2026-08-31"
"PCAcat",6,"productPCA","miscCA(2, 9, 3)",13,9,3,3,"INGREDIENT_MEASURED","2026-08-31"
"PCAcat",7,"productPCA","SCA_Bose(3)",9,4,3,3,"INGREDIENT_MEASURED","2026-08-31"
"PCAcat",7,"productPCA","productPCA(SCA_LCDST(5, 3), miscCA(2, 10, 3))",22,43,3,3,"INGREDIENT_MEASURED","2026-08-31"
"PCAcat",7,"productPCA","SCA_LCDST(5, 3)",11,5,3,3,"INGREDIENT_MEASURED","2026-08-31"
"PCAcat",7,"productPCA","miscCA(2, 10, 3)",14,10,3,3,"INGREDIENT_MEASURED","2026-08-31"
"PCAcat",8,"productPCA","SCA_Bose(3)",9,4,3,3,"INGREDIENT_MEASURED","2026-08-31"
"PCAcat",8,"productPCA","productPCA(miscCA(2, 9, 3), miscCA(2, 9, 3))",23,56,3,3,"INGREDIENT_MEASURED","2026-08-31"
"PCAcat",8,"productPCA","miscCA(2, 9, 3)",13,9,3,3,"INGREDIENT_MEASURED","2026-08-31"
"PCAcat",8,"productPCA","miscCA(2, 9, 3)",13,9,3,3,"INGREDIENT_MEASURED","2026-08-31"
"PCAcat",9,"productPCA","SCA_Bose(3)",9,4,3,3,"INGREDIENT_MEASURED","2026-08-31"
"PCAcat",9,"productPCA","productPCA(SCA_Bose(3), productPCA(SCA_LCDST(5, 3), SCA_LCDST(5, 3)))",25,88,3,3,"INGREDIENT_MEASURED","2026-08-31"
"PCAcat",9,"productPCA","SCA_Bose(3)",9,4,3,3,"INGREDIENT_MEASURED","2026-08-31"
"PCAcat",9,"productPCA","productPCA(SCA_LCDST(5, 3), SCA_LCDST(5, 3))",19,24,3,3,"INGREDIENT_MEASURED","2026-08-31"
"PCAcat",9,"productPCA","SCA_LCDST(5, 3)",11,5,3,3,"INGREDIENT_MEASURED","2026-08-31"
"PCAcat",9,"productPCA","SCA_LCDST(5, 3)",11,5,3,3,"INGREDIENT_MEASURED","2026-08-31"
"PCAcat",10,"productPCA","SCA_Bose(3)",9,4,3,3,"INGREDIENT_MEASURED","2026-08-31"
"PCAcat",10,"productPCA","productPCA(SCA_Bose(3), productPCA(SCA_LCDST(5, 3), miscCA(2, 9, 3)))",27,136,3,3,"INGREDIENT_MEASURED","2026-08-31"
"PCAcat",10,"productPCA","SCA_Bose(3)",9,4,3,3,"INGREDIENT_MEASURED","2026-08-31"
"PCAcat",10,"productPCA","productPCA(SCA_LCDST(5, 3), miscCA(2, 9, 3))",21,40,3,3,"INGREDIENT_MEASURED","2026-08-31"
"PCAcat",10,"productPCA","SCA_LCDST(5, 3)",11,5,3,3,"INGREDIENT_MEASURED","2026-08-31"
"PCAcat",10,"productPCA","miscCA(2, 9, 3)",13,9,3,3,"INGREDIENT_MEASURED","2026-08-31"
"PCAcat",11,"productPCA","SCA_Bose(3)",9,4,3,3,"INGREDIENT_MEASURED","2026-08-31"
"PCAcat",11,"productPCA","productPCA(SCA_Bose(3), productPCA(SCA_LCDST(5, 3), miscCA(2, 10, 3)))",28,141,3,3,"INGREDIENT_MEASURED","2026-08-31"
"PCAcat",11,"productPCA","SCA_Bose(3)",9,4,3,3,"INGREDIENT_MEASURED","2026-08-31"
"PCAcat",11,"productPCA","productPCA(SCA_LCDST(5, 3), miscCA(2, 10, 3))",22,43,3,3,"INGREDIENT_MEASURED","2026-08-31"
"PCAcat",11,"productPCA","SCA_LCDST(5, 3)",11,5,3,3,"INGREDIENT_MEASURED","2026-08-31"
"PCAcat",11,"productPCA","miscCA(2, 10, 3)",14,10,3,3,"INGREDIENT_MEASURED","2026-08-31"
"PCAcat",12,"productPCA","SCA_Bose(3)",9,4,3,3,"INGREDIENT_MEASURED","2026-08-31"
"PCAcat",12,"productPCA","productPCA(SCA_Bose(3), productPCA(miscCA(2, 9, 3), miscCA(2, 9, 3)))",29,184,3,3,"INGREDIENT_MEASURED","2026-08-31"
"PCAcat",12,"productPCA","SCA_Bose(3)",9,4,3,3,"INGREDIENT_MEASURED","2026-08-31"
"PCAcat",12,"productPCA","productPCA(miscCA(2, 9, 3), miscCA(2, 9, 3))",23,56,3,3,"INGREDIENT_MEASURED","2026-08-31"
"PCAcat",12,"productPCA","miscCA(2, 9, 3)",13,9,3,3,"INGREDIENT_MEASURED","2026-08-31"
"PCAcat",12,"productPCA","miscCA(2, 9, 3)",13,9,3,3,"INGREDIENT_MEASURED","2026-08-31"
"PCAcat",13,"productPCA","SCA_Bose(3)",9,4,3,3,"INGREDIENT_MEASURED","2026-08-31"
"PCAcat",13,"productPCA","productPCA(SCA_Bose(3), productPCA(SCA_Bose(3), productPCA(SCA_LCDST(5, 3), SCA_LCDST(5,     3))))",31,312,3,3,"INGREDIENT_MEASURED","2026-08-31"
"PCAcat",13,"productPCA","SCA_Bose(3)",9,4,3,3,"INGREDIENT_MEASURED","2026-08-31"
"PCAcat",13,"productPCA","productPCA(SCA_Bose(3), productPCA(SCA_LCDST(5, 3), SCA_LCDST(5, 3)))",25,88,3,3,"INGREDIENT_MEASURED","2026-08-31"
"PCAcat",13,"productPCA","SCA_Bose(3)",9,4,3,3,"INGREDIENT_MEASURED","2026-08-31"
"PCAcat",13,"productPCA","productPCA(SCA_LCDST(5, 3), SCA_LCDST(5, 3))",19,24,3,3,"INGREDIENT_MEASURED","2026-08-31"
"PCAcat",13,"productPCA","SCA_LCDST(5, 3)",11,5,3,3,"INGREDIENT_MEASURED","2026-08-31"
"PCAcat",13,"productPCA","SCA_LCDST(5, 3)",11,5,3,3,"INGREDIENT_MEASURED","2026-08-31"
"PCAcat",14,"productPCA","SCA_Bose(3)",9,4,3,3,"INGREDIENT_MEASURED","2026-08-31"
"PCAcat",14,"productPCA","productPCA(SCA_Bose(3), productPCA(SCA_Bose(3), productPCA(SCA_LCDST(5, 3), miscCA(2,     9, 3))))",33,456,3,3,"INGREDIENT_MEASURED","2026-08-31"
"PCAcat",14,"productPCA","SCA_Bose(3)",9,4,3,3,"INGREDIENT_MEASURED","2026-08-31"
"PCAcat",14,"productPCA","productPCA(SCA_Bose(3), productPCA(SCA_LCDST(5, 3), miscCA(2, 9, 3)))",27,136,3,3,"INGREDIENT_MEASURED","2026-08-31"
"PCAcat",14,"productPCA","SCA_Bose(3)",9,4,3,3,"INGREDIENT_MEASURED","2026-08-31"
"PCAcat",14,"productPCA","productPCA(SCA_LCDST(5, 3), miscCA(2, 9, 3))",21,40,3,3,"INGREDIENT_MEASURED","2026-08-31"
"PCAcat",14,"productPCA","SCA_LCDST(5, 3)",11,5,3,3,"INGREDIENT_MEASURED","2026-08-31"
"PCAcat",14,"productPCA","miscCA(2, 9, 3)",13,9,3,3,"INGREDIENT_MEASURED","2026-08-31"
"PCAcat",15,"productPCA","SCA_LCDST(5, 3)",11,5,3,3,"INGREDIENT_MEASURED","2026-08-31"
"PCAcat",15,"productPCA","productPCA(SCA_Bose(3), productPCA(SCA_Bose(3), productPCA(SCA_LCDST(5, 3), miscCA(2,     9, 3))))",33,456,3,3,"INGREDIENT_MEASURED","2026-08-31"
"PCAcat",15,"productPCA","SCA_Bose(3)",9,4,3,3,"INGREDIENT_MEASURED","2026-08-31"
"PCAcat",15,"productPCA","productPCA(SCA_Bose(3), productPCA(SCA_LCDST(5, 3), miscCA(2, 9, 3)))",27,136,3,3,"INGREDIENT_MEASURED","2026-08-31"
"PCAcat",15,"productPCA","SCA_Bose(3)",9,4,3,3,"INGREDIENT_MEASURED","2026-08-31"
"PCAcat",15,"productPCA","productPCA(SCA_LCDST(5, 3), miscCA(2, 9, 3))",21,40,3,3,"INGREDIENT_MEASURED","2026-08-31"
"PCAcat",15,"productPCA","SCA_LCDST(5, 3)",11,5,3,3,"INGREDIENT_MEASURED","2026-08-31"
"PCAcat",15,"productPCA","miscCA(2, 9, 3)",13,9,3,3,"INGREDIENT_MEASURED","2026-08-31"
"PCAcat",16,"productPCA","SCA_Bose(3)",9,4,3,3,"INGREDIENT_MEASURED","2026-08-31"
"PCAcat",16,"productPCA","productPCA(SCA_Bose(3), productPCA(SCA_Bose(3), productPCA(SCA_Bose(3), productPCA(SCA_LCDST(5,     3), SCA_LCDST(5, 3)))))",37,1080,3,3,"INGREDIENT_MEASURED","2026-08-31"
"PCAcat",16,"productPCA","SCA_Bose(3)",9,4,3,3,"INGREDIENT_MEASURED","2026-08-31"
"PCAcat",16,"productPCA","productPCA(SCA_Bose(3), productPCA(SCA_Bose(3), productPCA(SCA_LCDST(5, 3), SCA_LCDST(5,     3))))",31,312,3,3,"INGREDIENT_MEASURED","2026-08-31"
"PCAcat",16,"productPCA","SCA_Bose(3)",9,4,3,3,"INGREDIENT_MEASURED","2026-08-31"
"PCAcat",16,"productPCA","productPCA(SCA_Bose(3), productPCA(SCA_LCDST(5, 3), SCA_LCDST(5, 3)))",25,88,3,3,"INGREDIENT_MEASURED","2026-08-31"
"PCAcat",16,"productPCA","SCA_Bose(3)",9,4,3,3,"INGREDIENT_MEASURED","2026-08-31"
"PCAcat",16,"productPCA","productPCA(SCA_LCDST(5, 3), SCA_LCDST(5, 3))",19,24,3,3,"INGREDIENT_MEASURED","2026-08-31"
"PCAcat",16,"productPCA","SCA_LCDST(5, 3)",11,5,3,3,"INGREDIENT_MEASURED","2026-08-31"
"PCAcat",16,"productPCA","SCA_LCDST(5, 3)",11,5,3,3,"INGREDIENT_MEASURED","2026-08-31"
"PCAcat",17,"productPCA","SCA_Bose(3)",9,4,3,3,"INGREDIENT_MEASURED","2026-08-31"
"PCAcat",17,"productPCA","productPCA(SCA_Bose(3), productPCA(SCA_Bose(3), productPCA(SCA_Bose(3), productPCA(SCA_LCDST(5,     3), miscCA(2, 9, 3)))))",39,1512,3,3,"INGREDIENT_MEASURED","2026-08-31"
"PCAcat",17,"productPCA","SCA_Bose(3)",9,4,3,3,"INGREDIENT_MEASURED","2026-08-31"
"PCAcat",17,"productPCA","productPCA(SCA_Bose(3), productPCA(SCA_Bose(3), productPCA(SCA_LCDST(5, 3), miscCA(2,     9, 3))))",33,456,3,3,"INGREDIENT_MEASURED","2026-08-31"
"PCAcat",17,"productPCA","SCA_Bose(3)",9,4,3,3,"INGREDIENT_MEASURED","2026-08-31"
"PCAcat",17,"productPCA","productPCA(SCA_Bose(3), productPCA(SCA_LCDST(5, 3), miscCA(2, 9, 3)))",27,136,3,3,"INGREDIENT_MEASURED","2026-08-31"
"PCAcat",17,"productPCA","SCA_Bose(3)",9,4,3,3,"INGREDIENT_MEASURED","2026-08-31"
"PCAcat",17,"productPCA","productPCA(SCA_LCDST(5, 3), miscCA(2, 9, 3))",21,40,3,3,"INGREDIENT_MEASURED","2026-08-31"
"PCAcat",17,"productPCA","SCA_LCDST(5, 3)",11,5,3,3,"INGREDIENT_MEASURED","2026-08-31"
"PCAcat",17,"productPCA","miscCA(2, 9, 3)",13,9,3,3,"INGREDIENT_MEASURED","2026-08-31"
"PCAcat",18,"productPCA","SCA_LCDST(5, 3)",11,5,3,3,"INGREDIENT_MEASURED","2026-08-31"
"PCAcat",18,"productPCA","productPCA(SCA_Bose(3), productPCA(SCA_Bose(3), productPCA(SCA_Bose(3), productPCA(SCA_LCDST(5,     3), miscCA(2, 9, 3)))))",39,1512,3,3,"INGREDIENT_MEASURED","2026-08-31"
"PCAcat",18,"productPCA","SCA_Bose(3)",9,4,3,3,"INGREDIENT_MEASURED","2026-08-31"
"PCAcat",18,"productPCA","productPCA(SCA_Bose(3), productPCA(SCA_Bose(3), productPCA(SCA_LCDST(5, 3), miscCA(2,     9, 3))))",33,456,3,3,"INGREDIENT_MEASURED","2026-08-31"
"PCAcat",18,"productPCA","SCA_Bose(3)",9,4,3,3,"INGREDIENT_MEASURED","2026-08-31"
"PCAcat",18,"productPCA","productPCA(SCA_Bose(3), productPCA(SCA_LCDST(5, 3), miscCA(2, 9, 3)))",27,136,3,3,"INGREDIENT_MEASURED","2026-08-31"
"PCAcat",18,"productPCA","SCA_Bose(3)",9,4,3,3,"INGREDIENT_MEASURED","2026-08-31"
"PCAcat",18,"productPCA","productPCA(SCA_LCDST(5, 3), miscCA(2, 9, 3))",21,40,3,3,"INGREDIENT_MEASURED","2026-08-31"
"PCAcat",18,"productPCA","SCA_LCDST(5, 3)",11,5,3,3,"INGREDIENT_MEASURED","2026-08-31"
"PCAcat",18,"productPCA","miscCA(2, 9, 3)",13,9,3,3,"INGREDIENT_MEASURED","2026-08-31"
"PCAcat",19,"productPCA","SCA_LCDST(5, 3)",11,5,3,3,"INGREDIENT_MEASURED","2026-08-31"
"PCAcat",19,"productPCA","productPCA(SCA_LCDST(5, 3), productPCA(SCA_Bose(3), productPCA(SCA_Bose(3), productPCA(SCA_LCDST(5,     3), miscCA(2, 9, 3)))))",41,1968,3,3,"INGREDIENT_MEASURED","2026-08-31"
"PCAcat",19,"productPCA","SCA_LCDST(5, 3)",11,5,3,3,"INGREDIENT_MEASURED","2026-08-31"
"PCAcat",19,"productPCA","productPCA(SCA_Bose(3), productPCA(SCA_Bose(3), productPCA(SCA_LCDST(5, 3), miscCA(2,     9, 3))))",33,456,3,3,"INGREDIENT_MEASURED","2026-08-31"
"PCAcat",19,"productPCA","SCA_Bose(3)",9,4,3,3,"INGREDIENT_MEASURED","2026-08-31"
"PCAcat",19,"productPCA","productPCA(SCA_Bose(3), productPCA(SCA_LCDST(5, 3), miscCA(2, 9, 3)))",27,136,3,3,"INGREDIENT_MEASURED","2026-08-31"
"PCAcat",19,"productPCA","SCA_Bose(3)",9,4,3,3,"INGREDIENT_MEASURED","2026-08-31"
"PCAcat",19,"productPCA","productPCA(SCA_LCDST(5, 3), miscCA(2, 9, 3))",21,40,3,3,"INGREDIENT_MEASURED","2026-08-31"
"PCAcat",19,"productPCA","SCA_LCDST(5, 3)",11,5,3,3,"INGREDIENT_MEASURED","2026-08-31"
"PCAcat",19,"productPCA","miscCA(2, 9, 3)",13,9,3,3,"INGREDIENT_MEASURED","2026-08-31"
"PCAcat",20,"productPCA","SCA_LCDST(5, 3)",11,5,3,3,"INGREDIENT_MEASURED","2026-08-31"
"PCAcat",20,"productPCA","productPCA(miscCA(2, 9, 3), productPCA(SCA_LCDST(5, 3), productPCA(SCA_Bose(3), productPCA(SCA_LCDST(5,     3), SCA_LCDST(5, 3)))))",43,2560,3,3,"INGREDIENT_MEASURED","2026-08-31"
"PCAcat",20,"productPCA","miscCA(2, 9, 3)",13,9,3,3,"INGREDIENT_MEASURED","2026-08-31"
"PCAcat",20,"productPCA","productPCA(SCA_LCDST(5, 3), productPCA(SCA_Bose(3), productPCA(SCA_LCDST(5, 3), SCA_LCDST(5,     3))))",33,400,3,3,"INGREDIENT_MEASURED","2026-08-31"
"PCAcat",20,"productPCA","SCA_LCDST(5, 3)",11,5,3,3,"INGREDIENT_MEASURED","2026-08-31"
"PCAcat",20,"productPCA","productPCA(SCA_Bose(3), productPCA(SCA_LCDST(5, 3), SCA_LCDST(5, 3)))",25,88,3,3,"INGREDIENT_MEASURED","2026-08-31"
"PCAcat",20,"productPCA","SCA_Bose(3)",9,4,3,3,"INGREDIENT_MEASURED","2026-08-31"
"PCAcat",20,"productPCA","productPCA(SCA_LCDST(5, 3), SCA_LCDST(5, 3))",19,24,3,3,"INGREDIENT_MEASURED","2026-08-31"
"PCAcat",20,"productPCA","SCA_LCDST(5, 3)",11,5,3,3,"INGREDIENT_MEASURED","2026-08-31"
"PCAcat",20,"productPCA","SCA_LCDST(5, 3)",11,5,3,3,"INGREDIENT_MEASURED","2026-08-31"
"PCAcat",21,"productPCA","miscCA(2, 9, 3)",13,9,3,3,"INGREDIENT_MEASURED","2026-08-31"
"PCAcat",21,"productPCA","productPCA(SCA_LCDST(5, 3), productPCA(SCA_LCDST(5, 3), productPCA(SCA_LCDST(5, 3), productPCA(SCA_LCDST(5,     3), SCA_LCDST(5, 3)))))",43,2304,3,3,"INGREDIENT_MEASURED","2026-08-31"
"PCAcat",21,"productPCA","SCA_LCDST(5, 3)",11,5,3,3,"INGREDIENT_MEASURED","2026-08-31"
"PCAcat",21,"productPCA","productPCA(SCA_LCDST(5, 3), productPCA(SCA_LCDST(5, 3), productPCA(SCA_LCDST(5, 3), SCA_LCDST(5,     3))))",35,512,3,3,"INGREDIENT_MEASURED","2026-08-31"
"PCAcat",21,"productPCA","SCA_LCDST(5, 3)",11,5,3,3,"INGREDIENT_MEASURED","2026-08-31"
"PCAcat",21,"productPCA","productPCA(SCA_LCDST(5, 3), productPCA(SCA_LCDST(5, 3), SCA_LCDST(5, 3)))",27,112,3,3,"INGREDIENT_MEASURED","2026-08-31"
"PCAcat",21,"productPCA","SCA_LCDST(5, 3)",11,5,3,3,"INGREDIENT_MEASURED","2026-08-31"
"PCAcat",21,"productPCA","productPCA(SCA_LCDST(5, 3), SCA_LCDST(5, 3))",19,24,3,3,"INGREDIENT_MEASURED","2026-08-31"
"PCAcat",21,"productPCA","SCA_LCDST(5, 3)",11,5,3,3,"INGREDIENT_MEASURED","2026-08-31"
"PCAcat",21,"productPCA","SCA_LCDST(5, 3)",11,5,3,3,"INGREDIENT_MEASURED","2026-08-31"
"PCAcat",22,"productPCA","SCA_LCDST(5, 3)",11,5,3,3,"INGREDIENT_MEASURED","2026-08-31"
"PCAcat",22,"productPCA","productPCA(SCA_LCDST(5, 3), productPCA(SCA_LCDST(5, 3), productPCA(SCA_LCDST(5, 3), productPCA(miscCA(2,     9, 3), miscCA(2, 9, 3)))))",47,4352,3,3,"INGREDIENT_MEASURED","2026-08-31"
"PCAcat",22,"productPCA","SCA_LCDST(5, 3)",11,5,3,3,"INGREDIENT_MEASURED","2026-08-31"
"PCAcat",22,"productPCA","productPCA(SCA_LCDST(5, 3), productPCA(SCA_LCDST(5, 3), productPCA(miscCA(2, 9, 3), miscCA(2,     9, 3))))",39,1024,3,3,"INGREDIENT_MEASURED","2026-08-31"
"PCAcat",22,"productPCA","SCA_LCDST(5, 3)",11,5,3,3,"INGREDIENT_MEASURED","2026-08-31"
"PCAcat",22,"productPCA","productPCA(SCA_LCDST(5, 3), productPCA(miscCA(2, 9, 3), miscCA(2, 9, 3)))",31,240,3,3,"INGREDIENT_MEASURED","2026-08-31"
"PCAcat",22,"productPCA","SCA_LCDST(5, 3)",11,5,3,3,"INGREDIENT_MEASURED","2026-08-31"
"PCAcat",22,"productPCA","productPCA(miscCA(2, 9, 3), miscCA(2, 9, 3))",23,56,3,3,"INGREDIENT_MEASURED","2026-08-31"
"PCAcat",22,"productPCA","miscCA(2, 9, 3)",13,9,3,3,"INGREDIENT_MEASURED","2026-08-31"
"PCAcat",22,"productPCA","miscCA(2, 9, 3)",13,9,3,3,"INGREDIENT_MEASURED","2026-08-31"
"PCAcat",23,"productPCA","CS_CMMSSY(6, 3)",13,6,3,3,"INGREDIENT_MEASURED","2026-08-31"
"PCAcat",23,"productPCA","productPCA(SCA_LCDST(5, 3), productPCA(SCA_LCDST(5, 3), productPCA(SCA_LCDST(5, 3), productPCA(miscCA(2,     9, 3), miscCA(2, 9, 3)))))",47,4352,3,3,"INGREDIENT_MEASURED","2026-08-31"
"PCAcat",23,"productPCA","SCA_LCDST(5, 3)",11,5,3,3,"INGREDIENT_MEASURED","2026-08-31"
"PCAcat",23,"productPCA","productPCA(SCA_LCDST(5, 3), productPCA(SCA_LCDST(5, 3), productPCA(miscCA(2, 9, 3), miscCA(2,     9, 3))))",39,1024,3,3,"INGREDIENT_MEASURED","2026-08-31"
"PCAcat",23,"productPCA","SCA_LCDST(5, 3)",11,5,3,3,"INGREDIENT_MEASURED","2026-08-31"
"PCAcat",23,"productPCA","productPCA(SCA_LCDST(5, 3), productPCA(miscCA(2, 9, 3), miscCA(2, 9, 3)))",31,240,3,3,"INGREDIENT_MEASURED","2026-08-31"
"PCAcat",23,"productPCA","SCA_LCDST(5, 3)",11,5,3,3,"INGREDIENT_MEASURED","2026-08-31"
"PCAcat",23,"productPCA","productPCA(miscCA(2, 9, 3), miscCA(2, 9, 3))",23,56,3,3,"INGREDIENT_MEASURED","2026-08-31"
"PCAcat",23,"productPCA","miscCA(2, 9, 3)",13,9,3,3,"INGREDIENT_MEASURED","2026-08-31"
"PCAcat",23,"productPCA","miscCA(2, 9, 3)",13,9,3,3,"INGREDIENT_MEASURED","2026-08-31"
"PCAcat",24,"productPCA","SCA_LCDST(6, 4)",19,6,4,4,"INGREDIENT_MEASURED","2026-08-31"
"PCAcat",24,"productPCA","SCA_LCDST(6, 4)",19,6,4,4,"INGREDIENT_MEASURED","2026-08-31"
"PCAcat",25,"productPCA","SCA_LCDST(6, 4)",19,6,4,4,"INGREDIENT_MEASURED","2026-08-31"
"PCAcat",25,"productPCA","miscCA(2, 7, 4)",21,7,4,4,"INGREDIENT_MEASURED","2026-08-31"
"PCAcat",26,"productPCA","miscCA(2, 7, 4)",21,7,4,4,"INGREDIENT_MEASURED","2026-08-31"
"PCAcat",26,"productPCA","miscCA(2, 7, 4)",21,7,4,4,"INGREDIENT_MEASURED","2026-08-31"
"PCAcat",27,"productPCA","miscCA(2, 7, 4)",21,7,4,4,"INGREDIENT_MEASURED","2026-08-31"
"PCAcat",27,"productPCA","miscCA(2, 8, 4)",23,8,4,4,"INGREDIENT_MEASURED","2026-08-31"
"PCAcat",28,"productPCA","SCA_LCDST(6, 4)",19,6,4,4,"INGREDIENT_MEASURED","2026-08-31"
"PCAcat",28,"productPCA","miscCA(2, 15, 4)",26,15,4,4,"INGREDIENT_MEASURED","2026-08-31"
"PCAcat",29,"productPCA","miscCA(2, 7, 4)",21,7,4,4,"INGREDIENT_MEASURED","2026-08-31"
"PCAcat",29,"productPCA","miscCA(2, 15, 4)",26,15,4,4,"INGREDIENT_MEASURED","2026-08-31"
"PCAcat",30,"productPCA","miscCA(2, 8, 4)",23,8,4,4,"INGREDIENT_MEASURED","2026-08-31"
"PCAcat",30,"productPCA","miscCA(2, 15, 4)",26,15,4,4,"INGREDIENT_MEASURED","2026-08-31"
"PCAcat",31,"productPCA","SCA_Bose(4)",16,5,4,4,"INGREDIENT_MEASURED","2026-08-31"
"PCAcat",31,"productPCA","productPCA(SCA_LCDST(6, 4), SCA_LCDST(6, 4))",34,35,4,4,"INGREDIENT_MEASURED","2026-08-31"
"PCAcat",31,"productPCA","SCA_LCDST(6, 4)",19,6,4,4,"INGREDIENT_MEASURED","2026-08-31"
"PCAcat",31,"productPCA","SCA_LCDST(6, 4)",19,6,4,4,"INGREDIENT_MEASURED","2026-08-31"
"PCAcat",32,"productPCA","miscCA(2, 15, 4)",26,15,4,4,"INGREDIENT_MEASURED","2026-08-31"
"PCAcat",32,"productPCA","miscCA(2, 15, 4)",26,15,4,4,"INGREDIENT_MEASURED","2026-08-31"
"PCAcat",33,"productPCA","SCA_Bose(4)",16,5,4,4,"INGREDIENT_MEASURED","2026-08-31"
"PCAcat",33,"productPCA","productPCA(miscCA(2, 7, 4), miscCA(2, 7, 4))",38,48,4,4,"INGREDIENT_MEASURED","2026-08-31"
"PCAcat",33,"productPCA","miscCA(2, 7, 4)",21,7,4,4,"INGREDIENT_MEASURED","2026-08-31"
"PCAcat",33,"productPCA","miscCA(2, 7, 4)",21,7,4,4,"INGREDIENT_MEASURED","2026-08-31"
"PCAcat",34,"productPCA","SCA_LCDST(6, 4)",19,6,4,4,"INGREDIENT_MEASURED","2026-08-31"
"PCAcat",34,"productPCA","productPCA(SCA_LCDST(6, 4), miscCA(2, 7, 4))",36,41,4,4,"INGREDIENT_MEASURED","2026-08-31"
"PCAcat",34,"productPCA","SCA_LCDST(6, 4)",19,6,4,4,"INGREDIENT_MEASURED","2026-08-31"
"PCAcat",34,"productPCA","miscCA(2, 7, 4)",21,7,4,4,"INGREDIENT_MEASURED","2026-08-31"
"PCAcat",35,"productPCA","SCA_Bose(4)",16,5,4,4,"INGREDIENT_MEASURED","2026-08-31"
"PCAcat",35,"productPCA","productPCA(miscCA(2, 7, 4), miscCA(2, 8, 4))",40,54,4,4,"INGREDIENT_MEASURED","2026-08-31"
"PCAcat",35,"productPCA","miscCA(2, 7, 4)",21,7,4,4,"INGREDIENT_MEASURED","2026-08-31"
"PCAcat",35,"productPCA","miscCA(2, 8, 4)",23,8,4,4,"INGREDIENT_MEASURED","2026-08-31"
"PCAcat",36,"productPCA","SCA_Bose(4)",16,5,4,4,"INGREDIENT_MEASURED","2026-08-31"
"PCAcat",36,"productPCA","productPCA(SCA_LCDST(6, 4), miscCA(2, 15, 4))",41,86,4,4,"INGREDIENT_MEASURED","2026-08-31"
"PCAcat",36,"productPCA","SCA_LCDST(6, 4)",19,6,4,4,"INGREDIENT_MEASURED","2026-08-31"
"PCAcat",36,"productPCA","miscCA(2, 15, 4)",26,15,4,4,"INGREDIENT_MEASURED","2026-08-31"
"PCAcat",37,"productPCA","SCA_Bose(4)",16,5,4,4,"INGREDIENT_MEASURED","2026-08-31"
"PCAcat",37,"productPCA","productPCA(miscCA(2, 7, 4), miscCA(2, 15, 4))",43,101,4,4,"INGREDIENT_MEASURED","2026-08-31"
"PCAcat",37,"productPCA","miscCA(2, 7, 4)",21,7,4,4,"INGREDIENT_MEASURED","2026-08-31"
"PCAcat",37,"productPCA","miscCA(2, 15, 4)",26,15,4,4,"INGREDIENT_MEASURED","2026-08-31"
"PCAcat",38,"productPCA","SCA_LCDST(6, 4)",19,6,4,4,"INGREDIENT_MEASURED","2026-08-31"
"PCAcat",38,"productPCA","productPCA(SCA_LCDST(6, 4), miscCA(2, 15, 4))",41,86,4,4,"INGREDIENT_MEASURED","2026-08-31"
"PCAcat",38,"productPCA","SCA_LCDST(6, 4)",19,6,4,4,"INGREDIENT_MEASURED","2026-08-31"
"PCAcat",38,"productPCA","miscCA(2, 15, 4)",26,15,4,4,"INGREDIENT_MEASURED","2026-08-31"
"PCAcat",39,"productPCA","SCA_Bose(4)",16,5,4,4,"INGREDIENT_MEASURED","2026-08-31"
"PCAcat",39,"productPCA","productPCA(miscCA(2, 8, 4), miscCA(2, 15, 4))",45,112,4,4,"INGREDIENT_MEASURED","2026-08-31"
"PCAcat",39,"productPCA","miscCA(2, 8, 4)",23,8,4,4,"INGREDIENT_MEASURED","2026-08-31"
"PCAcat",39,"productPCA","miscCA(2, 15, 4)",26,15,4,4,"INGREDIENT_MEASURED","2026-08-31"
"PCAcat",40,"productPCA","SCA_Bose(4)",16,5,4,4,"INGREDIENT_MEASURED","2026-08-31"
"PCAcat",40,"productPCA","productPCA(SCA_Bose(4), productPCA(SCA_LCDST(6, 4), SCA_LCDST(6, 4)))",46,165,4,4,"INGREDIENT_MEASURED","2026-08-31"
"PCAcat",40,"productPCA","SCA_Bose(4)",16,5,4,4,"INGREDIENT_MEASURED","2026-08-31"
"PCAcat",40,"productPCA","productPCA(SCA_LCDST(6, 4), SCA_LCDST(6, 4))",34,35,4,4,"INGREDIENT_MEASURED","2026-08-31"
"PCAcat",40,"productPCA","SCA_LCDST(6, 4)",19,6,4,4,"INGREDIENT_MEASURED","2026-08-31"
"PCAcat",40,"productPCA","SCA_LCDST(6, 4)",19,6,4,4,"INGREDIENT_MEASURED","2026-08-31"
"PCAcat",41,"productPCA","SCA_Bose(4)",16,5,4,4,"INGREDIENT_MEASURED","2026-08-31"
"PCAcat",41,"productPCA","productPCA(miscCA(2, 15, 4), miscCA(2, 15, 4))",48,209,4,4,"INGREDIENT_MEASURED","2026-08-31"
"PCAcat",41,"productPCA","miscCA(2, 15, 4)",26,15,4,4,"INGREDIENT_MEASURED","2026-08-31"
"PCAcat",41,"productPCA","miscCA(2, 15, 4)",26,15,4,4,"INGREDIENT_MEASURED","2026-08-31"
"PCAcat",42,"productPCA","SCA_Bose(4)",16,5,4,4,"INGREDIENT_MEASURED","2026-08-31"
"PCAcat",42,"productPCA","productPCA(SCA_Bose(4), productPCA(miscCA(2, 7, 4), miscCA(2, 7, 4)))",50,228,4,4,"INGREDIENT_MEASURED","2026-08-31"
"PCAcat",42,"productPCA","SCA_Bose(4)",16,5,4,4,"INGREDIENT_MEASURED","2026-08-31"
"PCAcat",42,"productPCA","productPCA(miscCA(2, 7, 4), miscCA(2, 7, 4))",38,48,4,4,"INGREDIENT_MEASURED","2026-08-31"
"PCAcat",42,"productPCA","miscCA(2, 7, 4)",21,7,4,4,"INGREDIENT_MEASURED","2026-08-31"
"PCAcat",42,"productPCA","miscCA(2, 7, 4)",21,7,4,4,"INGREDIENT_MEASURED","2026-08-31"
"PCAcat",43,"productPCA","SCA_LCDST(6, 4)",19,6,4,4,"INGREDIENT_MEASURED","2026-08-31"
"PCAcat",43,"productPCA","productPCA(miscCA(2, 15, 4), miscCA(2, 15, 4))",48,209,4,4,"INGREDIENT_MEASURED","2026-08-31"
"PCAcat",43,"productPCA","miscCA(2, 15, 4)",26,15,4,4,"INGREDIENT_MEASURED","2026-08-31"
"PCAcat",43,"productPCA","miscCA(2, 15, 4)",26,15,4,4,"INGREDIENT_MEASURED","2026-08-31"
"PCAcat",44,"productPCA","SCA_Bose(4)",16,5,4,4,"INGREDIENT_MEASURED","2026-08-31"
"PCAcat",44,"productPCA","productPCA(SCA_Bose(4), productPCA(SCA_LCDST(6, 4), miscCA(2, 15, 4)))",53,399,4,4,"INGREDIENT_MEASURED","2026-08-31"
"PCAcat",44,"productPCA","SCA_Bose(4)",16,5,4,4,"INGREDIENT_MEASURED","2026-08-31"
"PCAcat",44,"productPCA","productPCA(SCA_LCDST(6, 4), miscCA(2, 15, 4))",41,86,4,4,"INGREDIENT_MEASURED","2026-08-31"
"PCAcat",44,"productPCA","SCA_LCDST(6, 4)",19,6,4,4,"INGREDIENT_MEASURED","2026-08-31"
"PCAcat",44,"productPCA","miscCA(2, 15, 4)",26,15,4,4,"INGREDIENT_MEASURED","2026-08-31"
"PCAcat",45,"productPCA","SCA_Bose(4)",16,5,4,4,"INGREDIENT_MEASURED","2026-08-31"
"PCAcat",45,"productPCA","productPCA(SCA_Bose(4), productPCA(miscCA(2, 7, 4), miscCA(2, 15, 4)))",55,470,4,4,"INGREDIENT_MEASURED","2026-08-31"
"PCAcat",45,"productPCA","SCA_Bose(4)",16,5,4,4,"INGREDIENT_MEASURED","2026-08-31"
"PCAcat",45,"productPCA","productPCA(miscCA(2, 7, 4), miscCA(2, 15, 4))",43,101,4,4,"INGREDIENT_MEASURED","2026-08-31"
"PCAcat",45,"productPCA","miscCA(2, 7, 4)",21,7,4,4,"INGREDIENT_MEASURED","2026-08-31"
"PCAcat",45,"productPCA","miscCA(2, 15, 4)",26,15,4,4,"INGREDIENT_MEASURED","2026-08-31"
"PCAcat",46,"productPCA","SCA_LCDST(6, 4)",19,6,4,4,"INGREDIENT_MEASURED","2026-08-31"
"PCAcat",46,"productPCA","productPCA(SCA_Bose(4), productPCA(SCA_LCDST(6, 4), miscCA(2, 15, 4)))",53,399,4,4,"INGREDIENT_MEASURED","2026-08-31"
"PCAcat",46,"productPCA","SCA_Bose(4)",16,5,4,4,"INGREDIENT_MEASURED","2026-08-31"
"PCAcat",46,"productPCA","productPCA(SCA_LCDST(6, 4), miscCA(2, 15, 4))",41,86,4,4,"INGREDIENT_MEASURED","2026-08-31"
"PCAcat",46,"productPCA","SCA_LCDST(6, 4)",19,6,4,4,"INGREDIENT_MEASURED","2026-08-31"
"PCAcat",46,"productPCA","miscCA(2, 15, 4)",26,15,4,4,"INGREDIENT_MEASURED","2026-08-31"
"PCAcat",47,"productPCA","SCA_Bose(4)",16,5,4,4,"INGREDIENT_MEASURED","2026-08-31"
"PCAcat",47,"productPCA","productPCA(SCA_Bose(4), productPCA(miscCA(2, 8, 4), miscCA(2, 15, 4)))",57,514,4,4,"INGREDIENT_MEASURED","2026-08-31"
"PCAcat",47,"productPCA","SCA_Bose(4)",16,5,4,4,"INGREDIENT_MEASURED","2026-08-31"
"PCAcat",47,"productPCA","productPCA(miscCA(2, 8, 4), miscCA(2, 15, 4))",45,112,4,4,"INGREDIENT_MEASURED","2026-08-31"
"PCAcat",47,"productPCA","miscCA(2, 8, 4)",23,8,4,4,"INGREDIENT_MEASURED","2026-08-31"
"PCAcat",47,"productPCA","miscCA(2, 15, 4)",26,15,4,4,"INGREDIENT_MEASURED","2026-08-31"
"PCAcat",48,"productPCA","SCA_Bose(4)",16,5,4,4,"INGREDIENT_MEASURED","2026-08-31"
"PCAcat",48,"productPCA","productPCA(SCA_Bose(4), productPCA(SCA_Bose(4), productPCA(SCA_LCDST(6, 4), SCA_LCDST(6,     4))))",58,760,4,4,"INGREDIENT_MEASURED","2026-08-31"
"PCAcat",48,"productPCA","SCA_Bose(4)",16,5,4,4,"INGREDIENT_MEASURED","2026-08-31"
"PCAcat",48,"productPCA","productPCA(SCA_Bose(4), productPCA(SCA_LCDST(6, 4), SCA_LCDST(6, 4)))",46,165,4,4,"INGREDIENT_MEASURED","2026-08-31"
"PCAcat",48,"productPCA","SCA_Bose(4)",16,5,4,4,"INGREDIENT_MEASURED","2026-08-31"
"PCAcat",48,"productPCA","productPCA(SCA_LCDST(6, 4), SCA_LCDST(6, 4))",34,35,4,4,"INGREDIENT_MEASURED","2026-08-31"
"PCAcat",48,"productPCA","SCA_LCDST(6, 4)",19,6,4,4,"INGREDIENT_MEASURED","2026-08-31"
"PCAcat",48,"productPCA","SCA_LCDST(6, 4)",19,6,4,4,"INGREDIENT_MEASURED","2026-08-31"
"PCAcat",49,"productPCA","SCA_Bose(4)",16,5,4,4,"INGREDIENT_MEASURED","2026-08-31"
"PCAcat",49,"productPCA","productPCA(SCA_Bose(4), productPCA(miscCA(2, 15, 4), miscCA(2, 15, 4)))",60,957,4,4,"INGREDIENT_MEASURED","2026-08-31"
"PCAcat",49,"productPCA","SCA_Bose(4)",16,5,4,4,"INGREDIENT_MEASURED","2026-08-31"
"PCAcat",49,"productPCA","productPCA(miscCA(2, 15, 4), miscCA(2, 15, 4))",48,209,4,4,"INGREDIENT_MEASURED","2026-08-31"
"PCAcat",49,"productPCA","miscCA(2, 15, 4)",26,15,4,4,"INGREDIENT_MEASURED","2026-08-31"
"PCAcat",49,"productPCA","miscCA(2, 15, 4)",26,15,4,4,"INGREDIENT_MEASURED","2026-08-31"
"PCAcat",50,"productPCA","SCA_Bose(4)",16,5,4,4,"INGREDIENT_MEASURED","2026-08-31"
"PCAcat",50,"productPCA","productPCA(SCA_Bose(4), productPCA(SCA_Bose(4), productPCA(miscCA(2, 7, 4), miscCA(2,     7, 4))))",62,1056,4,4,"INGREDIENT_MEASURED","2026-08-31"
"PCAcat",50,"productPCA","SCA_Bose(4)",16,5,4,4,"INGREDIENT_MEASURED","2026-08-31"
"PCAcat",50,"productPCA","productPCA(SCA_Bose(4), productPCA(miscCA(2, 7, 4), miscCA(2, 7, 4)))",50,228,4,4,"INGREDIENT_MEASURED","2026-08-31"
"PCAcat",50,"productPCA","SCA_Bose(4)",16,5,4,4,"INGREDIENT_MEASURED","2026-08-31"
"PCAcat",50,"productPCA","productPCA(miscCA(2, 7, 4), miscCA(2, 7, 4))",38,48,4,4,"INGREDIENT_MEASURED","2026-08-31"
"PCAcat",50,"productPCA","miscCA(2, 7, 4)",21,7,4,4,"INGREDIENT_MEASURED","2026-08-31"
"PCAcat",50,"productPCA","miscCA(2, 7, 4)",21,7,4,4,"INGREDIENT_MEASURED","2026-08-31"
"PCAcat",51,"productPCA","SCA_LCDST(6, 4)",19,6,4,4,"INGREDIENT_MEASURED","2026-08-31"
"PCAcat",51,"productPCA","productPCA(SCA_Bose(4), productPCA(miscCA(2, 15, 4), miscCA(2, 15, 4)))",60,957,4,4,"INGREDIENT_MEASURED","2026-08-31"
"PCAcat",51,"productPCA","SCA_Bose(4)",16,5,4,4,"INGREDIENT_MEASURED","2026-08-31"
"PCAcat",51,"productPCA","productPCA(miscCA(2, 15, 4), miscCA(2, 15, 4))",48,209,4,4,"INGREDIENT_MEASURED","2026-08-31"
"PCAcat",51,"productPCA","miscCA(2, 15, 4)",26,15,4,4,"INGREDIENT_MEASURED","2026-08-31"
"PCAcat",51,"productPCA","miscCA(2, 15, 4)",26,15,4,4,"INGREDIENT_MEASURED","2026-08-31"
"PCAcat",52,"productPCA","SCA_Bose(4)",16,5,4,4,"INGREDIENT_MEASURED","2026-08-31"
"PCAcat",52,"productPCA","productPCA(SCA_Bose(4), productPCA(SCA_Bose(4), productPCA(SCA_LCDST(6, 4), miscCA(2,     15, 4))))",65,1816,4,4,"INGREDIENT_MEASURED","2026-08-31"
"PCAcat",52,"productPCA","SCA_Bose(4)",16,5,4,4,"INGREDIENT_MEASURED","2026-08-31"
"PCAcat",52,"productPCA","productPCA(SCA_Bose(4), productPCA(SCA_LCDST(6, 4), miscCA(2, 15, 4)))",53,399,4,4,"INGREDIENT_MEASURED","2026-08-31"
"PCAcat",52,"productPCA","SCA_Bose(4)",16,5,4,4,"INGREDIENT_MEASURED","2026-08-31"
"PCAcat",52,"productPCA","productPCA(SCA_LCDST(6, 4), miscCA(2, 15, 4))",41,86,4,4,"INGREDIENT_MEASURED","2026-08-31"
"PCAcat",52,"productPCA","SCA_LCDST(6, 4)",19,6,4,4,"INGREDIENT_MEASURED","2026-08-31"
"PCAcat",52,"productPCA","miscCA(2, 15, 4)",26,15,4,4,"INGREDIENT_MEASURED","2026-08-31"
"PCAcat",53,"productPCA","SCA_Bose(4)",16,5,4,4,"INGREDIENT_MEASURED","2026-08-31"
"PCAcat",53,"productPCA","productPCA(SCA_Bose(4), productPCA(SCA_Bose(4), productPCA(miscCA(2, 7, 4), miscCA(2,     15, 4))))",67,2144,4,4,"INGREDIENT_MEASURED","2026-08-31"
"PCAcat",53,"productPCA","SCA_Bose(4)",16,5,4,4,"INGREDIENT_MEASURED","2026-08-31"
"PCAcat",53,"productPCA","productPCA(SCA_Bose(4), productPCA(miscCA(2, 7, 4), miscCA(2, 15, 4)))",55,470,4,4,"INGREDIENT_MEASURED","2026-08-31"
"PCAcat",53,"productPCA","SCA_Bose(4)",16,5,4,4,"INGREDIENT_MEASURED","2026-08-31"
"PCAcat",53,"productPCA","productPCA(miscCA(2, 7, 4), miscCA(2, 15, 4))",43,101,4,4,"INGREDIENT_MEASURED","2026-08-31"
"PCAcat",53,"productPCA","miscCA(2, 7, 4)",21,7,4,4,"INGREDIENT_MEASURED","2026-08-31"
"PCAcat",53,"productPCA","miscCA(2, 15, 4)",26,15,4,4,"INGREDIENT_MEASURED","2026-08-31"
"PCAcat",54,"productPCA","SCA_LCDST(6, 4)",19,6,4,4,"INGREDIENT_MEASURED","2026-08-31"
"PCAcat",54,"productPCA","productPCA(SCA_Bose(4), productPCA(SCA_Bose(4), productPCA(SCA_LCDST(6, 4), miscCA(2,     15, 4))))",65,1816,4,4,"INGREDIENT_MEASURED","2026-08-31"
"PCAcat",54,"productPCA","SCA_Bose(4)",16,5,4,4,"INGREDIENT_MEASURED","2026-08-31"
"PCAcat",54,"productPCA","productPCA(SCA_Bose(4), productPCA(SCA_LCDST(6, 4), miscCA(2, 15, 4)))",53,399,4,4,"INGREDIENT_MEASURED","2026-08-31"
"PCAcat",54,"productPCA","SCA_Bose(4)",16,5,4,4,"INGREDIENT_MEASURED","2026-08-31"
"PCAcat",54,"productPCA","productPCA(SCA_LCDST(6, 4), miscCA(2, 15, 4))",41,86,4,4,"INGREDIENT_MEASURED","2026-08-31"
"PCAcat",54,"productPCA","SCA_LCDST(6, 4)",19,6,4,4,"INGREDIENT_MEASURED","2026-08-31"
"PCAcat",54,"productPCA","miscCA(2, 15, 4)",26,15,4,4,"INGREDIENT_MEASURED","2026-08-31"
"PCAcat",55,"productPCA","SCA_Bose(4)",16,5,4,4,"INGREDIENT_MEASURED","2026-08-31"
"PCAcat",55,"productPCA","productPCA(SCA_Bose(4), productPCA(SCA_Bose(4), productPCA(miscCA(2, 8, 4), miscCA(2,     15, 4))))",69,2320,4,4,"INGREDIENT_MEASURED","2026-08-31"
"PCAcat",55,"productPCA","SCA_Bose(4)",16,5,4,4,"INGREDIENT_MEASURED","2026-08-31"
"PCAcat",55,"productPCA","productPCA(SCA_Bose(4), productPCA(miscCA(2, 8, 4), miscCA(2, 15, 4)))",57,514,4,4,"INGREDIENT_MEASURED","2026-08-31"
"PCAcat",55,"productPCA","SCA_Bose(4)",16,5,4,4,"INGREDIENT_MEASURED","2026-08-31"
"PCAcat",55,"productPCA","productPCA(miscCA(2, 8, 4), miscCA(2, 15, 4))",45,112,4,4,"INGREDIENT_MEASURED","2026-08-31"
"PCAcat",55,"productPCA","miscCA(2, 8, 4)",23,8,4,4,"INGREDIENT_MEASURED","2026-08-31"
"PCAcat",55,"productPCA","miscCA(2, 15, 4)",26,15,4,4,"INGREDIENT_MEASURED","2026-08-31"
"PCAcat",56,"productPCA","SCA_Bose(4)",16,5,4,4,"INGREDIENT_MEASURED","2026-08-31"
"PCAcat",56,"productPCA","productPCA(SCA_Bose(4), productPCA(SCA_Bose(4), productPCA(SCA_Bose(4), productPCA(SCA_LCDST(6,     4), SCA_LCDST(6, 4)))))",70,3440,4,4,"INGREDIENT_MEASURED","2026-08-31"
"PCAcat",56,"productPCA","SCA_Bose(4)",16,5,4,4,"INGREDIENT_MEASURED","2026-08-31"
"PCAcat",56,"productPCA","productPCA(SCA_Bose(4), productPCA(SCA_Bose(4), productPCA(SCA_LCDST(6, 4), SCA_LCDST(6,     4))))",58,760,4,4,"INGREDIENT_MEASURED","2026-08-31"
"PCAcat",56,"productPCA","SCA_Bose(4)",16,5,4,4,"INGREDIENT_MEASURED","2026-08-31"
"PCAcat",56,"productPCA","productPCA(SCA_Bose(4), productPCA(SCA_LCDST(6, 4), SCA_LCDST(6, 4)))",46,165,4,4,"INGREDIENT_MEASURED","2026-08-31"
"PCAcat",56,"productPCA","SCA_Bose(4)",16,5,4,4,"INGREDIENT_MEASURED","2026-08-31"
"PCAcat",56,"productPCA","productPCA(SCA_LCDST(6, 4), SCA_LCDST(6, 4))",34,35,4,4,"INGREDIENT_MEASURED","2026-08-31"
"PCAcat",56,"productPCA","SCA_LCDST(6, 4)",19,6,4,4,"INGREDIENT_MEASURED","2026-08-31"
"PCAcat",56,"productPCA","SCA_LCDST(6, 4)",19,6,4,4,"INGREDIENT_MEASURED","2026-08-31"
"PCAcat",57,"productPCA","SCA_Bose(4)",16,5,4,4,"INGREDIENT_MEASURED","2026-08-31"
"PCAcat",57,"productPCA","productPCA(SCA_Bose(4), productPCA(SCA_Bose(4), productPCA(miscCA(2, 15, 4), miscCA(2,     15, 4))))",72,4312,4,4,"INGREDIENT_MEASURED","2026-08-31"
"PCAcat",57,"productPCA","SCA_Bose(4)",16,5,4,4,"INGREDIENT_MEASURED","2026-08-31"
"PCAcat",57,"productPCA","productPCA(SCA_Bose(4), productPCA(miscCA(2, 15, 4), miscCA(2, 15, 4)))",60,957,4,4,"INGREDIENT_MEASURED","2026-08-31"
"PCAcat",57,"productPCA","SCA_Bose(4)",16,5,4,4,"INGREDIENT_MEASURED","2026-08-31"
"PCAcat",57,"productPCA","productPCA(miscCA(2, 15, 4), miscCA(2, 15, 4))",48,209,4,4,"INGREDIENT_MEASURED","2026-08-31"
"PCAcat",57,"productPCA","miscCA(2, 15, 4)",26,15,4,4,"INGREDIENT_MEASURED","2026-08-31"
"PCAcat",57,"productPCA","miscCA(2, 15, 4)",26,15,4,4,"INGREDIENT_MEASURED","2026-08-31"
"PCAcat",58,"productPCA","SCA_Bose(4)",16,5,4,4,"INGREDIENT_MEASURED","2026-08-31"
"PCAcat",58,"productPCA","productPCA(SCA_Bose(4), productPCA(SCA_Bose(4), productPCA(SCA_Bose(4), productPCA(miscCA(2,     7, 4), miscCA(2, 7, 4)))))",74,4800,4,4,"INGREDIENT_MEASURED","2026-08-31"
"PCAcat",58,"productPCA","SCA_Bose(4)",16,5,4,4,"INGREDIENT_MEASURED","2026-08-31"
"PCAcat",58,"productPCA","productPCA(SCA_Bose(4), productPCA(SCA_Bose(4), productPCA(miscCA(2, 7, 4), miscCA(2,     7, 4))))",62,1056,4,4,"INGREDIENT_MEASURED","2026-08-31"
"PCAcat",58,"productPCA","SCA_Bose(4)",16,5,4,4,"INGREDIENT_MEASURED","2026-08-31"
"PCAcat",58,"productPCA","productPCA(SCA_Bose(4), productPCA(miscCA(2, 7, 4), miscCA(2, 7, 4)))",50,228,4,4,"INGREDIENT_MEASURED","2026-08-31"
"PCAcat",58,"productPCA","SCA_Bose(4)",16,5,4,4,"INGREDIENT_MEASURED","2026-08-31"
"PCAcat",58,"productPCA","productPCA(miscCA(2, 7, 4), miscCA(2, 7, 4))",38,48,4,4,"INGREDIENT_MEASURED","2026-08-31"
"PCAcat",58,"productPCA","miscCA(2, 7, 4)",21,7,4,4,"INGREDIENT_MEASURED","2026-08-31"
"PCAcat",58,"productPCA","miscCA(2, 7, 4)",21,7,4,4,"INGREDIENT_MEASURED","2026-08-31"
"PCAcat",59,"productPCA","CS_CMMSSY(6, 5)",25,6,5,5,"INGREDIENT_MEASURED","2026-08-31"
"PCAcat",59,"productPCA","CS_CMMSSY(6, 5)",25,6,5,5,"INGREDIENT_MEASURED","2026-08-31"
"PCAcat",60,"productPCA","CS_CMMSSY(6, 5)",25,6,5,5,"INGREDIENT_MEASURED","2026-08-31"
"PCAcat",60,"productPCA","CS_CMMSSY(7, 5)",29,7,5,5,"INGREDIENT_MEASURED","2026-08-31"
"PCAcat",61,"productPCA","CS_CMMSSY(7, 5)",29,7,5,5,"INGREDIENT_MEASURED","2026-08-31"
"PCAcat",61,"productPCA","CS_CMMSSY(7, 5)",29,7,5,5,"INGREDIENT_MEASURED","2026-08-31"
"PCAcat",62,"productPCA","CS_CMMSSY(6, 5)",25,6,5,5,"INGREDIENT_MEASURED","2026-08-31"
"PCAcat",62,"productPCA","miscCA(2, 9, 5)",35,9,5,5,"INGREDIENT_MEASURED","2026-08-31"
"PCAcat",63,"productPCA","CS_CMMSSY(7, 5)",29,7,5,5,"INGREDIENT_MEASURED","2026-08-31"
"PCAcat",63,"productPCA","CS_CMMSSY(8, 5)",33,8,5,5,"INGREDIENT_MEASURED","2026-08-31"
"PCAcat",64,"productPCA","CS_CMMSSY(7, 5)",29,7,5,5,"INGREDIENT_MEASURED","2026-08-31"
"PCAcat",64,"productPCA","miscCA(2, 9, 5)",35,9,5,5,"INGREDIENT_MEASURED","2026-08-31"
"PCAcat",65,"productPCA","CS_CMMSSY(8, 5)",33,8,5,5,"INGREDIENT_MEASURED","2026-08-31"
"PCAcat",65,"productPCA","CS_CMMSSY(8, 5)",33,8,5,5,"INGREDIENT_MEASURED","2026-08-31"
"PCAcat",66,"productPCA","CS_CMMSSY(8, 5)",33,8,5,5,"INGREDIENT_MEASURED","2026-08-31"
"PCAcat",66,"productPCA","miscCA(2, 9, 5)",35,9,5,5,"INGREDIENT_MEASURED","2026-08-31"
"PCAcat",67,"productPCA","CS_CMMSSY(6, 5)",25,6,5,5,"INGREDIENT_MEASURED","2026-08-31"
"PCAcat",67,"productPCA","productPCA(CS_CMMSSY(6, 5), CS_CMMSSY(6, 5))",45,35,5,5,"INGREDIENT_MEASURED","2026-08-31"
"PCAcat",67,"productPCA","CS_CMMSSY(6, 5)",25,6,5,5,"INGREDIENT_MEASURED","2026-08-31"
"PCAcat",67,"productPCA","CS_CMMSSY(6, 5)",25,6,5,5,"INGREDIENT_MEASURED","2026-08-31"
"PCAcat",68,"productPCA","CS_CMMSSY(6, 5)",25,6,5,5,"INGREDIENT_MEASURED","2026-08-31"
"PCAcat",68,"productPCA","productPCA(CS_CMMSSY(6, 5), CS_CMMSSY(7, 5))",49,41,5,5,"INGREDIENT_MEASURED","2026-08-31"
"PCAcat",68,"productPCA","CS_CMMSSY(6, 5)",25,6,5,5,"INGREDIENT_MEASURED","2026-08-31"
"PCAcat",68,"productPCA","CS_CMMSSY(7, 5)",29,7,5,5,"INGREDIENT_MEASURED","2026-08-31"
"PCAcat",69,"productPCA","CS_CMMSSY(6, 5)",25,6,5,5,"INGREDIENT_MEASURED","2026-08-31"
"PCAcat",69,"productPCA","productPCA(CS_CMMSSY(7, 5), CS_CMMSSY(7, 5))",53,48,5,5,"INGREDIENT_MEASURED","2026-08-31"
"PCAcat",69,"productPCA","CS_CMMSSY(7, 5)",29,7,5,5,"INGREDIENT_MEASURED","2026-08-31"
"PCAcat",69,"productPCA","CS_CMMSSY(7, 5)",29,7,5,5,"INGREDIENT_MEASURED","2026-08-31"
"PCAcat",70,"productPCA","CS_CMMSSY(6, 5)",25,6,5,5,"INGREDIENT_MEASURED","2026-08-31"
"PCAcat",70,"productPCA","productPCA(CS_CMMSSY(6, 5), miscCA(2, 9, 5))",55,53,5,5,"INGREDIENT_MEASURED","2026-08-31"
"PCAcat",70,"productPCA","CS_CMMSSY(6, 5)",25,6,5,5,"INGREDIENT_MEASURED","2026-08-31"
"PCAcat",70,"productPCA","miscCA(2, 9, 5)",35,9,5,5,"INGREDIENT_MEASURED","2026-08-31"
"PCAcat",71,"productPCA","CS_CMMSSY(7, 5)",29,7,5,5,"INGREDIENT_MEASURED","2026-08-31"
"PCAcat",71,"productPCA","productPCA(CS_CMMSSY(7, 5), CS_CMMSSY(7, 5))",53,48,5,5,"INGREDIENT_MEASURED","2026-08-31"
"PCAcat",71,"productPCA","CS_CMMSSY(7, 5)",29,7,5,5,"INGREDIENT_MEASURED","2026-08-31"
"PCAcat",71,"productPCA","CS_CMMSSY(7, 5)",29,7,5,5,"INGREDIENT_MEASURED","2026-08-31"
"PCAcat",72,"productPCA","CS_CMMSSY(6, 5)",25,6,5,5,"INGREDIENT_MEASURED","2026-08-31"
"PCAcat",72,"productPCA","productPCA(CS_CMMSSY(7, 5), miscCA(2, 9, 5))",59,62,5,5,"INGREDIENT_MEASURED","2026-08-31"
"PCAcat",72,"productPCA","CS_CMMSSY(7, 5)",29,7,5,5,"INGREDIENT_MEASURED","2026-08-31"
"PCAcat",72,"productPCA","miscCA(2, 9, 5)",35,9,5,5,"INGREDIENT_MEASURED","2026-08-31"
"PCAcat",73,"productPCA","CS_CMMSSY(7, 5)",29,7,5,5,"INGREDIENT_MEASURED","2026-08-31"
"PCAcat",73,"productPCA","productPCA(CS_CMMSSY(7, 5), CS_CMMSSY(8, 5))",57,55,5,5,"INGREDIENT_MEASURED","2026-08-31"
"PCAcat",73,"productPCA","CS_CMMSSY(7, 5)",29,7,5,5,"INGREDIENT_MEASURED","2026-08-31"
"PCAcat",73,"productPCA","CS_CMMSSY(8, 5)",33,8,5,5,"INGREDIENT_MEASURED","2026-08-31"
"PCAcat",74,"productPCA","CS_CMMSSY(7, 5)",29,7,5,5,"INGREDIENT_MEASURED","2026-08-31"
"PCAcat",74,"productPCA","productPCA(CS_CMMSSY(7, 5), miscCA(2, 9, 5))",59,62,5,5,"INGREDIENT_MEASURED","2026-08-31"
"PCAcat",74,"productPCA","CS_CMMSSY(7, 5)",29,7,5,5,"INGREDIENT_MEASURED","2026-08-31"
"PCAcat",74,"productPCA","miscCA(2, 9, 5)",35,9,5,5,"INGREDIENT_MEASURED","2026-08-31"
"PCAcat",75,"productPCA","CS_CMMSSY(6, 5)",25,6,5,5,"INGREDIENT_MEASURED","2026-08-31"
"PCAcat",75,"productPCA","productPCA(CS_CMMSSY(6, 5), productPCA(CS_CMMSSY(6, 5), CS_CMMSSY(6, 5)))",65,200,5,5,"INGREDIENT_MEASURED","2026-08-31"
"PCAcat",75,"productPCA","CS_CMMSSY(6, 5)",25,6,5,5,"INGREDIENT_MEASURED","2026-08-31"
"PCAcat",75,"productPCA","productPCA(CS_CMMSSY(6, 5), CS_CMMSSY(6, 5))",45,35,5,5,"INGREDIENT_MEASURED","2026-08-31"
"PCAcat",75,"productPCA","CS_CMMSSY(6, 5)",25,6,5,5,"INGREDIENT_MEASURED","2026-08-31"
"PCAcat",75,"productPCA","CS_CMMSSY(6, 5)",25,6,5,5,"INGREDIENT_MEASURED","2026-08-31"
"PCAcat",76,"productPCA","CS_CMMSSY(6, 5)",25,6,5,5,"INGREDIENT_MEASURED","2026-08-31"
"PCAcat",76,"productPCA","productPCA(CS_CMMSSY(6, 5), productPCA(CS_CMMSSY(6, 5), CS_CMMSSY(7, 5)))",69,235,5,5,"INGREDIENT_MEASURED","2026-08-31"
"PCAcat",76,"productPCA","CS_CMMSSY(6, 5)",25,6,5,5,"INGREDIENT_MEASURED","2026-08-31"
"PCAcat",76,"productPCA","productPCA(CS_CMMSSY(6, 5), CS_CMMSSY(7, 5))",49,41,5,5,"INGREDIENT_MEASURED","2026-08-31"
"PCAcat",76,"productPCA","CS_CMMSSY(6, 5)",25,6,5,5,"INGREDIENT_MEASURED","2026-08-31"
"PCAcat",76,"productPCA","CS_CMMSSY(7, 5)",29,7,5,5,"INGREDIENT_MEASURED","2026-08-31"
"PCAcat",77,"productPCA","CS_CMMSSY(6, 5)",25,6,5,5,"INGREDIENT_MEASURED","2026-08-31"
"PCAcat",77,"productPCA","productPCA(CS_CMMSSY(6, 5), productPCA(CS_CMMSSY(7, 5), CS_CMMSSY(7, 5)))",73,276,5,5,"INGREDIENT_MEASURED","2026-08-31"
"PCAcat",77,"productPCA","CS_CMMSSY(6, 5)",25,6,5,5,"INGREDIENT_MEASURED","2026-08-31"
"PCAcat",77,"productPCA","productPCA(CS_CMMSSY(7, 5), CS_CMMSSY(7, 5))",53,48,5,5,"INGREDIENT_MEASURED","2026-08-31"
"PCAcat",77,"productPCA","CS_CMMSSY(7, 5)",29,7,5,5,"INGREDIENT_MEASURED","2026-08-31"
"PCAcat",77,"productPCA","CS_CMMSSY(7, 5)",29,7,5,5,"INGREDIENT_MEASURED","2026-08-31"
"PCAcat",78,"productPCA","CS_CMMSSY(6, 5)",25,6,5,5,"INGREDIENT_MEASURED","2026-08-31"
"PCAcat",78,"productPCA","productPCA(CS_CMMSSY(6, 5), productPCA(CS_CMMSSY(6, 5), miscCA(2, 9, 5)))",75,305,5,5,"INGREDIENT_MEASURED","2026-08-31"
"PCAcat",78,"productPCA","CS_CMMSSY(6, 5)",25,6,5,5,"INGREDIENT_MEASURED","2026-08-31"
"PCAcat",78,"productPCA","productPCA(CS_CMMSSY(6, 5), miscCA(2, 9, 5))",55,53,5,5,"INGREDIENT_MEASURED","2026-08-31"
"PCAcat",78,"productPCA","CS_CMMSSY(6, 5)",25,6,5,5,"INGREDIENT_MEASURED","2026-08-31"
"PCAcat",78,"productPCA","miscCA(2, 9, 5)",35,9,5,5,"INGREDIENT_MEASURED","2026-08-31"
"PCAcat",79,"productPCA","CS_CMMSSY(6, 5)",25,6,5,5,"INGREDIENT_MEASURED","2026-08-31"
"PCAcat",79,"productPCA","productPCA(CS_CMMSSY(7, 5), productPCA(CS_CMMSSY(7, 5), CS_CMMSSY(7, 5)))",77,324,5,5,"INGREDIENT_MEASURED","2026-08-31"
"PCAcat",79,"productPCA","CS_CMMSSY(7, 5)",29,7,5,5,"INGREDIENT_MEASURED","2026-08-31"
"PCAcat",79,"productPCA","productPCA(CS_CMMSSY(7, 5), CS_CMMSSY(7, 5))",53,48,5,5,"INGREDIENT_MEASURED","2026-08-31"
"PCAcat",79,"productPCA","CS_CMMSSY(7, 5)",29,7,5,5,"INGREDIENT_MEASURED","2026-08-31"
"PCAcat",79,"productPCA","CS_CMMSSY(7, 5)",29,7,5,5,"INGREDIENT_MEASURED","2026-08-31"
"PCAcat",80,"productPCA","CS_CMMSSY(6, 5)",25,6,5,5,"INGREDIENT_MEASURED","2026-08-31"
"PCAcat",80,"productPCA","productPCA(CS_CMMSSY(6, 5), productPCA(CS_CMMSSY(7, 5), miscCA(2, 9, 5)))",79,358,5,5,"INGREDIENT_MEASURED","2026-08-31"
"PCAcat",80,"productPCA","CS_CMMSSY(6, 5)",25,6,5,5,"INGREDIENT_MEASURED","2026-08-31"
"PCAcat",80,"productPCA","productPCA(CS_CMMSSY(7, 5), miscCA(2, 9, 5))",59,62,5,5,"INGREDIENT_MEASURED","2026-08-31"
"PCAcat",80,"productPCA","CS_CMMSSY(7, 5)",29,7,5,5,"INGREDIENT_MEASURED","2026-08-31"
"PCAcat",80,"productPCA","miscCA(2, 9, 5)",35,9,5,5,"INGREDIENT_MEASURED","2026-08-31"
"PCAcat",81,"productPCA","CS_CMMSSY(7, 5)",29,7,5,5,"INGREDIENT_MEASURED","2026-08-31"
"PCAcat",81,"productPCA","productPCA(CS_CMMSSY(7, 5), productPCA(CS_CMMSSY(7, 5), CS_CMMSSY(7, 5)))",77,324,5,5,"INGREDIENT_MEASURED","2026-08-31"
"PCAcat",81,"productPCA","CS_CMMSSY(7, 5)",29,7,5,5,"INGREDIENT_MEASURED","2026-08-31"
"PCAcat",81,"productPCA","productPCA(CS_CMMSSY(7, 5), CS_CMMSSY(7, 5))",53,48,5,5,"INGREDIENT_MEASURED","2026-08-31"
"PCAcat",81,"productPCA","CS_CMMSSY(7, 5)",29,7,5,5,"INGREDIENT_MEASURED","2026-08-31"
"PCAcat",81,"productPCA","CS_CMMSSY(7, 5)",29,7,5,5,"INGREDIENT_MEASURED","2026-08-31"
"PCAcat",82,"productPCA","CS_CMMSSY(6, 5)",25,6,5,5,"INGREDIENT_MEASURED","2026-08-31"
"PCAcat",82,"productPCA","productPCA(CS_CMMSSY(7, 5), productPCA(CS_CMMSSY(7, 5), miscCA(2, 9, 5)))",83,420,5,5,"INGREDIENT_MEASURED","2026-08-31"
"PCAcat",82,"productPCA","CS_CMMSSY(7, 5)",29,7,5,5,"INGREDIENT_MEASURED","2026-08-31"
"PCAcat",82,"productPCA","productPCA(CS_CMMSSY(7, 5), miscCA(2, 9, 5))",59,62,5,5,"INGREDIENT_MEASURED","2026-08-31"
"PCAcat",82,"productPCA","CS_CMMSSY(7, 5)",29,7,5,5,"INGREDIENT_MEASURED","2026-08-31"
"PCAcat",82,"productPCA","miscCA(2, 9, 5)",35,9,5,5,"INGREDIENT_MEASURED","2026-08-31"
"PCAcat",83,"productPCA","CS_CMMSSY(6, 5)",25,6,5,5,"INGREDIENT_MEASURED","2026-08-31"
"PCAcat",83,"productPCA","productPCA(CS_CMMSSY(6, 5), productPCA(CS_CMMSSY(6, 5), productPCA(CS_CMMSSY(6, 5), CS_CMMSSY(6,     5))))",85,1125,5,5,"INGREDIENT_MEASURED","2026-08-31"
"PCAcat",83,"productPCA","CS_CMMSSY(6, 5)",25,6,5,5,"INGREDIENT_MEASURED","2026-08-31"
"PCAcat",83,"productPCA","productPCA(CS_CMMSSY(6, 5), productPCA(CS_CMMSSY(6, 5), CS_CMMSSY(6, 5)))",65,200,5,5,"INGREDIENT_MEASURED","2026-08-31"
"PCAcat",83,"productPCA","CS_CMMSSY(6, 5)",25,6,5,5,"INGREDIENT_MEASURED","2026-08-31"
"PCAcat",83,"productPCA","productPCA(CS_CMMSSY(6, 5), CS_CMMSSY(6, 5))",45,35,5,5,"INGREDIENT_MEASURED","2026-08-31"
"PCAcat",83,"productPCA","CS_CMMSSY(6, 5)",25,6,5,5,"INGREDIENT_MEASURED","2026-08-31"
"PCAcat",83,"productPCA","CS_CMMSSY(6, 5)",25,6,5,5,"INGREDIENT_MEASURED","2026-08-31"
"PCAcat",84,"productPCA","CS_CMMSSY(6, 5)",25,6,5,5,"INGREDIENT_MEASURED","2026-08-31"
"PCAcat",84,"productPCA","productPCA(CS_CMMSSY(6, 5), productPCA(CS_CMMSSY(6, 5), productPCA(CS_CMMSSY(6, 5), CS_CMMSSY(7,     5))))",89,1325,5,5,"INGREDIENT_MEASURED","2026-08-31"
"PCAcat",84,"productPCA","CS_CMMSSY(6, 5)",25,6,5,5,"INGREDIENT_MEASURED","2026-08-31"
"PCAcat",84,"productPCA","productPCA(CS_CMMSSY(6, 5), productPCA(CS_CMMSSY(6, 5), CS_CMMSSY(7, 5)))",69,235,5,5,"INGREDIENT_MEASURED","2026-08-31"
"PCAcat",84,"productPCA","CS_CMMSSY(6, 5)",25,6,5,5,"INGREDIENT_MEASURED","2026-08-31"
"PCAcat",84,"productPCA","productPCA(CS_CMMSSY(6, 5), CS_CMMSSY(7, 5))",49,41,5,5,"INGREDIENT_MEASURED","2026-08-31"
"PCAcat",84,"productPCA","CS_CMMSSY(6, 5)",25,6,5,5,"INGREDIENT_MEASURED","2026-08-31"
"PCAcat",84,"productPCA","CS_CMMSSY(7, 5)",29,7,5,5,"INGREDIENT_MEASURED","2026-08-31"
"PCAcat",85,"productPCA","CS_CMMSSY(6, 5)",25,6,5,5,"INGREDIENT_MEASURED","2026-08-31"
"PCAcat",85,"productPCA","productPCA(CS_CMMSSY(6, 5), productPCA(CS_CMMSSY(6, 5), productPCA(CS_CMMSSY(7, 5), CS_CMMSSY(7,     5))))",93,1560,5,5,"INGREDIENT_MEASURED","2026-08-31"
"PCAcat",85,"productPCA","CS_CMMSSY(6, 5)",25,6,5,5,"INGREDIENT_MEASURED","2026-08-31"
"PCAcat",85,"productPCA","productPCA(CS_CMMSSY(6, 5), productPCA(CS_CMMSSY(7, 5), CS_CMMSSY(7, 5)))",73,276,5,5,"INGREDIENT_MEASURED","2026-08-31"
"PCAcat",85,"productPCA","CS_CMMSSY(6, 5)",25,6,5,5,"INGREDIENT_MEASURED","2026-08-31"
"PCAcat",85,"productPCA","productPCA(CS_CMMSSY(7, 5), CS_CMMSSY(7, 5))",53,48,5,5,"INGREDIENT_MEASURED","2026-08-31"
"PCAcat",85,"productPCA","CS_CMMSSY(7, 5)",29,7,5,5,"INGREDIENT_MEASURED","2026-08-31"
"PCAcat",85,"productPCA","CS_CMMSSY(7, 5)",29,7,5,5,"INGREDIENT_MEASURED","2026-08-31"
"PCAcat",86,"productPCA","CS_CMMSSY(6, 5)",25,6,5,5,"INGREDIENT_MEASURED","2026-08-31"
"PCAcat",86,"productPCA","productPCA(CS_CMMSSY(6, 5), productPCA(CS_CMMSSY(6, 5), productPCA(CS_CMMSSY(6, 5), miscCA(2,     9, 5))))",95,1725,5,5,"INGREDIENT_MEASURED","2026-08-31"
"PCAcat",86,"productPCA","CS_CMMSSY(6, 5)",25,6,5,5,"INGREDIENT_MEASURED","2026-08-31"
"PCAcat",86,"productPCA","productPCA(CS_CMMSSY(6, 5), productPCA(CS_CMMSSY(6, 5), miscCA(2, 9, 5)))",75,305,5,5,"INGREDIENT_MEASURED","2026-08-31"
"PCAcat",86,"productPCA","CS_CMMSSY(6, 5)",25,6,5,5,"INGREDIENT_MEASURED","2026-08-31"
"PCAcat",86,"productPCA","productPCA(CS_CMMSSY(6, 5), miscCA(2, 9, 5))",55,53,5,5,"INGREDIENT_MEASURED","2026-08-31"
"PCAcat",86,"productPCA","CS_CMMSSY(6, 5)",25,6,5,5,"INGREDIENT_MEASURED","2026-08-31"
"PCAcat",86,"productPCA","miscCA(2, 9, 5)",35,9,5,5,"INGREDIENT_MEASURED","2026-08-31"
"PCAcat",87,"productPCA","CS_CMMSSY(6, 5)",25,6,5,5,"INGREDIENT_MEASURED","2026-08-31"
"PCAcat",87,"productPCA","productPCA(CS_CMMSSY(6, 5), productPCA(CS_CMMSSY(7, 5), productPCA(CS_CMMSSY(7, 5), CS_CMMSSY(7,     5))))",97,1836,5,5,"INGREDIENT_MEASURED","2026-08-31"
"PCAcat",87,"productPCA","CS_CMMSSY(6, 5)",25,6,5,5,"INGREDIENT_MEASURED","2026-08-31"
"PCAcat",87,"productPCA","productPCA(CS_CMMSSY(7, 5), productPCA(CS_CMMSSY(7, 5), CS_CMMSSY(7, 5)))",77,324,5,5,"INGREDIENT_MEASURED","2026-08-31"
"PCAcat",87,"productPCA","CS_CMMSSY(7, 5)",29,7,5,5,"INGREDIENT_MEASURED","2026-08-31"
"PCAcat",87,"productPCA","productPCA(CS_CMMSSY(7, 5), CS_CMMSSY(7, 5))",53,48,5,5,"INGREDIENT_MEASURED","2026-08-31"
"PCAcat",87,"productPCA","CS_CMMSSY(7, 5)",29,7,5,5,"INGREDIENT_MEASURED","2026-08-31"
"PCAcat",87,"productPCA","CS_CMMSSY(7, 5)",29,7,5,5,"INGREDIENT_MEASURED","2026-08-31"
"PCAcat",88,"productPCA","CS_CMMSSY(6, 5)",25,6,5,5,"INGREDIENT_MEASURED","2026-08-31"
"PCAcat",88,"productPCA","productPCA(CS_CMMSSY(6, 5), productPCA(CS_CMMSSY(6, 5), productPCA(CS_CMMSSY(7, 5), miscCA(2,     9, 5))))",99,2030,5,5,"INGREDIENT_MEASURED","2026-08-31"
"PCAcat",88,"productPCA","CS_CMMSSY(6, 5)",25,6,5,5,"INGREDIENT_MEASURED","2026-08-31"
"PCAcat",88,"productPCA","productPCA(CS_CMMSSY(6, 5), productPCA(CS_CMMSSY(7, 5), miscCA(2, 9, 5)))",79,358,5,5,"INGREDIENT_MEASURED","2026-08-31"
"PCAcat",88,"productPCA","CS_CMMSSY(6, 5)",25,6,5,5,"INGREDIENT_MEASURED","2026-08-31"
"PCAcat",88,"productPCA","productPCA(CS_CMMSSY(7, 5), miscCA(2, 9, 5))",59,62,5,5,"INGREDIENT_MEASURED","2026-08-31"
"PCAcat",88,"productPCA","CS_CMMSSY(7, 5)",29,7,5,5,"INGREDIENT_MEASURED","2026-08-31"
"PCAcat",88,"productPCA","miscCA(2, 9, 5)",35,9,5,5,"INGREDIENT_MEASURED","2026-08-31"
"PCAcat",89,"productPCA","CS_CMMSSY(6, 5)",25,6,5,5,"INGREDIENT_MEASURED","2026-08-31"
"PCAcat",89,"productPCA","productPCA(CS_CMMSSY(7, 5), productPCA(CS_CMMSSY(7, 5), productPCA(CS_CMMSSY(7, 5), CS_CMMSSY(7,     5))))",101,2160,5,5,"INGREDIENT_MEASURED","2026-08-31"
"PCAcat",89,"productPCA","CS_CMMSSY(7, 5)",29,7,5,5,"INGREDIENT_MEASURED","2026-08-31"
"PCAcat",89,"productPCA","productPCA(CS_CMMSSY(7, 5), productPCA(CS_CMMSSY(7, 5), CS_CMMSSY(7, 5)))",77,324,5,5,"INGREDIENT_MEASURED","2026-08-31"
"PCAcat",89,"productPCA","CS_CMMSSY(7, 5)",29,7,5,5,"INGREDIENT_MEASURED","2026-08-31"
"PCAcat",89,"productPCA","productPCA(CS_CMMSSY(7, 5), CS_CMMSSY(7, 5))",53,48,5,5,"INGREDIENT_MEASURED","2026-08-31"
"PCAcat",89,"productPCA","CS_CMMSSY(7, 5)",29,7,5,5,"INGREDIENT_MEASURED","2026-08-31"
"PCAcat",89,"productPCA","CS_CMMSSY(7, 5)",29,7,5,5,"INGREDIENT_MEASURED","2026-08-31"
"PCAcat",90,"productPCA","CS_CMMSSY(6, 5)",25,6,5,5,"INGREDIENT_MEASURED","2026-08-31"
"PCAcat",90,"productPCA","productPCA(CS_CMMSSY(6, 5), productPCA(CS_CMMSSY(7, 5), productPCA(CS_CMMSSY(7, 5), miscCA(2,     9, 5))))",103,2388,5,5,"INGREDIENT_MEASURED","2026-08-31"
"PCAcat",90,"productPCA","CS_CMMSSY(6, 5)",25,6,5,5,"INGREDIENT_MEASURED","2026-08-31"
"PCAcat",90,"productPCA","productPCA(CS_CMMSSY(7, 5), productPCA(CS_CMMSSY(7, 5), miscCA(2, 9, 5)))",83,420,5,5,"INGREDIENT_MEASURED","2026-08-31"
"PCAcat",90,"productPCA","CS_CMMSSY(7, 5)",29,7,5,5,"INGREDIENT_MEASURED","2026-08-31"
"PCAcat",90,"productPCA","productPCA(CS_CMMSSY(7, 5), miscCA(2, 9, 5))",59,62,5,5,"INGREDIENT_MEASURED","2026-08-31"
"PCAcat",90,"productPCA","CS_CMMSSY(7, 5)",29,7,5,5,"INGREDIENT_MEASURED","2026-08-31"
"PCAcat",90,"productPCA","miscCA(2, 9, 5)",35,9,5,5,"INGREDIENT_MEASURED","2026-08-31"
"PCAcat",91,"productPCA","CS_CMMSSY(6, 5)",25,6,5,5,"INGREDIENT_MEASURED","2026-08-31"
"PCAcat",91,"productPCA","productPCA(CS_CMMSSY(6, 5), productPCA(CS_CMMSSY(6, 5), productPCA(CS_CMMSSY(6, 5), productPCA(CS_CMMSSY(6,     5), CS_CMMSSY(6, 5)))))",105,6250,5,5,"INGREDIENT_MEASURED","2026-08-31"
"PCAcat",91,"productPCA","CS_CMMSSY(6, 5)",25,6,5,5,"INGREDIENT_MEASURED","2026-08-31"
"PCAcat",91,"productPCA","productPCA(CS_CMMSSY(6, 5), productPCA(CS_CMMSSY(6, 5), productPCA(CS_CMMSSY(6, 5), CS_CMMSSY(6,     5))))",85,1125,5,5,"INGREDIENT_MEASURED","2026-08-31"
"PCAcat",91,"productPCA","CS_CMMSSY(6, 5)",25,6,5,5,"INGREDIENT_MEASURED","2026-08-31"
"PCAcat",91,"productPCA","productPCA(CS_CMMSSY(6, 5), productPCA(CS_CMMSSY(6, 5), CS_CMMSSY(6, 5)))",65,200,5,5,"INGREDIENT_MEASURED","2026-08-31"
"PCAcat",91,"productPCA","CS_CMMSSY(6, 5)",25,6,5,5,"INGREDIENT_MEASURED","2026-08-31"
"PCAcat",91,"productPCA","productPCA(CS_CMMSSY(6, 5), CS_CMMSSY(6, 5))",45,35,5,5,"INGREDIENT_MEASURED","2026-08-31"
"PCAcat",91,"productPCA","CS_CMMSSY(6, 5)",25,6,5,5,"INGREDIENT_MEASURED","2026-08-31"
"PCAcat",91,"productPCA","CS_CMMSSY(6, 5)",25,6,5,5,"INGREDIENT_MEASURED","2026-08-31"
"PCAcat",92,"productPCA","CA_to_PCA(miscCA(2, 3, 6))",36,3,6,6,"INGREDIENT_MEASURED","2026-08-31"
"PCAcat",92,"productPCA","miscCA(2, 3, 6)",36,3,6,6,"INGREDIENT_MEASURED","2026-08-31"
"PCAcat",92,"productPCA","CA_to_PCA(miscCA(2, 3, 6))",36,3,6,6,"INGREDIENT_MEASURED","2026-08-31"
"PCAcat",92,"productPCA","miscCA(2, 3, 6)",36,3,6,6,"INGREDIENT_MEASURED","2026-08-31"
"PCAcat",93,"productPCA","CA_to_PCA(miscCA(2, 3, 6))",36,3,6,6,"INGREDIENT_MEASURED","2026-08-31"
"PCAcat",93,"productPCA","miscCA(2, 3, 6)",36,3,6,6,"INGREDIENT_MEASURED","2026-08-31"
"PCAcat",93,"productPCA","miscCA(2, 4, 6)",37,4,6,6,"INGREDIENT_MEASURED","2026-08-31"
"PCAcat",94,"productPCA","miscCA(2, 4, 6)",37,4,6,6,"INGREDIENT_MEASURED","2026-08-31"
"PCAcat",94,"productPCA","miscCA(2, 4, 6)",37,4,6,6,"INGREDIENT_MEASURED","2026-08-31"
"PCAcat",95,"productPCA","miscCA(2, 4, 6)",37,4,6,6,"INGREDIENT_MEASURED","2026-08-31"
"PCAcat",95,"productPCA","miscCA(2, 5, 6)",39,5,6,6,"INGREDIENT_MEASURED","2026-08-31"
"PCAcat",96,"productPCA","miscCA(2, 4, 6)",37,4,6,6,"INGREDIENT_MEASURED","2026-08-31"
"PCAcat",96,"productPCA","miscCA(2, 6, 6)",41,6,6,6,"INGREDIENT_MEASURED","2026-08-31"
"PCAcat",97,"productPCA","miscCA(2, 5, 6)",39,5,6,6,"INGREDIENT_MEASURED","2026-08-31"
"PCAcat",97,"productPCA","miscCA(2, 6, 6)",41,6,6,6,"INGREDIENT_MEASURED","2026-08-31"
"PCAcat",98,"productPCA","miscCA(2, 6, 6)",41,6,6,6,"INGREDIENT_MEASURED","2026-08-31"
"PCAcat",98,"productPCA","miscCA(2, 6, 6)",41,6,6,6,"INGREDIENT_MEASURED","2026-08-31"
"PCAcat",99,"productPCA","miscCA(2, 5, 6)",39,5,6,6,"INGREDIENT_MEASURED","2026-08-31"
"PCAcat",99,"productPCA","CS_CMMSSY(9, 6)",46,9,6,6,"INGREDIENT_MEASURED","2026-08-31"
"PCAcat",100,"productPCA","miscCA(2, 6, 6)",41,6,6,6,"INGREDIENT_MEASURED","2026-08-31"
"PCAcat",100,"productPCA","CS_CMMSSY(9, 6)",46,9,6,6,"INGREDIENT_MEASURED","2026-08-31"
"PCAcat",101,"productPCA","CS_CMMSSY(9, 6)",46,9,6,6,"INGREDIENT_MEASURED","2026-08-31"
"PCAcat",101,"productPCA","CS_CMMSSY(9, 6)",46,9,6,6,"INGREDIENT_MEASURED","2026-08-31"
"PCAcat",102,"productPCA","CS_CMMSSY(9, 6)",46,9,6,6,"INGREDIENT_MEASURED","2026-08-31"
"PCAcat",102,"productPCA","CS_CMMSSY(10, 6)",51,10,6,6,"INGREDIENT_MEASURED","2026-08-31"
"PCAcat",103,"productPCA","CS_CMMSSY(10, 6)",51,10,6,6,"INGREDIENT_MEASURED","2026-08-31"
"PCAcat",103,"productPCA","CS_CMMSSY(10, 6)",51,10,6,6,"INGREDIENT_MEASURED","2026-08-31"
"PCAcat",104,"productPCA","CS_CMMSSY(10, 6)",51,10,6,6,"INGREDIENT_MEASURED","2026-08-31"
"PCAcat",104,"productPCA","CS_CMMSSY(11, 6)",56,11,6,6,"INGREDIENT_MEASURED","2026-08-31"
"PCAcat",105,"productPCA","miscCA(2, 4, 6)",37,4,6,6,"INGREDIENT_MEASURED","2026-08-31"
"PCAcat",105,"productPCA","productPCA(miscCA(2, 5, 6), miscCA(2, 6, 6))",74,30,6,6,"INGREDIENT_MEASURED","2026-08-31"
"PCAcat",105,"productPCA","miscCA(2, 5, 6)",39,5,6,6,"INGREDIENT_MEASURED","2026-08-31"
"PCAcat",105,"productPCA","miscCA(2, 6, 6)",41,6,6,6,"INGREDIENT_MEASURED","2026-08-31"
"PCAcat",106,"productPCA","CS_CMMSSY(11, 6)",56,11,6,6,"INGREDIENT_MEASURED","2026-08-31"
"PCAcat",106,"productPCA","CS_CMMSSY(11, 6)",56,11,6,6,"INGREDIENT_MEASURED","2026-08-31"
"PCAcat",107,"productPCA","miscCA(2, 4, 6)",37,4,6,6,"INGREDIENT_MEASURED","2026-08-31"
"PCAcat",107,"productPCA","productPCA(miscCA(2, 6, 6), miscCA(2, 6, 6))",76,36,6,6,"INGREDIENT_MEASURED","2026-08-31"
"PCAcat",107,"productPCA","miscCA(2, 6, 6)",41,6,6,6,"INGREDIENT_MEASURED","2026-08-31"
"PCAcat",107,"productPCA","miscCA(2, 6, 6)",41,6,6,6,"INGREDIENT_MEASURED","2026-08-31"
"PCAcat",108,"productPCA","miscCA(2, 5, 6)",39,5,6,6,"INGREDIENT_MEASURED","2026-08-31"
"PCAcat",108,"productPCA","productPCA(miscCA(2, 6, 6), miscCA(2, 6, 6))",76,36,6,6,"INGREDIENT_MEASURED","2026-08-31"
"PCAcat",108,"productPCA","miscCA(2, 6, 6)",41,6,6,6,"INGREDIENT_MEASURED","2026-08-31"
"PCAcat",108,"productPCA","miscCA(2, 6, 6)",41,6,6,6,"INGREDIENT_MEASURED","2026-08-31"
"PCAcat",109,"productPCA","miscCA(2, 6, 6)",41,6,6,6,"INGREDIENT_MEASURED","2026-08-31"
"PCAcat",109,"productPCA","productPCA(miscCA(2, 6, 6), miscCA(2, 6, 6))",76,36,6,6,"INGREDIENT_MEASURED","2026-08-31"
"PCAcat",109,"productPCA","miscCA(2, 6, 6)",41,6,6,6,"INGREDIENT_MEASURED","2026-08-31"
"PCAcat",109,"productPCA","miscCA(2, 6, 6)",41,6,6,6,"INGREDIENT_MEASURED","2026-08-31"
"PCAcat",110,"productPCA","miscCA(2, 5, 6)",39,5,6,6,"INGREDIENT_MEASURED","2026-08-31"
"PCAcat",110,"productPCA","productPCA(miscCA(2, 6, 6), CS_CMMSSY(9, 6))",81,54,6,6,"INGREDIENT_MEASURED","2026-08-31"
"PCAcat",110,"productPCA","miscCA(2, 6, 6)",41,6,6,6,"INGREDIENT_MEASURED","2026-08-31"
"PCAcat",110,"productPCA","CS_CMMSSY(9, 6)",46,9,6,6,"INGREDIENT_MEASURED","2026-08-31"
"PCAcat",111,"productPCA","miscCA(2, 6, 6)",41,6,6,6,"INGREDIENT_MEASURED","2026-08-31"
"PCAcat",111,"productPCA","productPCA(miscCA(2, 6, 6), CS_CMMSSY(9, 6))",81,54,6,6,"INGREDIENT_MEASURED","2026-08-31"
"PCAcat",111,"productPCA","miscCA(2, 6, 6)",41,6,6,6,"INGREDIENT_MEASURED","2026-08-31"
"PCAcat",111,"productPCA","CS_CMMSSY(9, 6)",46,9,6,6,"INGREDIENT_MEASURED","2026-08-31"
"PCAcat",112,"productPCA","miscCA(2, 5, 6)",39,5,6,6,"INGREDIENT_MEASURED","2026-08-31"
"PCAcat",112,"productPCA","productPCA(CS_CMMSSY(9, 6), CS_CMMSSY(9, 6))",86,80,6,6,"INGREDIENT_MEASURED","2026-08-31"
"PCAcat",112,"productPCA","CS_CMMSSY(9, 6)",46,9,6,6,"INGREDIENT_MEASURED","2026-08-31"
"PCAcat",112,"productPCA","CS_CMMSSY(9, 6)",46,9,6,6,"INGREDIENT_MEASURED","2026-08-31"
"PCAcat",113,"productPCA","miscCA(2, 6, 6)",41,6,6,6,"INGREDIENT_MEASURED","2026-08-31"
"PCAcat",113,"productPCA","productPCA(CS_CMMSSY(9, 6), CS_CMMSSY(9, 6))",86,80,6,6,"INGREDIENT_MEASURED","2026-08-31"
"PCAcat",113,"productPCA","CS_CMMSSY(9, 6)",46,9,6,6,"INGREDIENT_MEASURED","2026-08-31"
"PCAcat",113,"productPCA","CS_CMMSSY(9, 6)",46,9,6,6,"INGREDIENT_MEASURED","2026-08-31"
"PCAcat",114,"productPCA","CS_CMMSSY(9, 6)",46,9,6,6,"INGREDIENT_MEASURED","2026-08-31"
"PCAcat",114,"productPCA","productPCA(CS_CMMSSY(9, 6), CS_CMMSSY(9, 6))",86,80,6,6,"INGREDIENT_MEASURED","2026-08-31"
"PCAcat",114,"productPCA","CS_CMMSSY(9, 6)",46,9,6,6,"INGREDIENT_MEASURED","2026-08-31"
"PCAcat",114,"productPCA","CS_CMMSSY(9, 6)",46,9,6,6,"INGREDIENT_MEASURED","2026-08-31"
"PCAcat",115,"productPCA","CS_CMMSSY(9, 6)",46,9,6,6,"INGREDIENT_MEASURED","2026-08-31"
"PCAcat",115,"productPCA","productPCA(CS_CMMSSY(9, 6), CS_CMMSSY(10, 6))",91,89,6,6,"INGREDIENT_MEASURED","2026-08-31"
"PCAcat",115,"productPCA","CS_CMMSSY(9, 6)",46,9,6,6,"INGREDIENT_MEASURED","2026-08-31"
"PCAcat",115,"productPCA","CS_CMMSSY(10, 6)",51,10,6,6,"INGREDIENT_MEASURED","2026-08-31"
"PCAcat",116,"productPCA","CS_CMMSSY(9, 6)",46,9,6,6,"INGREDIENT_MEASURED","2026-08-31"
"PCAcat",116,"productPCA","productPCA(CS_CMMSSY(10, 6), CS_CMMSSY(10, 6))",96,99,6,6,"INGREDIENT_MEASURED","2026-08-31"
"PCAcat",116,"productPCA","CS_CMMSSY(10, 6)",51,10,6,6,"INGREDIENT_MEASURED","2026-08-31"
"PCAcat",116,"productPCA","CS_CMMSSY(10, 6)",51,10,6,6,"INGREDIENT_MEASURED","2026-08-31"
"PCAcat",117,"productPCA","CS_CMMSSY(10, 6)",51,10,6,6,"INGREDIENT_MEASURED","2026-08-31"
"PCAcat",117,"productPCA","productPCA(CS_CMMSSY(10, 6), CS_CMMSSY(10, 6))",96,99,6,6,"INGREDIENT_MEASURED","2026-08-31"
"PCAcat",117,"productPCA","CS_CMMSSY(10, 6)",51,10,6,6,"INGREDIENT_MEASURED","2026-08-31"
"PCAcat",117,"productPCA","CS_CMMSSY(10, 6)",51,10,6,6,"INGREDIENT_MEASURED","2026-08-31"
"PCAcat",118,"productPCA","miscCA(2, 5, 6)",39,5,6,6,"INGREDIENT_MEASURED","2026-08-31"
"PCAcat",118,"productPCA","productPCA(miscCA(2, 6, 6), productPCA(miscCA(2, 6, 6), miscCA(2, 6, 6)))",111,216,6,6,"INGREDIENT_MEASURED","2026-08-31"
"PCAcat",118,"productPCA","miscCA(2, 6, 6)",41,6,6,6,"INGREDIENT_MEASURED","2026-08-31"
"PCAcat",118,"productPCA","productPCA(miscCA(2, 6, 6), miscCA(2, 6, 6))",76,36,6,6,"INGREDIENT_MEASURED","2026-08-31"
"PCAcat",118,"productPCA","miscCA(2, 6, 6)",41,6,6,6,"INGREDIENT_MEASURED","2026-08-31"
"PCAcat",118,"productPCA","miscCA(2, 6, 6)",41,6,6,6,"INGREDIENT_MEASURED","2026-08-31"
"PCAcat",119,"productPCA","miscCA(2, 6, 6)",41,6,6,6,"INGREDIENT_MEASURED","2026-08-31"
"PCAcat",119,"productPCA","productPCA(miscCA(2, 6, 6), productPCA(miscCA(2, 6, 6), miscCA(2, 6, 6)))",111,216,6,6,"INGREDIENT_MEASURED","2026-08-31"
"PCAcat",119,"productPCA","miscCA(2, 6, 6)",41,6,6,6,"INGREDIENT_MEASURED","2026-08-31"
"PCAcat",119,"productPCA","productPCA(miscCA(2, 6, 6), miscCA(2, 6, 6))",76,36,6,6,"INGREDIENT_MEASURED","2026-08-31"
"PCAcat",119,"productPCA","miscCA(2, 6, 6)",41,6,6,6,"INGREDIENT_MEASURED","2026-08-31"
"PCAcat",119,"productPCA","miscCA(2, 6, 6)",41,6,6,6,"INGREDIENT_MEASURED","2026-08-31"
"PCAcat",120,"productPCA","miscCA(2, 5, 6)",39,5,6,6,"INGREDIENT_MEASURED","2026-08-31"
"PCAcat",120,"productPCA","productPCA(miscCA(2, 6, 6), productPCA(miscCA(2, 6, 6), CS_CMMSSY(9, 6)))",116,324,6,6,"INGREDIENT_MEASURED","2026-08-31"
"PCAcat",120,"productPCA","miscCA(2, 6, 6)",41,6,6,6,"INGREDIENT_MEASURED","2026-08-31"
"PCAcat",120,"productPCA","productPCA(miscCA(2, 6, 6), CS_CMMSSY(9, 6))",81,54,6,6,"INGREDIENT_MEASURED","2026-08-31"
"PCAcat",120,"productPCA","miscCA(2, 6, 6)",41,6,6,6,"INGREDIENT_MEASURED","2026-08-31"
"PCAcat",120,"productPCA","CS_CMMSSY(9, 6)",46,9,6,6,"INGREDIENT_MEASURED","2026-08-31"
"PCAcat",121,"productPCA","miscCA(2, 6, 6)",41,6,6,6,"INGREDIENT_MEASURED","2026-08-31"
"PCAcat",121,"productPCA","productPCA(miscCA(2, 6, 6), productPCA(miscCA(2, 6, 6), CS_CMMSSY(9, 6)))",116,324,6,6,"INGREDIENT_MEASURED","2026-08-31"
"PCAcat",121,"productPCA","miscCA(2, 6, 6)",41,6,6,6,"INGREDIENT_MEASURED","2026-08-31"
"PCAcat",121,"productPCA","productPCA(miscCA(2, 6, 6), CS_CMMSSY(9, 6))",81,54,6,6,"INGREDIENT_MEASURED","2026-08-31"
"PCAcat",121,"productPCA","miscCA(2, 6, 6)",41,6,6,6,"INGREDIENT_MEASURED","2026-08-31"
"PCAcat",121,"productPCA","CS_CMMSSY(9, 6)",46,9,6,6,"INGREDIENT_MEASURED","2026-08-31"
"PCAcat",122,"productPCA","miscCA(2, 5, 6)",39,5,6,6,"INGREDIENT_MEASURED","2026-08-31"
"PCAcat",122,"productPCA","productPCA(miscCA(2, 6, 6), productPCA(CS_CMMSSY(9, 6), CS_CMMSSY(9, 6)))",121,480,6,6,"INGREDIENT_MEASURED","2026-08-31"
"PCAcat",122,"productPCA","miscCA(2, 6, 6)",41,6,6,6,"INGREDIENT_MEASURED","2026-08-31"
"PCAcat",122,"productPCA","productPCA(CS_CMMSSY(9, 6), CS_CMMSSY(9, 6))",86,80,6,6,"INGREDIENT_MEASURED","2026-08-31"
"PCAcat",122,"productPCA","CS_CMMSSY(9, 6)",46,9,6,6,"INGREDIENT_MEASURED","2026-08-31"
"PCAcat",122,"productPCA","CS_CMMSSY(9, 6)",46,9,6,6,"INGREDIENT_MEASURED","2026-08-31"
"PCAcat",123,"productPCA","miscCA(2, 6, 6)",41,6,6,6,"INGREDIENT_MEASURED","2026-08-31"
"PCAcat",123,"productPCA","productPCA(miscCA(2, 6, 6), productPCA(CS_CMMSSY(9, 6), CS_CMMSSY(9, 6)))",121,480,6,6,"INGREDIENT_MEASURED","2026-08-31"
"PCAcat",123,"productPCA","miscCA(2, 6, 6)",41,6,6,6,"INGREDIENT_MEASURED","2026-08-31"
"PCAcat",123,"productPCA","productPCA(CS_CMMSSY(9, 6), CS_CMMSSY(9, 6))",86,80,6,6,"INGREDIENT_MEASURED","2026-08-31"
"PCAcat",123,"productPCA","CS_CMMSSY(9, 6)",46,9,6,6,"INGREDIENT_MEASURED","2026-08-31"
"PCAcat",123,"productPCA","CS_CMMSSY(9, 6)",46,9,6,6,"INGREDIENT_MEASURED","2026-08-31"
"PCAcat",124,"productPCA","miscCA(2, 5, 6)",39,5,6,6,"INGREDIENT_MEASURED","2026-08-31"
"PCAcat",124,"productPCA","productPCA(CS_CMMSSY(9, 6), productPCA(CS_CMMSSY(9, 6), CS_CMMSSY(9, 6)))",126,704,6,6,"INGREDIENT_MEASURED","2026-08-31"
"PCAcat",124,"productPCA","CS_CMMSSY(9, 6)",46,9,6,6,"INGREDIENT_MEASURED","2026-08-31"
"PCAcat",124,"productPCA","productPCA(CS_CMMSSY(9, 6), CS_CMMSSY(9, 6))",86,80,6,6,"INGREDIENT_MEASURED","2026-08-31"
"PCAcat",124,"productPCA","CS_CMMSSY(9, 6)",46,9,6,6,"INGREDIENT_MEASURED","2026-08-31"
"PCAcat",124,"productPCA","CS_CMMSSY(9, 6)",46,9,6,6,"INGREDIENT_MEASURED","2026-08-31"
"PCAcat",125,"productPCA","miscCA(2, 6, 6)",41,6,6,6,"INGREDIENT_MEASURED","2026-08-31"
"PCAcat",125,"productPCA","productPCA(CS_CMMSSY(9, 6), productPCA(CS_CMMSSY(9, 6), CS_CMMSSY(9, 6)))",126,704,6,6,"INGREDIENT_MEASURED","2026-08-31"
"PCAcat",125,"productPCA","CS_CMMSSY(9, 6)",46,9,6,6,"INGREDIENT_MEASURED","2026-08-31"
"PCAcat",125,"productPCA","productPCA(CS_CMMSSY(9, 6), CS_CMMSSY(9, 6))",86,80,6,6,"INGREDIENT_MEASURED","2026-08-31"
"PCAcat",125,"productPCA","CS_CMMSSY(9, 6)",46,9,6,6,"INGREDIENT_MEASURED","2026-08-31"
"PCAcat",125,"productPCA","CS_CMMSSY(9, 6)",46,9,6,6,"INGREDIENT_MEASURED","2026-08-31"
"PCAcat",126,"productPCA","CS_CMMSSY(9, 6)",46,9,6,6,"INGREDIENT_MEASURED","2026-08-31"
"PCAcat",126,"productPCA","productPCA(CS_CMMSSY(9, 6), productPCA(CS_CMMSSY(9, 6), CS_CMMSSY(9, 6)))",126,704,6,6,"INGREDIENT_MEASURED","2026-08-31"
"PCAcat",126,"productPCA","CS_CMMSSY(9, 6)",46,9,6,6,"INGREDIENT_MEASURED","2026-08-31"
"PCAcat",126,"productPCA","productPCA(CS_CMMSSY(9, 6), CS_CMMSSY(9, 6))",86,80,6,6,"INGREDIENT_MEASURED","2026-08-31"
"PCAcat",126,"productPCA","CS_CMMSSY(9, 6)",46,9,6,6,"INGREDIENT_MEASURED","2026-08-31"
"PCAcat",126,"productPCA","CS_CMMSSY(9, 6)",46,9,6,6,"INGREDIENT_MEASURED","2026-08-31"
"PCAcat",127,"productPCA","CS_CMMSSY(9, 6)",46,9,6,6,"INGREDIENT_MEASURED","2026-08-31"
"PCAcat",127,"productPCA","productPCA(CS_CMMSSY(9, 6), productPCA(CS_CMMSSY(9, 6), CS_CMMSSY(10, 6)))",131,784,6,6,"INGREDIENT_MEASURED","2026-08-31"
"PCAcat",127,"productPCA","CS_CMMSSY(9, 6)",46,9,6,6,"INGREDIENT_MEASURED","2026-08-31"
"PCAcat",127,"productPCA","productPCA(CS_CMMSSY(9, 6), CS_CMMSSY(10, 6))",91,89,6,6,"INGREDIENT_MEASURED","2026-08-31"
"PCAcat",127,"productPCA","CS_CMMSSY(9, 6)",46,9,6,6,"INGREDIENT_MEASURED","2026-08-31"
"PCAcat",127,"productPCA","CS_CMMSSY(10, 6)",51,10,6,6,"INGREDIENT_MEASURED","2026-08-31"
"PCAcat",128,"productPCA","CS_CMMSSY(9, 6)",46,9,6,6,"INGREDIENT_MEASURED","2026-08-31"
"PCAcat",128,"productPCA","productPCA(CS_CMMSSY(9, 6), productPCA(CS_CMMSSY(10, 6), CS_CMMSSY(10, 6)))",136,873,6,6,"INGREDIENT_MEASURED","2026-08-31"
"PCAcat",128,"productPCA","CS_CMMSSY(9, 6)",46,9,6,6,"INGREDIENT_MEASURED","2026-08-31"
"PCAcat",128,"productPCA","productPCA(CS_CMMSSY(10, 6), CS_CMMSSY(10, 6))",96,99,6,6,"INGREDIENT_MEASURED","2026-08-31"
"PCAcat",128,"productPCA","CS_CMMSSY(10, 6)",51,10,6,6,"INGREDIENT_MEASURED","2026-08-31"
"PCAcat",128,"productPCA","CS_CMMSSY(10, 6)",51,10,6,6,"INGREDIENT_MEASURED","2026-08-31"
"PCAcat",129,"productPCA","CS_CMMSSY(9, 6)",46,9,6,6,"INGREDIENT_MEASURED","2026-08-31"
"PCAcat",129,"productPCA","productPCA(CS_CMMSSY(10, 6), productPCA(CS_CMMSSY(10, 6), CS_CMMSSY(10, 6)))",141,972,6,6,"INGREDIENT_MEASURED","2026-08-31"
"PCAcat",129,"productPCA","CS_CMMSSY(10, 6)",51,10,6,6,"INGREDIENT_MEASURED","2026-08-31"
"PCAcat",129,"productPCA","productPCA(CS_CMMSSY(10, 6), CS_CMMSSY(10, 6))",96,99,6,6,"INGREDIENT_MEASURED","2026-08-31"
"PCAcat",129,"productPCA","CS_CMMSSY(10, 6)",51,10,6,6,"INGREDIENT_MEASURED","2026-08-31"
"PCAcat",129,"productPCA","CS_CMMSSY(10, 6)",51,10,6,6,"INGREDIENT_MEASURED","2026-08-31"
"PCAcat",130,"productPCA","miscCA(2, 5, 6)",39,5,6,6,"INGREDIENT_MEASURED","2026-08-31"
"PCAcat",130,"productPCA","productPCA(miscCA(2, 6, 6), productPCA(miscCA(2, 6, 6), productPCA(miscCA(2, 6, 6), CS_CMMSSY(9,     6))))",151,1944,6,6,"INGREDIENT_MEASURED","2026-08-31"
"PCAcat",130,"productPCA","miscCA(2, 6, 6)",41,6,6,6,"INGREDIENT_MEASURED","2026-08-31"
"PCAcat",130,"productPCA","productPCA(miscCA(2, 6, 6), productPCA(miscCA(2, 6, 6), CS_CMMSSY(9, 6)))",116,324,6,6,"INGREDIENT_MEASURED","2026-08-31"
"PCAcat",130,"productPCA","miscCA(2, 6, 6)",41,6,6,6,"INGREDIENT_MEASURED","2026-08-31"
"PCAcat",130,"productPCA","productPCA(miscCA(2, 6, 6), CS_CMMSSY(9, 6))",81,54,6,6,"INGREDIENT_MEASURED","2026-08-31"
"PCAcat",130,"productPCA","miscCA(2, 6, 6)",41,6,6,6,"INGREDIENT_MEASURED","2026-08-31"
"PCAcat",130,"productPCA","CS_CMMSSY(9, 6)",46,9,6,6,"INGREDIENT_MEASURED","2026-08-31"
"PCAcat",131,"productPCA","miscCA(2, 6, 6)",41,6,6,6,"INGREDIENT_MEASURED","2026-08-31"
"PCAcat",131,"productPCA","productPCA(miscCA(2, 6, 6), productPCA(miscCA(2, 6, 6), productPCA(miscCA(2, 6, 6), CS_CMMSSY(9,     6))))",151,1944,6,6,"INGREDIENT_MEASURED","2026-08-31"
"PCAcat",131,"productPCA","miscCA(2, 6, 6)",41,6,6,6,"INGREDIENT_MEASURED","2026-08-31"
"PCAcat",131,"productPCA","productPCA(miscCA(2, 6, 6), productPCA(miscCA(2, 6, 6), CS_CMMSSY(9, 6)))",116,324,6,6,"INGREDIENT_MEASURED","2026-08-31"
"PCAcat",131,"productPCA","miscCA(2, 6, 6)",41,6,6,6,"INGREDIENT_MEASURED","2026-08-31"
"PCAcat",131,"productPCA","productPCA(miscCA(2, 6, 6), CS_CMMSSY(9, 6))",81,54,6,6,"INGREDIENT_MEASURED","2026-08-31"
"PCAcat",131,"productPCA","miscCA(2, 6, 6)",41,6,6,6,"INGREDIENT_MEASURED","2026-08-31"
"PCAcat",131,"productPCA","CS_CMMSSY(9, 6)",46,9,6,6,"INGREDIENT_MEASURED","2026-08-31"
"PCAcat",132,"productPCA","miscCA(2, 5, 6)",39,5,6,6,"INGREDIENT_MEASURED","2026-08-31"
"PCAcat",132,"productPCA","productPCA(miscCA(2, 6, 6), productPCA(miscCA(2, 6, 6), productPCA(CS_CMMSSY(9, 6), CS_CMMSSY(9,     6))))",156,2880,6,6,"INGREDIENT_MEASURED","2026-08-31"
"PCAcat",132,"productPCA","miscCA(2, 6, 6)",41,6,6,6,"INGREDIENT_MEASURED","2026-08-31"
"PCAcat",132,"productPCA","productPCA(miscCA(2, 6, 6), productPCA(CS_CMMSSY(9, 6), CS_CMMSSY(9, 6)))",121,480,6,6,"INGREDIENT_MEASURED","2026-08-31"
"PCAcat",132,"productPCA","miscCA(2, 6, 6)",41,6,6,6,"INGREDIENT_MEASURED","2026-08-31"
"PCAcat",132,"productPCA","productPCA(CS_CMMSSY(9, 6), CS_CMMSSY(9, 6))",86,80,6,6,"INGREDIENT_MEASURED","2026-08-31"
"PCAcat",132,"productPCA","CS_CMMSSY(9, 6)",46,9,6,6,"INGREDIENT_MEASURED","2026-08-31"
"PCAcat",132,"productPCA","CS_CMMSSY(9, 6)",46,9,6,6,"INGREDIENT_MEASURED","2026-08-31"
"PCAcat",133,"productPCA","miscCA(2, 6, 6)",41,6,6,6,"INGREDIENT_MEASURED","2026-08-31"
"PCAcat",133,"productPCA","productPCA(miscCA(2, 6, 6), productPCA(miscCA(2, 6, 6), productPCA(CS_CMMSSY(9, 6), CS_CMMSSY(9,     6))))",156,2880,6,6,"INGREDIENT_MEASURED","2026-08-31"
"PCAcat",133,"productPCA","miscCA(2, 6, 6)",41,6,6,6,"INGREDIENT_MEASURED","2026-08-31"
"PCAcat",133,"productPCA","productPCA(miscCA(2, 6, 6), productPCA(CS_CMMSSY(9, 6), CS_CMMSSY(9, 6)))",121,480,6,6,"INGREDIENT_MEASURED","2026-08-31"
"PCAcat",133,"productPCA","miscCA(2, 6, 6)",41,6,6,6,"INGREDIENT_MEASURED","2026-08-31"
"PCAcat",133,"productPCA","productPCA(CS_CMMSSY(9, 6), CS_CMMSSY(9, 6))",86,80,6,6,"INGREDIENT_MEASURED","2026-08-31"
"PCAcat",133,"productPCA","CS_CMMSSY(9, 6)",46,9,6,6,"INGREDIENT_MEASURED","2026-08-31"
"PCAcat",133,"productPCA","CS_CMMSSY(9, 6)",46,9,6,6,"INGREDIENT_MEASURED","2026-08-31"
"PCAcat",134,"productPCA","miscCA(2, 5, 6)",39,5,6,6,"INGREDIENT_MEASURED","2026-08-31"
"PCAcat",134,"productPCA","productPCA(miscCA(2, 6, 6), productPCA(CS_CMMSSY(9, 6), productPCA(CS_CMMSSY(9, 6), CS_CMMSSY(9,     6))))",161,4224,6,6,"INGREDIENT_MEASURED","2026-08-31"
"PCAcat",134,"productPCA","miscCA(2, 6, 6)",41,6,6,6,"INGREDIENT_MEASURED","2026-08-31"
"PCAcat",134,"productPCA","productPCA(CS_CMMSSY(9, 6), productPCA(CS_CMMSSY(9, 6), CS_CMMSSY(9, 6)))",126,704,6,6,"INGREDIENT_MEASURED","2026-08-31"
"PCAcat",134,"productPCA","CS_CMMSSY(9, 6)",46,9,6,6,"INGREDIENT_MEASURED","2026-08-31"
"PCAcat",134,"productPCA","productPCA(CS_CMMSSY(9, 6), CS_CMMSSY(9, 6))",86,80,6,6,"INGREDIENT_MEASURED","2026-08-31"
"PCAcat",134,"productPCA","CS_CMMSSY(9, 6)",46,9,6,6,"INGREDIENT_MEASURED","2026-08-31"
"PCAcat",134,"productPCA","CS_CMMSSY(9, 6)",46,9,6,6,"INGREDIENT_MEASURED","2026-08-31"
"PCAcat",135,"productPCA","miscCA(2, 6, 6)",41,6,6,6,"INGREDIENT_MEASURED","2026-08-31"
"PCAcat",135,"productPCA","productPCA(miscCA(2, 6, 6), productPCA(CS_CMMSSY(9, 6), productPCA(CS_CMMSSY(9, 6), CS_CMMSSY(9,     6))))",161,4224,6,6,"INGREDIENT_MEASURED","2026-08-31"
"PCAcat",135,"productPCA","miscCA(2, 6, 6)",41,6,6,6,"INGREDIENT_MEASURED","2026-08-31"
"PCAcat",135,"productPCA","productPCA(CS_CMMSSY(9, 6), productPCA(CS_CMMSSY(9, 6), CS_CMMSSY(9, 6)))",126,704,6,6,"INGREDIENT_MEASURED","2026-08-31"
"PCAcat",135,"productPCA","CS_CMMSSY(9, 6)",46,9,6,6,"INGREDIENT_MEASURED","2026-08-31"
"PCAcat",135,"productPCA","productPCA(CS_CMMSSY(9, 6), CS_CMMSSY(9, 6))",86,80,6,6,"INGREDIENT_MEASURED","2026-08-31"
"PCAcat",135,"productPCA","CS_CMMSSY(9, 6)",46,9,6,6,"INGREDIENT_MEASURED","2026-08-31"
"PCAcat",135,"productPCA","CS_CMMSSY(9, 6)",46,9,6,6,"INGREDIENT_MEASURED","2026-08-31"
"PCAcat",136,"productPCA","CS_CMMSSY(8, 7)",49,8,7,7,"INGREDIENT_MEASURED","2026-08-31"
"PCAcat",136,"productPCA","CS_CMMSSY(8, 7)",49,8,7,7,"INGREDIENT_MEASURED","2026-08-31"
"PCAcat",137,"productPCA","CS_CMMSSY(8, 7)",49,8,7,7,"INGREDIENT_MEASURED","2026-08-31"
"PCAcat",137,"productPCA","CS_CMMSSY(10, 7)",61,10,7,7,"INGREDIENT_MEASURED","2026-08-31"
"PCAcat",138,"productPCA","CS_CMMSSY(8, 7)",49,8,7,7,"INGREDIENT_MEASURED","2026-08-31"
"PCAcat",138,"productPCA","CS_CMMSSY(11, 7)",67,11,7,7,"INGREDIENT_MEASURED","2026-08-31"
"PCAcat",139,"productPCA","CS_CMMSSY(10, 7)",61,10,7,7,"INGREDIENT_MEASURED","2026-08-31"
"PCAcat",139,"productPCA","CS_CMMSSY(10, 7)",61,10,7,7,"INGREDIENT_MEASURED","2026-08-31"
"PCAcat",140,"productPCA","CS_CMMSSY(10, 7)",61,10,7,7,"INGREDIENT_MEASURED","2026-08-31"
"PCAcat",140,"productPCA","CS_CMMSSY(11, 7)",67,11,7,7,"INGREDIENT_MEASURED","2026-08-31"
"PCAcat",141,"productPCA","CS_CMMSSY(11, 7)",67,11,7,7,"INGREDIENT_MEASURED","2026-08-31"
"PCAcat",141,"productPCA","CS_CMMSSY(11, 7)",67,11,7,7,"INGREDIENT_MEASURED","2026-08-31"
"PCAcat",142,"productPCA","CS_CMMSSY(8, 7)",49,8,7,7,"INGREDIENT_MEASURED","2026-08-31"
"PCAcat",142,"productPCA","productPCA(CS_CMMSSY(8, 7), CS_CMMSSY(8, 7))",91,63,7,7,"INGREDIENT_MEASURED","2026-08-31"
"PCAcat",142,"productPCA","CS_CMMSSY(8, 7)",49,8,7,7,"INGREDIENT_MEASURED","2026-08-31"
"PCAcat",142,"productPCA","CS_CMMSSY(8, 7)",49,8,7,7,"INGREDIENT_MEASURED","2026-08-31"
"PCAcat",143,"productPCA","CS_CMMSSY(8, 7)",49,8,7,7,"INGREDIENT_MEASURED","2026-08-31"
"PCAcat",143,"productPCA","productPCA(CS_CMMSSY(8, 7), CS_CMMSSY(10, 7))",103,79,7,7,"INGREDIENT_MEASURED","2026-08-31"
"PCAcat",143,"productPCA","CS_CMMSSY(8, 7)",49,8,7,7,"INGREDIENT_MEASURED","2026-08-31"
"PCAcat",143,"productPCA","CS_CMMSSY(10, 7)",61,10,7,7,"INGREDIENT_MEASURED","2026-08-31"
"PCAcat",144,"productPCA","CS_CMMSSY(8, 7)",49,8,7,7,"INGREDIENT_MEASURED","2026-08-31"
"PCAcat",144,"productPCA","productPCA(CS_CMMSSY(8, 7), CS_CMMSSY(11, 7))",109,87,7,7,"INGREDIENT_MEASURED","2026-08-31"
"PCAcat",144,"productPCA","CS_CMMSSY(8, 7)",49,8,7,7,"INGREDIENT_MEASURED","2026-08-31"
"PCAcat",144,"productPCA","CS_CMMSSY(11, 7)",67,11,7,7,"INGREDIENT_MEASURED","2026-08-31"
"PCAcat",145,"productPCA","CS_CMMSSY(8, 7)",49,8,7,7,"INGREDIENT_MEASURED","2026-08-31"
"PCAcat",145,"productPCA","productPCA(CS_CMMSSY(10, 7), CS_CMMSSY(10, 7))",115,99,7,7,"INGREDIENT_MEASURED","2026-08-31"
"PCAcat",145,"productPCA","CS_CMMSSY(10, 7)",61,10,7,7,"INGREDIENT_MEASURED","2026-08-31"
"PCAcat",145,"productPCA","CS_CMMSSY(10, 7)",61,10,7,7,"INGREDIENT_MEASURED","2026-08-31"
"PCAcat",146,"productPCA","CS_CMMSSY(8, 7)",49,8,7,7,"INGREDIENT_MEASURED","2026-08-31"
"PCAcat",146,"productPCA","productPCA(CS_CMMSSY(10, 7), CS_CMMSSY(11, 7))",121,109,7,7,"INGREDIENT_MEASURED","2026-08-31"
"PCAcat",146,"productPCA","CS_CMMSSY(10, 7)",61,10,7,7,"INGREDIENT_MEASURED","2026-08-31"
"PCAcat",146,"productPCA","CS_CMMSSY(11, 7)",67,11,7,7,"INGREDIENT_MEASURED","2026-08-31"
"PCAcat",147,"productPCA","CS_CMMSSY(10, 7)",61,10,7,7,"INGREDIENT_MEASURED","2026-08-31"
"PCAcat",147,"productPCA","productPCA(CS_CMMSSY(10, 7), CS_CMMSSY(10, 7))",115,99,7,7,"INGREDIENT_MEASURED","2026-08-31"
"PCAcat",147,"productPCA","CS_CMMSSY(10, 7)",61,10,7,7,"INGREDIENT_MEASURED","2026-08-31"
"PCAcat",147,"productPCA","CS_CMMSSY(10, 7)",61,10,7,7,"INGREDIENT_MEASURED","2026-08-31"
"PCAcat",148,"productPCA","CS_CMMSSY(8, 7)",49,8,7,7,"INGREDIENT_MEASURED","2026-08-31"
"PCAcat",148,"productPCA","productPCA(CS_CMMSSY(8, 7), productPCA(CS_CMMSSY(8, 7), CS_CMMSSY(8, 7)))",133,490,7,7,"INGREDIENT_MEASURED","2026-08-31"
"PCAcat",148,"productPCA","CS_CMMSSY(8, 7)",49,8,7,7,"INGREDIENT_MEASURED","2026-08-31"
"PCAcat",148,"productPCA","productPCA(CS_CMMSSY(8, 7), CS_CMMSSY(8, 7))",91,63,7,7,"INGREDIENT_MEASURED","2026-08-31"
"PCAcat",148,"productPCA","CS_CMMSSY(8, 7)",49,8,7,7,"INGREDIENT_MEASURED","2026-08-31"
"PCAcat",148,"productPCA","CS_CMMSSY(8, 7)",49,8,7,7,"INGREDIENT_MEASURED","2026-08-31"
"PCAcat",149,"productPCA","CS_CMMSSY(8, 7)",49,8,7,7,"INGREDIENT_MEASURED","2026-08-31"
"PCAcat",149,"productPCA","productPCA(CS_CMMSSY(8, 7), productPCA(CS_CMMSSY(8, 7), CS_CMMSSY(10, 7)))",145,616,7,7,"INGREDIENT_MEASURED","2026-08-31"
"PCAcat",149,"productPCA","CS_CMMSSY(8, 7)",49,8,7,7,"INGREDIENT_MEASURED","2026-08-31"
"PCAcat",149,"productPCA","productPCA(CS_CMMSSY(8, 7), CS_CMMSSY(10, 7))",103,79,7,7,"INGREDIENT_MEASURED","2026-08-31"
"PCAcat",149,"productPCA","CS_CMMSSY(8, 7)",49,8,7,7,"INGREDIENT_MEASURED","2026-08-31"
"PCAcat",149,"productPCA","CS_CMMSSY(10, 7)",61,10,7,7,"INGREDIENT_MEASURED","2026-08-31"
"PCAcat",150,"productPCA","CS_CMMSSY(8, 7)",49,8,7,7,"INGREDIENT_MEASURED","2026-08-31"
"PCAcat",150,"productPCA","productPCA(CS_CMMSSY(8, 7), productPCA(CS_CMMSSY(8, 7), CS_CMMSSY(11, 7)))",151,679,7,7,"INGREDIENT_MEASURED","2026-08-31"
"PCAcat",150,"productPCA","CS_CMMSSY(8, 7)",49,8,7,7,"INGREDIENT_MEASURED","2026-08-31"
"PCAcat",150,"productPCA","productPCA(CS_CMMSSY(8, 7), CS_CMMSSY(11, 7))",109,87,7,7,"INGREDIENT_MEASURED","2026-08-31"
"PCAcat",150,"productPCA","CS_CMMSSY(8, 7)",49,8,7,7,"INGREDIENT_MEASURED","2026-08-31"
"PCAcat",150,"productPCA","CS_CMMSSY(11, 7)",67,11,7,7,"INGREDIENT_MEASURED","2026-08-31"
"PCAcat",151,"productPCA","CS_CMMSSY(8, 7)",49,8,7,7,"INGREDIENT_MEASURED","2026-08-31"
"PCAcat",151,"productPCA","productPCA(CS_CMMSSY(8, 7), productPCA(CS_CMMSSY(10, 7), CS_CMMSSY(10, 7)))",157,774,7,7,"INGREDIENT_MEASURED","2026-08-31"
"PCAcat",151,"productPCA","CS_CMMSSY(8, 7)",49,8,7,7,"INGREDIENT_MEASURED","2026-08-31"
"PCAcat",151,"productPCA","productPCA(CS_CMMSSY(10, 7), CS_CMMSSY(10, 7))",115,99,7,7,"INGREDIENT_MEASURED","2026-08-31"
"PCAcat",151,"productPCA","CS_CMMSSY(10, 7)",61,10,7,7,"INGREDIENT_MEASURED","2026-08-31"
"PCAcat",151,"productPCA","CS_CMMSSY(10, 7)",61,10,7,7,"INGREDIENT_MEASURED","2026-08-31"
"PCAcat",152,"productPCA","CS_CMMSSY(8, 7)",49,8,7,7,"INGREDIENT_MEASURED","2026-08-31"
"PCAcat",152,"productPCA","productPCA(CS_CMMSSY(8, 7), productPCA(CS_CMMSSY(10, 7), CS_CMMSSY(11, 7)))",163,853,7,7,"INGREDIENT_MEASURED","2026-08-31"
"PCAcat",152,"productPCA","CS_CMMSSY(8, 7)",49,8,7,7,"INGREDIENT_MEASURED","2026-08-31"
"PCAcat",152,"productPCA","productPCA(CS_CMMSSY(10, 7), CS_CMMSSY(11, 7))",121,109,7,7,"INGREDIENT_MEASURED","2026-08-31"
"PCAcat",152,"productPCA","CS_CMMSSY(10, 7)",61,10,7,7,"INGREDIENT_MEASURED","2026-08-31"
"PCAcat",152,"productPCA","CS_CMMSSY(11, 7)",67,11,7,7,"INGREDIENT_MEASURED","2026-08-31"
"PCAcat",153,"productPCA","CS_CMMSSY(8, 7)",49,8,7,7,"INGREDIENT_MEASURED","2026-08-31"
"PCAcat",153,"productPCA","productPCA(CS_CMMSSY(10, 7), productPCA(CS_CMMSSY(10, 7), CS_CMMSSY(10, 7)))",169,972,7,7,"INGREDIENT_MEASURED","2026-08-31"
"PCAcat",153,"productPCA","CS_CMMSSY(10, 7)",61,10,7,7,"INGREDIENT_MEASURED","2026-08-31"
"PCAcat",153,"productPCA","productPCA(CS_CMMSSY(10, 7), CS_CMMSSY(10, 7))",115,99,7,7,"INGREDIENT_MEASURED","2026-08-31"
"PCAcat",153,"productPCA","CS_CMMSSY(10, 7)",61,10,7,7,"INGREDIENT_MEASURED","2026-08-31"
"PCAcat",153,"productPCA","CS_CMMSSY(10, 7)",61,10,7,7,"INGREDIENT_MEASURED","2026-08-31"
"PCAcat",154,"productPCA","CS_CMMSSY(8, 7)",49,8,7,7,"INGREDIENT_MEASURED","2026-08-31"
"PCAcat",154,"productPCA","productPCA(CS_CMMSSY(8, 7), productPCA(CS_CMMSSY(8, 7), productPCA(CS_CMMSSY(8, 7), CS_CMMSSY(8,     7))))",175,3773,7,7,"INGREDIENT_MEASURED","2026-08-31"
"PCAcat",154,"productPCA","CS_CMMSSY(8, 7)",49,8,7,7,"INGREDIENT_MEASURED","2026-08-31"
"PCAcat",154,"productPCA","productPCA(CS_CMMSSY(8, 7), productPCA(CS_CMMSSY(8, 7), CS_CMMSSY(8, 7)))",133,490,7,7,"INGREDIENT_MEASURED","2026-08-31"
"PCAcat",154,"productPCA","CS_CMMSSY(8, 7)",49,8,7,7,"INGREDIENT_MEASURED","2026-08-31"
"PCAcat",154,"productPCA","productPCA(CS_CMMSSY(8, 7), CS_CMMSSY(8, 7))",91,63,7,7,"INGREDIENT_MEASURED","2026-08-31"
"PCAcat",154,"productPCA","CS_CMMSSY(8, 7)",49,8,7,7,"INGREDIENT_MEASURED","2026-08-31"
"PCAcat",154,"productPCA","CS_CMMSSY(8, 7)",49,8,7,7,"INGREDIENT_MEASURED","2026-08-31"
"PCAcat",155,"productPCA","SCA_LCDST(11, 8)",78,11,8,8,"INGREDIENT_MEASURED","2026-08-31"
"PCAcat",155,"productPCA","SCA_LCDST(11, 8)",78,11,8,8,"INGREDIENT_MEASURED","2026-08-31"
"PCAcat",156,"productPCA","SCA_LCDST(11, 8)",78,11,8,8,"INGREDIENT_MEASURED","2026-08-31"
"PCAcat",156,"productPCA","CS_CMMSSY(12, 8)",85,12,8,8,"INGREDIENT_MEASURED","2026-08-31"
"PCAcat",157,"productPCA","CS_CMMSSY(12, 8)",85,12,8,8,"INGREDIENT_MEASURED","2026-08-31"
"PCAcat",157,"productPCA","CS_CMMSSY(12, 8)",85,12,8,8,"INGREDIENT_MEASURED","2026-08-31"
"PCAcat",158,"productPCA","CS_CMMSSY(12, 8)",85,12,8,8,"INGREDIENT_MEASURED","2026-08-31"
"PCAcat",158,"productPCA","CS_CMMSSY(13, 8)",92,13,8,8,"INGREDIENT_MEASURED","2026-08-31"
"PCAcat",159,"productPCA","CS_CMMSSY(13, 8)",92,13,8,8,"INGREDIENT_MEASURED","2026-08-31"
"PCAcat",159,"productPCA","CS_CMMSSY(13, 8)",92,13,8,8,"INGREDIENT_MEASURED","2026-08-31"
"PCAcat",160,"productPCA","CS_CMMSSY(13, 8)",92,13,8,8,"INGREDIENT_MEASURED","2026-08-31"
"PCAcat",160,"productPCA","CS_CMMSSY(14, 8)",99,14,8,8,"INGREDIENT_MEASURED","2026-08-31"
"PCAcat",161,"productPCA","CS_CMMSSY(14, 8)",99,14,8,8,"INGREDIENT_MEASURED","2026-08-31"
"PCAcat",161,"productPCA","CS_CMMSSY(14, 8)",99,14,8,8,"INGREDIENT_MEASURED","2026-08-31"
"PCAcat",162,"productPCA","CS_CMMSSY(14, 8)",99,14,8,8,"INGREDIENT_MEASURED","2026-08-31"
"PCAcat",162,"productPCA","CS_CMMSSY(15, 8)",106,15,8,8,"INGREDIENT_MEASURED","2026-08-31"
"PCAcat",163,"productPCA","SCA_Bose(8)",64,9,8,8,"INGREDIENT_MEASURED","2026-08-31"
"PCAcat",163,"productPCA","productPCA(SCA_LCDST(11, 8), SCA_LCDST(11, 8))",148,120,8,8,"INGREDIENT_MEASURED","2026-08-31"
"PCAcat",163,"productPCA","SCA_LCDST(11, 8)",78,11,8,8,"INGREDIENT_MEASURED","2026-08-31"
"PCAcat",163,"productPCA","SCA_LCDST(11, 8)",78,11,8,8,"INGREDIENT_MEASURED","2026-08-31"
"PCAcat",164,"productPCA","SCA_Bose(8)",64,9,8,8,"INGREDIENT_MEASURED","2026-08-31"
"PCAcat",164,"productPCA","productPCA(SCA_LCDST(11, 8), CS_CMMSSY(12, 8))",155,131,8,8,"INGREDIENT_MEASURED","2026-08-31"
"PCAcat",164,"productPCA","SCA_LCDST(11, 8)",78,11,8,8,"INGREDIENT_MEASURED","2026-08-31"
"PCAcat",164,"productPCA","CS_CMMSSY(12, 8)",85,12,8,8,"INGREDIENT_MEASURED","2026-08-31"
"PCAcat",165,"productPCA","SCA_LCDST(11, 8)",78,11,8,8,"INGREDIENT_MEASURED","2026-08-31"
"PCAcat",165,"productPCA","productPCA(SCA_LCDST(11, 8), SCA_LCDST(11, 8))",148,120,8,8,"INGREDIENT_MEASURED","2026-08-31"
"PCAcat",165,"productPCA","SCA_LCDST(11, 8)",78,11,8,8,"INGREDIENT_MEASURED","2026-08-31"
"PCAcat",165,"productPCA","SCA_LCDST(11, 8)",78,11,8,8,"INGREDIENT_MEASURED","2026-08-31"
"PCAcat",166,"productPCA","SCA_LCDST(11, 8)",78,11,8,8,"INGREDIENT_MEASURED","2026-08-31"
"PCAcat",166,"productPCA","productPCA(SCA_LCDST(11, 8), CS_CMMSSY(12, 8))",155,131,8,8,"INGREDIENT_MEASURED","2026-08-31"
"PCAcat",166,"productPCA","SCA_LCDST(11, 8)",78,11,8,8,"INGREDIENT_MEASURED","2026-08-31"
"PCAcat",166,"productPCA","CS_CMMSSY(12, 8)",85,12,8,8,"INGREDIENT_MEASURED","2026-08-31"
"PCAcat",167,"productPCA","SCA_LCDST(11, 8)",78,11,8,8,"INGREDIENT_MEASURED","2026-08-31"
"PCAcat",167,"productPCA","productPCA(CS_CMMSSY(12, 8), CS_CMMSSY(12, 8))",162,143,8,8,"INGREDIENT_MEASURED","2026-08-31"
"PCAcat",167,"productPCA","CS_CMMSSY(12, 8)",85,12,8,8,"INGREDIENT_MEASURED","2026-08-31"
"PCAcat",167,"productPCA","CS_CMMSSY(12, 8)",85,12,8,8,"INGREDIENT_MEASURED","2026-08-31"
"PCAcat",168,"productPCA","CS_CMMSSY(12, 8)",85,12,8,8,"INGREDIENT_MEASURED","2026-08-31"
"PCAcat",168,"productPCA","productPCA(CS_CMMSSY(12, 8), CS_CMMSSY(12, 8))",162,143,8,8,"INGREDIENT_MEASURED","2026-08-31"
"PCAcat",168,"productPCA","CS_CMMSSY(12, 8)",85,12,8,8,"INGREDIENT_MEASURED","2026-08-31"
"PCAcat",168,"productPCA","CS_CMMSSY(12, 8)",85,12,8,8,"INGREDIENT_MEASURED","2026-08-31"
"PCAcat",169,"productPCA","CS_CMMSSY(12, 8)",85,12,8,8,"INGREDIENT_MEASURED","2026-08-31"
"PCAcat",169,"productPCA","productPCA(CS_CMMSSY(12, 8), CS_CMMSSY(13, 8))",169,155,8,8,"INGREDIENT_MEASURED","2026-08-31"
"PCAcat",169,"productPCA","CS_CMMSSY(12, 8)",85,12,8,8,"INGREDIENT_MEASURED","2026-08-31"
"PCAcat",169,"productPCA","CS_CMMSSY(13, 8)",92,13,8,8,"INGREDIENT_MEASURED","2026-08-31"
"PCAcat",170,"productPCA","CS_CMMSSY(12, 8)",85,12,8,8,"INGREDIENT_MEASURED","2026-08-31"
"PCAcat",170,"productPCA","productPCA(CS_CMMSSY(13, 8), CS_CMMSSY(13, 8))",176,168,8,8,"INGREDIENT_MEASURED","2026-08-31"
"PCAcat",170,"productPCA","CS_CMMSSY(13, 8)",92,13,8,8,"INGREDIENT_MEASURED","2026-08-31"
"PCAcat",170,"productPCA","CS_CMMSSY(13, 8)",92,13,8,8,"INGREDIENT_MEASURED","2026-08-31"
"PCAcat",171,"productPCA","SCA_Bose(8)",64,9,8,8,"INGREDIENT_MEASURED","2026-08-31"
"PCAcat",171,"productPCA","productPCA(SCA_Bose(8), productPCA(SCA_LCDST(11, 8), SCA_LCDST(11, 8)))",204,1060,8,8,"INGREDIENT_MEASURED","2026-08-31"
"PCAcat",171,"productPCA","SCA_Bose(8)",64,9,8,8,"INGREDIENT_MEASURED","2026-08-31"
"PCAcat",171,"productPCA","productPCA(SCA_LCDST(11, 8), SCA_LCDST(11, 8))",148,120,8,8,"INGREDIENT_MEASURED","2026-08-31"
"PCAcat",171,"productPCA","SCA_LCDST(11, 8)",78,11,8,8,"INGREDIENT_MEASURED","2026-08-31"
"PCAcat",171,"productPCA","SCA_LCDST(11, 8)",78,11,8,8,"INGREDIENT_MEASURED","2026-08-31"
"PCAcat",172,"productPCA","SCA_Bose(8)",64,9,8,8,"INGREDIENT_MEASURED","2026-08-31"
"PCAcat",172,"productPCA","productPCA(SCA_Bose(8), productPCA(SCA_LCDST(11, 8), CS_CMMSSY(12, 8)))",211,1158,8,8,"INGREDIENT_MEASURED","2026-08-31"
"PCAcat",172,"productPCA","SCA_Bose(8)",64,9,8,8,"INGREDIENT_MEASURED","2026-08-31"
"PCAcat",172,"productPCA","productPCA(SCA_LCDST(11, 8), CS_CMMSSY(12, 8))",155,131,8,8,"INGREDIENT_MEASURED","2026-08-31"
"PCAcat",172,"productPCA","SCA_LCDST(11, 8)",78,11,8,8,"INGREDIENT_MEASURED","2026-08-31"
"PCAcat",172,"productPCA","CS_CMMSSY(12, 8)",85,12,8,8,"INGREDIENT_MEASURED","2026-08-31"
"PCAcat",173,"productPCA","SCA_LCDST(11, 8)",78,11,8,8,"INGREDIENT_MEASURED","2026-08-31"
"PCAcat",173,"productPCA","productPCA(SCA_Bose(8), productPCA(SCA_LCDST(11, 8), SCA_LCDST(11, 8)))",204,1060,8,8,"INGREDIENT_MEASURED","2026-08-31"
"PCAcat",173,"productPCA","SCA_Bose(8)",64,9,8,8,"INGREDIENT_MEASURED","2026-08-31"
"PCAcat",173,"productPCA","productPCA(SCA_LCDST(11, 8), SCA_LCDST(11, 8))",148,120,8,8,"INGREDIENT_MEASURED","2026-08-31"
"PCAcat",173,"productPCA","SCA_LCDST(11, 8)",78,11,8,8,"INGREDIENT_MEASURED","2026-08-31"
"PCAcat",173,"productPCA","SCA_LCDST(11, 8)",78,11,8,8,"INGREDIENT_MEASURED","2026-08-31"
"PCAcat",174,"productPCA","SCA_LCDST(11, 8)",78,11,8,8,"INGREDIENT_MEASURED","2026-08-31"
"PCAcat",174,"productPCA","productPCA(SCA_Bose(8), productPCA(SCA_LCDST(11, 8), CS_CMMSSY(12, 8)))",211,1158,8,8,"INGREDIENT_MEASURED","2026-08-31"
"PCAcat",174,"productPCA","SCA_Bose(8)",64,9,8,8,"INGREDIENT_MEASURED","2026-08-31"
"PCAcat",174,"productPCA","productPCA(SCA_LCDST(11, 8), CS_CMMSSY(12, 8))",155,131,8,8,"INGREDIENT_MEASURED","2026-08-31"
"PCAcat",174,"productPCA","SCA_LCDST(11, 8)",78,11,8,8,"INGREDIENT_MEASURED","2026-08-31"
"PCAcat",174,"productPCA","CS_CMMSSY(12, 8)",85,12,8,8,"INGREDIENT_MEASURED","2026-08-31"
"PCAcat",175,"productPCA","SCA_LCDST(11, 8)",78,11,8,8,"INGREDIENT_MEASURED","2026-08-31"
"PCAcat",175,"productPCA","productPCA(SCA_LCDST(11, 8), productPCA(SCA_LCDST(11, 8), SCA_LCDST(11, 8)))",218,1300,8,8,"INGREDIENT_MEASURED","2026-08-31"
"PCAcat",175,"productPCA","SCA_LCDST(11, 8)",78,11,8,8,"INGREDIENT_MEASURED","2026-08-31"
"PCAcat",175,"productPCA","productPCA(SCA_LCDST(11, 8), SCA_LCDST(11, 8))",148,120,8,8,"INGREDIENT_MEASURED","2026-08-31"
"PCAcat",175,"productPCA","SCA_LCDST(11, 8)",78,11,8,8,"INGREDIENT_MEASURED","2026-08-31"
"PCAcat",175,"productPCA","SCA_LCDST(11, 8)",78,11,8,8,"INGREDIENT_MEASURED","2026-08-31"
"PCAcat",176,"productPCA","SCA_LCDST(11, 8)",78,11,8,8,"INGREDIENT_MEASURED","2026-08-31"
"PCAcat",176,"productPCA","productPCA(SCA_LCDST(11, 8), productPCA(SCA_LCDST(11, 8), CS_CMMSSY(12, 8)))",225,1420,8,8,"INGREDIENT_MEASURED","2026-08-31"
"PCAcat",176,"productPCA","SCA_LCDST(11, 8)",78,11,8,8,"INGREDIENT_MEASURED","2026-08-31"
"PCAcat",176,"productPCA","productPCA(SCA_LCDST(11, 8), CS_CMMSSY(12, 8))",155,131,8,8,"INGREDIENT_MEASURED","2026-08-31"
"PCAcat",176,"productPCA","SCA_LCDST(11, 8)",78,11,8,8,"INGREDIENT_MEASURED","2026-08-31"
"PCAcat",176,"productPCA","CS_CMMSSY(12, 8)",85,12,8,8,"INGREDIENT_MEASURED","2026-08-31"
"PCAcat",177,"productPCA","SCA_LCDST(11, 8)",78,11,8,8,"INGREDIENT_MEASURED","2026-08-31"
"PCAcat",177,"productPCA","productPCA(SCA_LCDST(11, 8), productPCA(CS_CMMSSY(12, 8), CS_CMMSSY(12, 8)))",232,1551,8,8,"INGREDIENT_MEASURED","2026-08-31"
"PCAcat",177,"productPCA","SCA_LCDST(11, 8)",78,11,8,8,"INGREDIENT_MEASURED","2026-08-31"
"PCAcat",177,"productPCA","productPCA(CS_CMMSSY(12, 8), CS_CMMSSY(12, 8))",162,143,8,8,"INGREDIENT_MEASURED","2026-08-31"
"PCAcat",177,"productPCA","CS_CMMSSY(12, 8)",85,12,8,8,"INGREDIENT_MEASURED","2026-08-31"
"PCAcat",177,"productPCA","CS_CMMSSY(12, 8)",85,12,8,8,"INGREDIENT_MEASURED","2026-08-31"
"PCAcat",178,"productPCA","SCA_LCDST(11, 8)",78,11,8,8,"INGREDIENT_MEASURED","2026-08-31"
"PCAcat",178,"productPCA","productPCA(CS_CMMSSY(12, 8), productPCA(CS_CMMSSY(12, 8), CS_CMMSSY(12, 8)))",239,1694,8,8,"INGREDIENT_MEASURED","2026-08-31"
"PCAcat",178,"productPCA","CS_CMMSSY(12, 8)",85,12,8,8,"INGREDIENT_MEASURED","2026-08-31"
"PCAcat",178,"productPCA","productPCA(CS_CMMSSY(12, 8), CS_CMMSSY(12, 8))",162,143,8,8,"INGREDIENT_MEASURED","2026-08-31"
"PCAcat",178,"productPCA","CS_CMMSSY(12, 8)",85,12,8,8,"INGREDIENT_MEASURED","2026-08-31"
"PCAcat",178,"productPCA","CS_CMMSSY(12, 8)",85,12,8,8,"INGREDIENT_MEASURED","2026-08-31"
"PCAcat",179,"productPCA","SCA_Bose(8)",64,9,8,8,"INGREDIENT_MEASURED","2026-08-31"
"PCAcat",179,"productPCA","productPCA(SCA_Bose(8), productPCA(SCA_Bose(8), productPCA(SCA_LCDST(11, 8), SCA_LCDST(11,     8))))",260,9280,8,8,"INGREDIENT_MEASURED","2026-08-31"
"PCAcat",179,"productPCA","SCA_Bose(8)",64,9,8,8,"INGREDIENT_MEASURED","2026-08-31"
"PCAcat",179,"productPCA","productPCA(SCA_Bose(8), productPCA(SCA_LCDST(11, 8), SCA_LCDST(11, 8)))",204,1060,8,8,"INGREDIENT_MEASURED","2026-08-31"
"PCAcat",179,"productPCA","SCA_Bose(8)",64,9,8,8,"INGREDIENT_MEASURED","2026-08-31"
"PCAcat",179,"productPCA","productPCA(SCA_LCDST(11, 8), SCA_LCDST(11, 8))",148,120,8,8,"INGREDIENT_MEASURED","2026-08-31"
"PCAcat",179,"productPCA","SCA_LCDST(11, 8)",78,11,8,8,"INGREDIENT_MEASURED","2026-08-31"
"PCAcat",179,"productPCA","SCA_LCDST(11, 8)",78,11,8,8,"INGREDIENT_MEASURED","2026-08-31"
"PCAcat",180,"productPCA","CS_CMMSSY(13, 9)",105,13,9,9,"INGREDIENT_MEASURED","2026-08-31"
"PCAcat",180,"productPCA","CS_CMMSSY(13, 9)",105,13,9,9,"INGREDIENT_MEASURED","2026-08-31"
"PCAcat",181,"productPCA","CS_CMMSSY(13, 9)",105,13,9,9,"INGREDIENT_MEASURED","2026-08-31"
"PCAcat",181,"productPCA","CS_CMMSSY(14, 9)",113,14,9,9,"INGREDIENT_MEASURED","2026-08-31"
"PCAcat",182,"productPCA","CS_CMMSSY(14, 9)",113,14,9,9,"INGREDIENT_MEASURED","2026-08-31"
"PCAcat",182,"productPCA","CS_CMMSSY(14, 9)",113,14,9,9,"INGREDIENT_MEASURED","2026-08-31"
"PCAcat",183,"productPCA","CS_CMMSSY(14, 9)",113,14,9,9,"INGREDIENT_MEASURED","2026-08-31"
"PCAcat",183,"productPCA","CS_CMMSSY(15, 9)",121,15,9,9,"INGREDIENT_MEASURED","2026-08-31"
"PCAcat",184,"productPCA","CS_CMMSSY(15, 9)",121,15,9,9,"INGREDIENT_MEASURED","2026-08-31"
"PCAcat",184,"productPCA","CS_CMMSSY(15, 9)",121,15,9,9,"INGREDIENT_MEASURED","2026-08-31"
"PCAcat",185,"productPCA","CS_CMMSSY(15, 9)",121,15,9,9,"INGREDIENT_MEASURED","2026-08-31"
"PCAcat",185,"productPCA","CS_CMMSSY(16, 9)",129,16,9,9,"INGREDIENT_MEASURED","2026-08-31"
"PCAcat",186,"productPCA","CS_CMMSSY(16, 9)",129,16,9,9,"INGREDIENT_MEASURED","2026-08-31"
"PCAcat",186,"productPCA","CS_CMMSSY(16, 9)",129,16,9,9,"INGREDIENT_MEASURED","2026-08-31"
"PCAcat",187,"productPCA","CS_CMMSSY(16, 9)",129,16,9,9,"INGREDIENT_MEASURED","2026-08-31"
"PCAcat",187,"productPCA","SCA_MS(17, 9)",137,17,9,9,"INGREDIENT_MEASURED","2026-08-31"
"PCAcat",188,"productPCA","SCA_MS(17, 9)",137,17,9,9,"INGREDIENT_MEASURED","2026-08-31"
"PCAcat",188,"productPCA","SCA_MS(17, 9)",137,17,9,9,"INGREDIENT_MEASURED","2026-08-31"
"PCAcat",189,"productPCA","SCA_Bose(9)",81,10,9,9,"INGREDIENT_MEASURED","2026-08-31"
"PCAcat",189,"productPCA","productPCA(CS_CMMSSY(13, 9), CS_CMMSSY(13, 9))",201,168,9,9,"INGREDIENT_MEASURED","2026-08-31"
"PCAcat",189,"productPCA","CS_CMMSSY(13, 9)",105,13,9,9,"INGREDIENT_MEASURED","2026-08-31"
"PCAcat",189,"productPCA","CS_CMMSSY(13, 9)",105,13,9,9,"INGREDIENT_MEASURED","2026-08-31"
"PCAcat",190,"productPCA","SCA_Bose(9)",81,10,9,9,"INGREDIENT_MEASURED","2026-08-31"
"PCAcat",190,"productPCA","productPCA(CS_CMMSSY(13, 9), CS_CMMSSY(14, 9))",209,181,9,9,"INGREDIENT_MEASURED","2026-08-31"
"PCAcat",190,"productPCA","CS_CMMSSY(13, 9)",105,13,9,9,"INGREDIENT_MEASURED","2026-08-31"
"PCAcat",190,"productPCA","CS_CMMSSY(14, 9)",113,14,9,9,"INGREDIENT_MEASURED","2026-08-31"
"PCAcat",191,"productPCA","SCA_Bose(9)",81,10,9,9,"INGREDIENT_MEASURED","2026-08-31"
"PCAcat",191,"productPCA","productPCA(CS_CMMSSY(14, 9), CS_CMMSSY(14, 9))",217,195,9,9,"INGREDIENT_MEASURED","2026-08-31"
"PCAcat",191,"productPCA","CS_CMMSSY(14, 9)",113,14,9,9,"INGREDIENT_MEASURED","2026-08-31"
"PCAcat",191,"productPCA","CS_CMMSSY(14, 9)",113,14,9,9,"INGREDIENT_MEASURED","2026-08-31"
"PCAcat",192,"productPCA","CS_CMMSSY(13, 9)",105,13,9,9,"INGREDIENT_MEASURED","2026-08-31"
"PCAcat",192,"productPCA","productPCA(CS_CMMSSY(13, 9), CS_CMMSSY(13, 9))",201,168,9,9,"INGREDIENT_MEASURED","2026-08-31"
"PCAcat",192,"productPCA","CS_CMMSSY(13, 9)",105,13,9,9,"INGREDIENT_MEASURED","2026-08-31"
"PCAcat",192,"productPCA","CS_CMMSSY(13, 9)",105,13,9,9,"INGREDIENT_MEASURED","2026-08-31"
"PCAcat",193,"productPCA","CS_CMMSSY(13, 9)",105,13,9,9,"INGREDIENT_MEASURED","2026-08-31"
"PCAcat",193,"productPCA","productPCA(CS_CMMSSY(13, 9), CS_CMMSSY(14, 9))",209,181,9,9,"INGREDIENT_MEASURED","2026-08-31"
"PCAcat",193,"productPCA","CS_CMMSSY(13, 9)",105,13,9,9,"INGREDIENT_MEASURED","2026-08-31"
"PCAcat",193,"productPCA","CS_CMMSSY(14, 9)",113,14,9,9,"INGREDIENT_MEASURED","2026-08-31"
"PCAcat",194,"productPCA","CS_CMMSSY(13, 9)",105,13,9,9,"INGREDIENT_MEASURED","2026-08-31"
"PCAcat",194,"productPCA","productPCA(CS_CMMSSY(14, 9), CS_CMMSSY(14, 9))",217,195,9,9,"INGREDIENT_MEASURED","2026-08-31"
"PCAcat",194,"productPCA","CS_CMMSSY(14, 9)",113,14,9,9,"INGREDIENT_MEASURED","2026-08-31"
"PCAcat",194,"productPCA","CS_CMMSSY(14, 9)",113,14,9,9,"INGREDIENT_MEASURED","2026-08-31"
"PCAcat",195,"productPCA","CS_CMMSSY(14, 9)",113,14,9,9,"INGREDIENT_MEASURED","2026-08-31"
"PCAcat",195,"productPCA","productPCA(CS_CMMSSY(14, 9), CS_CMMSSY(14, 9))",217,195,9,9,"INGREDIENT_MEASURED","2026-08-31"
"PCAcat",195,"productPCA","CS_CMMSSY(14, 9)",113,14,9,9,"INGREDIENT_MEASURED","2026-08-31"
"PCAcat",195,"productPCA","CS_CMMSSY(14, 9)",113,14,9,9,"INGREDIENT_MEASURED","2026-08-31"
"PCAcat",196,"productPCA","CS_CMMSSY(14, 9)",113,14,9,9,"INGREDIENT_MEASURED","2026-08-31"
"PCAcat",196,"productPCA","productPCA(CS_CMMSSY(14, 9), CS_CMMSSY(15, 9))",225,209,9,9,"INGREDIENT_MEASURED","2026-08-31"
"PCAcat",196,"productPCA","CS_CMMSSY(14, 9)",113,14,9,9,"INGREDIENT_MEASURED","2026-08-31"
"PCAcat",196,"productPCA","CS_CMMSSY(15, 9)",121,15,9,9,"INGREDIENT_MEASURED","2026-08-31"
"PCAcat",197,"productPCA","CS_CMMSSY(14, 9)",113,14,9,9,"INGREDIENT_MEASURED","2026-08-31"
"PCAcat",197,"productPCA","productPCA(CS_CMMSSY(15, 9), CS_CMMSSY(15, 9))",233,224,9,9,"INGREDIENT_MEASURED","2026-08-31"
"PCAcat",197,"productPCA","CS_CMMSSY(15, 9)",121,15,9,9,"INGREDIENT_MEASURED","2026-08-31"
"PCAcat",197,"productPCA","CS_CMMSSY(15, 9)",121,15,9,9,"INGREDIENT_MEASURED","2026-08-31"
"PCAcat",198,"productPCA","SCA_Bose(9)",81,10,9,9,"INGREDIENT_MEASURED","2026-08-31"
"PCAcat",198,"productPCA","productPCA(SCA_Bose(9), productPCA(CS_CMMSSY(13, 9), CS_CMMSSY(13, 9)))",273,1656,9,9,"INGREDIENT_MEASURED","2026-08-31"
"PCAcat",198,"productPCA","SCA_Bose(9)",81,10,9,9,"INGREDIENT_MEASURED","2026-08-31"
"PCAcat",198,"productPCA","productPCA(CS_CMMSSY(13, 9), CS_CMMSSY(13, 9))",201,168,9,9,"INGREDIENT_MEASURED","2026-08-31"
"PCAcat",198,"productPCA","CS_CMMSSY(13, 9)",105,13,9,9,"INGREDIENT_MEASURED","2026-08-31"
"PCAcat",198,"productPCA","CS_CMMSSY(13, 9)",105,13,9,9,"INGREDIENT_MEASURED","2026-08-31"
"PCAcat",199,"productPCA","SCA_Bose(9)",81,10,9,9,"INGREDIENT_MEASURED","2026-08-31"
"PCAcat",199,"productPCA","productPCA(SCA_Bose(9), productPCA(CS_CMMSSY(13, 9), CS_CMMSSY(14, 9)))",281,1785,9,9,"INGREDIENT_MEASURED","2026-08-31"
"PCAcat",199,"productPCA","SCA_Bose(9)",81,10,9,9,"INGREDIENT_MEASURED","2026-08-31"
"PCAcat",199,"productPCA","productPCA(CS_CMMSSY(13, 9), CS_CMMSSY(14, 9))",209,181,9,9,"INGREDIENT_MEASURED","2026-08-31"
"PCAcat",199,"productPCA","CS_CMMSSY(13, 9)",105,13,9,9,"INGREDIENT_MEASURED","2026-08-31"
"PCAcat",199,"productPCA","CS_CMMSSY(14, 9)",113,14,9,9,"INGREDIENT_MEASURED","2026-08-31"
"PCAcat",200,"productPCA","SCA_Bose(9)",81,10,9,9,"INGREDIENT_MEASURED","2026-08-31"
"PCAcat",200,"productPCA","productPCA(SCA_Bose(9), productPCA(CS_CMMSSY(14, 9), CS_CMMSSY(14, 9)))",289,1924,9,9,"INGREDIENT_MEASURED","2026-08-31"
"PCAcat",200,"productPCA","SCA_Bose(9)",81,10,9,9,"INGREDIENT_MEASURED","2026-08-31"
"PCAcat",200,"productPCA","productPCA(CS_CMMSSY(14, 9), CS_CMMSSY(14, 9))",217,195,9,9,"INGREDIENT_MEASURED","2026-08-31"
"PCAcat",200,"productPCA","CS_CMMSSY(14, 9)",113,14,9,9,"INGREDIENT_MEASURED","2026-08-31"
"PCAcat",200,"productPCA","CS_CMMSSY(14, 9)",113,14,9,9,"INGREDIENT_MEASURED","2026-08-31"
"PCAcat",201,"productPCA","CS_CMMSSY(13, 9)",105,13,9,9,"INGREDIENT_MEASURED","2026-08-31"
"PCAcat",201,"productPCA","productPCA(SCA_Bose(9), productPCA(CS_CMMSSY(13, 9), CS_CMMSSY(13, 9)))",273,1656,9,9,"INGREDIENT_MEASURED","2026-08-31"
"PCAcat",201,"productPCA","SCA_Bose(9)",81,10,9,9,"INGREDIENT_MEASURED","2026-08-31"
"PCAcat",201,"productPCA","productPCA(CS_CMMSSY(13, 9), CS_CMMSSY(13, 9))",201,168,9,9,"INGREDIENT_MEASURED","2026-08-31"
"PCAcat",201,"productPCA","CS_CMMSSY(13, 9)",105,13,9,9,"INGREDIENT_MEASURED","2026-08-31"
"PCAcat",201,"productPCA","CS_CMMSSY(13, 9)",105,13,9,9,"INGREDIENT_MEASURED","2026-08-31"
"PCAcat",202,"productPCA","CA_to_PCA(miscCA(2, 4, 10), TRUE)",100,4,10,10,"INGREDIENT_MEASURED","2026-08-31"
"PCAcat",202,"productPCA","miscCA(2, 4, 10)",100,4,10,10,"INGREDIENT_MEASURED","2026-08-31"
"PCAcat",202,"productPCA","CA_to_PCA(miscCA(2, 4, 10), TRUE)",100,4,10,10,"INGREDIENT_MEASURED","2026-08-31"
"PCAcat",202,"productPCA","miscCA(2, 4, 10)",100,4,10,10,"INGREDIENT_MEASURED","2026-08-31"
"PCAcat",203,"productPCA","CA_to_PCA(miscCA(2, 4, 10), TRUE)",100,4,10,10,"INGREDIENT_MEASURED","2026-08-31"
"PCAcat",203,"productPCA","miscCA(2, 4, 10)",100,4,10,10,"INGREDIENT_MEASURED","2026-08-31"
"PCAcat",203,"productPCA","SCA_LCDST(15, 10)",136,15,10,10,"INGREDIENT_MEASURED","2026-08-31"
"PCAcat",204,"productPCA","CA_to_PCA(miscCA(2, 4, 10), TRUE)",100,4,10,10,"INGREDIENT_MEASURED","2026-08-31"
"PCAcat",204,"productPCA","miscCA(2, 4, 10)",100,4,10,10,"INGREDIENT_MEASURED","2026-08-31"
"PCAcat",204,"productPCA","CS_CMMSSY(16, 10)",145,16,10,10,"INGREDIENT_MEASURED","2026-08-31"
"PCAcat",205,"productPCA","CA_to_PCA(miscCA(2, 4, 10), TRUE)",100,4,10,10,"INGREDIENT_MEASURED","2026-08-31"
"PCAcat",205,"productPCA","miscCA(2, 4, 10)",100,4,10,10,"INGREDIENT_MEASURED","2026-08-31"
"PCAcat",205,"productPCA","SCA_MS(17, 10)",154,17,10,10,"INGREDIENT_MEASURED","2026-08-31"
"PCAcat",206,"productPCA","CA_to_PCA(miscCA(2, 4, 10), TRUE)",100,4,10,10,"INGREDIENT_MEASURED","2026-08-31"
"PCAcat",206,"productPCA","miscCA(2, 4, 10)",100,4,10,10,"INGREDIENT_MEASURED","2026-08-31"
"PCAcat",206,"productPCA","SCA_MS(18, 10)",163,18,10,10,"INGREDIENT_MEASURED","2026-08-31"
"PCAcat",207,"productPCA","SCA_LCDST(15, 10)",136,15,10,10,"INGREDIENT_MEASURED","2026-08-31"
"PCAcat",207,"productPCA","SCA_LCDST(15, 10)",136,15,10,10,"INGREDIENT_MEASURED","2026-08-31"
"PCAcat",208,"productPCA","SCA_LCDST(15, 10)",136,15,10,10,"INGREDIENT_MEASURED","2026-08-31"
"PCAcat",208,"productPCA","CS_CMMSSY(16, 10)",145,16,10,10,"INGREDIENT_MEASURED","2026-08-31"
"PCAcat",209,"productPCA","CS_CMMSSY(16, 10)",145,16,10,10,"INGREDIENT_MEASURED","2026-08-31"
"PCAcat",209,"productPCA","CS_CMMSSY(16, 10)",145,16,10,10,"INGREDIENT_MEASURED","2026-08-31"
"PCAcat",210,"productPCA","CS_CMMSSY(16, 10)",145,16,10,10,"INGREDIENT_MEASURED","2026-08-31"
"PCAcat",210,"productPCA","SCA_MS(17, 10)",154,17,10,10,"INGREDIENT_MEASURED","2026-08-31"
"PCAcat",211,"productPCA","SCA_MS(17, 10)",154,17,10,10,"INGREDIENT_MEASURED","2026-08-31"
"PCAcat",211,"productPCA","SCA_MS(17, 10)",154,17,10,10,"INGREDIENT_MEASURED","2026-08-31"
"PCAcat",212,"productPCA","SCA_MS(17, 10)",154,17,10,10,"INGREDIENT_MEASURED","2026-08-31"
"PCAcat",212,"productPCA","SCA_MS(18, 10)",163,18,10,10,"INGREDIENT_MEASURED","2026-08-31"
"PCAcat",213,"productPCA","SCA_MS(18, 10)",163,18,10,10,"INGREDIENT_MEASURED","2026-08-31"
"PCAcat",213,"productPCA","SCA_MS(18, 10)",163,18,10,10,"INGREDIENT_MEASURED","2026-08-31"
"PCAcat",214,"productPCA","SCA_MS(18, 10)",163,18,10,10,"INGREDIENT_MEASURED","2026-08-31"
"PCAcat",214,"productPCA","SCA_MS(19, 10)",172,19,10,10,"INGREDIENT_MEASURED","2026-08-31"
"PCAcat",215,"productPCA","SCA_MS(19, 10)",172,19,10,10,"INGREDIENT_MEASURED","2026-08-31"
"PCAcat",215,"productPCA","SCA_MS(19, 10)",172,19,10,10,"INGREDIENT_MEASURED","2026-08-31"
"PCAcat",216,"productPCA","SCA_MS(18, 10)",163,18,10,10,"INGREDIENT_MEASURED","2026-08-31"
"PCAcat",216,"productPCA","SCA_MS(21, 10)",190,21,10,10,"INGREDIENT_MEASURED","2026-08-31"
"PCAcat",217,"productPCA","CA_to_PCA(miscCA(2, 4, 10), TRUE)",100,4,10,10,"INGREDIENT_MEASURED","2026-08-31"
"PCAcat",217,"productPCA","miscCA(2, 4, 10)",100,4,10,10,"INGREDIENT_MEASURED","2026-08-31"
"PCAcat",217,"productPCA","productPCA(SCA_LCDST(15, 10), SCA_LCDST(15, 10))",262,224,10,10,"INGREDIENT_MEASURED","2026-08-31"
"PCAcat",217,"productPCA","SCA_LCDST(15, 10)",136,15,10,10,"INGREDIENT_MEASURED","2026-08-31"
"PCAcat",217,"productPCA","SCA_LCDST(15, 10)",136,15,10,10,"INGREDIENT_MEASURED","2026-08-31"
"PCAcat",218,"productPCA","CA_to_PCA(miscCA(2, 4, 10), TRUE)",100,4,10,10,"INGREDIENT_MEASURED","2026-08-31"
"PCAcat",218,"productPCA","miscCA(2, 4, 10)",100,4,10,10,"INGREDIENT_MEASURED","2026-08-31"
"PCAcat",218,"productPCA","productPCA(SCA_LCDST(15, 10), CS_CMMSSY(16, 10))",271,239,10,10,"INGREDIENT_MEASURED","2026-08-31"
"PCAcat",218,"productPCA","SCA_LCDST(15, 10)",136,15,10,10,"INGREDIENT_MEASURED","2026-08-31"
"PCAcat",218,"productPCA","CS_CMMSSY(16, 10)",145,16,10,10,"INGREDIENT_MEASURED","2026-08-31"
"PCAcat",219,"productPCA","CA_to_PCA(miscCA(2, 4, 10), TRUE)",100,4,10,10,"INGREDIENT_MEASURED","2026-08-31"
"PCAcat",219,"productPCA","miscCA(2, 4, 10)",100,4,10,10,"INGREDIENT_MEASURED","2026-08-31"
"PCAcat",219,"productPCA","productPCA(CS_CMMSSY(16, 10), CS_CMMSSY(16, 10))",280,255,10,10,"INGREDIENT_MEASURED","2026-08-31"
"PCAcat",219,"productPCA","CS_CMMSSY(16, 10)",145,16,10,10,"INGREDIENT_MEASURED","2026-08-31"
"PCAcat",219,"productPCA","CS_CMMSSY(16, 10)",145,16,10,10,"INGREDIENT_MEASURED","2026-08-31"
"PCAcat",220,"productPCA","CA_to_PCA(miscCA(2, 4, 10), TRUE)",100,4,10,10,"INGREDIENT_MEASURED","2026-08-31"
"PCAcat",220,"productPCA","miscCA(2, 4, 10)",100,4,10,10,"INGREDIENT_MEASURED","2026-08-31"
"PCAcat",220,"productPCA","productPCA(CS_CMMSSY(16, 10), SCA_MS(17, 10))",289,271,10,10,"INGREDIENT_MEASURED","2026-08-31"
"PCAcat",220,"productPCA","CS_CMMSSY(16, 10)",145,16,10,10,"INGREDIENT_MEASURED","2026-08-31"
"PCAcat",220,"productPCA","SCA_MS(17, 10)",154,17,10,10,"INGREDIENT_MEASURED","2026-08-31"
"PCAcat",221,"productPCA","SCA_LCDST(15, 10)",136,15,10,10,"INGREDIENT_MEASURED","2026-08-31"
"PCAcat",221,"productPCA","productPCA(SCA_LCDST(15, 10), SCA_LCDST(15, 10))",262,224,10,10,"INGREDIENT_MEASURED","2026-08-31"
"PCAcat",221,"productPCA","SCA_LCDST(15, 10)",136,15,10,10,"INGREDIENT_MEASURED","2026-08-31"
"PCAcat",221,"productPCA","SCA_LCDST(15, 10)",136,15,10,10,"INGREDIENT_MEASURED","2026-08-31"
"PCAcat",222,"productPCA","SCA_LCDST(15, 10)",136,15,10,10,"INGREDIENT_MEASURED","2026-08-31"
"PCAcat",222,"productPCA","productPCA(SCA_LCDST(15, 10), CS_CMMSSY(16, 10))",271,239,10,10,"INGREDIENT_MEASURED","2026-08-31"
"PCAcat",222,"productPCA","SCA_LCDST(15, 10)",136,15,10,10,"INGREDIENT_MEASURED","2026-08-31"
"PCAcat",222,"productPCA","CS_CMMSSY(16, 10)",145,16,10,10,"INGREDIENT_MEASURED","2026-08-31"
"PCAcat",223,"productPCA","SCA_LCDST(15, 10)",136,15,10,10,"INGREDIENT_MEASURED","2026-08-31"
"PCAcat",223,"productPCA","productPCA(CS_CMMSSY(16, 10), CS_CMMSSY(16, 10))",280,255,10,10,"INGREDIENT_MEASURED","2026-08-31"
"PCAcat",223,"productPCA","CS_CMMSSY(16, 10)",145,16,10,10,"INGREDIENT_MEASURED","2026-08-31"
"PCAcat",223,"productPCA","CS_CMMSSY(16, 10)",145,16,10,10,"INGREDIENT_MEASURED","2026-08-31"
"PCAcat",224,"productPCA","CS_CMMSSY(16, 10)",145,16,10,10,"INGREDIENT_MEASURED","2026-08-31"
"PCAcat",224,"productPCA","productPCA(CS_CMMSSY(16, 10), CS_CMMSSY(16, 10))",280,255,10,10,"INGREDIENT_MEASURED","2026-08-31"
"PCAcat",224,"productPCA","CS_CMMSSY(16, 10)",145,16,10,10,"INGREDIENT_MEASURED","2026-08-31"
"PCAcat",224,"productPCA","CS_CMMSSY(16, 10)",145,16,10,10,"INGREDIENT_MEASURED","2026-08-31"
"PCAcat",225,"productPCA","CS_CMMSSY(16, 10)",145,16,10,10,"INGREDIENT_MEASURED","2026-08-31"
"PCAcat",225,"productPCA","productPCA(CS_CMMSSY(16, 10), SCA_MS(17, 10))",289,271,10,10,"INGREDIENT_MEASURED","2026-08-31"
"PCAcat",225,"productPCA","CS_CMMSSY(16, 10)",145,16,10,10,"INGREDIENT_MEASURED","2026-08-31"
"PCAcat",225,"productPCA","SCA_MS(17, 10)",154,17,10,10,"INGREDIENT_MEASURED","2026-08-31"
"PCAcat",226,"productPCA","CS_CMMSSY(16, 10)",145,16,10,10,"INGREDIENT_MEASURED","2026-08-31"
"PCAcat",226,"productPCA","productPCA(SCA_MS(17, 10), SCA_MS(17, 10))",298,288,10,10,"INGREDIENT_MEASURED","2026-08-31"
"PCAcat",226,"productPCA","SCA_MS(17, 10)",154,17,10,10,"INGREDIENT_MEASURED","2026-08-31"
"PCAcat",226,"productPCA","SCA_MS(17, 10)",154,17,10,10,"INGREDIENT_MEASURED","2026-08-31"
"PCAcat",227,"productPCA","SCA_MS(17, 10)",154,17,10,10,"INGREDIENT_MEASURED","2026-08-31"
"PCAcat",227,"productPCA","productPCA(SCA_MS(17, 10), SCA_MS(17, 10))",298,288,10,10,"INGREDIENT_MEASURED","2026-08-31"
"PCAcat",227,"productPCA","SCA_MS(17, 10)",154,17,10,10,"INGREDIENT_MEASURED","2026-08-31"
"PCAcat",227,"productPCA","SCA_MS(17, 10)",154,17,10,10,"INGREDIENT_MEASURED","2026-08-31"
"PCAcat",228,"productPCA","SCA_MS(17, 10)",154,17,10,10,"INGREDIENT_MEASURED","2026-08-31"
"PCAcat",228,"productPCA","productPCA(SCA_MS(17, 10), SCA_MS(18, 10))",307,305,10,10,"INGREDIENT_MEASURED","2026-08-31"
"PCAcat",228,"productPCA","SCA_MS(17, 10)",154,17,10,10,"INGREDIENT_MEASURED","2026-08-31"
"PCAcat",228,"productPCA","SCA_MS(18, 10)",163,18,10,10,"INGREDIENT_MEASURED","2026-08-31"
"PCAcat",229,"productPCA","SCA_MS(17, 10)",154,17,10,10,"INGREDIENT_MEASURED","2026-08-31"
"PCAcat",229,"productPCA","productPCA(SCA_MS(18, 10), SCA_MS(18, 10))",316,323,10,10,"INGREDIENT_MEASURED","2026-08-31"
"PCAcat",229,"productPCA","SCA_MS(18, 10)",163,18,10,10,"INGREDIENT_MEASURED","2026-08-31"
"PCAcat",229,"productPCA","SCA_MS(18, 10)",163,18,10,10,"INGREDIENT_MEASURED","2026-08-31"
"PCAcat",230,"productPCA","SCA_MS(18, 10)",163,18,10,10,"INGREDIENT_MEASURED","2026-08-31"
"PCAcat",230,"productPCA","productPCA(SCA_MS(18, 10), SCA_MS(18, 10))",316,323,10,10,"INGREDIENT_MEASURED","2026-08-31"
"PCAcat",230,"productPCA","SCA_MS(18, 10)",163,18,10,10,"INGREDIENT_MEASURED","2026-08-31"
"PCAcat",230,"productPCA","SCA_MS(18, 10)",163,18,10,10,"INGREDIENT_MEASURED","2026-08-31"
"PCAcat",231,"productPCA","CA_to_PCA(miscCA(2, 4, 10), TRUE)",100,4,10,10,"INGREDIENT_MEASURED","2026-08-31"
"PCAcat",231,"productPCA","miscCA(2, 4, 10)",100,4,10,10,"INGREDIENT_MEASURED","2026-08-31"
"PCAcat",231,"productPCA","productPCA(SCA_LCDST(15, 10), productPCA(SCA_LCDST(15, 10), SCA_LCDST(15, 10)))",388,3332,10,10,"INGREDIENT_MEASURED","2026-08-31"
"PCAcat",231,"productPCA","SCA_LCDST(15, 10)",136,15,10,10,"INGREDIENT_MEASURED","2026-08-31"
"PCAcat",231,"productPCA","productPCA(SCA_LCDST(15, 10), SCA_LCDST(15, 10))",262,224,10,10,"INGREDIENT_MEASURED","2026-08-31"
"PCAcat",231,"productPCA","SCA_LCDST(15, 10)",136,15,10,10,"INGREDIENT_MEASURED","2026-08-31"
"PCAcat",231,"productPCA","SCA_LCDST(15, 10)",136,15,10,10,"INGREDIENT_MEASURED","2026-08-31"
"PCAcat",232,"productPCA","CA_to_PCA(miscCA(2, 4, 10), TRUE)",100,4,10,10,"INGREDIENT_MEASURED","2026-08-31"
"PCAcat",232,"productPCA","miscCA(2, 4, 10)",100,4,10,10,"INGREDIENT_MEASURED","2026-08-31"
"PCAcat",232,"productPCA","productPCA(SCA_LCDST(15, 10), productPCA(SCA_LCDST(15, 10), CS_CMMSSY(16, 10)))",397,3556,10,10,"INGREDIENT_MEASURED","2026-08-31"
"PCAcat",232,"productPCA","SCA_LCDST(15, 10)",136,15,10,10,"INGREDIENT_MEASURED","2026-08-31"
"PCAcat",232,"productPCA","productPCA(SCA_LCDST(15, 10), CS_CMMSSY(16, 10))",271,239,10,10,"INGREDIENT_MEASURED","2026-08-31"
"PCAcat",232,"productPCA","SCA_LCDST(15, 10)",136,15,10,10,"INGREDIENT_MEASURED","2026-08-31"
"PCAcat",232,"productPCA","CS_CMMSSY(16, 10)",145,16,10,10,"INGREDIENT_MEASURED","2026-08-31"
"PCAcat",233,"productPCA","CA_to_PCA(miscCA(2, 4, 10), TRUE)",100,4,10,10,"INGREDIENT_MEASURED","2026-08-31"
"PCAcat",233,"productPCA","miscCA(2, 4, 10)",100,4,10,10,"INGREDIENT_MEASURED","2026-08-31"
"PCAcat",233,"productPCA","productPCA(SCA_LCDST(15, 10), productPCA(CS_CMMSSY(16, 10), CS_CMMSSY(16, 10)))",406,3795,10,10,"INGREDIENT_MEASURED","2026-08-31"
"PCAcat",233,"productPCA","SCA_LCDST(15, 10)",136,15,10,10,"INGREDIENT_MEASURED","2026-08-31"
"PCAcat",233,"productPCA","productPCA(CS_CMMSSY(16, 10), CS_CMMSSY(16, 10))",280,255,10,10,"INGREDIENT_MEASURED","2026-08-31"
"PCAcat",233,"productPCA","CS_CMMSSY(16, 10)",145,16,10,10,"INGREDIENT_MEASURED","2026-08-31"
"PCAcat",233,"productPCA","CS_CMMSSY(16, 10)",145,16,10,10,"INGREDIENT_MEASURED","2026-08-31"
"PCAcat",234,"productPCA","CA_to_PCA(miscCA(2, 4, 10), TRUE)",100,4,10,10,"INGREDIENT_MEASURED","2026-08-31"
"PCAcat",234,"productPCA","miscCA(2, 4, 10)",100,4,10,10,"INGREDIENT_MEASURED","2026-08-31"
"PCAcat",234,"productPCA","productPCA(CS_CMMSSY(16, 10), productPCA(CS_CMMSSY(16, 10), CS_CMMSSY(16, 10)))",415,4050,10,10,"INGREDIENT_MEASURED","2026-08-31"
"PCAcat",234,"productPCA","CS_CMMSSY(16, 10)",145,16,10,10,"INGREDIENT_MEASURED","2026-08-31"
"PCAcat",234,"productPCA","productPCA(CS_CMMSSY(16, 10), CS_CMMSSY(16, 10))",280,255,10,10,"INGREDIENT_MEASURED","2026-08-31"
"PCAcat",234,"productPCA","CS_CMMSSY(16, 10)",145,16,10,10,"INGREDIENT_MEASURED","2026-08-31"
"PCAcat",234,"productPCA","CS_CMMSSY(16, 10)",145,16,10,10,"INGREDIENT_MEASURED","2026-08-31"
"PCAcat",235,"productPCA","SCA_LCDST(15, 10)",136,15,10,10,"INGREDIENT_MEASURED","2026-08-31"
"PCAcat",235,"productPCA","productPCA(SCA_LCDST(15, 10), productPCA(SCA_LCDST(15, 10), SCA_LCDST(15, 10)))",388,3332,10,10,"INGREDIENT_MEASURED","2026-08-31"
"PCAcat",235,"productPCA","SCA_LCDST(15, 10)",136,15,10,10,"INGREDIENT_MEASURED","2026-08-31"
"PCAcat",235,"productPCA","productPCA(SCA_LCDST(15, 10), SCA_LCDST(15, 10))",262,224,10,10,"INGREDIENT_MEASURED","2026-08-31"
"PCAcat",235,"productPCA","SCA_LCDST(15, 10)",136,15,10,10,"INGREDIENT_MEASURED","2026-08-31"
"PCAcat",235,"productPCA","SCA_LCDST(15, 10)",136,15,10,10,"INGREDIENT_MEASURED","2026-08-31"
"PCAcat",236,"productPCA","SCA_LCDST(16, 11)",161,16,11,11,"INGREDIENT_MEASURED","2026-08-31"
"PCAcat",236,"productPCA","SCA_LCDST(16, 11)",161,16,11,11,"INGREDIENT_MEASURED","2026-08-31"
"PCAcat",237,"productPCA","SCA_LCDST(16, 11)",161,16,11,11,"INGREDIENT_MEASURED","2026-08-31"
"PCAcat",237,"productPCA","SCA_LCDST(17, 11)",171,17,11,11,"INGREDIENT_MEASURED","2026-08-31"
"PCAcat",238,"productPCA","SCA_LCDST(17, 11)",171,17,11,11,"INGREDIENT_MEASURED","2026-08-31"
"PCAcat",238,"productPCA","SCA_LCDST(17, 11)",171,17,11,11,"INGREDIENT_MEASURED","2026-08-31"
"PCAcat",239,"productPCA","SCA_LCDST(17, 11)",171,17,11,11,"INGREDIENT_MEASURED","2026-08-31"
"PCAcat",239,"productPCA","SCA_MS(18, 11)",181,18,11,11,"INGREDIENT_MEASURED","2026-08-31"
"PCAcat",240,"productPCA","SCA_MS(18, 11)",181,18,11,11,"INGREDIENT_MEASURED","2026-08-31"
"PCAcat",240,"productPCA","SCA_MS(18, 11)",181,18,11,11,"INGREDIENT_MEASURED","2026-08-31"
"PCAcat",241,"productPCA","SCA_MS(18, 11)",181,18,11,11,"INGREDIENT_MEASURED","2026-08-31"
"PCAcat",241,"productPCA","SCA_MS(19, 11)",191,19,11,11,"INGREDIENT_MEASURED","2026-08-31"
"PCAcat",242,"productPCA","SCA_MS(19, 11)",191,19,11,11,"INGREDIENT_MEASURED","2026-08-31"
"PCAcat",242,"productPCA","SCA_MS(19, 11)",191,19,11,11,"INGREDIENT_MEASURED","2026-08-31"
"PCAcat",243,"productPCA","SCA_MS(19, 11)",191,19,11,11,"INGREDIENT_MEASURED","2026-08-31"
"PCAcat",243,"productPCA","SCA_MS(20, 11)",201,20,11,11,"INGREDIENT_MEASURED","2026-08-31"
"PCAcat",244,"productPCA","SCA_MS(20, 11)",201,20,11,11,"INGREDIENT_MEASURED","2026-08-31"
"PCAcat",244,"productPCA","SCA_MS(20, 11)",201,20,11,11,"INGREDIENT_MEASURED","2026-08-31"
"PCAcat",245,"productPCA","SCA_MS(20, 11)",201,20,11,11,"INGREDIENT_MEASURED","2026-08-31"
"PCAcat",245,"productPCA","SCA_MS(21, 11)",211,21,11,11,"INGREDIENT_MEASURED","2026-08-31"
"PCAcat",246,"productPCA","SCA_MS(21, 11)",211,21,11,11,"INGREDIENT_MEASURED","2026-08-31"
"PCAcat",246,"productPCA","SCA_MS(21, 11)",211,21,11,11,"INGREDIENT_MEASURED","2026-08-31"
"PCAcat",247,"productPCA","SCA_Bose(11)",121,12,11,11,"INGREDIENT_MEASURED","2026-08-31"
"PCAcat",247,"productPCA","productPCA(SCA_LCDST(16, 11), SCA_LCDST(16, 11))",311,255,11,11,"INGREDIENT_MEASURED","2026-08-31"
"PCAcat",247,"productPCA","SCA_LCDST(16, 11)",161,16,11,11,"INGREDIENT_MEASURED","2026-08-31"
"PCAcat",247,"productPCA","SCA_LCDST(16, 11)",161,16,11,11,"INGREDIENT_MEASURED","2026-08-31"
"PCAcat",248,"productPCA","SCA_Bose(11)",121,12,11,11,"INGREDIENT_MEASURED","2026-08-31"
"PCAcat",248,"productPCA","productPCA(SCA_LCDST(16, 11), SCA_LCDST(17, 11))",321,271,11,11,"INGREDIENT_MEASURED","2026-08-31"
"PCAcat",248,"productPCA","SCA_LCDST(16, 11)",161,16,11,11,"INGREDIENT_MEASURED","2026-08-31"
"PCAcat",248,"productPCA","SCA_LCDST(17, 11)",171,17,11,11,"INGREDIENT_MEASURED","2026-08-31"
"PCAcat",249,"productPCA","SCA_Bose(11)",121,12,11,11,"INGREDIENT_MEASURED","2026-08-31"
"PCAcat",249,"productPCA","productPCA(SCA_LCDST(17, 11), SCA_LCDST(17, 11))",331,288,11,11,"INGREDIENT_MEASURED","2026-08-31"
"PCAcat",249,"productPCA","SCA_LCDST(17, 11)",171,17,11,11,"INGREDIENT_MEASURED","2026-08-31"
"PCAcat",249,"productPCA","SCA_LCDST(17, 11)",171,17,11,11,"INGREDIENT_MEASURED","2026-08-31"
"PCAcat",250,"productPCA","SCA_Bose(11)",121,12,11,11,"INGREDIENT_MEASURED","2026-08-31"
"PCAcat",250,"productPCA","productPCA(SCA_LCDST(17, 11), SCA_MS(18, 11))",341,305,11,11,"INGREDIENT_MEASURED","2026-08-31"
"PCAcat",250,"productPCA","SCA_LCDST(17, 11)",171,17,11,11,"INGREDIENT_MEASURED","2026-08-31"
"PCAcat",250,"productPCA","SCA_MS(18, 11)",181,18,11,11,"INGREDIENT_MEASURED","2026-08-31"
"PCAcat",251,"productPCA","SCA_LCDST(16, 11)",161,16,11,11,"INGREDIENT_MEASURED","2026-08-31"
"PCAcat",251,"productPCA","productPCA(SCA_LCDST(16, 11), SCA_LCDST(16, 11))",311,255,11,11,"INGREDIENT_MEASURED","2026-08-31"
"PCAcat",251,"productPCA","SCA_LCDST(16, 11)",161,16,11,11,"INGREDIENT_MEASURED","2026-08-31"
"PCAcat",251,"productPCA","SCA_LCDST(16, 11)",161,16,11,11,"INGREDIENT_MEASURED","2026-08-31"
"PCAcat",252,"productPCA","SCA_LCDST(16, 11)",161,16,11,11,"INGREDIENT_MEASURED","2026-08-31"
"PCAcat",252,"productPCA","productPCA(SCA_LCDST(16, 11), SCA_LCDST(17, 11))",321,271,11,11,"INGREDIENT_MEASURED","2026-08-31"
"PCAcat",252,"productPCA","SCA_LCDST(16, 11)",161,16,11,11,"INGREDIENT_MEASURED","2026-08-31"
"PCAcat",252,"productPCA","SCA_LCDST(17, 11)",171,17,11,11,"INGREDIENT_MEASURED","2026-08-31"
"PCAcat",253,"productPCA","SCA_LCDST(16, 11)",161,16,11,11,"INGREDIENT_MEASURED","2026-08-31"
"PCAcat",253,"productPCA","productPCA(SCA_LCDST(17, 11), SCA_LCDST(17, 11))",331,288,11,11,"INGREDIENT_MEASURED","2026-08-31"
"PCAcat",253,"productPCA","SCA_LCDST(17, 11)",171,17,11,11,"INGREDIENT_MEASURED","2026-08-31"
"PCAcat",253,"productPCA","SCA_LCDST(17, 11)",171,17,11,11,"INGREDIENT_MEASURED","2026-08-31"
"PCAcat",254,"productPCA","SCA_LCDST(17, 11)",171,17,11,11,"INGREDIENT_MEASURED","2026-08-31"
"PCAcat",254,"productPCA","productPCA(SCA_LCDST(17, 11), SCA_LCDST(17, 11))",331,288,11,11,"INGREDIENT_MEASURED","2026-08-31"
"PCAcat",254,"productPCA","SCA_LCDST(17, 11)",171,17,11,11,"INGREDIENT_MEASURED","2026-08-31"
"PCAcat",254,"productPCA","SCA_LCDST(17, 11)",171,17,11,11,"INGREDIENT_MEASURED","2026-08-31"
"PCAcat",255,"productPCA","SCA_LCDST(17, 11)",171,17,11,11,"INGREDIENT_MEASURED","2026-08-31"
"PCAcat",255,"productPCA","productPCA(SCA_LCDST(17, 11), SCA_MS(18, 11))",341,305,11,11,"INGREDIENT_MEASURED","2026-08-31"
"PCAcat",255,"productPCA","SCA_LCDST(17, 11)",171,17,11,11,"INGREDIENT_MEASURED","2026-08-31"
"PCAcat",255,"productPCA","SCA_MS(18, 11)",181,18,11,11,"INGREDIENT_MEASURED","2026-08-31"
"PCAcat",256,"productPCA","SCA_LCDST(17, 11)",171,17,11,11,"INGREDIENT_MEASURED","2026-08-31"
"PCAcat",256,"productPCA","productPCA(SCA_MS(18, 11), SCA_MS(18, 11))",351,323,11,11,"INGREDIENT_MEASURED","2026-08-31"
"PCAcat",256,"productPCA","SCA_MS(18, 11)",181,18,11,11,"INGREDIENT_MEASURED","2026-08-31"
"PCAcat",256,"productPCA","SCA_MS(18, 11)",181,18,11,11,"INGREDIENT_MEASURED","2026-08-31"
"PCAcat",257,"productPCA","SCA_MS(18, 11)",181,18,11,11,"INGREDIENT_MEASURED","2026-08-31"
"PCAcat",257,"productPCA","productPCA(SCA_MS(18, 11), SCA_MS(18, 11))",351,323,11,11,"INGREDIENT_MEASURED","2026-08-31"
"PCAcat",257,"productPCA","SCA_MS(18, 11)",181,18,11,11,"INGREDIENT_MEASURED","2026-08-31"
"PCAcat",257,"productPCA","SCA_MS(18, 11)",181,18,11,11,"INGREDIENT_MEASURED","2026-08-31"
"PCAcat",258,"productPCA","SCA_Bose(11)",121,12,11,11,"INGREDIENT_MEASURED","2026-08-31"
"PCAcat",258,"productPCA","productPCA(SCA_Bose(11), productPCA(SCA_LCDST(16, 11), SCA_LCDST(16, 11)))",421,3030,11,11,"INGREDIENT_MEASURED","2026-08-31"
"PCAcat",258,"productPCA","SCA_Bose(11)",121,12,11,11,"INGREDIENT_MEASURED","2026-08-31"
"PCAcat",258,"productPCA","productPCA(SCA_LCDST(16, 11), SCA_LCDST(16, 11))",311,255,11,11,"INGREDIENT_MEASURED","2026-08-31"
"PCAcat",258,"productPCA","SCA_LCDST(16, 11)",161,16,11,11,"INGREDIENT_MEASURED","2026-08-31"
"PCAcat",258,"productPCA","SCA_LCDST(16, 11)",161,16,11,11,"INGREDIENT_MEASURED","2026-08-31"
"PCAcat",259,"productPCA","CA_to_PCA(miscCA(2, 7, 12))",144,7,12,12,"INGREDIENT_MEASURED","2026-08-31"
"PCAcat",259,"productPCA","miscCA(2, 7, 12)",144,7,12,12,"INGREDIENT_MEASURED","2026-08-31"
"PCAcat",259,"productPCA","CA_to_PCA(miscCA(2, 7, 12))",144,7,12,12,"INGREDIENT_MEASURED","2026-08-31"
"PCAcat",259,"productPCA","miscCA(2, 7, 12)",144,7,12,12,"INGREDIENT_MEASURED","2026-08-31"
"PCAcat",260,"productPCA","CA_to_PCA(miscCA(2, 7, 12))",144,7,12,12,"INGREDIENT_MEASURED","2026-08-31"
"PCAcat",260,"productPCA","miscCA(2, 7, 12)",144,7,12,12,"INGREDIENT_MEASURED","2026-08-31"
"PCAcat",260,"productPCA","SCA_LCDST(18, 12)",199,18,12,12,"INGREDIENT_MEASURED","2026-08-31"
"PCAcat",261,"productPCA","CA_to_PCA(miscCA(2, 7, 12))",144,7,12,12,"INGREDIENT_MEASURED","2026-08-31"
"PCAcat",261,"productPCA","miscCA(2, 7, 12)",144,7,12,12,"INGREDIENT_MEASURED","2026-08-31"
"PCAcat",261,"productPCA","SCA_LCDST(19, 12)",210,19,12,12,"INGREDIENT_MEASURED","2026-08-31"
"PCAcat",262,"productPCA","CA_to_PCA(miscCA(2, 7, 12))",144,7,12,12,"INGREDIENT_MEASURED","2026-08-31"
"PCAcat",262,"productPCA","miscCA(2, 7, 12)",144,7,12,12,"INGREDIENT_MEASURED","2026-08-31"
"PCAcat",262,"productPCA","CS_CMMSSY(20, 12)",221,20,12,12,"INGREDIENT_MEASURED","2026-08-31"
"PCAcat",263,"productPCA","CA_to_PCA(miscCA(2, 7, 12))",144,7,12,12,"INGREDIENT_MEASURED","2026-08-31"
"PCAcat",263,"productPCA","miscCA(2, 7, 12)",144,7,12,12,"INGREDIENT_MEASURED","2026-08-31"
"PCAcat",263,"productPCA","SCA_MS(21, 12)",232,21,12,12,"INGREDIENT_MEASURED","2026-08-31"
"PCAcat",264,"productPCA","CA_to_PCA(miscCA(2, 7, 12))",144,7,12,12,"INGREDIENT_MEASURED","2026-08-31"
"PCAcat",264,"productPCA","miscCA(2, 7, 12)",144,7,12,12,"INGREDIENT_MEASURED","2026-08-31"
"PCAcat",264,"productPCA","SCA_MS(22, 12)",243,22,12,12,"INGREDIENT_MEASURED","2026-08-31"
"PCAcat",265,"productPCA","SCA_LCDST(18, 12)",199,18,12,12,"INGREDIENT_MEASURED","2026-08-31"
"PCAcat",265,"productPCA","SCA_LCDST(18, 12)",199,18,12,12,"INGREDIENT_MEASURED","2026-08-31"
"PCAcat",266,"productPCA","SCA_LCDST(18, 12)",199,18,12,12,"INGREDIENT_MEASURED","2026-08-31"
"PCAcat",266,"productPCA","SCA_LCDST(19, 12)",210,19,12,12,"INGREDIENT_MEASURED","2026-08-31"
"PCAcat",267,"productPCA","SCA_LCDST(19, 12)",210,19,12,12,"INGREDIENT_MEASURED","2026-08-31"
"PCAcat",267,"productPCA","SCA_LCDST(19, 12)",210,19,12,12,"INGREDIENT_MEASURED","2026-08-31"
"PCAcat",268,"productPCA","SCA_LCDST(19, 12)",210,19,12,12,"INGREDIENT_MEASURED","2026-08-31"
"PCAcat",268,"productPCA","CS_CMMSSY(20, 12)",221,20,12,12,"INGREDIENT_MEASURED","2026-08-31"
"PCAcat",269,"productPCA","CS_CMMSSY(20, 12)",221,20,12,12,"INGREDIENT_MEASURED","2026-08-31"
"PCAcat",269,"productPCA","CS_CMMSSY(20, 12)",221,20,12,12,"INGREDIENT_MEASURED","2026-08-31"
"PCAcat",270,"productPCA","CS_CMMSSY(20, 12)",221,20,12,12,"INGREDIENT_MEASURED","2026-08-31"
"PCAcat",270,"productPCA","SCA_MS(21, 12)",232,21,12,12,"INGREDIENT_MEASURED","2026-08-31"
"PCAcat",271,"productPCA","SCA_MS(21, 12)",232,21,12,12,"INGREDIENT_MEASURED","2026-08-31"
"PCAcat",271,"productPCA","SCA_MS(21, 12)",232,21,12,12,"INGREDIENT_MEASURED","2026-08-31"
"PCAcat",272,"productPCA","CA_to_PCA(miscCA(2, 7, 12))",144,7,12,12,"INGREDIENT_MEASURED","2026-08-31"
"PCAcat",272,"productPCA","miscCA(2, 7, 12)",144,7,12,12,"INGREDIENT_MEASURED","2026-08-31"
"PCAcat",272,"productPCA","productPCA(CA_to_PCA(miscCA(2, 7, 12)), SCA_LCDST(18, 12))",331,125,12,12,"INGREDIENT_MEASURED","2026-08-31"
"PCAcat",272,"productPCA","CA_to_PCA(miscCA(2, 7, 12))",144,7,12,12,"INGREDIENT_MEASURED","2026-08-31"
"PCAcat",272,"productPCA","miscCA(2, 7, 12)",144,7,12,12,"INGREDIENT_MEASURED","2026-08-31"
"PCAcat",272,"productPCA","SCA_LCDST(18, 12)",199,18,12,12,"INGREDIENT_MEASURED","2026-08-31"
"PCAcat",273,"productPCA","CA_to_PCA(miscCA(2, 7, 12))",144,7,12,12,"INGREDIENT_MEASURED","2026-08-31"
"PCAcat",273,"productPCA","miscCA(2, 7, 12)",144,7,12,12,"INGREDIENT_MEASURED","2026-08-31"
"PCAcat",273,"productPCA","productPCA(CA_to_PCA(miscCA(2, 7, 12)), SCA_LCDST(19, 12))",342,132,12,12,"INGREDIENT_MEASURED","2026-08-31"
"PCAcat",273,"productPCA","CA_to_PCA(miscCA(2, 7, 12))",144,7,12,12,"INGREDIENT_MEASURED","2026-08-31"
"PCAcat",273,"productPCA","miscCA(2, 7, 12)",144,7,12,12,"INGREDIENT_MEASURED","2026-08-31"
"PCAcat",273,"productPCA","SCA_LCDST(19, 12)",210,19,12,12,"INGREDIENT_MEASURED","2026-08-31"
"PCAcat",274,"productPCA","CA_to_PCA(miscCA(2, 7, 12))",144,7,12,12,"INGREDIENT_MEASURED","2026-08-31"
"PCAcat",274,"productPCA","miscCA(2, 7, 12)",144,7,12,12,"INGREDIENT_MEASURED","2026-08-31"
"PCAcat",274,"productPCA","productPCA(CA_to_PCA(miscCA(2, 7, 12)), CS_CMMSSY(20, 12))",353,139,12,12,"INGREDIENT_MEASURED","2026-08-31"
"PCAcat",274,"productPCA","CA_to_PCA(miscCA(2, 7, 12))",144,7,12,12,"INGREDIENT_MEASURED","2026-08-31"
"PCAcat",274,"productPCA","miscCA(2, 7, 12)",144,7,12,12,"INGREDIENT_MEASURED","2026-08-31"
"PCAcat",274,"productPCA","CS_CMMSSY(20, 12)",221,20,12,12,"INGREDIENT_MEASURED","2026-08-31"
"PCAcat",275,"productPCA","CA_to_PCA(miscCA(2, 7, 12))",144,7,12,12,"INGREDIENT_MEASURED","2026-08-31"
"PCAcat",275,"productPCA","miscCA(2, 7, 12)",144,7,12,12,"INGREDIENT_MEASURED","2026-08-31"
"PCAcat",275,"productPCA","productPCA(CA_to_PCA(miscCA(2, 7, 12)), SCA_MS(21, 12))",364,146,12,12,"INGREDIENT_MEASURED","2026-08-31"
"PCAcat",275,"productPCA","CA_to_PCA(miscCA(2, 7, 12))",144,7,12,12,"INGREDIENT_MEASURED","2026-08-31"
"PCAcat",275,"productPCA","miscCA(2, 7, 12)",144,7,12,12,"INGREDIENT_MEASURED","2026-08-31"
"PCAcat",275,"productPCA","SCA_MS(21, 12)",232,21,12,12,"INGREDIENT_MEASURED","2026-08-31"
"PCAcat",276,"productPCA","CA_to_PCA(miscCA(2, 7, 12))",144,7,12,12,"INGREDIENT_MEASURED","2026-08-31"
"PCAcat",276,"productPCA","miscCA(2, 7, 12)",144,7,12,12,"INGREDIENT_MEASURED","2026-08-31"
"PCAcat",276,"productPCA","productPCA(CA_to_PCA(miscCA(2, 7, 12)), SCA_MS(22, 12))",375,153,12,12,"INGREDIENT_MEASURED","2026-08-31"
"PCAcat",276,"productPCA","CA_to_PCA(miscCA(2, 7, 12))",144,7,12,12,"INGREDIENT_MEASURED","2026-08-31"
"PCAcat",276,"productPCA","miscCA(2, 7, 12)",144,7,12,12,"INGREDIENT_MEASURED","2026-08-31"
"PCAcat",276,"productPCA","SCA_MS(22, 12)",243,22,12,12,"INGREDIENT_MEASURED","2026-08-31"
"PCAcat",277,"productPCA","CA_to_PCA(miscCA(2, 7, 12))",144,7,12,12,"INGREDIENT_MEASURED","2026-08-31"
"PCAcat",277,"productPCA","miscCA(2, 7, 12)",144,7,12,12,"INGREDIENT_MEASURED","2026-08-31"
"PCAcat",277,"productPCA","productPCA(SCA_LCDST(18, 12), SCA_LCDST(18, 12))",386,323,12,12,"INGREDIENT_MEASURED","2026-08-31"
"PCAcat",277,"productPCA","SCA_LCDST(18, 12)",199,18,12,12,"INGREDIENT_MEASURED","2026-08-31"
"PCAcat",277,"productPCA","SCA_LCDST(18, 12)",199,18,12,12,"INGREDIENT_MEASURED","2026-08-31"
"PCAcat",278,"productPCA","CA_to_PCA(miscCA(2, 7, 12))",144,7,12,12,"INGREDIENT_MEASURED","2026-08-31"
"PCAcat",278,"productPCA","miscCA(2, 7, 12)",144,7,12,12,"INGREDIENT_MEASURED","2026-08-31"
"PCAcat",278,"productPCA","productPCA(SCA_LCDST(18, 12), SCA_LCDST(19, 12))",397,341,12,12,"INGREDIENT_MEASURED","2026-08-31"
"PCAcat",278,"productPCA","SCA_LCDST(18, 12)",199,18,12,12,"INGREDIENT_MEASURED","2026-08-31"
"PCAcat",278,"productPCA","SCA_LCDST(19, 12)",210,19,12,12,"INGREDIENT_MEASURED","2026-08-31"
"PCAcat",279,"productPCA","CA_to_PCA(miscCA(2, 7, 12))",144,7,12,12,"INGREDIENT_MEASURED","2026-08-31"
"PCAcat",279,"productPCA","miscCA(2, 7, 12)",144,7,12,12,"INGREDIENT_MEASURED","2026-08-31"
"PCAcat",279,"productPCA","productPCA(SCA_LCDST(19, 12), SCA_LCDST(19, 12))",408,360,12,12,"INGREDIENT_MEASURED","2026-08-31"
"PCAcat",279,"productPCA","SCA_LCDST(19, 12)",210,19,12,12,"INGREDIENT_MEASURED","2026-08-31"
"PCAcat",279,"productPCA","SCA_LCDST(19, 12)",210,19,12,12,"INGREDIENT_MEASURED","2026-08-31"
"PCAcat",280,"productPCA","CA_to_PCA(miscCA(2, 7, 12))",144,7,12,12,"INGREDIENT_MEASURED","2026-08-31"
"PCAcat",280,"productPCA","miscCA(2, 7, 12)",144,7,12,12,"INGREDIENT_MEASURED","2026-08-31"
"PCAcat",280,"productPCA","productPCA(SCA_LCDST(19, 12), CS_CMMSSY(20, 12))",419,379,12,12,"INGREDIENT_MEASURED","2026-08-31"
"PCAcat",280,"productPCA","SCA_LCDST(19, 12)",210,19,12,12,"INGREDIENT_MEASURED","2026-08-31"
"PCAcat",280,"productPCA","CS_CMMSSY(20, 12)",221,20,12,12,"INGREDIENT_MEASURED","2026-08-31"
"PCAcat",281,"productPCA","CA_to_PCA(miscCA(2, 7, 12))",144,7,12,12,"INGREDIENT_MEASURED","2026-08-31"
"PCAcat",281,"productPCA","miscCA(2, 7, 12)",144,7,12,12,"INGREDIENT_MEASURED","2026-08-31"
"PCAcat",281,"productPCA","productPCA(CS_CMMSSY(20, 12), CS_CMMSSY(20, 12))",430,399,12,12,"INGREDIENT_MEASURED","2026-08-31"
"PCAcat",281,"productPCA","CS_CMMSSY(20, 12)",221,20,12,12,"INGREDIENT_MEASURED","2026-08-31"
"PCAcat",281,"productPCA","CS_CMMSSY(20, 12)",221,20,12,12,"INGREDIENT_MEASURED","2026-08-31"
"PCAcat",282,"productPCA","SCA_LCDST(18, 12)",199,18,12,12,"INGREDIENT_MEASURED","2026-08-31"
"PCAcat",282,"productPCA","productPCA(SCA_LCDST(18, 12), SCA_LCDST(18, 12))",386,323,12,12,"INGREDIENT_MEASURED","2026-08-31"
"PCAcat",282,"productPCA","SCA_LCDST(18, 12)",199,18,12,12,"INGREDIENT_MEASURED","2026-08-31"
"PCAcat",282,"productPCA","SCA_LCDST(18, 12)",199,18,12,12,"INGREDIENT_MEASURED","2026-08-31"
"PCAcat",283,"productPCA","SCA_LCDST(18, 12)",199,18,12,12,"INGREDIENT_MEASURED","2026-08-31"
"PCAcat",283,"productPCA","productPCA(SCA_LCDST(18, 12), SCA_LCDST(19, 12))",397,341,12,12,"INGREDIENT_MEASURED","2026-08-31"
"PCAcat",283,"productPCA","SCA_LCDST(18, 12)",199,18,12,12,"INGREDIENT_MEASURED","2026-08-31"
"PCAcat",283,"productPCA","SCA_LCDST(19, 12)",210,19,12,12,"INGREDIENT_MEASURED","2026-08-31"
"PCAcat",284,"productPCA","SCA_LCDST(18, 12)",199,18,12,12,"INGREDIENT_MEASURED","2026-08-31"
"PCAcat",284,"productPCA","productPCA(SCA_LCDST(19, 12), SCA_LCDST(19, 12))",408,360,12,12,"INGREDIENT_MEASURED","2026-08-31"
"PCAcat",284,"productPCA","SCA_LCDST(19, 12)",210,19,12,12,"INGREDIENT_MEASURED","2026-08-31"
"PCAcat",284,"productPCA","SCA_LCDST(19, 12)",210,19,12,12,"INGREDIENT_MEASURED","2026-08-31"
"PCAcat",285,"productPCA","SCA_LCDST(19, 12)",210,19,12,12,"INGREDIENT_MEASURED","2026-08-31"
"PCAcat",285,"productPCA","productPCA(SCA_LCDST(19, 12), SCA_LCDST(19, 12))",408,360,12,12,"INGREDIENT_MEASURED","2026-08-31"
"PCAcat",285,"productPCA","SCA_LCDST(19, 12)",210,19,12,12,"INGREDIENT_MEASURED","2026-08-31"
"PCAcat",285,"productPCA","SCA_LCDST(19, 12)",210,19,12,12,"INGREDIENT_MEASURED","2026-08-31"
"PCAcat",286,"productPCA","SCA_LCDST(19, 12)",210,19,12,12,"INGREDIENT_MEASURED","2026-08-31"
"PCAcat",286,"productPCA","productPCA(SCA_LCDST(19, 12), CS_CMMSSY(20, 12))",419,379,12,12,"INGREDIENT_MEASURED","2026-08-31"
"PCAcat",286,"productPCA","SCA_LCDST(19, 12)",210,19,12,12,"INGREDIENT_MEASURED","2026-08-31"
"PCAcat",286,"productPCA","CS_CMMSSY(20, 12)",221,20,12,12,"INGREDIENT_MEASURED","2026-08-31"
"PCAcat",287,"productPCA","SCA_LCDST(19, 12)",210,19,12,12,"INGREDIENT_MEASURED","2026-08-31"
"PCAcat",287,"productPCA","productPCA(CS_CMMSSY(20, 12), CS_CMMSSY(20, 12))",430,399,12,12,"INGREDIENT_MEASURED","2026-08-31"
"PCAcat",287,"productPCA","CS_CMMSSY(20, 12)",221,20,12,12,"INGREDIENT_MEASURED","2026-08-31"
"PCAcat",287,"productPCA","CS_CMMSSY(20, 12)",221,20,12,12,"INGREDIENT_MEASURED","2026-08-31"
"PCAcat",288,"productPCA","CS_CMMSSY(20, 12)",221,20,12,12,"INGREDIENT_MEASURED","2026-08-31"
"PCAcat",288,"productPCA","productPCA(CS_CMMSSY(20, 12), CS_CMMSSY(20, 12))",430,399,12,12,"INGREDIENT_MEASURED","2026-08-31"
"PCAcat",288,"productPCA","CS_CMMSSY(20, 12)",221,20,12,12,"INGREDIENT_MEASURED","2026-08-31"
"PCAcat",288,"productPCA","CS_CMMSSY(20, 12)",221,20,12,12,"INGREDIENT_MEASURED","2026-08-31"
"PCAcat",289,"productPCA","CA_to_PCA(miscCA(2, 7, 12))",144,7,12,12,"INGREDIENT_MEASURED","2026-08-31"
"PCAcat",289,"productPCA","miscCA(2, 7, 12)",144,7,12,12,"INGREDIENT_MEASURED","2026-08-31"
"PCAcat",289,"productPCA","productPCA(CA_to_PCA(miscCA(2, 7, 12)), productPCA(SCA_LCDST(18, 12), SCA_LCDST(18, 12)))",518,2227,12,12,"INGREDIENT_MEASURED","2026-08-31"
"PCAcat",289,"productPCA","CA_to_PCA(miscCA(2, 7, 12))",144,7,12,12,"INGREDIENT_MEASURED","2026-08-31"
"PCAcat",289,"productPCA","miscCA(2, 7, 12)",144,7,12,12,"INGREDIENT_MEASURED","2026-08-31"
"PCAcat",289,"productPCA","productPCA(SCA_LCDST(18, 12), SCA_LCDST(18, 12))",386,323,12,12,"INGREDIENT_MEASURED","2026-08-31"
"PCAcat",289,"productPCA","SCA_LCDST(18, 12)",199,18,12,12,"INGREDIENT_MEASURED","2026-08-31"
"PCAcat",289,"productPCA","SCA_LCDST(18, 12)",199,18,12,12,"INGREDIENT_MEASURED","2026-08-31"
"PCAcat",290,"productPCA","CA_to_PCA(miscCA(2, 7, 12))",144,7,12,12,"INGREDIENT_MEASURED","2026-08-31"
"PCAcat",290,"productPCA","miscCA(2, 7, 12)",144,7,12,12,"INGREDIENT_MEASURED","2026-08-31"
"PCAcat",290,"productPCA","productPCA(CA_to_PCA(miscCA(2, 7, 12)), productPCA(SCA_LCDST(18, 12), SCA_LCDST(19, 12)))",529,2352,12,12,"INGREDIENT_MEASURED","2026-08-31"
"PCAcat",290,"productPCA","CA_to_PCA(miscCA(2, 7, 12))",144,7,12,12,"INGREDIENT_MEASURED","2026-08-31"
"PCAcat",290,"productPCA","miscCA(2, 7, 12)",144,7,12,12,"INGREDIENT_MEASURED","2026-08-31"
"PCAcat",290,"productPCA","productPCA(SCA_LCDST(18, 12), SCA_LCDST(19, 12))",397,341,12,12,"INGREDIENT_MEASURED","2026-08-31"
"PCAcat",290,"productPCA","SCA_LCDST(18, 12)",199,18,12,12,"INGREDIENT_MEASURED","2026-08-31"
"PCAcat",290,"productPCA","SCA_LCDST(19, 12)",210,19,12,12,"INGREDIENT_MEASURED","2026-08-31"
"PCAcat",291,"productPCA","CA_to_PCA(miscCA(2, 7, 12))",144,7,12,12,"INGREDIENT_MEASURED","2026-08-31"
"PCAcat",291,"productPCA","miscCA(2, 7, 12)",144,7,12,12,"INGREDIENT_MEASURED","2026-08-31"
"PCAcat",291,"productPCA","productPCA(CA_to_PCA(miscCA(2, 7, 12)), productPCA(SCA_LCDST(19, 12), SCA_LCDST(19, 12)))",540,2484,12,12,"INGREDIENT_MEASURED","2026-08-31"
"PCAcat",291,"productPCA","CA_to_PCA(miscCA(2, 7, 12))",144,7,12,12,"INGREDIENT_MEASURED","2026-08-31"
"PCAcat",291,"productPCA","miscCA(2, 7, 12)",144,7,12,12,"INGREDIENT_MEASURED","2026-08-31"
"PCAcat",291,"productPCA","productPCA(SCA_LCDST(19, 12), SCA_LCDST(19, 12))",408,360,12,12,"INGREDIENT_MEASURED","2026-08-31"
"PCAcat",291,"productPCA","SCA_LCDST(19, 12)",210,19,12,12,"INGREDIENT_MEASURED","2026-08-31"
"PCAcat",291,"productPCA","SCA_LCDST(19, 12)",210,19,12,12,"INGREDIENT_MEASURED","2026-08-31"
"PCAcat",292,"productPCA","CA_to_PCA(miscCA(2, 7, 12))",144,7,12,12,"INGREDIENT_MEASURED","2026-08-31"
"PCAcat",292,"productPCA","miscCA(2, 7, 12)",144,7,12,12,"INGREDIENT_MEASURED","2026-08-31"
"PCAcat",292,"productPCA","productPCA(CA_to_PCA(miscCA(2, 7, 12)), productPCA(SCA_LCDST(19, 12), CS_CMMSSY(20, 12)))",551,2616,12,12,"INGREDIENT_MEASURED","2026-08-31"
"PCAcat",292,"productPCA","CA_to_PCA(miscCA(2, 7, 12))",144,7,12,12,"INGREDIENT_MEASURED","2026-08-31"
"PCAcat",292,"productPCA","miscCA(2, 7, 12)",144,7,12,12,"INGREDIENT_MEASURED","2026-08-31"
"PCAcat",292,"productPCA","productPCA(SCA_LCDST(19, 12), CS_CMMSSY(20, 12))",419,379,12,12,"INGREDIENT_MEASURED","2026-08-31"
"PCAcat",292,"productPCA","SCA_LCDST(19, 12)",210,19,12,12,"INGREDIENT_MEASURED","2026-08-31"
"PCAcat",292,"productPCA","CS_CMMSSY(20, 12)",221,20,12,12,"INGREDIENT_MEASURED","2026-08-31"
"PCAcat",293,"productPCA","CA_to_PCA(miscCA(2, 7, 12))",144,7,12,12,"INGREDIENT_MEASURED","2026-08-31"
"PCAcat",293,"productPCA","miscCA(2, 7, 12)",144,7,12,12,"INGREDIENT_MEASURED","2026-08-31"
"PCAcat",293,"productPCA","productPCA(CA_to_PCA(miscCA(2, 7, 12)), productPCA(CS_CMMSSY(20, 12), CS_CMMSSY(20, 12)))",562,2755,12,12,"INGREDIENT_MEASURED","2026-08-31"
"PCAcat",293,"productPCA","CA_to_PCA(miscCA(2, 7, 12))",144,7,12,12,"INGREDIENT_MEASURED","2026-08-31"
"PCAcat",293,"productPCA","miscCA(2, 7, 12)",144,7,12,12,"INGREDIENT_MEASURED","2026-08-31"
"PCAcat",293,"productPCA","productPCA(CS_CMMSSY(20, 12), CS_CMMSSY(20, 12))",430,399,12,12,"INGREDIENT_MEASURED","2026-08-31"
"PCAcat",293,"productPCA","CS_CMMSSY(20, 12)",221,20,12,12,"INGREDIENT_MEASURED","2026-08-31"
"PCAcat",293,"productPCA","CS_CMMSSY(20, 12)",221,20,12,12,"INGREDIENT_MEASURED","2026-08-31"
"PCAcat",294,"productPCA","CA_to_PCA(miscCA(2, 7, 12))",144,7,12,12,"INGREDIENT_MEASURED","2026-08-31"
"PCAcat",294,"productPCA","miscCA(2, 7, 12)",144,7,12,12,"INGREDIENT_MEASURED","2026-08-31"
"PCAcat",294,"productPCA","productPCA(SCA_LCDST(18, 12), productPCA(SCA_LCDST(18, 12), SCA_LCDST(18, 12)))",573,5780,12,12,"INGREDIENT_MEASURED","2026-08-31"
"PCAcat",294,"productPCA","SCA_LCDST(18, 12)",199,18,12,12,"INGREDIENT_MEASURED","2026-08-31"
"PCAcat",294,"productPCA","productPCA(SCA_LCDST(18, 12), SCA_LCDST(18, 12))",386,323,12,12,"INGREDIENT_MEASURED","2026-08-31"
"PCAcat",294,"productPCA","SCA_LCDST(18, 12)",199,18,12,12,"INGREDIENT_MEASURED","2026-08-31"
"PCAcat",294,"productPCA","SCA_LCDST(18, 12)",199,18,12,12,"INGREDIENT_MEASURED","2026-08-31"
"PCAcat",295,"productPCA","CS_CMMSSY(18, 13)",217,18,13,13,"INGREDIENT_MEASURED","2026-08-31"
"PCAcat",295,"productPCA","CS_CMMSSY(18, 13)",217,18,13,13,"INGREDIENT_MEASURED","2026-08-31"
"PCAcat",296,"productPCA","CS_CMMSSY(18, 13)",217,18,13,13,"INGREDIENT_MEASURED","2026-08-31"
"PCAcat",296,"productPCA","SCA_LCDST(19, 13)",229,19,13,13,"INGREDIENT_MEASURED","2026-08-31"
"PCAcat",297,"productPCA","SCA_LCDST(19, 13)",229,19,13,13,"INGREDIENT_MEASURED","2026-08-31"
"PCAcat",297,"productPCA","SCA_LCDST(19, 13)",229,19,13,13,"INGREDIENT_MEASURED","2026-08-31"
"PCAcat",298,"productPCA","SCA_LCDST(19, 13)",229,19,13,13,"INGREDIENT_MEASURED","2026-08-31"
"PCAcat",298,"productPCA","SCA_LCDST(20, 13)",241,20,13,13,"INGREDIENT_MEASURED","2026-08-31"
"PCAcat",299,"productPCA","SCA_LCDST(20, 13)",241,20,13,13,"INGREDIENT_MEASURED","2026-08-31"
"PCAcat",299,"productPCA","SCA_LCDST(20, 13)",241,20,13,13,"INGREDIENT_MEASURED","2026-08-31"
"PCAcat",300,"productPCA","SCA_LCDST(20, 13)",241,20,13,13,"INGREDIENT_MEASURED","2026-08-31"
"PCAcat",300,"productPCA","SCA_LCDST(21, 13)",253,21,13,13,"INGREDIENT_MEASURED","2026-08-31"
"PCAcat",301,"productPCA","SCA_LCDST(21, 13)",253,21,13,13,"INGREDIENT_MEASURED","2026-08-31"
"PCAcat",301,"productPCA","SCA_LCDST(21, 13)",253,21,13,13,"INGREDIENT_MEASURED","2026-08-31"
"PCAcat",302,"productPCA","SCA_LCDST(21, 13)",253,21,13,13,"INGREDIENT_MEASURED","2026-08-31"
"PCAcat",302,"productPCA","SCA_MS(22, 13)",265,22,13,13,"INGREDIENT_MEASURED","2026-08-31"
"PCAcat",303,"productPCA","SCA_MS(22, 13)",265,22,13,13,"INGREDIENT_MEASURED","2026-08-31"
"PCAcat",303,"productPCA","SCA_MS(22, 13)",265,22,13,13,"INGREDIENT_MEASURED","2026-08-31"
"PCAcat",304,"productPCA","SCA_MS(22, 13)",265,22,13,13,"INGREDIENT_MEASURED","2026-08-31"
"PCAcat",304,"productPCA","SCA_MS(23, 13)",277,23,13,13,"INGREDIENT_MEASURED","2026-08-31"
"PCAcat",305,"productPCA","SCA_MS(23, 13)",277,23,13,13,"INGREDIENT_MEASURED","2026-08-31"
"PCAcat",305,"productPCA","SCA_MS(23, 13)",277,23,13,13,"INGREDIENT_MEASURED","2026-08-31"
"PCAcat",306,"productPCA","SCA_MS(23, 13)",277,23,13,13,"INGREDIENT_MEASURED","2026-08-31"
"PCAcat",306,"productPCA","SCA_MS(24, 13)",289,24,13,13,"INGREDIENT_MEASURED","2026-08-31"
"PCAcat",307,"productPCA","SCA_MS(24, 13)",289,24,13,13,"INGREDIENT_MEASURED","2026-08-31"
"PCAcat",307,"productPCA","SCA_MS(24, 13)",289,24,13,13,"INGREDIENT_MEASURED","2026-08-31"
"PCAcat",308,"productPCA","SCA_Bose(13)",169,14,13,13,"INGREDIENT_MEASURED","2026-08-31"
"PCAcat",308,"productPCA","productPCA(CS_CMMSSY(18, 13), CS_CMMSSY(18, 13))",421,323,13,13,"INGREDIENT_MEASURED","2026-08-31"
"PCAcat",308,"productPCA","CS_CMMSSY(18, 13)",217,18,13,13,"INGREDIENT_MEASURED","2026-08-31"
"PCAcat",308,"productPCA","CS_CMMSSY(18, 13)",217,18,13,13,"INGREDIENT_MEASURED","2026-08-31"
"PCAcat",309,"productPCA","SCA_Bose(13)",169,14,13,13,"INGREDIENT_MEASURED","2026-08-31"
"PCAcat",309,"productPCA","productPCA(CS_CMMSSY(18, 13), SCA_LCDST(19, 13))",433,341,13,13,"INGREDIENT_MEASURED","2026-08-31"
"PCAcat",309,"productPCA","CS_CMMSSY(18, 13)",217,18,13,13,"INGREDIENT_MEASURED","2026-08-31"
"PCAcat",309,"productPCA","SCA_LCDST(19, 13)",229,19,13,13,"INGREDIENT_MEASURED","2026-08-31"
"PCAcat",310,"productPCA","SCA_Bose(13)",169,14,13,13,"INGREDIENT_MEASURED","2026-08-31"
"PCAcat",310,"productPCA","productPCA(SCA_LCDST(19, 13), SCA_LCDST(19, 13))",445,360,13,13,"INGREDIENT_MEASURED","2026-08-31"
"PCAcat",310,"productPCA","SCA_LCDST(19, 13)",229,19,13,13,"INGREDIENT_MEASURED","2026-08-31"
"PCAcat",310,"productPCA","SCA_LCDST(19, 13)",229,19,13,13,"INGREDIENT_MEASURED","2026-08-31"
"PCAcat",311,"productPCA","SCA_Bose(13)",169,14,13,13,"INGREDIENT_MEASURED","2026-08-31"
"PCAcat",311,"productPCA","productPCA(SCA_LCDST(19, 13), SCA_LCDST(20, 13))",457,379,13,13,"INGREDIENT_MEASURED","2026-08-31"
"PCAcat",311,"productPCA","SCA_LCDST(19, 13)",229,19,13,13,"INGREDIENT_MEASURED","2026-08-31"
"PCAcat",311,"productPCA","SCA_LCDST(20, 13)",241,20,13,13,"INGREDIENT_MEASURED","2026-08-31"
"PCAcat",312,"productPCA","CS_CMMSSY(18, 13)",217,18,13,13,"INGREDIENT_MEASURED","2026-08-31"
"PCAcat",312,"productPCA","productPCA(CS_CMMSSY(18, 13), CS_CMMSSY(18, 13))",421,323,13,13,"INGREDIENT_MEASURED","2026-08-31"
"PCAcat",312,"productPCA","CS_CMMSSY(18, 13)",217,18,13,13,"INGREDIENT_MEASURED","2026-08-31"
"PCAcat",312,"productPCA","CS_CMMSSY(18, 13)",217,18,13,13,"INGREDIENT_MEASURED","2026-08-31"
"PCAcat",313,"productPCA","CS_CMMSSY(18, 13)",217,18,13,13,"INGREDIENT_MEASURED","2026-08-31"
"PCAcat",313,"productPCA","productPCA(CS_CMMSSY(18, 13), SCA_LCDST(19, 13))",433,341,13,13,"INGREDIENT_MEASURED","2026-08-31"
"PCAcat",313,"productPCA","CS_CMMSSY(18, 13)",217,18,13,13,"INGREDIENT_MEASURED","2026-08-31"
"PCAcat",313,"productPCA","SCA_LCDST(19, 13)",229,19,13,13,"INGREDIENT_MEASURED","2026-08-31"
"PCAcat",314,"productPCA","CS_CMMSSY(18, 13)",217,18,13,13,"INGREDIENT_MEASURED","2026-08-31"
"PCAcat",314,"productPCA","productPCA(SCA_LCDST(19, 13), SCA_LCDST(19, 13))",445,360,13,13,"INGREDIENT_MEASURED","2026-08-31"
"PCAcat",314,"productPCA","SCA_LCDST(19, 13)",229,19,13,13,"INGREDIENT_MEASURED","2026-08-31"
"PCAcat",314,"productPCA","SCA_LCDST(19, 13)",229,19,13,13,"INGREDIENT_MEASURED","2026-08-31"
"PCAcat",315,"productPCA","SCA_LCDST(19, 13)",229,19,13,13,"INGREDIENT_MEASURED","2026-08-31"
"PCAcat",315,"productPCA","productPCA(SCA_LCDST(19, 13), SCA_LCDST(19, 13))",445,360,13,13,"INGREDIENT_MEASURED","2026-08-31"
"PCAcat",315,"productPCA","SCA_LCDST(19, 13)",229,19,13,13,"INGREDIENT_MEASURED","2026-08-31"
"PCAcat",315,"productPCA","SCA_LCDST(19, 13)",229,19,13,13,"INGREDIENT_MEASURED","2026-08-31"
"PCAcat",316,"productPCA","SCA_LCDST(19, 13)",229,19,13,13,"INGREDIENT_MEASURED","2026-08-31"
"PCAcat",316,"productPCA","productPCA(SCA_LCDST(19, 13), SCA_LCDST(20, 13))",457,379,13,13,"INGREDIENT_MEASURED","2026-08-31"
"PCAcat",316,"productPCA","SCA_LCDST(19, 13)",229,19,13,13,"INGREDIENT_MEASURED","2026-08-31"
"PCAcat",316,"productPCA","SCA_LCDST(20, 13)",241,20,13,13,"INGREDIENT_MEASURED","2026-08-31"
"PCAcat",317,"productPCA","SCA_LCDST(19, 13)",229,19,13,13,"INGREDIENT_MEASURED","2026-08-31"
"PCAcat",317,"productPCA","productPCA(SCA_LCDST(20, 13), SCA_LCDST(20, 13))",469,399,13,13,"INGREDIENT_MEASURED","2026-08-31"
"PCAcat",317,"productPCA","SCA_LCDST(20, 13)",241,20,13,13,"INGREDIENT_MEASURED","2026-08-31"
"PCAcat",317,"productPCA","SCA_LCDST(20, 13)",241,20,13,13,"INGREDIENT_MEASURED","2026-08-31"
"PCAcat",318,"productPCA","SCA_LCDST(20, 13)",241,20,13,13,"INGREDIENT_MEASURED","2026-08-31"
"PCAcat",318,"productPCA","productPCA(SCA_LCDST(20, 13), SCA_LCDST(20, 13))",469,399,13,13,"INGREDIENT_MEASURED","2026-08-31"
"PCAcat",318,"productPCA","SCA_LCDST(20, 13)",241,20,13,13,"INGREDIENT_MEASURED","2026-08-31"
"PCAcat",318,"productPCA","SCA_LCDST(20, 13)",241,20,13,13,"INGREDIENT_MEASURED","2026-08-31"
"PCAcat",319,"productPCA","SCA_LCDST(20, 13)",241,20,13,13,"INGREDIENT_MEASURED","2026-08-31"
"PCAcat",319,"productPCA","productPCA(SCA_LCDST(20, 13), SCA_LCDST(21, 13))",481,419,13,13,"INGREDIENT_MEASURED","2026-08-31"
"PCAcat",319,"productPCA","SCA_LCDST(20, 13)",241,20,13,13,"INGREDIENT_MEASURED","2026-08-31"
"PCAcat",319,"productPCA","SCA_LCDST(21, 13)",253,21,13,13,"INGREDIENT_MEASURED","2026-08-31"
"PCAcat",320,"productPCA","SCA_LCDST(20, 13)",241,20,13,13,"INGREDIENT_MEASURED","2026-08-31"
"PCAcat",320,"productPCA","productPCA(SCA_LCDST(21, 13), SCA_LCDST(21, 13))",493,440,13,13,"INGREDIENT_MEASURED","2026-08-31"
"PCAcat",320,"productPCA","SCA_LCDST(21, 13)",253,21,13,13,"INGREDIENT_MEASURED","2026-08-31"
"PCAcat",320,"productPCA","SCA_LCDST(21, 13)",253,21,13,13,"INGREDIENT_MEASURED","2026-08-31"
"PCAcat",321,"productPCA","SCA_Bose(13)",169,14,13,13,"INGREDIENT_MEASURED","2026-08-31"
"PCAcat",321,"productPCA","productPCA(SCA_Bose(13), productPCA(CS_CMMSSY(18, 13), CS_CMMSSY(18, 13)))",577,4488,13,13,"INGREDIENT_MEASURED","2026-08-31"
"PCAcat",321,"productPCA","SCA_Bose(13)",169,14,13,13,"INGREDIENT_MEASURED","2026-08-31"
"PCAcat",321,"productPCA","productPCA(CS_CMMSSY(18, 13), CS_CMMSSY(18, 13))",421,323,13,13,"INGREDIENT_MEASURED","2026-08-31"
"PCAcat",321,"productPCA","CS_CMMSSY(18, 13)",217,18,13,13,"INGREDIENT_MEASURED","2026-08-31"
"PCAcat",321,"productPCA","CS_CMMSSY(18, 13)",217,18,13,13,"INGREDIENT_MEASURED","2026-08-31"
"PCAcat",322,"productPCA","SCA_LCDST(21, 14)",274,21,14,14,"INGREDIENT_MEASURED","2026-08-31"
"PCAcat",322,"productPCA","SCA_LCDST(21, 14)",274,21,14,14,"INGREDIENT_MEASURED","2026-08-31"
"PCAcat",323,"productPCA","SCA_LCDST(21, 14)",274,21,14,14,"INGREDIENT_MEASURED","2026-08-31"
"PCAcat",323,"productPCA","SCA_LCDST(22, 14)",287,22,14,14,"INGREDIENT_MEASURED","2026-08-31"
"PCAcat",324,"productPCA","SCA_LCDST(22, 14)",287,22,14,14,"INGREDIENT_MEASURED","2026-08-31"
"PCAcat",324,"productPCA","SCA_LCDST(22, 14)",287,22,14,14,"INGREDIENT_MEASURED","2026-08-31"
"PCAcat",325,"productPCA","SCA_LCDST(22, 14)",287,22,14,14,"INGREDIENT_MEASURED","2026-08-31"
"PCAcat",325,"productPCA","SCA_LCDST(23, 14)",300,23,14,14,"INGREDIENT_MEASURED","2026-08-31"
"PCAcat",326,"productPCA","SCA_LCDST(23, 14)",300,23,14,14,"INGREDIENT_MEASURED","2026-08-31"
"PCAcat",326,"productPCA","SCA_LCDST(23, 14)",300,23,14,14,"INGREDIENT_MEASURED","2026-08-31"
"PCAcat",327,"productPCA","SCA_LCDST(23, 14)",300,23,14,14,"INGREDIENT_MEASURED","2026-08-31"
"PCAcat",327,"productPCA","SCA_MS(24, 14)",313,24,14,14,"INGREDIENT_MEASURED","2026-08-31"
"PCAcat",328,"productPCA","SCA_MS(24, 14)",313,24,14,14,"INGREDIENT_MEASURED","2026-08-31"
"PCAcat",328,"productPCA","SCA_MS(24, 14)",313,24,14,14,"INGREDIENT_MEASURED","2026-08-31"
"PCAcat",329,"productPCA","SCA_MS(24, 14)",313,24,14,14,"INGREDIENT_MEASURED","2026-08-31"
"PCAcat",329,"productPCA","SCA_LCDST(25, 14)",326,25,14,14,"INGREDIENT_MEASURED","2026-08-31"
"PCAcat",330,"productPCA","SCA_LCDST(25, 14)",326,25,14,14,"INGREDIENT_MEASURED","2026-08-31"
"PCAcat",330,"productPCA","SCA_LCDST(25, 14)",326,25,14,14,"INGREDIENT_MEASURED","2026-08-31"
"PCAcat",331,"productPCA","SCA_LCDST(25, 14)",326,25,14,14,"INGREDIENT_MEASURED","2026-08-31"
"PCAcat",331,"productPCA","SCA_MS(26, 14)",339,26,14,14,"INGREDIENT_MEASURED","2026-08-31"
"PCAcat",332,"productPCA","SCA_MS(26, 14)",339,26,14,14,"INGREDIENT_MEASURED","2026-08-31"
"PCAcat",332,"productPCA","SCA_MS(26, 14)",339,26,14,14,"INGREDIENT_MEASURED","2026-08-31"
"PCAcat",333,"productPCA","SCA_MS(26, 14)",339,26,14,14,"INGREDIENT_MEASURED","2026-08-31"
"PCAcat",333,"productPCA","SCA_MS(27, 14)",352,27,14,14,"INGREDIENT_MEASURED","2026-08-31"
"PCAcat",334,"productPCA","SCA_MS(27, 14)",352,27,14,14,"INGREDIENT_MEASURED","2026-08-31"
"PCAcat",334,"productPCA","SCA_MS(27, 14)",352,27,14,14,"INGREDIENT_MEASURED","2026-08-31"
"PCAcat",335,"productPCA","SCA_MS(27, 14)",352,27,14,14,"INGREDIENT_MEASURED","2026-08-31"
"PCAcat",335,"productPCA","SCA_MS(28, 14)",365,28,14,14,"INGREDIENT_MEASURED","2026-08-31"
"PCAcat",336,"productPCA","SCA_MS(28, 14)",365,28,14,14,"INGREDIENT_MEASURED","2026-08-31"
"PCAcat",336,"productPCA","SCA_MS(28, 14)",365,28,14,14,"INGREDIENT_MEASURED","2026-08-31"
"PCAcat",337,"productPCA","SCA_MS(28, 14)",365,28,14,14,"INGREDIENT_MEASURED","2026-08-31"
"PCAcat",337,"productPCA","SCA_MS(29, 14)",378,29,14,14,"INGREDIENT_MEASURED","2026-08-31"
"PCAcat",338,"productPCA","SCA_MS(29, 14)",378,29,14,14,"INGREDIENT_MEASURED","2026-08-31"
"PCAcat",338,"productPCA","SCA_MS(29, 14)",378,29,14,14,"INGREDIENT_MEASURED","2026-08-31"
"PCAcat",339,"productPCA","SCA_LCDST(21, 14)",274,21,14,14,"INGREDIENT_MEASURED","2026-08-31"
"PCAcat",339,"productPCA","productPCA(SCA_LCDST(21, 14), SCA_LCDST(21, 14))",534,440,14,14,"INGREDIENT_MEASURED","2026-08-31"
"PCAcat",339,"productPCA","SCA_LCDST(21, 14)",274,21,14,14,"INGREDIENT_MEASURED","2026-08-31"
"PCAcat",339,"productPCA","SCA_LCDST(21, 14)",274,21,14,14,"INGREDIENT_MEASURED","2026-08-31"
"PCAcat",340,"productPCA","SCA_LCDST(21, 14)",274,21,14,14,"INGREDIENT_MEASURED","2026-08-31"
"PCAcat",340,"productPCA","productPCA(SCA_LCDST(21, 14), SCA_LCDST(22, 14))",547,461,14,14,"INGREDIENT_MEASURED","2026-08-31"
"PCAcat",340,"productPCA","SCA_LCDST(21, 14)",274,21,14,14,"INGREDIENT_MEASURED","2026-08-31"
"PCAcat",340,"productPCA","SCA_LCDST(22, 14)",287,22,14,14,"INGREDIENT_MEASURED","2026-08-31"
"PCAcat",341,"productPCA","SCA_LCDST(21, 14)",274,21,14,14,"INGREDIENT_MEASURED","2026-08-31"
"PCAcat",341,"productPCA","productPCA(SCA_LCDST(22, 14), SCA_LCDST(22, 14))",560,483,14,14,"INGREDIENT_MEASURED","2026-08-31"
"PCAcat",341,"productPCA","SCA_LCDST(22, 14)",287,22,14,14,"INGREDIENT_MEASURED","2026-08-31"
"PCAcat",341,"productPCA","SCA_LCDST(22, 14)",287,22,14,14,"INGREDIENT_MEASURED","2026-08-31"
"PCAcat",342,"productPCA","SCA_LCDST(22, 14)",287,22,14,14,"INGREDIENT_MEASURED","2026-08-31"
"PCAcat",342,"productPCA","productPCA(SCA_LCDST(22, 14), SCA_LCDST(22, 14))",560,483,14,14,"INGREDIENT_MEASURED","2026-08-31"
"PCAcat",342,"productPCA","SCA_LCDST(22, 14)",287,22,14,14,"INGREDIENT_MEASURED","2026-08-31"
"PCAcat",342,"productPCA","SCA_LCDST(22, 14)",287,22,14,14,"INGREDIENT_MEASURED","2026-08-31"
"PCAcat",343,"productPCA","SCA_LCDST(22, 14)",287,22,14,14,"INGREDIENT_MEASURED","2026-08-31"
"PCAcat",343,"productPCA","productPCA(SCA_LCDST(22, 14), SCA_LCDST(23, 14))",573,505,14,14,"INGREDIENT_MEASURED","2026-08-31"
"PCAcat",343,"productPCA","SCA_LCDST(22, 14)",287,22,14,14,"INGREDIENT_MEASURED","2026-08-31"
"PCAcat",343,"productPCA","SCA_LCDST(23, 14)",300,23,14,14,"INGREDIENT_MEASURED","2026-08-31"
"PCAcat",344,"productPCA","SCA_LCDST(22, 14)",287,22,14,14,"INGREDIENT_MEASURED","2026-08-31"
"PCAcat",344,"productPCA","productPCA(SCA_LCDST(23, 14), SCA_LCDST(23, 14))",586,528,14,14,"INGREDIENT_MEASURED","2026-08-31"
"PCAcat",344,"productPCA","SCA_LCDST(23, 14)",300,23,14,14,"INGREDIENT_MEASURED","2026-08-31"
"PCAcat",344,"productPCA","SCA_LCDST(23, 14)",300,23,14,14,"INGREDIENT_MEASURED","2026-08-31"
"PCAcat",345,"productPCA","SCA_LCDST(23, 14)",300,23,14,14,"INGREDIENT_MEASURED","2026-08-31"
"PCAcat",345,"productPCA","productPCA(SCA_LCDST(23, 14), SCA_LCDST(23, 14))",586,528,14,14,"INGREDIENT_MEASURED","2026-08-31"
"PCAcat",345,"productPCA","SCA_LCDST(23, 14)",300,23,14,14,"INGREDIENT_MEASURED","2026-08-31"
"PCAcat",345,"productPCA","SCA_LCDST(23, 14)",300,23,14,14,"INGREDIENT_MEASURED","2026-08-31"
"PCAcat",346,"productPCA","SCA_LCDST(23, 14)",300,23,14,14,"INGREDIENT_MEASURED","2026-08-31"
"PCAcat",346,"productPCA","productPCA(SCA_LCDST(23, 14), SCA_MS(24, 14))",599,551,14,14,"INGREDIENT_MEASURED","2026-08-31"
"PCAcat",346,"productPCA","SCA_LCDST(23, 14)",300,23,14,14,"INGREDIENT_MEASURED","2026-08-31"
"PCAcat",346,"productPCA","SCA_MS(24, 14)",313,24,14,14,"INGREDIENT_MEASURED","2026-08-31"
"PCAcat",347,"productPCA","SCA_LCDST(23, 14)",300,23,14,14,"INGREDIENT_MEASURED","2026-08-31"
"PCAcat",347,"productPCA","productPCA(SCA_MS(24, 14), SCA_MS(24, 14))",612,575,14,14,"INGREDIENT_MEASURED","2026-08-31"
"PCAcat",347,"productPCA","SCA_MS(24, 14)",313,24,14,14,"INGREDIENT_MEASURED","2026-08-31"
"PCAcat",347,"productPCA","SCA_MS(24, 14)",313,24,14,14,"INGREDIENT_MEASURED","2026-08-31"
"PCAcat",348,"productPCA","SCA_MS(24, 14)",313,24,14,14,"INGREDIENT_MEASURED","2026-08-31"
"PCAcat",348,"productPCA","productPCA(SCA_MS(24, 14), SCA_MS(24, 14))",612,575,14,14,"INGREDIENT_MEASURED","2026-08-31"
"PCAcat",348,"productPCA","SCA_MS(24, 14)",313,24,14,14,"INGREDIENT_MEASURED","2026-08-31"
"PCAcat",348,"productPCA","SCA_MS(24, 14)",313,24,14,14,"INGREDIENT_MEASURED","2026-08-31"
"PCAcat",349,"productPCA","SCA_MS(24, 14)",313,24,14,14,"INGREDIENT_MEASURED","2026-08-31"
"PCAcat",349,"productPCA","productPCA(SCA_MS(24, 14), SCA_LCDST(25, 14))",625,599,14,14,"INGREDIENT_MEASURED","2026-08-31"
"PCAcat",349,"productPCA","SCA_MS(24, 14)",313,24,14,14,"INGREDIENT_MEASURED","2026-08-31"
"PCAcat",349,"productPCA","SCA_LCDST(25, 14)",326,25,14,14,"INGREDIENT_MEASURED","2026-08-31"
"PCAcat",350,"productPCA","SCA_MS(24, 14)",313,24,14,14,"INGREDIENT_MEASURED","2026-08-31"
"PCAcat",350,"productPCA","productPCA(SCA_LCDST(25, 14), SCA_LCDST(25, 14))",638,624,14,14,"INGREDIENT_MEASURED","2026-08-31"
"PCAcat",350,"productPCA","SCA_LCDST(25, 14)",326,25,14,14,"INGREDIENT_MEASURED","2026-08-31"
"PCAcat",350,"productPCA","SCA_LCDST(25, 14)",326,25,14,14,"INGREDIENT_MEASURED","2026-08-31"
"PCAcat",351,"productPCA","SCA_LCDST(25, 14)",326,25,14,14,"INGREDIENT_MEASURED","2026-08-31"
"PCAcat",351,"productPCA","productPCA(SCA_LCDST(25, 14), SCA_LCDST(25, 14))",638,624,14,14,"INGREDIENT_MEASURED","2026-08-31"
"PCAcat",351,"productPCA","SCA_LCDST(25, 14)",326,25,14,14,"INGREDIENT_MEASURED","2026-08-31"
"PCAcat",351,"productPCA","SCA_LCDST(25, 14)",326,25,14,14,"INGREDIENT_MEASURED","2026-08-31"
"PCAcat",352,"productPCA","SCA_LCDST(25, 14)",326,25,14,14,"INGREDIENT_MEASURED","2026-08-31"
"PCAcat",352,"productPCA","productPCA(SCA_LCDST(25, 14), SCA_MS(26, 14))",651,649,14,14,"INGREDIENT_MEASURED","2026-08-31"
"PCAcat",352,"productPCA","SCA_LCDST(25, 14)",326,25,14,14,"INGREDIENT_MEASURED","2026-08-31"
"PCAcat",352,"productPCA","SCA_MS(26, 14)",339,26,14,14,"INGREDIENT_MEASURED","2026-08-31"
"PCAcat",353,"productPCA","SCA_LCDST(25, 14)",326,25,14,14,"INGREDIENT_MEASURED","2026-08-31"
"PCAcat",353,"productPCA","productPCA(SCA_MS(26, 14), SCA_MS(26, 14))",664,675,14,14,"INGREDIENT_MEASURED","2026-08-31"
"PCAcat",353,"productPCA","SCA_MS(26, 14)",339,26,14,14,"INGREDIENT_MEASURED","2026-08-31"
"PCAcat",353,"productPCA","SCA_MS(26, 14)",339,26,14,14,"INGREDIENT_MEASURED","2026-08-31"
"PCAcat",354,"productPCA","SCA_MS(26, 14)",339,26,14,14,"INGREDIENT_MEASURED","2026-08-31"
"PCAcat",354,"productPCA","productPCA(SCA_MS(26, 14), SCA_MS(26, 14))",664,675,14,14,"INGREDIENT_MEASURED","2026-08-31"
"PCAcat",354,"productPCA","SCA_MS(26, 14)",339,26,14,14,"INGREDIENT_MEASURED","2026-08-31"
"PCAcat",354,"productPCA","SCA_MS(26, 14)",339,26,14,14,"INGREDIENT_MEASURED","2026-08-31"
"PCAcat",355,"productPCA","SCA_MS(26, 14)",339,26,14,14,"INGREDIENT_MEASURED","2026-08-31"
"PCAcat",355,"productPCA","productPCA(SCA_MS(26, 14), SCA_MS(27, 14))",677,701,14,14,"INGREDIENT_MEASURED","2026-08-31"
"PCAcat",355,"productPCA","SCA_MS(26, 14)",339,26,14,14,"INGREDIENT_MEASURED","2026-08-31"
"PCAcat",355,"productPCA","SCA_MS(27, 14)",352,27,14,14,"INGREDIENT_MEASURED","2026-08-31"
"PCAcat",356,"productPCA","SCA_MS(26, 14)",339,26,14,14,"INGREDIENT_MEASURED","2026-08-31"
"PCAcat",356,"productPCA","productPCA(SCA_MS(27, 14), SCA_MS(27, 14))",690,728,14,14,"INGREDIENT_MEASURED","2026-08-31"
"PCAcat",356,"productPCA","SCA_MS(27, 14)",352,27,14,14,"INGREDIENT_MEASURED","2026-08-31"
"PCAcat",356,"productPCA","SCA_MS(27, 14)",352,27,14,14,"INGREDIENT_MEASURED","2026-08-31"
"PCAcat",357,"productPCA","SCA_MS(27, 14)",352,27,14,14,"INGREDIENT_MEASURED","2026-08-31"
"PCAcat",357,"productPCA","productPCA(SCA_MS(27, 14), SCA_MS(27, 14))",690,728,14,14,"INGREDIENT_MEASURED","2026-08-31"
"PCAcat",357,"productPCA","SCA_MS(27, 14)",352,27,14,14,"INGREDIENT_MEASURED","2026-08-31"
"PCAcat",357,"productPCA","SCA_MS(27, 14)",352,27,14,14,"INGREDIENT_MEASURED","2026-08-31"
"PCAcat",358,"productPCA","SCA_MS(27, 14)",352,27,14,14,"INGREDIENT_MEASURED","2026-08-31"
"PCAcat",358,"productPCA","productPCA(SCA_MS(27, 14), SCA_MS(28, 14))",703,755,14,14,"INGREDIENT_MEASURED","2026-08-31"
"PCAcat",358,"productPCA","SCA_MS(27, 14)",352,27,14,14,"INGREDIENT_MEASURED","2026-08-31"
"PCAcat",358,"productPCA","SCA_MS(28, 14)",365,28,14,14,"INGREDIENT_MEASURED","2026-08-31"
"PCAcat",359,"productPCA","SCA_LCDST(24, 15)",337,24,15,15,"INGREDIENT_MEASURED","2026-08-31"
"PCAcat",359,"productPCA","SCA_LCDST(24, 15)",337,24,15,15,"INGREDIENT_MEASURED","2026-08-31"
"PCAcat",360,"productPCA","SCA_LCDST(24, 15)",337,24,15,15,"INGREDIENT_MEASURED","2026-08-31"
"PCAcat",360,"productPCA","SCA_LCDST(25, 15)",351,25,15,15,"INGREDIENT_MEASURED","2026-08-31"
"PCAcat",361,"productPCA","SCA_LCDST(25, 15)",351,25,15,15,"INGREDIENT_MEASURED","2026-08-31"
"PCAcat",361,"productPCA","SCA_LCDST(25, 15)",351,25,15,15,"INGREDIENT_MEASURED","2026-08-31"
"PCAcat",362,"productPCA","SCA_LCDST(25, 15)",351,25,15,15,"INGREDIENT_MEASURED","2026-08-31"
"PCAcat",362,"productPCA","SCA_LCDST(26, 15)",365,26,15,15,"INGREDIENT_MEASURED","2026-08-31"
"PCAcat",363,"productPCA","SCA_LCDST(26, 15)",365,26,15,15,"INGREDIENT_MEASURED","2026-08-31"
"PCAcat",363,"productPCA","SCA_LCDST(26, 15)",365,26,15,15,"INGREDIENT_MEASURED","2026-08-31"
"PCAcat",364,"productPCA","SCA_LCDST(26, 15)",365,26,15,15,"INGREDIENT_MEASURED","2026-08-31"
"PCAcat",364,"productPCA","SCA_LCDST(27, 15)",379,27,15,15,"INGREDIENT_MEASURED","2026-08-31"
"PCAcat",365,"productPCA","SCA_LCDST(27, 15)",379,27,15,15,"INGREDIENT_MEASURED","2026-08-31"
"PCAcat",365,"productPCA","SCA_LCDST(27, 15)",379,27,15,15,"INGREDIENT_MEASURED","2026-08-31"
"PCAcat",366,"productPCA","SCA_LCDST(27, 15)",379,27,15,15,"INGREDIENT_MEASURED","2026-08-31"
"PCAcat",366,"productPCA","CS_CMMSSY(28, 15)",393,28,15,15,"INGREDIENT_MEASURED","2026-08-31"
"PCAcat",367,"productPCA","CS_CMMSSY(28, 15)",393,28,15,15,"INGREDIENT_MEASURED","2026-08-31"
"PCAcat",367,"productPCA","CS_CMMSSY(28, 15)",393,28,15,15,"INGREDIENT_MEASURED","2026-08-31"
"PCAcat",368,"productPCA","CS_CMMSSY(28, 15)",393,28,15,15,"INGREDIENT_MEASURED","2026-08-31"
"PCAcat",368,"productPCA","SCA_MS(29, 15)",407,29,15,15,"INGREDIENT_MEASURED","2026-08-31"
"PCAcat",369,"productPCA","SCA_MS(29, 15)",407,29,15,15,"INGREDIENT_MEASURED","2026-08-31"
"PCAcat",369,"productPCA","SCA_MS(29, 15)",407,29,15,15,"INGREDIENT_MEASURED","2026-08-31"
"PCAcat",370,"productPCA","SCA_MS(29, 15)",407,29,15,15,"INGREDIENT_MEASURED","2026-08-31"
"PCAcat",370,"productPCA","SCA_MS(30, 15)",421,30,15,15,"INGREDIENT_MEASURED","2026-08-31"
"PCAcat",371,"productPCA","SCA_MS(30, 15)",421,30,15,15,"INGREDIENT_MEASURED","2026-08-31"
"PCAcat",371,"productPCA","SCA_MS(30, 15)",421,30,15,15,"INGREDIENT_MEASURED","2026-08-31"
"PCAcat",372,"productPCA","SCA_MS(30, 15)",421,30,15,15,"INGREDIENT_MEASURED","2026-08-31"
"PCAcat",372,"productPCA","SCA_MS(31, 15)",435,31,15,15,"INGREDIENT_MEASURED","2026-08-31"
"PCAcat",373,"productPCA","SCA_MS(31, 15)",435,31,15,15,"INGREDIENT_MEASURED","2026-08-31"
"PCAcat",373,"productPCA","SCA_MS(31, 15)",435,31,15,15,"INGREDIENT_MEASURED","2026-08-31"
"PCAcat",374,"productPCA","SCA_LCDST(24, 15)",337,24,15,15,"INGREDIENT_MEASURED","2026-08-31"
"PCAcat",374,"productPCA","productPCA(SCA_LCDST(24, 15), SCA_LCDST(24, 15))",659,575,15,15,"INGREDIENT_MEASURED","2026-08-31"
"PCAcat",374,"productPCA","SCA_LCDST(24, 15)",337,24,15,15,"INGREDIENT_MEASURED","2026-08-31"
"PCAcat",374,"productPCA","SCA_LCDST(24, 15)",337,24,15,15,"INGREDIENT_MEASURED","2026-08-31"
"PCAcat",375,"productPCA","SCA_LCDST(24, 15)",337,24,15,15,"INGREDIENT_MEASURED","2026-08-31"
"PCAcat",375,"productPCA","productPCA(SCA_LCDST(24, 15), SCA_LCDST(25, 15))",673,599,15,15,"INGREDIENT_MEASURED","2026-08-31"
"PCAcat",375,"productPCA","SCA_LCDST(24, 15)",337,24,15,15,"INGREDIENT_MEASURED","2026-08-31"
"PCAcat",375,"productPCA","SCA_LCDST(25, 15)",351,25,15,15,"INGREDIENT_MEASURED","2026-08-31"
"PCAcat",376,"productPCA","SCA_LCDST(24, 15)",337,24,15,15,"INGREDIENT_MEASURED","2026-08-31"
"PCAcat",376,"productPCA","productPCA(SCA_LCDST(25, 15), SCA_LCDST(25, 15))",687,624,15,15,"INGREDIENT_MEASURED","2026-08-31"
"PCAcat",376,"productPCA","SCA_LCDST(25, 15)",351,25,15,15,"INGREDIENT_MEASURED","2026-08-31"
"PCAcat",376,"productPCA","SCA_LCDST(25, 15)",351,25,15,15,"INGREDIENT_MEASURED","2026-08-31"
"PCAcat",377,"productPCA","SCA_LCDST(25, 15)",351,25,15,15,"INGREDIENT_MEASURED","2026-08-31"
"PCAcat",377,"productPCA","productPCA(SCA_LCDST(25, 15), SCA_LCDST(25, 15))",687,624,15,15,"INGREDIENT_MEASURED","2026-08-31"
"PCAcat",377,"productPCA","SCA_LCDST(25, 15)",351,25,15,15,"INGREDIENT_MEASURED","2026-08-31"
"PCAcat",377,"productPCA","SCA_LCDST(25, 15)",351,25,15,15,"INGREDIENT_MEASURED","2026-08-31"
"PCAcat",378,"productPCA","SCA_LCDST(25, 15)",351,25,15,15,"INGREDIENT_MEASURED","2026-08-31"
"PCAcat",378,"productPCA","productPCA(SCA_LCDST(25, 15), SCA_LCDST(26, 15))",701,649,15,15,"INGREDIENT_MEASURED","2026-08-31"
"PCAcat",378,"productPCA","SCA_LCDST(25, 15)",351,25,15,15,"INGREDIENT_MEASURED","2026-08-31"
"PCAcat",378,"productPCA","SCA_LCDST(26, 15)",365,26,15,15,"INGREDIENT_MEASURED","2026-08-31"
"PCAcat",379,"productPCA","SCA_LCDST(25, 15)",351,25,15,15,"INGREDIENT_MEASURED","2026-08-31"
"PCAcat",379,"productPCA","productPCA(SCA_LCDST(26, 15), SCA_LCDST(26, 15))",715,675,15,15,"INGREDIENT_MEASURED","2026-08-31"
"PCAcat",379,"productPCA","SCA_LCDST(26, 15)",365,26,15,15,"INGREDIENT_MEASURED","2026-08-31"
"PCAcat",379,"productPCA","SCA_LCDST(26, 15)",365,26,15,15,"INGREDIENT_MEASURED","2026-08-31"
"PCAcat",380,"productPCA","SCA_LCDST(26, 15)",365,26,15,15,"INGREDIENT_MEASURED","2026-08-31"
"PCAcat",380,"productPCA","productPCA(SCA_LCDST(26, 15), SCA_LCDST(26, 15))",715,675,15,15,"INGREDIENT_MEASURED","2026-08-31"
"PCAcat",380,"productPCA","SCA_LCDST(26, 15)",365,26,15,15,"INGREDIENT_MEASURED","2026-08-31"
"PCAcat",380,"productPCA","SCA_LCDST(26, 15)",365,26,15,15,"INGREDIENT_MEASURED","2026-08-31"
"PCAcat",381,"productPCA","SCA_LCDST(26, 15)",365,26,15,15,"INGREDIENT_MEASURED","2026-08-31"
"PCAcat",381,"productPCA","productPCA(SCA_LCDST(26, 15), SCA_LCDST(27, 15))",729,701,15,15,"INGREDIENT_MEASURED","2026-08-31"
"PCAcat",381,"productPCA","SCA_LCDST(26, 15)",365,26,15,15,"INGREDIENT_MEASURED","2026-08-31"
"PCAcat",381,"productPCA","SCA_LCDST(27, 15)",379,27,15,15,"INGREDIENT_MEASURED","2026-08-31"
"PCAcat",382,"productPCA","SCA_LCDST(26, 15)",365,26,15,15,"INGREDIENT_MEASURED","2026-08-31"
"PCAcat",382,"productPCA","productPCA(SCA_LCDST(27, 15), SCA_LCDST(27, 15))",743,728,15,15,"INGREDIENT_MEASURED","2026-08-31"
"PCAcat",382,"productPCA","SCA_LCDST(27, 15)",379,27,15,15,"INGREDIENT_MEASURED","2026-08-31"
"PCAcat",382,"productPCA","SCA_LCDST(27, 15)",379,27,15,15,"INGREDIENT_MEASURED","2026-08-31"
"PCAcat",383,"productPCA","SCA_LCDST(27, 15)",379,27,15,15,"INGREDIENT_MEASURED","2026-08-31"
"PCAcat",383,"productPCA","productPCA(SCA_LCDST(27, 15), SCA_LCDST(27, 15))",743,728,15,15,"INGREDIENT_MEASURED","2026-08-31"
"PCAcat",383,"productPCA","SCA_LCDST(27, 15)",379,27,15,15,"INGREDIENT_MEASURED","2026-08-31"
"PCAcat",383,"productPCA","SCA_LCDST(27, 15)",379,27,15,15,"INGREDIENT_MEASURED","2026-08-31"
"PCAcat",384,"productPCA","SCA_LCDST(27, 15)",379,27,15,15,"INGREDIENT_MEASURED","2026-08-31"
"PCAcat",384,"productPCA","productPCA(SCA_LCDST(27, 15), CS_CMMSSY(28, 15))",757,755,15,15,"INGREDIENT_MEASURED","2026-08-31"
"PCAcat",384,"productPCA","SCA_LCDST(27, 15)",379,27,15,15,"INGREDIENT_MEASURED","2026-08-31"
"PCAcat",384,"productPCA","CS_CMMSSY(28, 15)",393,28,15,15,"INGREDIENT_MEASURED","2026-08-31"
"PCAcat",385,"productPCA","SCA_LCDST(25, 16)",376,25,16,16,"INGREDIENT_MEASURED","2026-08-31"
"PCAcat",385,"productPCA","SCA_LCDST(25, 16)",376,25,16,16,"INGREDIENT_MEASURED","2026-08-31"
"PCAcat",386,"productPCA","SCA_LCDST(25, 16)",376,25,16,16,"INGREDIENT_MEASURED","2026-08-31"
"PCAcat",386,"productPCA","SCA_LCDST(27, 16)",406,27,16,16,"INGREDIENT_MEASURED","2026-08-31"
"PCAcat",387,"productPCA","SCA_LCDST(25, 16)",376,25,16,16,"INGREDIENT_MEASURED","2026-08-31"
"PCAcat",387,"productPCA","SCA_LCDST(28, 16)",421,28,16,16,"INGREDIENT_MEASURED","2026-08-31"
"PCAcat",388,"productPCA","SCA_LCDST(27, 16)",406,27,16,16,"INGREDIENT_MEASURED","2026-08-31"
"PCAcat",388,"productPCA","SCA_LCDST(27, 16)",406,27,16,16,"INGREDIENT_MEASURED","2026-08-31"
"PCAcat",389,"productPCA","SCA_LCDST(27, 16)",406,27,16,16,"INGREDIENT_MEASURED","2026-08-31"
"PCAcat",389,"productPCA","SCA_LCDST(28, 16)",421,28,16,16,"INGREDIENT_MEASURED","2026-08-31"
"PCAcat",390,"productPCA","SCA_LCDST(28, 16)",421,28,16,16,"INGREDIENT_MEASURED","2026-08-31"
"PCAcat",390,"productPCA","SCA_LCDST(28, 16)",421,28,16,16,"INGREDIENT_MEASURED","2026-08-31"
"PCAcat",391,"productPCA","SCA_LCDST(28, 16)",421,28,16,16,"INGREDIENT_MEASURED","2026-08-31"
"PCAcat",391,"productPCA","SCA_LCDST(29, 16)",436,29,16,16,"INGREDIENT_MEASURED","2026-08-31"
"PCAcat",392,"productPCA","SCA_LCDST(29, 16)",436,29,16,16,"INGREDIENT_MEASURED","2026-08-31"
"PCAcat",392,"productPCA","SCA_LCDST(29, 16)",436,29,16,16,"INGREDIENT_MEASURED","2026-08-31"
"PCAcat",393,"productPCA","SCA_LCDST(29, 16)",436,29,16,16,"INGREDIENT_MEASURED","2026-08-31"
"PCAcat",393,"productPCA","SCA_MS(30, 16)",451,30,16,16,"INGREDIENT_MEASURED","2026-08-31"
"PCAcat",394,"productPCA","SCA_MS(30, 16)",451,30,16,16,"INGREDIENT_MEASURED","2026-08-31"
"PCAcat",394,"productPCA","SCA_MS(30, 16)",451,30,16,16,"INGREDIENT_MEASURED","2026-08-31"
"PCAcat",395,"productPCA","SCA_MS(30, 16)",451,30,16,16,"INGREDIENT_MEASURED","2026-08-31"
"PCAcat",395,"productPCA","SCA_MS(31, 16)",466,31,16,16,"INGREDIENT_MEASURED","2026-08-31"
"PCAcat",396,"productPCA","SCA_MS(31, 16)",466,31,16,16,"INGREDIENT_MEASURED","2026-08-31"
"PCAcat",396,"productPCA","SCA_MS(31, 16)",466,31,16,16,"INGREDIENT_MEASURED","2026-08-31"
"PCAcat",397,"productPCA","SCA_MS(31, 16)",466,31,16,16,"INGREDIENT_MEASURED","2026-08-31"
"PCAcat",397,"productPCA","SCA_MS(32, 16)",481,32,16,16,"INGREDIENT_MEASURED","2026-08-31"
"PCAcat",398,"productPCA","SCA_MS(32, 16)",481,32,16,16,"INGREDIENT_MEASURED","2026-08-31"
"PCAcat",398,"productPCA","SCA_MS(32, 16)",481,32,16,16,"INGREDIENT_MEASURED","2026-08-31"
"PCAcat",399,"productPCA","SCA_MS(32, 16)",481,32,16,16,"INGREDIENT_MEASURED","2026-08-31"
"PCAcat",399,"productPCA","SCA_MS(33, 16)",496,33,16,16,"INGREDIENT_MEASURED","2026-08-31"
"PCAcat",400,"productPCA","SCA_Bose(16)",256,17,16,16,"INGREDIENT_MEASURED","2026-08-31"
"PCAcat",400,"productPCA","productPCA(SCA_LCDST(25, 16), SCA_LCDST(25, 16))",736,624,16,16,"INGREDIENT_MEASURED","2026-08-31"
"PCAcat",400,"productPCA","SCA_LCDST(25, 16)",376,25,16,16,"INGREDIENT_MEASURED","2026-08-31"
"PCAcat",400,"productPCA","SCA_LCDST(25, 16)",376,25,16,16,"INGREDIENT_MEASURED","2026-08-31"
"PCAcat",401,"productPCA","SCA_Bose(16)",256,17,16,16,"INGREDIENT_MEASURED","2026-08-31"
"PCAcat",401,"productPCA","productPCA(SCA_LCDST(25, 16), SCA_LCDST(27, 16))",766,674,16,16,"INGREDIENT_MEASURED","2026-08-31"
"PCAcat",401,"productPCA","SCA_LCDST(25, 16)",376,25,16,16,"INGREDIENT_MEASURED","2026-08-31"
"PCAcat",401,"productPCA","SCA_LCDST(27, 16)",406,27,16,16,"INGREDIENT_MEASURED","2026-08-31"
"PCAcat",402,"productPCA","SCA_Bose(16)",256,17,16,16,"INGREDIENT_MEASURED","2026-08-31"
"PCAcat",402,"productPCA","productPCA(SCA_LCDST(25, 16), SCA_LCDST(28, 16))",781,699,16,16,"INGREDIENT_MEASURED","2026-08-31"
"PCAcat",402,"productPCA","SCA_LCDST(25, 16)",376,25,16,16,"INGREDIENT_MEASURED","2026-08-31"
"PCAcat",402,"productPCA","SCA_LCDST(28, 16)",421,28,16,16,"INGREDIENT_MEASURED","2026-08-31"
"PCAcat",403,"productPCA","SCA_Bose(16)",256,17,16,16,"INGREDIENT_MEASURED","2026-08-31"
"PCAcat",403,"productPCA","productPCA(SCA_LCDST(27, 16), SCA_LCDST(27, 16))",796,728,16,16,"INGREDIENT_MEASURED","2026-08-31"
"PCAcat",403,"productPCA","SCA_LCDST(27, 16)",406,27,16,16,"INGREDIENT_MEASURED","2026-08-31"
"PCAcat",403,"productPCA","SCA_LCDST(27, 16)",406,27,16,16,"INGREDIENT_MEASURED","2026-08-31"
"PCAcat",404,"productPCA","SCA_Bose(16)",256,17,16,16,"INGREDIENT_MEASURED","2026-08-31"
"PCAcat",404,"productPCA","productPCA(SCA_LCDST(27, 16), SCA_LCDST(28, 16))",811,755,16,16,"INGREDIENT_MEASURED","2026-08-31"
"PCAcat",404,"productPCA","SCA_LCDST(27, 16)",406,27,16,16,"INGREDIENT_MEASURED","2026-08-31"
"PCAcat",404,"productPCA","SCA_LCDST(28, 16)",421,28,16,16,"INGREDIENT_MEASURED","2026-08-31"
"PCAcat",405,"productPCA","SCA_Bose(16)",256,17,16,16,"INGREDIENT_MEASURED","2026-08-31"
"PCAcat",405,"productPCA","productPCA(SCA_LCDST(28, 16), SCA_LCDST(28, 16))",826,783,16,16,"INGREDIENT_MEASURED","2026-08-31"
"PCAcat",405,"productPCA","SCA_LCDST(28, 16)",421,28,16,16,"INGREDIENT_MEASURED","2026-08-31"
"PCAcat",405,"productPCA","SCA_LCDST(28, 16)",421,28,16,16,"INGREDIENT_MEASURED","2026-08-31"
"PCAcat",406,"productPCA","SCA_Bose(16)",256,17,16,16,"INGREDIENT_MEASURED","2026-08-31"
"PCAcat",406,"productPCA","productPCA(SCA_LCDST(28, 16), SCA_LCDST(29, 16))",841,811,16,16,"INGREDIENT_MEASURED","2026-08-31"
"PCAcat",406,"productPCA","SCA_LCDST(28, 16)",421,28,16,16,"INGREDIENT_MEASURED","2026-08-31"
"PCAcat",406,"productPCA","SCA_LCDST(29, 16)",436,29,16,16,"INGREDIENT_MEASURED","2026-08-31"
"PCAcat",407,"productPCA","SCA_LCDST(25, 16)",376,25,16,16,"INGREDIENT_MEASURED","2026-08-31"
"PCAcat",407,"productPCA","productPCA(SCA_LCDST(25, 16), SCA_LCDST(25, 16))",736,624,16,16,"INGREDIENT_MEASURED","2026-08-31"
"PCAcat",407,"productPCA","SCA_LCDST(25, 16)",376,25,16,16,"INGREDIENT_MEASURED","2026-08-31"
"PCAcat",407,"productPCA","SCA_LCDST(25, 16)",376,25,16,16,"INGREDIENT_MEASURED","2026-08-31"
"PCAcat",408,"productPCA","SCA_LCDST(25, 16)",376,25,16,16,"INGREDIENT_MEASURED","2026-08-31"
"PCAcat",408,"productPCA","productPCA(SCA_LCDST(25, 16), SCA_LCDST(27, 16))",766,674,16,16,"INGREDIENT_MEASURED","2026-08-31"
"PCAcat",408,"productPCA","SCA_LCDST(25, 16)",376,25,16,16,"INGREDIENT_MEASURED","2026-08-31"
"PCAcat",408,"productPCA","SCA_LCDST(27, 16)",406,27,16,16,"INGREDIENT_MEASURED","2026-08-31"
"PCAcat",409,"productPCA","SCA_LCDST(25, 16)",376,25,16,16,"INGREDIENT_MEASURED","2026-08-31"
"PCAcat",409,"productPCA","productPCA(SCA_LCDST(25, 16), SCA_LCDST(28, 16))",781,699,16,16,"INGREDIENT_MEASURED","2026-08-31"
"PCAcat",409,"productPCA","SCA_LCDST(25, 16)",376,25,16,16,"INGREDIENT_MEASURED","2026-08-31"
"PCAcat",409,"productPCA","SCA_LCDST(28, 16)",421,28,16,16,"INGREDIENT_MEASURED","2026-08-31"
"PCAcat",410,"productPCA","SCA_LCDST(25, 16)",376,25,16,16,"INGREDIENT_MEASURED","2026-08-31"
"PCAcat",410,"productPCA","productPCA(SCA_LCDST(27, 16), SCA_LCDST(27, 16))",796,728,16,16,"INGREDIENT_MEASURED","2026-08-31"
"PCAcat",410,"productPCA","SCA_LCDST(27, 16)",406,27,16,16,"INGREDIENT_MEASURED","2026-08-31"
"PCAcat",410,"productPCA","SCA_LCDST(27, 16)",406,27,16,16,"INGREDIENT_MEASURED","2026-08-31"
"PCAcat",411,"productPCA","SCA_LCDST(25, 16)",376,25,16,16,"INGREDIENT_MEASURED","2026-08-31"
"PCAcat",411,"productPCA","productPCA(SCA_LCDST(27, 16), SCA_LCDST(28, 16))",811,755,16,16,"INGREDIENT_MEASURED","2026-08-31"
"PCAcat",411,"productPCA","SCA_LCDST(27, 16)",406,27,16,16,"INGREDIENT_MEASURED","2026-08-31"
"PCAcat",411,"productPCA","SCA_LCDST(28, 16)",421,28,16,16,"INGREDIENT_MEASURED","2026-08-31"
"PCAcat",412,"productPCA","SCA_LCDST(27, 16)",406,27,16,16,"INGREDIENT_MEASURED","2026-08-31"
"PCAcat",412,"productPCA","productPCA(SCA_LCDST(27, 16), SCA_LCDST(27, 16))",796,728,16,16,"INGREDIENT_MEASURED","2026-08-31"
"PCAcat",412,"productPCA","SCA_LCDST(27, 16)",406,27,16,16,"INGREDIENT_MEASURED","2026-08-31"
"PCAcat",412,"productPCA","SCA_LCDST(27, 16)",406,27,16,16,"INGREDIENT_MEASURED","2026-08-31"
"PCAcat",413,"productPCA","SCA_LCDST(27, 16)",406,27,16,16,"INGREDIENT_MEASURED","2026-08-31"
"PCAcat",413,"productPCA","productPCA(SCA_LCDST(27, 16), SCA_LCDST(28, 16))",811,755,16,16,"INGREDIENT_MEASURED","2026-08-31"
"PCAcat",413,"productPCA","SCA_LCDST(27, 16)",406,27,16,16,"INGREDIENT_MEASURED","2026-08-31"
"PCAcat",413,"productPCA","SCA_LCDST(28, 16)",421,28,16,16,"INGREDIENT_MEASURED","2026-08-31"
"PCAcat",414,"productPCA","SCA_LCDST(31, 17)",497,31,17,17,"INGREDIENT_MEASURED","2026-08-31"
"PCAcat",414,"productPCA","SCA_LCDST(31, 17)",497,31,17,17,"INGREDIENT_MEASURED","2026-08-31"
"PCAcat",415,"productPCA","SCA_LCDST(31, 17)",497,31,17,17,"INGREDIENT_MEASURED","2026-08-31"
"PCAcat",415,"productPCA","CS_CMMSSY(32, 17)",513,32,17,17,"INGREDIENT_MEASURED","2026-08-31"
"PCAcat",416,"productPCA","CS_CMMSSY(32, 17)",513,32,17,17,"INGREDIENT_MEASURED","2026-08-31"
"PCAcat",416,"productPCA","CS_CMMSSY(32, 17)",513,32,17,17,"INGREDIENT_MEASURED","2026-08-31"
"PCAcat",417,"productPCA","CS_CMMSSY(32, 17)",513,32,17,17,"INGREDIENT_MEASURED","2026-08-31"
"PCAcat",417,"productPCA","SCA_MS(33, 17)",529,33,17,17,"INGREDIENT_MEASURED","2026-08-31"
"PCAcat",418,"productPCA","SCA_MS(33, 17)",529,33,17,17,"INGREDIENT_MEASURED","2026-08-31"
"PCAcat",418,"productPCA","SCA_MS(33, 17)",529,33,17,17,"INGREDIENT_MEASURED","2026-08-31"
"PCAcat",419,"productPCA","SCA_MS(33, 17)",529,33,17,17,"INGREDIENT_MEASURED","2026-08-31"
"PCAcat",419,"productPCA","SCA_MS(34, 17)",545,34,17,17,"INGREDIENT_MEASURED","2026-08-31"
"PCAcat",420,"productPCA","SCA_MS(34, 17)",545,34,17,17,"INGREDIENT_MEASURED","2026-08-31"
"PCAcat",420,"productPCA","SCA_MS(34, 17)",545,34,17,17,"INGREDIENT_MEASURED","2026-08-31"
"PCAcat",421,"productPCA","SCA_Bose(17)",289,18,17,17,"INGREDIENT_MEASURED","2026-08-31"
"PCAcat",421,"productPCA","productPCA(SCA_LCDST(31, 17), SCA_LCDST(31, 17))",977,960,17,17,"INGREDIENT_MEASURED","2026-08-31"
"PCAcat",421,"productPCA","SCA_LCDST(31, 17)",497,31,17,17,"INGREDIENT_MEASURED","2026-08-31"
"PCAcat",421,"productPCA","SCA_LCDST(31, 17)",497,31,17,17,"INGREDIENT_MEASURED","2026-08-31"
"PCAcat",422,"productPCA","SCA_Bose(17)",289,18,17,17,"INGREDIENT_MEASURED","2026-08-31"
"PCAcat",422,"productPCA","productPCA(SCA_LCDST(31, 17), CS_CMMSSY(32, 17))",993,991,17,17,"INGREDIENT_MEASURED","2026-08-31"
"PCAcat",422,"productPCA","SCA_LCDST(31, 17)",497,31,17,17,"INGREDIENT_MEASURED","2026-08-31"
"PCAcat",422,"productPCA","CS_CMMSSY(32, 17)",513,32,17,17,"INGREDIENT_MEASURED","2026-08-31"
"PCAcat",423,"productPCA","SCA_Bose(17)",289,18,17,17,"INGREDIENT_MEASURED","2026-08-31"
"PCAcat",423,"productPCA","productPCA(CS_CMMSSY(32, 17), CS_CMMSSY(32, 17))",1009,1023,17,17,"INGREDIENT_MEASURED","2026-08-31"
"PCAcat",423,"productPCA","CS_CMMSSY(32, 17)",513,32,17,17,"INGREDIENT_MEASURED","2026-08-31"
"PCAcat",423,"productPCA","CS_CMMSSY(32, 17)",513,32,17,17,"INGREDIENT_MEASURED","2026-08-31"
"PCAcat",424,"productPCA","SCA_Bose(17)",289,18,17,17,"INGREDIENT_MEASURED","2026-08-31"
"PCAcat",424,"productPCA","productPCA(CS_CMMSSY(32, 17), SCA_MS(33, 17))",1025,1055,17,17,"INGREDIENT_MEASURED","2026-08-31"
"PCAcat",424,"productPCA","CS_CMMSSY(32, 17)",513,32,17,17,"INGREDIENT_MEASURED","2026-08-31"
"PCAcat",424,"productPCA","SCA_MS(33, 17)",529,33,17,17,"INGREDIENT_MEASURED","2026-08-31"
"PCAcat",425,"productPCA","SCA_Bose(17)",289,18,17,17,"INGREDIENT_MEASURED","2026-08-31"
"PCAcat",425,"productPCA","productPCA(SCA_MS(33, 17), SCA_MS(33, 17))",1041,1088,17,17,"INGREDIENT_MEASURED","2026-08-31"
"PCAcat",425,"productPCA","SCA_MS(33, 17)",529,33,17,17,"INGREDIENT_MEASURED","2026-08-31"
"PCAcat",425,"productPCA","SCA_MS(33, 17)",529,33,17,17,"INGREDIENT_MEASURED","2026-08-31"
"PCAcat",426,"productPCA","SCA_Bose(17)",289,18,17,17,"INGREDIENT_MEASURED","2026-08-31"
"PCAcat",426,"productPCA","productPCA(SCA_MS(33, 17), SCA_MS(34, 17))",1057,1121,17,17,"INGREDIENT_MEASURED","2026-08-31"
"PCAcat",426,"productPCA","SCA_MS(33, 17)",529,33,17,17,"INGREDIENT_MEASURED","2026-08-31"
"PCAcat",426,"productPCA","SCA_MS(34, 17)",545,34,17,17,"INGREDIENT_MEASURED","2026-08-31"
"PCAcat",427,"productPCA","SCA_LCDST(32, 18)",545,32,18,18,"INGREDIENT_MEASURED","2026-08-31"
"PCAcat",427,"productPCA","SCA_LCDST(32, 18)",545,32,18,18,"INGREDIENT_MEASURED","2026-08-31"
"PCAcat",428,"productPCA","SCA_LCDST(32, 18)",545,32,18,18,"INGREDIENT_MEASURED","2026-08-31"
"PCAcat",428,"productPCA","SCA_LCDST(34, 18)",579,34,18,18,"INGREDIENT_MEASURED","2026-08-31"
"PCAcat",429,"productPCA","SCA_LCDST(32, 18)",545,32,18,18,"INGREDIENT_MEASURED","2026-08-31"
"PCAcat",429,"productPCA","SCA_MS(35, 18)",596,35,18,18,"INGREDIENT_MEASURED","2026-08-31"
"PCAcat",430,"productPCA","SCA_LCDST(34, 18)",579,34,18,18,"INGREDIENT_MEASURED","2026-08-31"
"PCAcat",430,"productPCA","SCA_LCDST(34, 18)",579,34,18,18,"INGREDIENT_MEASURED","2026-08-31"
"PCAcat",431,"productPCA","SCA_LCDST(34, 18)",579,34,18,18,"INGREDIENT_MEASURED","2026-08-31"
"PCAcat",431,"productPCA","SCA_MS(35, 18)",596,35,18,18,"INGREDIENT_MEASURED","2026-08-31"
"PCAcat",432,"productPCA","SCA_MS(35, 18)",596,35,18,18,"INGREDIENT_MEASURED","2026-08-31"
"PCAcat",432,"productPCA","SCA_MS(35, 18)",596,35,18,18,"INGREDIENT_MEASURED","2026-08-31"
"PCAcat",433,"productPCA","SCA_MS(35, 18)",596,35,18,18,"INGREDIENT_MEASURED","2026-08-31"
"PCAcat",433,"productPCA","SCA_MS(36, 18)",613,36,18,18,"INGREDIENT_MEASURED","2026-08-31"
"PCAcat",434,"productPCA","SCA_MS(36, 18)",613,36,18,18,"INGREDIENT_MEASURED","2026-08-31"
"PCAcat",434,"productPCA","SCA_MS(36, 18)",613,36,18,18,"INGREDIENT_MEASURED","2026-08-31"
"PCAcat",435,"productPCA","SCA_MS(36, 18)",613,36,18,18,"INGREDIENT_MEASURED","2026-08-31"
"PCAcat",435,"productPCA","SCA_MS(37, 18)",630,37,18,18,"INGREDIENT_MEASURED","2026-08-31"
"PCAcat",436,"productPCA","SCA_MS(37, 18)",630,37,18,18,"INGREDIENT_MEASURED","2026-08-31"
"PCAcat",436,"productPCA","SCA_MS(37, 18)",630,37,18,18,"INGREDIENT_MEASURED","2026-08-31"
"PCAcat",437,"productPCA","SCA_LCDST(32, 18)",545,32,18,18,"INGREDIENT_MEASURED","2026-08-31"
"PCAcat",437,"productPCA","productPCA(SCA_LCDST(32, 18), SCA_LCDST(32, 18))",1072,1023,18,18,"INGREDIENT_MEASURED","2026-08-31"
"PCAcat",437,"productPCA","SCA_LCDST(32, 18)",545,32,18,18,"INGREDIENT_MEASURED","2026-08-31"
"PCAcat",437,"productPCA","SCA_LCDST(32, 18)",545,32,18,18,"INGREDIENT_MEASURED","2026-08-31"
"PCAcat",438,"productPCA","SCA_LCDST(36, 19)",649,36,19,19,"INGREDIENT_MEASURED","2026-08-31"
"PCAcat",438,"productPCA","SCA_LCDST(36, 19)",649,36,19,19,"INGREDIENT_MEASURED","2026-08-31"
"PCAcat",439,"productPCA","SCA_Bose(19)",361,20,19,19,"INGREDIENT_MEASURED","2026-08-31"
"PCAcat",439,"productPCA","productPCA(SCA_LCDST(36, 19), SCA_LCDST(36, 19))",1279,1295,19,19,"INGREDIENT_MEASURED","2026-08-31"
"PCAcat",439,"productPCA","SCA_LCDST(36, 19)",649,36,19,19,"INGREDIENT_MEASURED","2026-08-31"
"PCAcat",439,"productPCA","SCA_LCDST(36, 19)",649,36,19,19,"INGREDIENT_MEASURED","2026-08-31"
"PCAcat",440,"productPCA","SCA_LCDST(38, 20)",723,38,20,20,"INGREDIENT_MEASURED","2026-08-31"
"PCAcat",440,"productPCA","SCA_LCDST(38, 20)",723,38,20,20,"INGREDIENT_MEASURED","2026-08-31"
"PCAcat",441,"productPCA","SCA_LCDST(38, 20)",723,38,20,20,"INGREDIENT_MEASURED","2026-08-31"
"PCAcat",441,"productPCA","SCA_LCDST(39, 20)",742,39,20,20,"INGREDIENT_MEASURED","2026-08-31"
"PCAcat",442,"productPCA","SCA_LCDST(39, 20)",742,39,20,20,"INGREDIENT_MEASURED","2026-08-31"
"PCAcat",442,"productPCA","SCA_LCDST(39, 20)",742,39,20,20,"INGREDIENT_MEASURED","2026-08-31"
"PCAcat",443,"productPCA","SCA_LCDST(38, 20)",723,38,20,20,"INGREDIENT_MEASURED","2026-08-31"
"PCAcat",443,"productPCA","productPCA(SCA_LCDST(38, 20), SCA_LCDST(38, 20))",1426,1443,20,20,"INGREDIENT_MEASURED","2026-08-31"
"PCAcat",443,"productPCA","SCA_LCDST(38, 20)",723,38,20,20,"INGREDIENT_MEASURED","2026-08-31"
"PCAcat",443,"productPCA","SCA_LCDST(38, 20)",723,38,20,20,"INGREDIENT_MEASURED","2026-08-31"
"PCAcat",444,"productPCA","SCA_LCDST(42, 21)",841,42,21,21,"INGREDIENT_MEASURED","2026-08-31"
"PCAcat",444,"productPCA","SCA_LCDST(42, 21)",841,42,21,21,"INGREDIENT_MEASURED","2026-08-31"
"PCAcat",445,"productPCA","SCA_LCDST(42, 21)",841,42,21,21,"INGREDIENT_MEASURED","2026-08-31"
"PCAcat",445,"productPCA","productPCA(SCA_LCDST(42, 21), SCA_LCDST(42, 21))",1661,1763,21,21,"INGREDIENT_MEASURED","2026-08-31"
"PCAcat",445,"productPCA","SCA_LCDST(42, 21)",841,42,21,21,"INGREDIENT_MEASURED","2026-08-31"
"PCAcat",445,"productPCA","SCA_LCDST(42, 21)",841,42,21,21,"INGREDIENT_MEASURED","2026-08-31"
"PCAcat",446,"productPCA","SCA_LCDST(44, 22)",925,44,22,22,"INGREDIENT_MEASURED","2026-08-31"
"PCAcat",446,"productPCA","SCA_LCDST(44, 22)",925,44,22,22,"INGREDIENT_MEASURED","2026-08-31"
"PCAcat",447,"productPCA","SCA_LCDST(44, 22)",925,44,22,22,"INGREDIENT_MEASURED","2026-08-31"
"PCAcat",447,"productPCA","productPCA(SCA_LCDST(44, 22), SCA_LCDST(44, 22))",1828,1935,22,22,"INGREDIENT_MEASURED","2026-08-31"
"PCAcat",447,"productPCA","SCA_LCDST(44, 22)",925,44,22,22,"INGREDIENT_MEASURED","2026-08-31"
"PCAcat",447,"productPCA","SCA_LCDST(44, 22)",925,44,22,22,"INGREDIENT_MEASURED","2026-08-31"
"PALEYcat",1,"rbind","paley_mat(11)",11,11,2,2,"INGREDIENT_MEASURED","2026-08-31"
"PALEYcat",2,"rbind","paley_mat(17)",17,17,2,2,"INGREDIENT_MEASURED","2026-08-31"
"PALEYcat",5,"[","paley_mat(29)",29,29,2,2,"INGREDIENT_MEASURED","2026-08-31"
"PALEYcat",6,"[","paley_mat(31)",31,31,2,2,"INGREDIENT_MEASURED","2026-08-31"
"PALEYcat",7,"[","paley_mat(37)",37,37,2,2,"INGREDIENT_MEASURED","2026-08-31"
"PALEYcat",8,"[","paley_mat(41)",41,41,2,2,"INGREDIENT_MEASURED","2026-08-31"
"PALEYcat",9,"[","paley_mat(43)",43,43,2,2,"INGREDIENT_MEASURED","2026-08-31"
"PALEYcat",10,"[","paley_mat(47)",47,47,2,2,"INGREDIENT_MEASURED","2026-08-31"
"PALEYcat",11,"[","paley_mat(53)",53,53,2,2,"INGREDIENT_MEASURED","2026-08-31"
"PALEYcat",12,"[","paley_mat(59)",59,59,2,2,"INGREDIENT_MEASURED","2026-08-31"
"PALEYcat",13,"[","paley_mat(61)",61,61,2,2,"INGREDIENT_MEASURED","2026-08-31"
"PALEYcat",14,"[","paley_mat(73)",73,73,2,2,"INGREDIENT_MEASURED","2026-08-31"
"PALEYcat",15,"Double","paley_mat(11)",11,11,2,2,"INGREDIENT_MEASURED","2026-08-31"
"PALEYcat",16,"Double","paley_mat(19)",19,19,2,2,"INGREDIENT_MEASURED","2026-08-31"
"PALEYcat",17,"Double","paley_mat(23)",23,23,2,2,"INGREDIENT_MEASURED","2026-08-31"
"PALEYcat",18,"Double","paley_mat(29)",29,29,2,2,"INGREDIENT_MEASURED","2026-08-31"
"PALEYcat",19,"Double","paley_mat(31)",31,31,2,2,"INGREDIENT_MEASURED","2026-08-31"
"PALEYcat",20,"Double","paley_mat(37)",37,37,2,2,"INGREDIENT_MEASURED","2026-08-31"
"PALEYcat",21,"Double","paley_mat(41)",41,41,2,2,"INGREDIENT_MEASURED","2026-08-31"
"PALEYcat",22,"Double","paley_mat(43)",43,43,2,2,"INGREDIENT_MEASURED","2026-08-31"
"PALEYcat",23,"Double","paley_mat(47)",47,47,2,2,"INGREDIENT_MEASURED","2026-08-31"
"PALEYcat",24,"Double","paley_mat(53)",53,53,2,2,"INGREDIENT_MEASURED","2026-08-31"
"PALEYcat",25,"Double","paley_mat(59)",59,59,2,2,"INGREDIENT_MEASURED","2026-08-31"
"PALEYcat",26,"Double","paley_mat(61)",61,61,2,2,"INGREDIENT_MEASURED","2026-08-31"
"PALEYcat",29,"Double","paley_mat(73)",73,73,2,2,"INGREDIENT_MEASURED","2026-08-31"
"PALEYcat",32,"[","paley_mat(89)",89,89,2,2,"INGREDIENT_MEASURED","2026-08-31"
"PALEYcat",33,"[","paley_mat(97)",97,97,2,2,"INGREDIENT_MEASURED","2026-08-31"
"PALEYcat",34,"[","paley_mat(101)",101,101,2,2,"INGREDIENT_MEASURED","2026-08-31"
"PALEYcat",35,"rbind","paley_mat(103)",103,103,2,2,"INGREDIENT_MEASURED","2026-08-31"
"PALEYcat",36,"[","paley_mat(107)",107,107,2,2,"INGREDIENT_MEASURED","2026-08-31"
"PALEYcat",37,"[","paley_mat(109)",109,109,2,2,"INGREDIENT_MEASURED","2026-08-31"
"PALEYcat",38,"[","paley_mat(113)",113,113,2,2,"INGREDIENT_MEASURED","2026-08-31"
"PALEYcat",39,"[","paley_mat(127)",127,127,2,2,"INGREDIENT_MEASURED","2026-08-31"
"PALEYcat",40,"[","paley_mat(131)",131,131,2,2,"INGREDIENT_MEASURED","2026-08-31"
"PALEYcat",41,"[","paley_mat(137)",137,137,2,2,"INGREDIENT_MEASURED","2026-08-31"
"PALEYcat",42,"[","paley_mat(139)",139,139,2,2,"INGREDIENT_MEASURED","2026-08-31"
"PALEYcat",43,"[","paley_mat(149)",149,149,2,2,"INGREDIENT_MEASURED","2026-08-31"
"PALEYcat",44,"[","paley_mat(151)",151,151,2,2,"INGREDIENT_MEASURED","2026-08-31"
"PALEYcat",45,"[","paley_mat(157)",157,157,2,2,"INGREDIENT_MEASURED","2026-08-31"
"PALEYcat",46,"[","paley_mat(163)",163,163,2,2,"INGREDIENT_MEASURED","2026-08-31"
"PALEYcat",47,"[","paley_mat(167)",167,167,2,2,"INGREDIENT_MEASURED","2026-08-31"
"PALEYcat",48,"[","paley_mat(173)",173,173,2,2,"INGREDIENT_MEASURED","2026-08-31"
"PALEYcat",49,"[","paley_mat(179)",179,179,2,2,"INGREDIENT_MEASURED","2026-08-31"
"PALEYcat",50,"[","paley_mat(181)",181,181,2,2,"INGREDIENT_MEASURED","2026-08-31"
"PALEYcat",51,"[","paley_mat(191)",191,191,2,2,"INGREDIENT_MEASURED","2026-08-31"
"PALEYcat",52,"[","paley_mat(193)",193,193,2,2,"INGREDIENT_MEASURED","2026-08-31"
"PALEYcat",53,"[","paley_mat(197)",197,197,2,2,"INGREDIENT_MEASURED","2026-08-31"
"PALEYcat",54,"[","paley_mat(199)",199,199,2,2,"INGREDIENT_MEASURED","2026-08-31"
"PALEYcat",55,"[","paley_mat(211)",211,211,2,2,"INGREDIENT_MEASURED","2026-08-31"
"PALEYcat",56,"[","paley_mat(223)",223,223,2,2,"INGREDIENT_MEASURED","2026-08-31"
"PALEYcat",57,"[","paley_mat(227)",227,227,2,2,"INGREDIENT_MEASURED","2026-08-31"
"PALEYcat",58,"[","paley_mat(229)",229,229,2,2,"INGREDIENT_MEASURED","2026-08-31"
"PALEYcat",59,"[","paley_mat(233)",233,233,2,2,"INGREDIENT_MEASURED","2026-08-31"
"PALEYcat",60,"[","paley_mat(239)",239,239,2,2,"INGREDIENT_MEASURED","2026-08-31"
"PALEYcat",61,"[","paley_mat(241)",241,241,2,2,"INGREDIENT_MEASURED","2026-08-31"
"PALEYcat",62,"[","paley_mat(251)",251,251,2,2,"INGREDIENT_MEASURED","2026-08-31"
"PALEYcat",63,"[","paley_mat(257)",257,257,2,2,"INGREDIENT_MEASURED","2026-08-31"
"PALEYcat",64,"[","paley_mat(263)",263,263,2,2,"INGREDIENT_MEASURED","2026-08-31"
"PALEYcat",65,"[","paley_mat(269)",269,269,2,2,"INGREDIENT_MEASURED","2026-08-31"
"PALEYcat",66,"[","paley_mat(271)",271,271,2,2,"INGREDIENT_MEASURED","2026-08-31"
"PALEYcat",67,"[","paley_mat(277)",277,277,2,2,"INGREDIENT_MEASURED","2026-08-31"
"PALEYcat",68,"[","paley_mat(281)",281,281,2,2,"INGREDIENT_MEASURED","2026-08-31"
"PALEYcat",69,"[","paley_mat(283)",283,283,2,2,"INGREDIENT_MEASURED","2026-08-31"
"PALEYcat",70,"[","paley_mat(293)",293,293,2,2,"INGREDIENT_MEASURED","2026-08-31"
"PALEYcat",71,"[","paley_mat(307)",307,307,2,2,"INGREDIENT_MEASURED","2026-08-31"
"PALEYcat",72,"[","paley_mat(311)",311,311,2,2,"INGREDIENT_MEASURED","2026-08-31"
"PALEYcat",73,"[","paley_mat(313)",313,313,2,2,"INGREDIENT_MEASURED","2026-08-31"
"PALEYcat",74,"[","paley_mat(317)",317,317,2,2,"INGREDIENT_MEASURED","2026-08-31"
"PALEYcat",75,"[","paley_mat(331)",331,331,2,2,"INGREDIENT_MEASURED","2026-08-31"
"PALEYcat",76,"[","paley_mat(337)",337,337,2,2,"INGREDIENT_MEASURED","2026-08-31"
"PALEYcat",77,"[","paley_mat(347)",347,347,2,2,"INGREDIENT_MEASURED","2026-08-31"
"PALEYcat",78,"[","paley_mat(349)",349,349,2,2,"INGREDIENT_MEASURED","2026-08-31"
"PALEYcat",79,"[","paley_mat(353)",353,353,2,2,"INGREDIENT_MEASURED","2026-08-31"
"PALEYcat",80,"[","paley_mat(367)",367,367,2,2,"INGREDIENT_MEASURED","2026-08-31"
"PALEYcat",81,"[","paley_mat(373)",373,373,2,2,"INGREDIENT_MEASURED","2026-08-31"
"PALEYcat",82,"[","paley_mat(383)",383,383,2,2,"INGREDIENT_MEASURED","2026-08-31"
"PALEYcat",83,"[","paley_mat(389)",389,389,2,2,"INGREDIENT_MEASURED","2026-08-31"
"PALEYcat",84,"[","paley_mat(397)",397,397,2,2,"INGREDIENT_MEASURED","2026-08-31"
"PALEYcat",85,"[","paley_mat(401)",401,401,2,2,"INGREDIENT_MEASURED","2026-08-31"
"PALEYcat",86,"[","paley_mat(409)",409,409,2,2,"INGREDIENT_MEASURED","2026-08-31"
"PALEYcat",87,"[","paley_mat(419)",419,419,2,2,"INGREDIENT_MEASURED","2026-08-31"
"PALEYcat",88,"[","paley_mat(421)",421,421,2,2,"INGREDIENT_MEASURED","2026-08-31"
"PALEYcat",89,"[","paley_mat(439)",439,439,2,2,"INGREDIENT_MEASURED","2026-08-31"
"PALEYcat",90,"[","paley_mat(443)",443,443,2,2,"INGREDIENT_MEASURED","2026-08-31"
"PALEYcat",91,"[","paley_mat(449)",449,449,2,2,"INGREDIENT_MEASURED","2026-08-31"
"PALEYcat",92,"[","paley_mat(457)",457,457,2,2,"INGREDIENT_MEASURED","2026-08-31"
"PALEYcat",93,"[","paley_mat(461)",461,461,2,2,"INGREDIENT_MEASURED","2026-08-31"
"PALEYcat",94,"[","paley_mat(479)",479,479,2,2,"INGREDIENT_MEASURED","2026-08-31"
"PALEYcat",95,"Double","paley_mat(67)",67,67,2,2,"INGREDIENT_MEASURED","2026-08-31"
"PALEYcat",96,"Double","paley_mat(71)",71,71,2,2,"INGREDIENT_MEASURED","2026-08-31"
"PALEYcat",97,"Double","paley_mat(79)",79,79,2,2,"INGREDIENT_MEASURED","2026-08-31"
"PALEYcat",98,"Double","paley_mat(83)",83,83,2,2,"INGREDIENT_MEASURED","2026-08-31"
"PALEYcat",99,"Double","paley_mat(89)",89,89,2,2,"INGREDIENT_MEASURED","2026-08-31"
"PALEYcat",100,"Double","paley_mat(97)",97,97,2,2,"INGREDIENT_MEASURED","2026-08-31"
"PALEYcat",101,"Double","paley_mat(101)",101,101,2,2,"INGREDIENT_MEASURED","2026-08-31"
"PALEYcat",102,"Double","paley_mat(103)",103,103,2,2,"INGREDIENT_MEASURED","2026-08-31"
"PALEYcat",103,"Double","paley_mat(107)",107,107,2,2,"INGREDIENT_MEASURED","2026-08-31"
"PALEYcat",104,"Double","paley_mat(109)",109,109,2,2,"INGREDIENT_MEASURED","2026-08-31"
"PALEYcat",105,"Double","paley_mat(113)",113,113,2,2,"INGREDIENT_MEASURED","2026-08-31"
"PALEYcat",106,"Double","paley_mat(127)",127,127,2,2,"INGREDIENT_MEASURED","2026-08-31"
"PALEYcat",107,"Double","paley_mat(131)",131,131,2,2,"INGREDIENT_MEASURED","2026-08-31"
"PALEYcat",108,"Double","paley_mat(137)",137,137,2,2,"INGREDIENT_MEASURED","2026-08-31"
"PALEYcat",109,"Double","paley_mat(139)",139,139,2,2,"INGREDIENT_MEASURED","2026-08-31"
"PALEYcat",110,"Double","paley_mat(149)",149,149,2,2,"INGREDIENT_MEASURED","2026-08-31"
"PALEYcat",111,"Double","paley_mat(151)",151,151,2,2,"INGREDIENT_MEASURED","2026-08-31"
"PALEYcat",112,"Double","paley_mat(157)",157,157,2,2,"INGREDIENT_MEASURED","2026-08-31"
"PALEYcat",113,"Double","paley_mat(163)",163,163,2,2,"INGREDIENT_MEASURED","2026-08-31"
"PALEYcat",114,"Double","paley_mat(167)",167,167,2,2,"INGREDIENT_MEASURED","2026-08-31"
"PALEYcat",115,"Double","paley_mat(173)",173,173,2,2,"INGREDIENT_MEASURED","2026-08-31"
"PALEYcat",116,"Double","paley_mat(179)",179,179,2,2,"INGREDIENT_MEASURED","2026-08-31"
"PALEYcat",117,"Double","paley_mat(181)",181,181,2,2,"INGREDIENT_MEASURED","2026-08-31"
"PALEYcat",118,"Double","paley_mat(191)",191,191,2,2,"INGREDIENT_MEASURED","2026-08-31"
"PALEYcat",119,"Double","paley_mat(193)",193,193,2,2,"INGREDIENT_MEASURED","2026-08-31"
"PALEYcat",120,"Double","paley_mat(197)",197,197,2,2,"INGREDIENT_MEASURED","2026-08-31"
"PALEYcat",121,"Double","paley_mat(199)",199,199,2,2,"INGREDIENT_MEASURED","2026-08-31"
"PALEYcat",122,"Double","paley_mat(211)",211,211,2,2,"INGREDIENT_MEASURED","2026-08-31"
"PALEYcat",123,"Double","paley_mat(223)",223,223,2,2,"INGREDIENT_MEASURED","2026-08-31"
"PALEYcat",124,"Double","paley_mat(227)",227,227,2,2,"INGREDIENT_MEASURED","2026-08-31"
"PALEYcat",125,"Double","paley_mat(229)",229,229,2,2,"INGREDIENT_MEASURED","2026-08-31"
"PALEYcat",126,"Double","paley_mat(233)",233,233,2,2,"INGREDIENT_MEASURED","2026-08-31"
"PALEYcat",127,"Double","paley_mat(239)",239,239,2,2,"INGREDIENT_MEASURED","2026-08-31"
"PALEYcat",128,"Double","paley_mat(241)",241,241,2,2,"INGREDIENT_MEASURED","2026-08-31"
"PALEYcat",129,"Double","paley_mat(251)",251,251,2,2,"INGREDIENT_MEASURED","2026-08-31"
"PALEYcat",130,"Double","paley_mat(257)",257,257,2,2,"INGREDIENT_MEASURED","2026-08-31"
"PALEYcat",131,"Double","paley_mat(263)",263,263,2,2,"INGREDIENT_MEASURED","2026-08-31"
"PALEYcat",132,"Double","paley_mat(269)",269,269,2,2,"INGREDIENT_MEASURED","2026-08-31"
"PALEYcat",133,"Double","paley_mat(271)",271,271,2,2,"INGREDIENT_MEASURED","2026-08-31"
"PALEYcat",134,"Double","paley_mat(277)",277,277,2,2,"INGREDIENT_MEASURED","2026-08-31"
"PALEYcat",135,"Double","paley_mat(281)",281,281,2,2,"INGREDIENT_MEASURED","2026-08-31"
"PALEYcat",136,"Double","paley_mat(283)",283,283,2,2,"INGREDIENT_MEASURED","2026-08-31"
"PALEYcat",137,"Double","paley_mat(293)",293,293,2,2,"INGREDIENT_MEASURED","2026-08-31"
"PALEYcat",138,"Double","paley_mat(307)",307,307,2,2,"INGREDIENT_MEASURED","2026-08-31"
"PALEYcat",139,"Double","paley_mat(311)",311,311,2,2,"INGREDIENT_MEASURED","2026-08-31"
"PALEYcat",140,"Double","paley_mat(313)",313,313,2,2,"INGREDIENT_MEASURED","2026-08-31"
"PALEYcat",141,"Double","paley_mat(317)",317,317,2,2,"INGREDIENT_MEASURED","2026-08-31"
"PALEYcat",142,"Double","paley_mat(331)",331,331,2,2,"INGREDIENT_MEASURED","2026-08-31"
"PALEYcat",143,"Double","paley_mat(337)",337,337,2,2,"INGREDIENT_MEASURED","2026-08-31"
"PALEYcat",144,"Double","paley_mat(347)",347,347,2,2,"INGREDIENT_MEASURED","2026-08-31"
"PALEYcat",145,"Double","paley_mat(349)",349,349,2,2,"INGREDIENT_MEASURED","2026-08-31"
"PALEYcat",146,"Double","paley_mat(353)",353,353,2,2,"INGREDIENT_MEASURED","2026-08-31"
"PALEYcat",148,"Double","paley_mat(367)",367,367,2,2,"INGREDIENT_MEASURED","2026-08-31"
"PALEYcat",149,"Double","paley_mat(373)",373,373,2,2,"INGREDIENT_MEASURED","2026-08-31"
"PALEYcat",150,"rbind","paley_mat(379)",379,379,2,2,"INGREDIENT_MEASURED","2026-08-31"
"PALEYcat",151,"Double","paley_mat(383)",383,383,2,2,"INGREDIENT_MEASURED","2026-08-31"
"PALEYcat",152,"Double","paley_mat(389)",389,389,2,2,"INGREDIENT_MEASURED","2026-08-31"
"PALEYcat",153,"Double","paley_mat(397)",397,397,2,2,"INGREDIENT_MEASURED","2026-08-31"
"PALEYcat",154,"Double","paley_mat(401)",401,401,2,2,"INGREDIENT_MEASURED","2026-08-31"
"PALEYcat",155,"Double","paley_mat(409)",409,409,2,2,"INGREDIENT_MEASURED","2026-08-31"
"PALEYcat",156,"Double","paley_mat(419)",419,419,2,2,"INGREDIENT_MEASURED","2026-08-31"
"PALEYcat",157,"Double","paley_mat(421)",421,421,2,2,"INGREDIENT_MEASURED","2026-08-31"
"PALEYcat",158,"[","paley_mat(431)",431,431,2,2,"INGREDIENT_MEASURED","2026-08-31"
"PALEYcat",159,"rbind","paley_mat(433)",433,433,2,2,"INGREDIENT_MEASURED","2026-08-31"
"PALEYcat",160,"Double","paley_mat(439)",439,439,2,2,"INGREDIENT_MEASURED","2026-08-31"
"PALEYcat",161,"Double","paley_mat(443)",443,443,2,2,"INGREDIENT_MEASURED","2026-08-31"
"PALEYcat",162,"Double","paley_mat(449)",449,449,2,2,"INGREDIENT_MEASURED","2026-08-31"
"PALEYcat",163,"Double","paley_mat(457)",457,457,2,2,"INGREDIENT_MEASURED","2026-08-31"
"PALEYcat",164,"Double","paley_mat(461)",461,461,2,2,"INGREDIENT_MEASURED","2026-08-31"
"PALEYcat",165,"[","paley_mat(463)",463,463,2,2,"INGREDIENT_MEASURED","2026-08-31"
"PALEYcat",166,"[","paley_mat(467)",467,467,2,2,"INGREDIENT_MEASURED","2026-08-31"
"PALEYcat",167,"Double","paley_mat(479)",479,479,2,2,"INGREDIENT_MEASURED","2026-08-31"
"PALEYcat",168,"[","paley_mat(487)",487,487,2,2,"INGREDIENT_MEASURED","2026-08-31"
"PALEYcat",169,"[","paley_mat(491)",491,491,2,2,"INGREDIENT_MEASURED","2026-08-31"
"PALEYcat",170,"[","paley_mat(499)",499,499,2,2,"INGREDIENT_MEASURED","2026-08-31"
"PALEYcat",171,"Double","paley_mat(359)",359,359,2,2,"INGREDIENT_MEASURED","2026-08-31"
"PALEYcat",172,"Double","paley_mat(379)",379,379,2,2,"INGREDIENT_MEASURED","2026-08-31"
"PALEYcat",173,"Double","paley_mat(431)",431,431,2,2,"INGREDIENT_MEASURED","2026-08-31"
"PALEYcat",174,"Double","paley_mat(463)",463,463,2,2,"INGREDIENT_MEASURED","2026-08-31"
"PALEYcat",175,"Double","paley_mat(467)",467,467,2,2,"INGREDIENT_MEASURED","2026-08-31"
"PALEYcat",176,"Double","paley_mat(487)",487,487,2,2,"INGREDIENT_MEASURED","2026-08-31"
"PALEYcat",177,"Double","paley_mat(491)",491,491,2,2,"INGREDIENT_MEASURED","2026-08-31"
"PALEYcat",178,"Double","paley_mat(499)",499,499,2,2,"INGREDIENT_MEASURED","2026-08-31"
"CKcombis",16,"derive","CS_CK3(68, cycvec(2, 67))",136,68,2,2,"INGREDIENT_MEASURED","2026-08-31"
"CKcombis",16,"derive","cycvec(2, 67)",67,1,2,2,"INGREDIENT_MEASURED","2026-08-31"
"CKcombis",17,"derive","CS_CK3(72, cycvec(2, 71))",144,72,2,2,"INGREDIENT_MEASURED","2026-08-31"
"CKcombis",17,"derive","cycvec(2, 71)",71,1,2,2,"INGREDIENT_MEASURED","2026-08-31"
"CKcombis",18,"derive","CS_CK3(80, cycvec(2, 79))",160,80,2,2,"INGREDIENT_MEASURED","2026-08-31"
"CKcombis",18,"derive","cycvec(2, 79)",79,1,2,2,"INGREDIENT_MEASURED","2026-08-31"
"CKcombis",19,"derive","CS_CK3(84, cycvec(2, 83))",168,84,2,2,"INGREDIENT_MEASURED","2026-08-31"
"CKcombis",19,"derive","cycvec(2, 83)",83,1,2,2,"INGREDIENT_MEASURED","2026-08-31"
"CKcombis",20,"derive","CS_CK2(90, cycvec(2, 89))",178,90,2,2,"INGREDIENT_MEASURED","2026-08-31"
"CKcombis",20,"derive","cycvec(2, 89)",89,1,2,2,"INGREDIENT_MEASURED","2026-08-31"
"CKcombis",21,"derive","CS_CK2(98, cycvec(2, 97))",194,98,2,2,"INGREDIENT_MEASURED","2026-08-31"
"CKcombis",21,"derive","cycvec(2, 97)",97,1,2,2,"INGREDIENT_MEASURED","2026-08-31"
"CKcombis",22,"derive","CS_CK2(102, cycvec(2, 101))",202,102,2,2,"INGREDIENT_MEASURED","2026-08-31"
"CKcombis",22,"derive","cycvec(2, 101)",101,1,2,2,"INGREDIENT_MEASURED","2026-08-31"
"CKcombis",23,"derive","CS_CK1(103, cycvec(2, 103))",206,103,2,2,"INGREDIENT_MEASURED","2026-08-31"
"CKcombis",23,"derive","cycvec(2, 103)",103,1,2,2,"INGREDIENT_MEASURED","2026-08-31"
"CKcombis",24,"derive","CS_CK2(108, cycvec(2, 107))",214,108,2,2,"INGREDIENT_MEASURED","2026-08-31"
"CKcombis",24,"derive","cycvec(2, 107)",107,1,2,2,"INGREDIENT_MEASURED","2026-08-31"
"CKcombis",25,"derive","CS_CK2(110, cycvec(2, 109))",218,110,2,2,"INGREDIENT_MEASURED","2026-08-31"
"CKcombis",25,"derive","cycvec(2, 109)",109,1,2,2,"INGREDIENT_MEASURED","2026-08-31"
"CKcombis",26,"derive","CS_CK2(114, cycvec(2, 113))",226,114,2,2,"INGREDIENT_MEASURED","2026-08-31"
"CKcombis",26,"derive","cycvec(2, 113)",113,1,2,2,"INGREDIENT_MEASURED","2026-08-31"
"CKcombis",27,"derive","CS_CK2(128, cycvec(2, 127))",254,128,2,2,"INGREDIENT_MEASURED","2026-08-31"
"CKcombis",27,"derive","cycvec(2, 127)",127,1,2,2,"INGREDIENT_MEASURED","2026-08-31"
"CKcombis",28,"derive","CS_CK2(132, cycvec(2, 131))",262,132,2,2,"INGREDIENT_MEASURED","2026-08-31"
"CKcombis",28,"derive","cycvec(2, 131)",131,1,2,2,"INGREDIENT_MEASURED","2026-08-31"
"CKcombis",29,"derive","CS_CK2(138, cycvec(2, 137))",274,138,2,2,"INGREDIENT_MEASURED","2026-08-31"
"CKcombis",29,"derive","cycvec(2, 137)",137,1,2,2,"INGREDIENT_MEASURED","2026-08-31"
"CKcombis",30,"derive","CS_CK2(140, cycvec(2, 139))",278,140,2,2,"INGREDIENT_MEASURED","2026-08-31"
"CKcombis",30,"derive","cycvec(2, 139)",139,1,2,2,"INGREDIENT_MEASURED","2026-08-31"
"CKcombis",31,"derive","CS_CK2(150, cycvec(2, 149))",298,150,2,2,"INGREDIENT_MEASURED","2026-08-31"
"CKcombis",31,"derive","cycvec(2, 149)",149,1,2,2,"INGREDIENT_MEASURED","2026-08-31"
"CKcombis",32,"derive","CS_CK2(152, cycvec(2, 151))",302,152,2,2,"INGREDIENT_MEASURED","2026-08-31"
"CKcombis",32,"derive","cycvec(2, 151)",151,1,2,2,"INGREDIENT_MEASURED","2026-08-31"
"CKcombis",33,"derive","CS_CK2(158, cycvec(2, 157))",314,158,2,2,"INGREDIENT_MEASURED","2026-08-31"
"CKcombis",33,"derive","cycvec(2, 157)",157,1,2,2,"INGREDIENT_MEASURED","2026-08-31"
"CKcombis",34,"derive","CS_CK2(164, cycvec(2, 163))",326,164,2,2,"INGREDIENT_MEASURED","2026-08-31"
"CKcombis",34,"derive","cycvec(2, 163)",163,1,2,2,"INGREDIENT_MEASURED","2026-08-31"
"CKcombis",35,"derive","CS_CK2(168, cycvec(2, 167))",334,168,2,2,"INGREDIENT_MEASURED","2026-08-31"
"CKcombis",35,"derive","cycvec(2, 167)",167,1,2,2,"INGREDIENT_MEASURED","2026-08-31"
"CKcombis",36,"derive","CS_CK2(174, cycvec(2, 173))",346,174,2,2,"INGREDIENT_MEASURED","2026-08-31"
"CKcombis",36,"derive","cycvec(2, 173)",173,1,2,2,"INGREDIENT_MEASURED","2026-08-31"
"CKcombis",37,"derive","CS_CK2(180, cycvec(2, 179))",358,180,2,2,"INGREDIENT_MEASURED","2026-08-31"
"CKcombis",37,"derive","cycvec(2, 179)",179,1,2,2,"INGREDIENT_MEASURED","2026-08-31"
"CKcombis",38,"derive","CS_CK2(182, cycvec(2, 181))",362,182,2,2,"INGREDIENT_MEASURED","2026-08-31"
"CKcombis",38,"derive","cycvec(2, 181)",181,1,2,2,"INGREDIENT_MEASURED","2026-08-31"
"CKcombis",39,"derive","CS_CK2(192, cycvec(2, 191))",382,192,2,2,"INGREDIENT_MEASURED","2026-08-31"
"CKcombis",39,"derive","cycvec(2, 191)",191,1,2,2,"INGREDIENT_MEASURED","2026-08-31"
"CKcombis",40,"derive","CS_CK2(194, cycvec(2, 193))",386,194,2,2,"INGREDIENT_MEASURED","2026-08-31"
"CKcombis",40,"derive","cycvec(2, 193)",193,1,2,2,"INGREDIENT_MEASURED","2026-08-31"
"CKcombis",41,"derive","CS_CK2(198, cycvec(2, 197))",394,198,2,2,"INGREDIENT_MEASURED","2026-08-31"
"CKcombis",41,"derive","cycvec(2, 197)",197,1,2,2,"INGREDIENT_MEASURED","2026-08-31"
"CKcombis",42,"derive","CS_CK2(200, cycvec(2, 199))",398,200,2,2,"INGREDIENT_MEASURED","2026-08-31"
"CKcombis",42,"derive","cycvec(2, 199)",199,1,2,2,"INGREDIENT_MEASURED","2026-08-31"
"CKcombis",43,"derive","CS_CK2(212, cycvec(2, 211))",422,212,2,2,"INGREDIENT_MEASURED","2026-08-31"
"CKcombis",43,"derive","cycvec(2, 211)",211,1,2,2,"INGREDIENT_MEASURED","2026-08-31"
"CKcombis",44,"derive","CS_CK2(224, cycvec(2, 223))",446,224,2,2,"INGREDIENT_MEASURED","2026-08-31"
"CKcombis",44,"derive","cycvec(2, 223)",223,1,2,2,"INGREDIENT_MEASURED","2026-08-31"
"CKcombis",45,"derive","CS_CK2(228, cycvec(2, 227))",454,228,2,2,"INGREDIENT_MEASURED","2026-08-31"
"CKcombis",45,"derive","cycvec(2, 227)",227,1,2,2,"INGREDIENT_MEASURED","2026-08-31"
"CKcombis",46,"derive","CS_CK2(230, cycvec(2, 229))",458,230,2,2,"INGREDIENT_MEASURED","2026-08-31"
"CKcombis",46,"derive","cycvec(2, 229)",229,1,2,2,"INGREDIENT_MEASURED","2026-08-31"
"CKcombis",47,"derive","CS_CK2(234, cycvec(2, 233))",466,234,2,2,"INGREDIENT_MEASURED","2026-08-31"
"CKcombis",47,"derive","cycvec(2, 233)",233,1,2,2,"INGREDIENT_MEASURED","2026-08-31"
"CKcombis",48,"derive","CS_CK2(240, cycvec(2, 239))",478,240,2,2,"INGREDIENT_MEASURED","2026-08-31"
"CKcombis",48,"derive","cycvec(2, 239)",239,1,2,2,"INGREDIENT_MEASURED","2026-08-31"
"CKcombis",49,"derive","CS_CK2(242, cycvec(2, 241))",482,242,2,2,"INGREDIENT_MEASURED","2026-08-31"
"CKcombis",49,"derive","cycvec(2, 241)",241,1,2,2,"INGREDIENT_MEASURED","2026-08-31"
"CKcombis",50,"derive","CS_CK2(252, cycvec(2, 251))",502,252,2,2,"INGREDIENT_MEASURED","2026-08-31"
"CKcombis",50,"derive","cycvec(2, 251)",251,1,2,2,"INGREDIENT_MEASURED","2026-08-31"
"CKcombis",51,"derive","CS_CK2(258, cycvec(2, 257))",514,258,2,2,"INGREDIENT_MEASURED","2026-08-31"
"CKcombis",51,"derive","cycvec(2, 257)",257,1,2,2,"INGREDIENT_MEASURED","2026-08-31"
"CKcombis",52,"derive","CS_CK2(264, cycvec(2, 263))",526,264,2,2,"INGREDIENT_MEASURED","2026-08-31"
"CKcombis",52,"derive","cycvec(2, 263)",263,1,2,2,"INGREDIENT_MEASURED","2026-08-31"
"CKcombis",53,"derive","CS_CK2(270, cycvec(2, 269))",538,270,2,2,"INGREDIENT_MEASURED","2026-08-31"
"CKcombis",53,"derive","cycvec(2, 269)",269,1,2,2,"INGREDIENT_MEASURED","2026-08-31"
"CKcombis",54,"derive","CS_CK2(272, cycvec(2, 271))",542,272,2,2,"INGREDIENT_MEASURED","2026-08-31"
"CKcombis",54,"derive","cycvec(2, 271)",271,1,2,2,"INGREDIENT_MEASURED","2026-08-31"
"CKcombis",55,"derive","CS_CK2(278, cycvec(2, 277))",554,278,2,2,"INGREDIENT_MEASURED","2026-08-31"
"CKcombis",55,"derive","cycvec(2, 277)",277,1,2,2,"INGREDIENT_MEASURED","2026-08-31"
"CKcombis",56,"derive","CS_CK2(282, cycvec(2, 281))",562,282,2,2,"INGREDIENT_MEASURED","2026-08-31"
"CKcombis",56,"derive","cycvec(2, 281)",281,1,2,2,"INGREDIENT_MEASURED","2026-08-31"
"CKcombis",57,"derive","CS_CK2(284, cycvec(2, 283))",566,284,2,2,"INGREDIENT_MEASURED","2026-08-31"
"CKcombis",57,"derive","cycvec(2, 283)",283,1,2,2,"INGREDIENT_MEASURED","2026-08-31"
"CKcombis",58,"derive","CS_CK2(294, cycvec(2, 293))",586,294,2,2,"INGREDIENT_MEASURED","2026-08-31"
"CKcombis",58,"derive","cycvec(2, 293)",293,1,2,2,"INGREDIENT_MEASURED","2026-08-31"
"CKcombis",59,"derive","CS_CK2(308, cycvec(2, 307))",614,308,2,2,"INGREDIENT_MEASURED","2026-08-31"
"CKcombis",59,"derive","cycvec(2, 307)",307,1,2,2,"INGREDIENT_MEASURED","2026-08-31"
"CKcombis",60,"derive","CS_CK2(312, cycvec(2, 311))",622,312,2,2,"INGREDIENT_MEASURED","2026-08-31"
"CKcombis",60,"derive","cycvec(2, 311)",311,1,2,2,"INGREDIENT_MEASURED","2026-08-31"
"CKcombis",61,"derive","CS_CK2(314, cycvec(2, 313))",626,314,2,2,"INGREDIENT_MEASURED","2026-08-31"
"CKcombis",61,"derive","cycvec(2, 313)",313,1,2,2,"INGREDIENT_MEASURED","2026-08-31"
"CKcombis",62,"derive","CS_CK2(318, cycvec(2, 317))",634,318,2,2,"INGREDIENT_MEASURED","2026-08-31"
"CKcombis",62,"derive","cycvec(2, 317)",317,1,2,2,"INGREDIENT_MEASURED","2026-08-31"
"CKcombis",63,"derive","CS_CK2(332, cycvec(2, 331))",662,332,2,2,"INGREDIENT_MEASURED","2026-08-31"
"CKcombis",63,"derive","cycvec(2, 331)",331,1,2,2,"INGREDIENT_MEASURED","2026-08-31"
"CKcombis",64,"derive","CS_CK2(338, cycvec(2, 337))",674,338,2,2,"INGREDIENT_MEASURED","2026-08-31"
"CKcombis",64,"derive","cycvec(2, 337)",337,1,2,2,"INGREDIENT_MEASURED","2026-08-31"
"CKcombis",65,"derive","CS_CK2(348, cycvec(2, 347))",694,348,2,2,"INGREDIENT_MEASURED","2026-08-31"
"CKcombis",65,"derive","cycvec(2, 347)",347,1,2,2,"INGREDIENT_MEASURED","2026-08-31"
"CKcombis",66,"derive","CS_CK2(350, cycvec(2, 349))",698,350,2,2,"INGREDIENT_MEASURED","2026-08-31"
"CKcombis",66,"derive","cycvec(2, 349)",349,1,2,2,"INGREDIENT_MEASURED","2026-08-31"
"CKcombis",67,"derive","CS_CK2(354, cycvec(2, 353))",706,354,2,2,"INGREDIENT_MEASURED","2026-08-31"
"CKcombis",67,"derive","cycvec(2, 353)",353,1,2,2,"INGREDIENT_MEASURED","2026-08-31"
"CKcombis",68,"derive","CS_CK2(360, cycvec(2, 359))",718,360,2,2,"INGREDIENT_MEASURED","2026-08-31"
"CKcombis",68,"derive","cycvec(2, 359)",359,1,2,2,"INGREDIENT_MEASURED","2026-08-31"
"CKcombis",69,"derive","CS_CK2(368, cycvec(2, 367))",734,368,2,2,"INGREDIENT_MEASURED","2026-08-31"
"CKcombis",69,"derive","cycvec(2, 367)",367,1,2,2,"INGREDIENT_MEASURED","2026-08-31"
"CKcombis",70,"derive","CS_CK2(374, cycvec(2, 373))",746,374,2,2,"INGREDIENT_MEASURED","2026-08-31"
"CKcombis",70,"derive","cycvec(2, 373)",373,1,2,2,"INGREDIENT_MEASURED","2026-08-31"
"CKcombis",71,"derive","CS_CK2(380, cycvec(2, 379))",758,380,2,2,"INGREDIENT_MEASURED","2026-08-31"
"CKcombis",71,"derive","cycvec(2, 379)",379,1,2,2,"INGREDIENT_MEASURED","2026-08-31"
"CKcombis",72,"derive","CS_CK2(384, cycvec(2, 383))",766,384,2,2,"INGREDIENT_MEASURED","2026-08-31"
"CKcombis",72,"derive","cycvec(2, 383)",383,1,2,2,"INGREDIENT_MEASURED","2026-08-31"
"CKcombis",73,"derive","CS_CK2(390, cycvec(2, 389))",778,390,2,2,"INGREDIENT_MEASURED","2026-08-31"
"CKcombis",73,"derive","cycvec(2, 389)",389,1,2,2,"INGREDIENT_MEASURED","2026-08-31"
"CKcombis",74,"derive","CS_CK2(398, cycvec(2, 397))",794,398,2,2,"INGREDIENT_MEASURED","2026-08-31"
"CKcombis",74,"derive","cycvec(2, 397)",397,1,2,2,"INGREDIENT_MEASURED","2026-08-31"
"CKcombis",75,"derive","CS_CK2(402, cycvec(2, 401))",802,402,2,2,"INGREDIENT_MEASURED","2026-08-31"
"CKcombis",75,"derive","cycvec(2, 401)",401,1,2,2,"INGREDIENT_MEASURED","2026-08-31"
"CKcombis",76,"derive","CS_CK2(410, cycvec(2, 409))",818,410,2,2,"INGREDIENT_MEASURED","2026-08-31"
"CKcombis",76,"derive","cycvec(2, 409)",409,1,2,2,"INGREDIENT_MEASURED","2026-08-31"
"CKcombis",77,"derive","CS_CK2(420, cycvec(2, 419))",838,420,2,2,"INGREDIENT_MEASURED","2026-08-31"
"CKcombis",77,"derive","cycvec(2, 419)",419,1,2,2,"INGREDIENT_MEASURED","2026-08-31"
"CKcombis",78,"derive","CS_CK2(422, cycvec(2, 421))",842,422,2,2,"INGREDIENT_MEASURED","2026-08-31"
"CKcombis",78,"derive","cycvec(2, 421)",421,1,2,2,"INGREDIENT_MEASURED","2026-08-31"
"CKcombis",79,"derive","CS_CK2(432, cycvec(2, 431))",862,432,2,2,"INGREDIENT_MEASURED","2026-08-31"
"CKcombis",79,"derive","cycvec(2, 431)",431,1,2,2,"INGREDIENT_MEASURED","2026-08-31"
"CKcombis",80,"derive","CS_CK2(434, cycvec(2, 433))",866,434,2,2,"INGREDIENT_MEASURED","2026-08-31"
"CKcombis",80,"derive","cycvec(2, 433)",433,1,2,2,"INGREDIENT_MEASURED","2026-08-31"
"CKcombis",81,"derive","CS_CK2(440, cycvec(2, 439))",878,440,2,2,"INGREDIENT_MEASURED","2026-08-31"
"CKcombis",81,"derive","cycvec(2, 439)",439,1,2,2,"INGREDIENT_MEASURED","2026-08-31"
"CKcombis",82,"derive","CS_CK2(444, cycvec(2, 443))",886,444,2,2,"INGREDIENT_MEASURED","2026-08-31"
"CKcombis",82,"derive","cycvec(2, 443)",443,1,2,2,"INGREDIENT_MEASURED","2026-08-31"
"CKcombis",83,"derive","CS_CK2(450, cycvec(2, 449))",898,450,2,2,"INGREDIENT_MEASURED","2026-08-31"
"CKcombis",83,"derive","cycvec(2, 449)",449,1,2,2,"INGREDIENT_MEASURED","2026-08-31"
"CKcombis",84,"derive","CS_CK2(458, cycvec(2, 457))",914,458,2,2,"INGREDIENT_MEASURED","2026-08-31"
"CKcombis",84,"derive","cycvec(2, 457)",457,1,2,2,"INGREDIENT_MEASURED","2026-08-31"
"CKcombis",85,"derive","CS_CK2(462, cycvec(2, 461))",922,462,2,2,"INGREDIENT_MEASURED","2026-08-31"
"CKcombis",85,"derive","cycvec(2, 461)",461,1,2,2,"INGREDIENT_MEASURED","2026-08-31"
"CKcombis",86,"derive","CS_CK2(464, cycvec(2, 463))",926,464,2,2,"INGREDIENT_MEASURED","2026-08-31"
"CKcombis",86,"derive","cycvec(2, 463)",463,1,2,2,"INGREDIENT_MEASURED","2026-08-31"
"CKcombis",87,"derive","CS_CK2(468, cycvec(2, 467))",934,468,2,2,"INGREDIENT_MEASURED","2026-08-31"
"CKcombis",87,"derive","cycvec(2, 467)",467,1,2,2,"INGREDIENT_MEASURED","2026-08-31"
"CKcombis",88,"derive","CS_CK2(480, cycvec(2, 479))",958,480,2,2,"INGREDIENT_MEASURED","2026-08-31"
"CKcombis",88,"derive","cycvec(2, 479)",479,1,2,2,"INGREDIENT_MEASURED","2026-08-31"
"CKcombis",89,"derive","CS_CK2(488, cycvec(2, 487))",974,488,2,2,"INGREDIENT_MEASURED","2026-08-31"
"CKcombis",89,"derive","cycvec(2, 487)",487,1,2,2,"INGREDIENT_MEASURED","2026-08-31"
"CKcombis",90,"derive","CS_CK2(492, cycvec(2, 491))",982,492,2,2,"INGREDIENT_MEASURED","2026-08-31"
"CKcombis",90,"derive","cycvec(2, 491)",491,1,2,2,"INGREDIENT_MEASURED","2026-08-31"
"CKcombis",91,"derive","CS_CK2(500, cycvec(2, 499))",998,500,2,2,"INGREDIENT_MEASURED","2026-08-31"
"CKcombis",91,"derive","cycvec(2, 499)",499,1,2,2,"INGREDIENT_MEASURED","2026-08-31"
"CKcombis",92,"derive","CS_CK2(504, cycvec(2, 503))",1006,504,2,2,"INGREDIENT_MEASURED","2026-08-31"
"CKcombis",92,"derive","cycvec(2, 503)",503,1,2,2,"INGREDIENT_MEASURED","2026-08-31"
"CKcombis",93,"derive","CS_CK2(510, cycvec(2, 509))",1018,510,2,2,"INGREDIENT_MEASURED","2026-08-31"
"CKcombis",93,"derive","cycvec(2, 509)",509,1,2,2,"INGREDIENT_MEASURED","2026-08-31"
"CKcombis",94,"derive","CS_CK2(522, cycvec(2, 521))",1042,522,2,2,"INGREDIENT_MEASURED","2026-08-31"
"CKcombis",94,"derive","cycvec(2, 521)",521,1,2,2,"INGREDIENT_MEASURED","2026-08-31"
"CKcombis",95,"derive","CS_CK2(524, cycvec(2, 523))",1046,524,2,2,"INGREDIENT_MEASURED","2026-08-31"
"CKcombis",95,"derive","cycvec(2, 523)",523,1,2,2,"INGREDIENT_MEASURED","2026-08-31"
"CKcombis",96,"derive","CS_CK2(542, cycvec(2, 541))",1082,542,2,2,"INGREDIENT_MEASURED","2026-08-31"
"CKcombis",96,"derive","cycvec(2, 541)",541,1,2,2,"INGREDIENT_MEASURED","2026-08-31"
"CKcombis",97,"derive","CS_CK2(548, cycvec(2, 547))",1094,548,2,2,"INGREDIENT_MEASURED","2026-08-31"
"CKcombis",97,"derive","cycvec(2, 547)",547,1,2,2,"INGREDIENT_MEASURED","2026-08-31"
"CKcombis",98,"derive","CS_CK2(558, cycvec(2, 557))",1114,558,2,2,"INGREDIENT_MEASURED","2026-08-31"
"CKcombis",98,"derive","cycvec(2, 557)",557,1,2,2,"INGREDIENT_MEASURED","2026-08-31"
"CKcombis",99,"derive","CS_CK2(564, cycvec(2, 563))",1126,564,2,2,"INGREDIENT_MEASURED","2026-08-31"
"CKcombis",99,"derive","cycvec(2, 563)",563,1,2,2,"INGREDIENT_MEASURED","2026-08-31"
"CKcombis",100,"derive","CS_CK2(570, cycvec(2, 569))",1138,570,2,2,"INGREDIENT_MEASURED","2026-08-31"
"CKcombis",100,"derive","cycvec(2, 569)",569,1,2,2,"INGREDIENT_MEASURED","2026-08-31"
"CKcombis",101,"derive","CS_CK2(572, cycvec(2, 571))",1142,572,2,2,"INGREDIENT_MEASURED","2026-08-31"
"CKcombis",101,"derive","cycvec(2, 571)",571,1,2,2,"INGREDIENT_MEASURED","2026-08-31"
"CKcombis",102,"derive","CS_CK2(578, cycvec(2, 577))",1154,578,2,2,"INGREDIENT_MEASURED","2026-08-31"
"CKcombis",102,"derive","cycvec(2, 577)",577,1,2,2,"INGREDIENT_MEASURED","2026-08-31"
"CKcombis",103,"derive","CS_CK2(588, cycvec(2, 587))",1174,588,2,2,"INGREDIENT_MEASURED","2026-08-31"
"CKcombis",103,"derive","cycvec(2, 587)",587,1,2,2,"INGREDIENT_MEASURED","2026-08-31"
"CKcombis",104,"derive","CS_CK2(594, cycvec(2, 593))",1186,594,2,2,"INGREDIENT_MEASURED","2026-08-31"
"CKcombis",104,"derive","cycvec(2, 593)",593,1,2,2,"INGREDIENT_MEASURED","2026-08-31"
"CKcombis",105,"derive","CS_CK2(600, cycvec(2, 599))",1198,600,2,2,"INGREDIENT_MEASURED","2026-08-31"
"CKcombis",105,"derive","cycvec(2, 599)",599,1,2,2,"INGREDIENT_MEASURED","2026-08-31"
"CKcombis",106,"derive","CS_CK2(602, cycvec(2, 601))",1202,602,2,2,"INGREDIENT_MEASURED","2026-08-31"
"CKcombis",106,"derive","cycvec(2, 601)",601,1,2,2,"INGREDIENT_MEASURED","2026-08-31"
"CKcombis",107,"derive","CS_CK2(608, cycvec(2, 607))",1214,608,2,2,"INGREDIENT_MEASURED","2026-08-31"
"CKcombis",107,"derive","cycvec(2, 607)",607,1,2,2,"INGREDIENT_MEASURED","2026-08-31"
"CKcombis",108,"derive","CS_CK2(614, cycvec(2, 613))",1226,614,2,2,"INGREDIENT_MEASURED","2026-08-31"
"CKcombis",108,"derive","cycvec(2, 613)",613,1,2,2,"INGREDIENT_MEASURED","2026-08-31"
"CKcombis",109,"derive","CS_CK2(618, cycvec(2, 617))",1234,618,2,2,"INGREDIENT_MEASURED","2026-08-31"
"CKcombis",109,"derive","cycvec(2, 617)",617,1,2,2,"INGREDIENT_MEASURED","2026-08-31"
"CKcombis",110,"derive","CS_CK2(620, cycvec(2, 619))",1238,620,2,2,"INGREDIENT_MEASURED","2026-08-31"
"CKcombis",110,"derive","cycvec(2, 619)",619,1,2,2,"INGREDIENT_MEASURED","2026-08-31"
"CKcombis",111,"derive","CS_CK2(632, cycvec(2, 631))",1262,632,2,2,"INGREDIENT_MEASURED","2026-08-31"
"CKcombis",111,"derive","cycvec(2, 631)",631,1,2,2,"INGREDIENT_MEASURED","2026-08-31"
"CKcombis",112,"derive","CS_CK2(642, cycvec(2, 641))",1282,642,2,2,"INGREDIENT_MEASURED","2026-08-31"
"CKcombis",112,"derive","cycvec(2, 641)",641,1,2,2,"INGREDIENT_MEASURED","2026-08-31"
"CKcombis",113,"derive","CS_CK2(644, cycvec(2, 643))",1286,644,2,2,"INGREDIENT_MEASURED","2026-08-31"
"CKcombis",113,"derive","cycvec(2, 643)",643,1,2,2,"INGREDIENT_MEASURED","2026-08-31"
"CKcombis",114,"derive","CS_CK2(648, cycvec(2, 647))",1294,648,2,2,"INGREDIENT_MEASURED","2026-08-31"
"CKcombis",114,"derive","cycvec(2, 647)",647,1,2,2,"INGREDIENT_MEASURED","2026-08-31"
"CKcombis",115,"derive","CS_CK2(654, cycvec(2, 653))",1306,654,2,2,"INGREDIENT_MEASURED","2026-08-31"
"CKcombis",115,"derive","cycvec(2, 653)",653,1,2,2,"INGREDIENT_MEASURED","2026-08-31"
"CKcombis",116,"derive","CS_CK2(660, cycvec(2, 659))",1318,660,2,2,"INGREDIENT_MEASURED","2026-08-31"
"CKcombis",116,"derive","cycvec(2, 659)",659,1,2,2,"INGREDIENT_MEASURED","2026-08-31"
"CKcombis",117,"derive","CS_CK2(662, cycvec(2, 661))",1322,662,2,2,"INGREDIENT_MEASURED","2026-08-31"
"CKcombis",117,"derive","cycvec(2, 661)",661,1,2,2,"INGREDIENT_MEASURED","2026-08-31"
"CKcombis",118,"derive","CS_CK2(674, cycvec(2, 673))",1346,674,2,2,"INGREDIENT_MEASURED","2026-08-31"
"CKcombis",118,"derive","cycvec(2, 673)",673,1,2,2,"INGREDIENT_MEASURED","2026-08-31"
"CKcombis",119,"derive","CS_CK2(678, cycvec(2, 677))",1354,678,2,2,"INGREDIENT_MEASURED","2026-08-31"
"CKcombis",119,"derive","cycvec(2, 677)",677,1,2,2,"INGREDIENT_MEASURED","2026-08-31"
"CKcombis",120,"derive","CS_CK2(684, cycvec(2, 683))",1366,684,2,2,"INGREDIENT_MEASURED","2026-08-31"
"CKcombis",120,"derive","cycvec(2, 683)",683,1,2,2,"INGREDIENT_MEASURED","2026-08-31"
"CKcombis",121,"derive","CS_CK2(692, cycvec(2, 691))",1382,692,2,2,"INGREDIENT_MEASURED","2026-08-31"
"CKcombis",121,"derive","cycvec(2, 691)",691,1,2,2,"INGREDIENT_MEASURED","2026-08-31"
"CKcombis",122,"derive","CS_CK2(702, cycvec(2, 701))",1402,702,2,2,"INGREDIENT_MEASURED","2026-08-31"
"CKcombis",122,"derive","cycvec(2, 701)",701,1,2,2,"INGREDIENT_MEASURED","2026-08-31"
"CKcombis",123,"derive","CS_CK2(710, cycvec(2, 709))",1418,710,2,2,"INGREDIENT_MEASURED","2026-08-31"
"CKcombis",123,"derive","cycvec(2, 709)",709,1,2,2,"INGREDIENT_MEASURED","2026-08-31"
"CKcombis",124,"derive","CS_CK2(720, cycvec(2, 719))",1438,720,2,2,"INGREDIENT_MEASURED","2026-08-31"
"CKcombis",124,"derive","cycvec(2, 719)",719,1,2,2,"INGREDIENT_MEASURED","2026-08-31"
"CKcombis",125,"derive","CS_CK2(728, cycvec(2, 727))",1454,728,2,2,"INGREDIENT_MEASURED","2026-08-31"
"CKcombis",125,"derive","cycvec(2, 727)",727,1,2,2,"INGREDIENT_MEASURED","2026-08-31"
"CKcombis",126,"derive","CS_CK2(734, cycvec(2, 733))",1466,734,2,2,"INGREDIENT_MEASURED","2026-08-31"
"CKcombis",126,"derive","cycvec(2, 733)",733,1,2,2,"INGREDIENT_MEASURED","2026-08-31"
"CKcombis",127,"derive","CS_CK2(740, cycvec(2, 739))",1478,740,2,2,"INGREDIENT_MEASURED","2026-08-31"
"CKcombis",127,"derive","cycvec(2, 739)",739,1,2,2,"INGREDIENT_MEASURED","2026-08-31"
"CKcombis",128,"derive","CS_CK2(744, cycvec(2, 743))",1486,744,2,2,"INGREDIENT_MEASURED","2026-08-31"
"CKcombis",128,"derive","cycvec(2, 743)",743,1,2,2,"INGREDIENT_MEASURED","2026-08-31"
"CKcombis",129,"derive","CS_CK2(752, cycvec(2, 751))",1502,752,2,2,"INGREDIENT_MEASURED","2026-08-31"
"CKcombis",129,"derive","cycvec(2, 751)",751,1,2,2,"INGREDIENT_MEASURED","2026-08-31"
"CKcombis",130,"derive","CS_CK2(758, cycvec(2, 757))",1514,758,2,2,"INGREDIENT_MEASURED","2026-08-31"
"CKcombis",130,"derive","cycvec(2, 757)",757,1,2,2,"INGREDIENT_MEASURED","2026-08-31"
"CKcombis",131,"derive","CS_CK2(762, cycvec(2, 761))",1522,762,2,2,"INGREDIENT_MEASURED","2026-08-31"
"CKcombis",131,"derive","cycvec(2, 761)",761,1,2,2,"INGREDIENT_MEASURED","2026-08-31"
"CKcombis",132,"derive","CS_CK2(770, cycvec(2, 769))",1538,770,2,2,"INGREDIENT_MEASURED","2026-08-31"
"CKcombis",132,"derive","cycvec(2, 769)",769,1,2,2,"INGREDIENT_MEASURED","2026-08-31"
"CKcombis",133,"derive","CS_CK2(774, cycvec(2, 773))",1546,774,2,2,"INGREDIENT_MEASURED","2026-08-31"
"CKcombis",133,"derive","cycvec(2, 773)",773,1,2,2,"INGREDIENT_MEASURED","2026-08-31"
"CKcombis",134,"CS_CK3","cycvec(2, 67)",67,1,2,2,"INGREDIENT_MEASURED","2026-08-31"
"CKcombis",135,"CS_CK3","cycvec(2, 71)",71,1,2,2,"INGREDIENT_MEASURED","2026-08-31"
"CKcombis",136,"CS_CK3","cycvec(2, 79)",79,1,2,2,"INGREDIENT_MEASURED","2026-08-31"
"CKcombis",137,"CS_CK3","cycvec(2, 83)",83,1,2,2,"INGREDIENT_MEASURED","2026-08-31"
"CKcombis",138,"CS_CK2","cycvec(2, 89)",89,1,2,2,"INGREDIENT_MEASURED","2026-08-31"
"CKcombis",139,"CS_CK2","cycvec(2, 97)",97,1,2,2,"INGREDIENT_MEASURED","2026-08-31"
"CKcombis",140,"CS_CK2","cycvec(2, 101)",101,1,2,2,"INGREDIENT_MEASURED","2026-08-31"
"CKcombis",141,"CS_CK1","cycvec(2, 103)",103,1,2,2,"INGREDIENT_MEASURED","2026-08-31"
"CKcombis",142,"CS_CK2","cycvec(2, 107)",107,1,2,2,"INGREDIENT_MEASURED","2026-08-31"
"CKcombis",143,"CS_CK2","cycvec(2, 109)",109,1,2,2,"INGREDIENT_MEASURED","2026-08-31"
"CKcombis",144,"CS_CK2","cycvec(2, 113)",113,1,2,2,"INGREDIENT_MEASURED","2026-08-31"
"CKcombis",145,"CS_CK2","cycvec(2, 127)",127,1,2,2,"INGREDIENT_MEASURED","2026-08-31"
"CKcombis",146,"CS_CK2","cycvec(2, 131)",131,1,2,2,"INGREDIENT_MEASURED","2026-08-31"
"CKcombis",147,"CS_CK2","cycvec(2, 137)",137,1,2,2,"INGREDIENT_MEASURED","2026-08-31"
"CKcombis",148,"CS_CK2","cycvec(2, 139)",139,1,2,2,"INGREDIENT_MEASURED","2026-08-31"
"CKcombis",149,"CS_CK2","cycvec(2, 149)",149,1,2,2,"INGREDIENT_MEASURED","2026-08-31"
"CKcombis",150,"CS_CK2","cycvec(2, 151)",151,1,2,2,"INGREDIENT_MEASURED","2026-08-31"
"CKcombis",151,"CS_CK2","cycvec(2, 157)",157,1,2,2,"INGREDIENT_MEASURED","2026-08-31"
"CKcombis",152,"CS_CK2","cycvec(2, 163)",163,1,2,2,"INGREDIENT_MEASURED","2026-08-31"
"CKcombis",153,"CS_CK2","cycvec(2, 167)",167,1,2,2,"INGREDIENT_MEASURED","2026-08-31"
"CKcombis",154,"CS_CK2","cycvec(2, 173)",173,1,2,2,"INGREDIENT_MEASURED","2026-08-31"
"CKcombis",155,"CS_CK2","cycvec(2, 179)",179,1,2,2,"INGREDIENT_MEASURED","2026-08-31"
"CKcombis",156,"CS_CK2","cycvec(2, 521)",521,1,2,2,"INGREDIENT_MEASURED","2026-08-31"
"CKcombis",157,"CS_CK2","cycvec(2, 523)",523,1,2,2,"INGREDIENT_MEASURED","2026-08-31"
"CKcombis",158,"CS_CK2","cycvec(2, 541)",541,1,2,2,"INGREDIENT_MEASURED","2026-08-31"
"CKcombis",159,"CS_CK2","cycvec(2, 547)",547,1,2,2,"INGREDIENT_MEASURED","2026-08-31"
"CKcombis",160,"CS_CK2","cycvec(2, 557)",557,1,2,2,"INGREDIENT_MEASURED","2026-08-31"
"CKcombis",161,"CS_CK2","cycvec(2, 563)",563,1,2,2,"INGREDIENT_MEASURED","2026-08-31"
"CKcombis",162,"CS_CK2","cycvec(2, 569)",569,1,2,2,"INGREDIENT_MEASURED","2026-08-31"
"CKcombis",163,"CS_CK2","cycvec(2, 571)",571,1,2,2,"INGREDIENT_MEASURED","2026-08-31"
"CKcombis",164,"CS_CK2","cycvec(2, 577)",577,1,2,2,"INGREDIENT_MEASURED","2026-08-31"
"CKcombis",165,"CS_CK2","cycvec(2, 587)",587,1,2,2,"INGREDIENT_MEASURED","2026-08-31"
"CKcombis",166,"CS_CK2","cycvec(2, 593)",593,1,2,2,"INGREDIENT_MEASURED","2026-08-31"
"CKcombis",167,"CS_CK2","cycvec(2, 599)",599,1,2,2,"INGREDIENT_MEASURED","2026-08-31"
"CKcombis",168,"CS_CK2","cycvec(2, 601)",601,1,2,2,"INGREDIENT_MEASURED","2026-08-31"
"CKcombis",169,"CS_CK2","cycvec(2, 607)",607,1,2,2,"INGREDIENT_MEASURED","2026-08-31"
"CKcombis",170,"CS_CK2","cycvec(2, 613)",613,1,2,2,"INGREDIENT_MEASURED","2026-08-31"
"CKcombis",171,"CS_CK2","cycvec(2, 617)",617,1,2,2,"INGREDIENT_MEASURED","2026-08-31"
"CKcombis",172,"CS_CK2","cycvec(2, 619)",619,1,2,2,"INGREDIENT_MEASURED","2026-08-31"
"CKcombis",173,"CS_CK2","cycvec(2, 631)",631,1,2,2,"INGREDIENT_MEASURED","2026-08-31"
"CKcombis",174,"CS_CK2","cycvec(2, 641)",641,1,2,2,"INGREDIENT_MEASURED","2026-08-31"
"CKcombis",175,"CS_CK2","cycvec(2, 643)",643,1,2,2,"INGREDIENT_MEASURED","2026-08-31"
"CKcombis",176,"CS_CK2","cycvec(2, 647)",647,1,2,2,"INGREDIENT_MEASURED","2026-08-31"
"CKcombis",177,"CS_CK2","cycvec(2, 653)",653,1,2,2,"INGREDIENT_MEASURED","2026-08-31"
"CKcombis",178,"CS_CK2","cycvec(2, 659)",659,1,2,2,"INGREDIENT_MEASURED","2026-08-31"
"CKcombis",179,"CS_CK2","cycvec(2, 661)",661,1,2,2,"INGREDIENT_MEASURED","2026-08-31"
"CKcombis",180,"CS_CK2","cycvec(2, 673)",673,1,2,2,"INGREDIENT_MEASURED","2026-08-31"
"CKcombis",181,"CS_CK2","cycvec(2, 677)",677,1,2,2,"INGREDIENT_MEASURED","2026-08-31"
"CKcombis",182,"CS_CK2","cycvec(2, 683)",683,1,2,2,"INGREDIENT_MEASURED","2026-08-31"
"CKcombis",183,"CS_CK2","cycvec(2, 691)",691,1,2,2,"INGREDIENT_MEASURED","2026-08-31"
"CKcombis",184,"CS_CK2","cycvec(2, 701)",701,1,2,2,"INGREDIENT_MEASURED","2026-08-31"
"CKcombis",185,"CS_CK2","cycvec(2, 709)",709,1,2,2,"INGREDIENT_MEASURED","2026-08-31"
"CKcombis",186,"CS_CK2","cycvec(2, 719)",719,1,2,2,"INGREDIENT_MEASURED","2026-08-31"
"CKcombis",187,"CS_CK2","cycvec(2, 727)",727,1,2,2,"INGREDIENT_MEASURED","2026-08-31"
"CKcombis",188,"CS_CK2","cycvec(2, 733)",733,1,2,2,"INGREDIENT_MEASURED","2026-08-31"
"CKcombis",189,"CS_CK2","cycvec(2, 739)",739,1,2,2,"INGREDIENT_MEASURED","2026-08-31"
"CKcombis",190,"CS_CK2","cycvec(2, 743)",743,1,2,2,"INGREDIENT_MEASURED","2026-08-31"
"CKcombis",191,"CS_CK2","cycvec(2, 751)",751,1,2,2,"INGREDIENT_MEASURED","2026-08-31"
"CKcombis",192,"CS_CK2","cycvec(2, 757)",757,1,2,2,"INGREDIENT_MEASURED","2026-08-31"
"CKcombis",193,"CS_CK2","cycvec(2, 761)",761,1,2,2,"INGREDIENT_MEASURED","2026-08-31"
"CKcombis",194,"CS_CK2","cycvec(2, 769)",769,1,2,2,"INGREDIENT_MEASURED","2026-08-31"
"CKcombis",195,"CS_CK2","cycvec(2, 773)",773,1,2,2,"INGREDIENT_MEASURED","2026-08-31"
"CKcombis",196,"derive","CS_CK3(360, cycvec(2, 359))",720,360,2,2,"INGREDIENT_MEASURED","2026-08-31"
"CKcombis",196,"derive","cycvec(2, 359)",359,1,2,2,"INGREDIENT_MEASURED","2026-08-31"
"CKcombis",197,"derive","CS_CK1(379, cycvec(2, 379))",758,379,2,2,"INGREDIENT_MEASURED","2026-08-31"
"CKcombis",197,"derive","cycvec(2, 379)",379,1,2,2,"INGREDIENT_MEASURED","2026-08-31"
"CKcombis",198,"derive","CS_CK2(432, cycvec(2, 431))",862,432,2,2,"INGREDIENT_MEASURED","2026-08-31"
"CKcombis",198,"derive","cycvec(2, 431)",431,1,2,2,"INGREDIENT_MEASURED","2026-08-31"
"CKcombis",199,"derive","CS_CK2(464, cycvec(2, 463))",926,464,2,2,"INGREDIENT_MEASURED","2026-08-31"
"CKcombis",199,"derive","cycvec(2, 463)",463,1,2,2,"INGREDIENT_MEASURED","2026-08-31"
"CKcombis",200,"derive","CS_CK2(468, cycvec(2, 467))",934,468,2,2,"INGREDIENT_MEASURED","2026-08-31"
"CKcombis",200,"derive","cycvec(2, 467)",467,1,2,2,"INGREDIENT_MEASURED","2026-08-31"
"CKcombis",201,"derive","CS_CK2(488, cycvec(2, 487))",974,488,2,2,"INGREDIENT_MEASURED","2026-08-31"
"CKcombis",201,"derive","cycvec(2, 487)",487,1,2,2,"INGREDIENT_MEASURED","2026-08-31"
"CKcombis",202,"derive","CS_CK2(492, cycvec(2, 491))",982,492,2,2,"INGREDIENT_MEASURED","2026-08-31"
"CKcombis",202,"derive","cycvec(2, 491)",491,1,2,2,"INGREDIENT_MEASURED","2026-08-31"
"CKcombis",203,"derive","CS_CK2(500, cycvec(2, 499))",998,500,2,2,"INGREDIENT_MEASURED","2026-08-31"
"CKcombis",203,"derive","cycvec(2, 499)",499,1,2,2,"INGREDIENT_MEASURED","2026-08-31"
"CKcombis",204,"derive","CS_CK3(504, cycvec(2, 503))",1008,504,2,2,"INGREDIENT_MEASURED","2026-08-31"
"CKcombis",204,"derive","cycvec(2, 503)",503,1,2,2,"INGREDIENT_MEASURED","2026-08-31"
"CKcombis",205,"derive","CS_CK2(510, cycvec(2, 509))",1018,510,2,2,"INGREDIENT_MEASURED","2026-08-31"
"CKcombis",205,"derive","cycvec(2, 509)",509,1,2,2,"INGREDIENT_MEASURED","2026-08-31"
"CKcombis",206,"derive","CS_CK2(522, cycvec(2, 521))",1042,522,2,2,"INGREDIENT_MEASURED","2026-08-31"
"CKcombis",206,"derive","cycvec(2, 521)",521,1,2,2,"INGREDIENT_MEASURED","2026-08-31"
"CKcombis",207,"CS_CK3","cycvec(2, 359)",359,1,2,2,"INGREDIENT_MEASURED","2026-08-31"
"CKcombis",208,"CS_CK1","cycvec(2, 379)",379,1,2,2,"INGREDIENT_MEASURED","2026-08-31"
"CKcombis",209,"CS_CK2","cycvec(2, 431)",431,1,2,2,"INGREDIENT_MEASURED","2026-08-31"
"CKcombis",210,"CS_CK2","cycvec(2, 463)",463,1,2,2,"INGREDIENT_MEASURED","2026-08-31"
"CKcombis",211,"CS_CK2","cycvec(2, 467)",467,1,2,2,"INGREDIENT_MEASURED","2026-08-31"
"CKcombis",212,"CS_CK2","cycvec(2, 487)",487,1,2,2,"INGREDIENT_MEASURED","2026-08-31"
"CKcombis",213,"CS_CK2","cycvec(2, 491)",491,1,2,2,"INGREDIENT_MEASURED","2026-08-31"
"CKcombis",214,"CS_CK2","cycvec(2, 499)",499,1,2,2,"INGREDIENT_MEASURED","2026-08-31"
"CKcombis",215,"CS_CK3","cycvec(2, 503)",503,1,2,2,"INGREDIENT_MEASURED","2026-08-31"
"CKcombis",216,"CS_CK2","cycvec(2, 509)",509,1,2,2,"INGREDIENT_MEASURED","2026-08-31"
"CKcombis",217,"CS_CK2","cycvec(2, 521)",521,1,2,2,"INGREDIENT_MEASURED","2026-08-31"
