"catalogue","cat_row","t","v","k","N","canon_code"
"DPcat",1,2,3,16,19,"productCA(SCA_LCDST(5, 3)[, 1:4], SCA_LCDST(5, 3)[, 1:4], c1 = 3)"
"DPcat",2,2,3,20,21,"productCA(SCA_LCDST(5, 3)[, 1:4], CS_CMMSSY(6, 3)[, 1:5], c1 = 3)"
"DPcat",3,2,3,25,23,"productCA(CS_CMMSSY(6, 3)[, 1:5], CS_CMMSSY(6, 3)[, 1:5], c1 = 3)"
"DPcat",4,2,3,48,25,"productCA(SCA_Bose(3)[, 1:3], productCA(SCA_LCDST(5, 3)[, 1:4],      SCA_LCDST(5, 3)[, 1:4], c1 = 3), c1 = 3)"
"DPcat",5,2,3,64,27,"productCA(SCA_LCDST(5, 3)[, 1:4], productCA(SCA_LCDST(5, 3)[,      1:4], SCA_LCDST(5, 3)[, 1:4], c1 = 3), c1 = 3)"
"DPcat",6,2,3,80,29,"productCA(SCA_LCDST(5, 3)[, 1:4], productCA(SCA_LCDST(5, 3)[,      1:4], CS_CMMSSY(6, 3)[, 1:5], c1 = 3), c1 = 3)"
"DPcat",7,2,3,144,31,"productCA(SCA_Bose(3)[, 1:3], productCA(SCA_Bose(3)[, 1:3], productCA(SCA_LCDST(5,      3)[, 1:4], SCA_LCDST(5, 3)[, 1:4], c1 = 3), c1 = 3), c1 = 3)"
"DPcat",8,2,3,192,33,"productCA(SCA_LCDST(5, 3)[, 1:4], productCA(SCA_Bose(3)[, 1:3],      productCA(SCA_LCDST(5, 3)[, 1:4], SCA_LCDST(5, 3)[, 1:4],          c1 = 3), c1 = 3), c1 = 3)"
"DPcat",9,2,3,256,35,"productCA(SCA_LCDST(5, 3)[, 1:4], productCA(SCA_LCDST(5, 3)[,      1:4], productCA(SCA_LCDST(5, 3)[, 1:4], SCA_LCDST(5, 3)[,      1:4], c1 = 3), c1 = 3), c1 = 3)"
"DPcat",10,2,3,432,37,"productCA(SCA_Bose(3)[, 1:3], productCA(SCA_Bose(3)[, 1:3], productCA(SCA_Bose(3)[,      1:3], productCA(SCA_LCDST(5, 3)[, 1:4], SCA_LCDST(5, 3)[,      1:4], c1 = 3), c1 = 3), c1 = 3), c1 = 3)"
"DPcat",11,2,3,576,39,"productCA(SCA_LCDST(5, 3)[, 1:4], productCA(SCA_Bose(3)[, 1:3],      productCA(SCA_Bose(3)[, 1:3], productCA(SCA_LCDST(5, 3)[,          1:4], SCA_LCDST(5, 3)[, 1:4], c1 = 3), c1 = 3), c1 = 3),      c1 = 3)"
"DPcat",12,2,3,768,41,"productCA(SCA_LCDST(5, 3)[, 1:4], productCA(SCA_LCDST(5, 3)[,      1:4], productCA(SCA_Bose(3)[, 1:3], productCA(SCA_LCDST(5,      3)[, 1:4], SCA_LCDST(5, 3)[, 1:4], c1 = 3), c1 = 3), c1 = 3),      c1 = 3)"
"DPcat",13,2,3,1296,43,"productCA(SCA_Bose(3)[, 1:3], productCA(SCA_Bose(3)[, 1:3], productCA(SCA_Bose(3)[,      1:3], productCA(SCA_Bose(3)[, 1:3], productCA(SCA_LCDST(5,      3)[, 1:4], SCA_LCDST(5, 3)[, 1:4], c1 = 3), c1 = 3), c1 = 3),      c1 = 3), c1 = 3)"
"DPcat",14,2,3,1728,45,"productCA(SCA_LCDST(5, 3)[, 1:4], productCA(SCA_Bose(3)[, 1:3],      productCA(SCA_Bose(3)[, 1:3], productCA(SCA_Bose(3)[, 1:3],          productCA(SCA_LCDST(5, 3)[, 1:4], SCA_LCDST(5, 3)[, 1:4],              c1 = 3), c1 = 3), c1 = 3), c1 = 3), c1 = 3)"
"DPcat",15,2,3,2304,47,"productCA(SCA_LCDST(5, 3)[, 1:4], productCA(SCA_LCDST(5, 3)[,      1:4], productCA(SCA_Bose(3)[, 1:3], productCA(SCA_Bose(3)[,      1:3], productCA(SCA_LCDST(5, 3)[, 1:4], SCA_LCDST(5, 3)[,      1:4], c1 = 3), c1 = 3), c1 = 3), c1 = 3), c1 = 3)"
"DPcat",16,2,3,3072,49,"productCA(SCA_LCDST(5, 3)[, 1:4], productCA(SCA_LCDST(5, 3)[,      1:4], productCA(SCA_LCDST(5, 3)[, 1:4], productCA(SCA_Bose(3)[,      1:3], productCA(SCA_LCDST(5, 3)[, 1:4], SCA_LCDST(5, 3)[,      1:4], c1 = 3), c1 = 3), c1 = 3), c1 = 3), c1 = 3)"
"DPcat",17,2,3,4096,51,"productCA(SCA_LCDST(5, 3)[, 1:4], productCA(SCA_LCDST(5, 3)[,      1:4], productCA(SCA_LCDST(5, 3)[, 1:4], productCA(SCA_LCDST(5,      3)[, 1:4], productCA(SCA_LCDST(5, 3)[, 1:4], SCA_LCDST(5,      3)[, 1:4], c1 = 3), c1 = 3), c1 = 3), c1 = 3), c1 = 3)"
"DPcat",18,2,3,5120,53,"productCA(SCA_LCDST(5, 3)[, 1:4], productCA(SCA_LCDST(5, 3)[,      1:4], productCA(SCA_LCDST(5, 3)[, 1:4], productCA(SCA_LCDST(5,      3)[, 1:4], productCA(SCA_LCDST(5, 3)[, 1:4], CS_CMMSSY(6,      3)[, 1:5], c1 = 3), c1 = 3), c1 = 3), c1 = 3), c1 = 3)"
"DPcat",19,2,3,6400,55,"productCA(SCA_LCDST(5, 3)[, 1:4], productCA(SCA_LCDST(5, 3)[,      1:4], productCA(SCA_LCDST(5, 3)[, 1:4], productCA(SCA_LCDST(5,      3)[, 1:4], productCA(CS_CMMSSY(6, 3)[, 1:5], CS_CMMSSY(6,      3)[, 1:5], c1 = 3), c1 = 3), c1 = 3), c1 = 3), c1 = 3)"
"DPcat",20,2,3,8000,57,"productCA(SCA_LCDST(5, 3)[, 1:4], productCA(SCA_LCDST(5, 3)[,      1:4], productCA(SCA_LCDST(5, 3)[, 1:4], productCA(CS_CMMSSY(6,      3)[, 1:5], productCA(CS_CMMSSY(6, 3)[, 1:5], CS_CMMSSY(6,      3)[, 1:5], c1 = 3), c1 = 3), c1 = 3), c1 = 3), c1 = 3)"
"DPcat",21,2,3,10000,59,"productCA(SCA_LCDST(5, 3)[, 1:4], productCA(SCA_LCDST(5, 3)[,      1:4], productCA(CS_CMMSSY(6, 3)[, 1:5], productCA(CS_CMMSSY(6,      3)[, 1:5], productCA(CS_CMMSSY(6, 3)[, 1:5], CS_CMMSSY(6,      3)[, 1:5], c1 = 3), c1 = 3), c1 = 3), c1 = 3), c1 = 3)"
"DPcat",22,2,3,12500,61,"productCA(SCA_LCDST(5, 3)[, 1:4], productCA(CS_CMMSSY(6, 3)[,      1:5], productCA(CS_CMMSSY(6, 3)[, 1:5], productCA(CS_CMMSSY(6,      3)[, 1:5], productCA(CS_CMMSSY(6, 3)[, 1:5], CS_CMMSSY(6,      3)[, 1:5], c1 = 3), c1 = 3), c1 = 3), c1 = 3), c1 = 3)"
"DPcat",23,2,3,15625,63,"productCA(CS_CMMSSY(6, 3)[, 1:5], productCA(CS_CMMSSY(6, 3)[,      1:5], productCA(CS_CMMSSY(6, 3)[, 1:5], productCA(CS_CMMSSY(6,      3)[, 1:5], productCA(CS_CMMSSY(6, 3)[, 1:5], CS_CMMSSY(6,      3)[, 1:5], c1 = 3), c1 = 3), c1 = 3), c1 = 3), c1 = 3)"
"DPcat",24,2,3,18750,65,"productCA(CS_CMMSSY(6, 3)[, 1:5], productCA(CS_CMMSSY(6, 3)[,      1:5], productCA(CS_CMMSSY(6, 3)[, 1:5], productCA(CS_CMMSSY(6,      3)[, 1:5], productCA(CS_CMMSSY(6, 3)[, 1:5], SCA_MS(7, 3)[,      1:6], c1 = 3), c1 = 3), c1 = 3), c1 = 3), c1 = 3)"
"DPcat",25,2,3,22500,67,"productCA(CS_CMMSSY(6, 3)[, 1:5], productCA(CS_CMMSSY(6, 3)[,      1:5], productCA(CS_CMMSSY(6, 3)[, 1:5], productCA(CS_CMMSSY(6,      3)[, 1:5], productCA(SCA_MS(7, 3)[, 1:6], SCA_MS(7, 3)[,      1:6], c1 = 3), c1 = 3), c1 = 3), c1 = 3), c1 = 3)"
"DPcat",26,2,4,25,34,"productCA(SCA_LCDST(6, 4)[, 1:5], SCA_LCDST(6, 4)[, 1:5], c1 = 4)"
"DPcat",27,2,4,35,36,"productCA(SCA_LCDST(6, 4)[, 1:5], miscCA(2, 7, 4), c1 = 4)"
"DPcat",28,2,4,49,38,"productCA(miscCA(2, 7, 4), miscCA(2, 7, 4), c1 = 2)"
"DPcat",29,2,4,56,40,"productCA(miscCA(2, 7, 4), miscCA(2, 8, 4), c1 = 2)"
"DPcat",30,2,4,64,42,"productCA(miscCA(2, 8, 4), miscCA(2, 8, 4), c1 = 2)"
"DPcat",31,2,4,77,43,"productCA(miscCA(2, 7, 4), miscCA(2, 11, 4), c1 = 2)"
"DPcat",32,2,4,88,45,"productCA(miscCA(2, 8, 4), miscCA(2, 11, 4), c1 = 2)"
"DPcat",33,2,4,100,46,"productCA(SCA_Bose(4)[, 1:4], productCA(SCA_LCDST(6, 4)[, 1:5],      SCA_LCDST(6, 4)[, 1:5], c1 = 4), c1 = 4)"
"DPcat",34,2,4,140,48,"productCA(SCA_Bose(4)[, 1:4], productCA(SCA_LCDST(6, 4)[, 1:5],      miscCA(2, 7, 4), c1 = 4), c1 = 4)"
"DPcat",35,2,4,196,50,"productCA(SCA_Bose(4)[, 1:4], productCA(miscCA(2, 7, 4), miscCA(2,      7, 4), c1 = 2), c1 = 4)"
"DPcat",36,2,4,224,52,"productCA(SCA_Bose(4)[, 1:4], productCA(miscCA(2, 7, 4), miscCA(2,      8, 4), c1 = 2), c1 = 4)"
"DPcat",37,2,4,245,53,"productCA(SCA_LCDST(6, 4)[, 1:5], productCA(miscCA(2, 7, 4),      miscCA(2, 7, 4), c1 = 2), c1 = 4)"
"DPcat",38,2,4,256,54,"productCA(SCA_Bose(4)[, 1:4], productCA(miscCA(2, 8, 4), miscCA(2,      8, 4), c1 = 2), c1 = 4)"
"DPcat",39,2,4,308,55,"productCA(SCA_Bose(4)[, 1:4], productCA(miscCA(2, 7, 4), miscCA(2,      11, 4), c1 = 2), c1 = 4)"
"DPcat",40,2,4,343,56,"productCA(miscCA(2, 7, 4), productCA(miscCA(2, 7, 4), miscCA(2,      7, 4), c1 = 2), c1 = 2)"
"DPcat",41,2,4,352,57,"productCA(SCA_Bose(4)[, 1:4], productCA(miscCA(2, 8, 4), miscCA(2,      11, 4), c1 = 2), c1 = 4)"
"DPcat",42,2,4,400,58,"productCA(SCA_Bose(4)[, 1:4], productCA(SCA_Bose(4)[, 1:4], productCA(SCA_LCDST(6,      4)[, 1:5], SCA_LCDST(6, 4)[, 1:5], c1 = 4), c1 = 4), c1 = 4)"
"DPcat",43,2,4,560,60,"productCA(SCA_Bose(4)[, 1:4], productCA(SCA_Bose(4)[, 1:4], productCA(SCA_LCDST(6,      4)[, 1:5], miscCA(2, 7, 4), c1 = 4), c1 = 4), c1 = 4)"
"DPcat",44,2,4,784,62,"productCA(SCA_Bose(4)[, 1:4], productCA(SCA_Bose(4)[, 1:4], productCA(miscCA(2,      7, 4), miscCA(2, 7, 4), c1 = 2), c1 = 4), c1 = 4)"
"DPcat",45,2,4,896,64,"productCA(SCA_Bose(4)[, 1:4], productCA(SCA_Bose(4)[, 1:4], productCA(miscCA(2,      7, 4), miscCA(2, 8, 4), c1 = 2), c1 = 4), c1 = 4)"
"DPcat",46,2,4,980,65,"productCA(SCA_LCDST(6, 4)[, 1:5], productCA(SCA_Bose(4)[, 1:4],      productCA(miscCA(2, 7, 4), miscCA(2, 7, 4), c1 = 2), c1 = 4),      c1 = 4)"
"DPcat",47,2,4,1024,66,"productCA(SCA_Bose(4)[, 1:4], productCA(SCA_Bose(4)[, 1:4], productCA(miscCA(2,      8, 4), miscCA(2, 8, 4), c1 = 2), c1 = 4), c1 = 4)"
"DPcat",48,2,4,1232,67,"productCA(SCA_Bose(4)[, 1:4], productCA(SCA_Bose(4)[, 1:4], productCA(miscCA(2,      7, 4), miscCA(2, 11, 4), c1 = 2), c1 = 4), c1 = 4)"
"DPcat",49,2,4,1372,68,"productCA(miscCA(2, 7, 4), productCA(SCA_Bose(4)[, 1:4], productCA(miscCA(2,      7, 4), miscCA(2, 7, 4), c1 = 2), c1 = 4), c1 = 2)"
"DPcat",50,2,4,1408,69,"productCA(SCA_Bose(4)[, 1:4], productCA(SCA_Bose(4)[, 1:4], productCA(miscCA(2,      8, 4), miscCA(2, 11, 4), c1 = 2), c1 = 4), c1 = 4)"
"DPcat",51,2,4,1600,70,"productCA(SCA_Bose(4)[, 1:4], productCA(SCA_Bose(4)[, 1:4], productCA(SCA_Bose(4)[,      1:4], productCA(SCA_LCDST(6, 4)[, 1:5], SCA_LCDST(6, 4)[,      1:5], c1 = 4), c1 = 4), c1 = 4), c1 = 4)"
"DPcat",52,2,4,1715,71,"productCA(SCA_LCDST(6, 4)[, 1:5], productCA(miscCA(2, 7, 4),      productCA(miscCA(2, 7, 4), miscCA(2, 7, 4), c1 = 2), c1 = 2),      c1 = 4)"
"DPcat",53,2,4,2240,72,"productCA(SCA_Bose(4)[, 1:4], productCA(SCA_Bose(4)[, 1:4], productCA(SCA_Bose(4)[,      1:4], productCA(SCA_LCDST(6, 4)[, 1:5], miscCA(2, 7, 4),      c1 = 4), c1 = 4), c1 = 4), c1 = 4)"
"DPcat",54,2,4,3136,74,"productCA(SCA_Bose(4)[, 1:4], productCA(SCA_Bose(4)[, 1:4], productCA(SCA_Bose(4)[,      1:4], productCA(miscCA(2, 7, 4), miscCA(2, 7, 4), c1 = 2),      c1 = 4), c1 = 4), c1 = 4)"
"DPcat",55,2,4,3584,76,"productCA(SCA_Bose(4)[, 1:4], productCA(SCA_Bose(4)[, 1:4], productCA(SCA_Bose(4)[,      1:4], productCA(miscCA(2, 7, 4), miscCA(2, 8, 4), c1 = 2),      c1 = 4), c1 = 4), c1 = 4)"
"DPcat",56,2,4,3920,77,"productCA(SCA_LCDST(6, 4)[, 1:5], productCA(SCA_Bose(4)[, 1:4],      productCA(SCA_Bose(4)[, 1:4], productCA(miscCA(2, 7, 4),          miscCA(2, 7, 4), c1 = 2), c1 = 4), c1 = 4), c1 = 4)"
"DPcat",57,2,4,4096,78,"productCA(SCA_Bose(4)[, 1:4], productCA(SCA_Bose(4)[, 1:4], productCA(SCA_Bose(4)[,      1:4], productCA(miscCA(2, 8, 4), miscCA(2, 8, 4), c1 = 2),      c1 = 4), c1 = 4), c1 = 4)"
"DPcat",58,2,4,4928,79,"productCA(SCA_Bose(4)[, 1:4], productCA(SCA_Bose(4)[, 1:4], productCA(SCA_Bose(4)[,      1:4], productCA(miscCA(2, 7, 4), miscCA(2, 11, 4), c1 = 2),      c1 = 4), c1 = 4), c1 = 4)"
"DPcat",59,2,4,5488,80,"productCA(miscCA(2, 7, 4), productCA(SCA_Bose(4)[, 1:4], productCA(SCA_Bose(4)[,      1:4], productCA(miscCA(2, 7, 4), miscCA(2, 7, 4), c1 = 2),      c1 = 4), c1 = 4), c1 = 2)"
"DPcat",60,2,4,5632,81,"productCA(SCA_Bose(4)[, 1:4], productCA(SCA_Bose(4)[, 1:4], productCA(SCA_Bose(4)[,      1:4], productCA(miscCA(2, 8, 4), miscCA(2, 11, 4), c1 = 2),      c1 = 4), c1 = 4), c1 = 4)"
"DPcat",61,2,4,6400,82,"productCA(SCA_Bose(4)[, 1:4], productCA(SCA_Bose(4)[, 1:4], productCA(SCA_Bose(4)[,      1:4], productCA(SCA_Bose(4)[, 1:4], productCA(SCA_LCDST(6,      4)[, 1:5], SCA_LCDST(6, 4)[, 1:5], c1 = 4), c1 = 4), c1 = 4),      c1 = 4), c1 = 4)"
"DPcat",62,2,4,6860,83,"productCA(SCA_LCDST(6, 4)[, 1:5], productCA(miscCA(2, 7, 4),      productCA(SCA_Bose(4)[, 1:4], productCA(miscCA(2, 7, 4),          miscCA(2, 7, 4), c1 = 2), c1 = 4), c1 = 2), c1 = 4)"
"DPcat",63,2,4,8960,84,"productCA(SCA_Bose(4)[, 1:4], productCA(SCA_Bose(4)[, 1:4], productCA(SCA_Bose(4)[,      1:4], productCA(SCA_Bose(4)[, 1:4], productCA(SCA_LCDST(6,      4)[, 1:5], miscCA(2, 7, 4), c1 = 4), c1 = 4), c1 = 4), c1 = 4),      c1 = 4)"
"DPcat",64,2,4,12544,86,"productCA(SCA_Bose(4)[, 1:4], productCA(SCA_Bose(4)[, 1:4], productCA(SCA_Bose(4)[,      1:4], productCA(SCA_Bose(4)[, 1:4], productCA(miscCA(2, 7,      4), miscCA(2, 7, 4), c1 = 2), c1 = 4), c1 = 4), c1 = 4),      c1 = 4)"
"DPcat",65,2,4,14336,88,"productCA(SCA_Bose(4)[, 1:4], productCA(SCA_Bose(4)[, 1:4], productCA(SCA_Bose(4)[,      1:4], productCA(SCA_Bose(4)[, 1:4], productCA(miscCA(2, 7,      4), miscCA(2, 8, 4), c1 = 2), c1 = 4), c1 = 4), c1 = 4),      c1 = 4)"
"DPcat",66,2,4,15680,89,"productCA(SCA_LCDST(6, 4)[, 1:5], productCA(SCA_Bose(4)[, 1:4],      productCA(SCA_Bose(4)[, 1:4], productCA(SCA_Bose(4)[, 1:4],          productCA(miscCA(2, 7, 4), miscCA(2, 7, 4), c1 = 2),          c1 = 4), c1 = 4), c1 = 4), c1 = 4)"
"DPcat",67,2,4,16384,90,"productCA(SCA_Bose(4)[, 1:4], productCA(SCA_Bose(4)[, 1:4], productCA(SCA_Bose(4)[,      1:4], productCA(SCA_Bose(4)[, 1:4], productCA(miscCA(2, 8,      4), miscCA(2, 8, 4), c1 = 2), c1 = 4), c1 = 4), c1 = 4),      c1 = 4)"
"DPcat",68,2,4,19712,91,"productCA(SCA_Bose(4)[, 1:4], productCA(SCA_Bose(4)[, 1:4], productCA(SCA_Bose(4)[,      1:4], productCA(SCA_Bose(4)[, 1:4], productCA(miscCA(2, 7,      4), miscCA(2, 11, 4), c1 = 2), c1 = 4), c1 = 4), c1 = 4),      c1 = 4)"
"DPcat",69,2,4,21952,92,"productCA(miscCA(2, 7, 4), productCA(SCA_Bose(4)[, 1:4], productCA(SCA_Bose(4)[,      1:4], productCA(SCA_Bose(4)[, 1:4], productCA(miscCA(2, 7,      4), miscCA(2, 7, 4), c1 = 2), c1 = 4), c1 = 4), c1 = 4),      c1 = 2)"
"DPcat",70,2,5,25,45,"productCA(CS_CMMSSY(6, 5)[, 1:5], CS_CMMSSY(6, 5)[, 1:5], c1 = 5)"
"DPcat",71,2,5,30,49,"productCA(CS_CMMSSY(6, 5)[, 1:5], CS_CMMSSY(7, 5)[, 1:6], c1 = 5)"
"DPcat",72,2,5,35,50,"productCA(CS_CMMSSY(6, 5)[, 1:5], miscCA(2, 7, 5), c1 = 5)"
"DPcat",73,2,5,36,53,"productCA(CS_CMMSSY(7, 5)[, 1:6], CS_CMMSSY(7, 5)[, 1:6], c1 = 5)"
"DPcat",74,2,5,42,54,"productCA(CS_CMMSSY(7, 5)[, 1:6], miscCA(2, 7, 5), c1 = 5)"
"DPcat",75,2,5,49,55,"productCA(miscCA(2, 7, 5), miscCA(2, 7, 5), c1 = 3)"
"DPcat",76,2,5,54,59,"productCA(CS_CMMSSY(7, 5)[, 1:6], miscCA(2, 9, 5), c1 = 5)"
"DPcat",77,2,5,63,60,"productCA(miscCA(2, 7, 5), miscCA(2, 9, 5), c1 = 3)"
"DPcat",78,2,5,125,65,"productCA(CS_CMMSSY(6, 5)[, 1:5], productCA(CS_CMMSSY(6, 5)[,      1:5], CS_CMMSSY(6, 5)[, 1:5], c1 = 5), c1 = 5)"
"DPcat",79,2,5,150,69,"productCA(CS_CMMSSY(6, 5)[, 1:5], productCA(CS_CMMSSY(6, 5)[,      1:5], CS_CMMSSY(7, 5)[, 1:6], c1 = 5), c1 = 5)"
"DPcat",80,2,5,175,70,"productCA(CS_CMMSSY(6, 5)[, 1:5], productCA(CS_CMMSSY(6, 5)[,      1:5], miscCA(2, 7, 5), c1 = 5), c1 = 5)"
"DPcat",81,2,5,180,73,"productCA(CS_CMMSSY(6, 5)[, 1:5], productCA(CS_CMMSSY(7, 5)[,      1:6], CS_CMMSSY(7, 5)[, 1:6], c1 = 5), c1 = 5)"
"DPcat",82,2,5,210,74,"productCA(CS_CMMSSY(6, 5)[, 1:5], productCA(CS_CMMSSY(7, 5)[,      1:6], miscCA(2, 7, 5), c1 = 5), c1 = 5)"
"DPcat",83,2,5,245,75,"productCA(CS_CMMSSY(6, 5)[, 1:5], productCA(miscCA(2, 7, 5),      miscCA(2, 7, 5), c1 = 3), c1 = 5)"
"DPcat",84,2,5,252,78,"productCA(CS_CMMSSY(7, 5)[, 1:6], productCA(CS_CMMSSY(7, 5)[,      1:6], miscCA(2, 7, 5), c1 = 5), c1 = 5)"
"DPcat",85,2,5,294,79,"productCA(CS_CMMSSY(7, 5)[, 1:6], productCA(miscCA(2, 7, 5),      miscCA(2, 7, 5), c1 = 3), c1 = 5)"
"DPcat",86,2,5,315,80,"productCA(CS_CMMSSY(6, 5)[, 1:5], productCA(miscCA(2, 7, 5),      miscCA(2, 9, 5), c1 = 3), c1 = 5)"
"DPcat",87,2,5,343,81,"productCA(miscCA(2, 7, 5), productCA(miscCA(2, 7, 5), miscCA(2,      7, 5), c1 = 3), c1 = 3)"
"DPcat",88,2,5,378,84,"productCA(CS_CMMSSY(7, 5)[, 1:6], productCA(miscCA(2, 7, 5),      miscCA(2, 9, 5), c1 = 3), c1 = 5)"
"DPcat",89,2,5,625,85,"productCA(CS_CMMSSY(6, 5)[, 1:5], productCA(CS_CMMSSY(6, 5)[,      1:5], productCA(CS_CMMSSY(6, 5)[, 1:5], CS_CMMSSY(6, 5)[,      1:5], c1 = 5), c1 = 5), c1 = 5)"
"DPcat",90,2,5,750,89,"productCA(CS_CMMSSY(6, 5)[, 1:5], productCA(CS_CMMSSY(6, 5)[,      1:5], productCA(CS_CMMSSY(6, 5)[, 1:5], CS_CMMSSY(7, 5)[,      1:6], c1 = 5), c1 = 5), c1 = 5)"
"DPcat",91,2,5,875,90,"productCA(CS_CMMSSY(6, 5)[, 1:5], productCA(CS_CMMSSY(6, 5)[,      1:5], productCA(CS_CMMSSY(6, 5)[, 1:5], miscCA(2, 7, 5),      c1 = 5), c1 = 5), c1 = 5)"
"DPcat",92,2,5,900,93,"productCA(CS_CMMSSY(6, 5)[, 1:5], productCA(CS_CMMSSY(6, 5)[,      1:5], productCA(CS_CMMSSY(7, 5)[, 1:6], CS_CMMSSY(7, 5)[,      1:6], c1 = 5), c1 = 5), c1 = 5)"
"DPcat",93,2,5,1050,94,"productCA(CS_CMMSSY(6, 5)[, 1:5], productCA(CS_CMMSSY(6, 5)[,      1:5], productCA(CS_CMMSSY(7, 5)[, 1:6], miscCA(2, 7, 5),      c1 = 5), c1 = 5), c1 = 5)"
"DPcat",94,2,5,1225,95,"productCA(CS_CMMSSY(6, 5)[, 1:5], productCA(CS_CMMSSY(6, 5)[,      1:5], productCA(miscCA(2, 7, 5), miscCA(2, 7, 5), c1 = 3),      c1 = 5), c1 = 5)"
"DPcat",95,2,5,1260,98,"productCA(CS_CMMSSY(6, 5)[, 1:5], productCA(CS_CMMSSY(7, 5)[,      1:6], productCA(CS_CMMSSY(7, 5)[, 1:6], miscCA(2, 7, 5),      c1 = 5), c1 = 5), c1 = 5)"
"DPcat",96,2,5,1470,99,"productCA(CS_CMMSSY(6, 5)[, 1:5], productCA(CS_CMMSSY(7, 5)[,      1:6], productCA(miscCA(2, 7, 5), miscCA(2, 7, 5), c1 = 3),      c1 = 5), c1 = 5)"
"DPcat",97,2,5,1575,100,"productCA(CS_CMMSSY(6, 5)[, 1:5], productCA(CS_CMMSSY(6, 5)[,      1:5], productCA(miscCA(2, 7, 5), miscCA(2, 9, 5), c1 = 3),      c1 = 5), c1 = 5)"
"DPcat",98,2,5,1715,101,"productCA(CS_CMMSSY(6, 5)[, 1:5], productCA(miscCA(2, 7, 5),      productCA(miscCA(2, 7, 5), miscCA(2, 7, 5), c1 = 3), c1 = 3),      c1 = 5)"
"DPcat",99,2,5,1764,103,"productCA(CS_CMMSSY(7, 5)[, 1:6], productCA(CS_CMMSSY(7, 5)[,      1:6], productCA(miscCA(2, 7, 5), miscCA(2, 7, 5), c1 = 3),      c1 = 5), c1 = 5)"
"DPcat",100,2,5,1890,104,"productCA(CS_CMMSSY(6, 5)[, 1:5], productCA(CS_CMMSSY(7, 5)[,      1:6], productCA(miscCA(2, 7, 5), miscCA(2, 9, 5), c1 = 3),      c1 = 5), c1 = 5)"
"DPcat",101,2,5,3125,105,"productCA(CS_CMMSSY(6, 5)[, 1:5], productCA(CS_CMMSSY(6, 5)[,      1:5], productCA(CS_CMMSSY(6, 5)[, 1:5], productCA(CS_CMMSSY(6,      5)[, 1:5], CS_CMMSSY(6, 5)[, 1:5], c1 = 5), c1 = 5), c1 = 5),      c1 = 5)"
"DPcat",102,2,5,3750,109,"productCA(CS_CMMSSY(6, 5)[, 1:5], productCA(CS_CMMSSY(6, 5)[,      1:5], productCA(CS_CMMSSY(6, 5)[, 1:5], productCA(CS_CMMSSY(6,      5)[, 1:5], CS_CMMSSY(7, 5)[, 1:6], c1 = 5), c1 = 5), c1 = 5),      c1 = 5)"
"DPcat",103,2,5,4375,110,"productCA(CS_CMMSSY(6, 5)[, 1:5], productCA(CS_CMMSSY(6, 5)[,      1:5], productCA(CS_CMMSSY(6, 5)[, 1:5], productCA(CS_CMMSSY(6,      5)[, 1:5], miscCA(2, 7, 5), c1 = 5), c1 = 5), c1 = 5), c1 = 5)"
"DPcat",104,2,5,4500,113,"productCA(CS_CMMSSY(6, 5)[, 1:5], productCA(CS_CMMSSY(6, 5)[,      1:5], productCA(CS_CMMSSY(6, 5)[, 1:5], productCA(CS_CMMSSY(7,      5)[, 1:6], CS_CMMSSY(7, 5)[, 1:6], c1 = 5), c1 = 5), c1 = 5),      c1 = 5)"
"DPcat",105,2,5,5250,114,"productCA(CS_CMMSSY(6, 5)[, 1:5], productCA(CS_CMMSSY(6, 5)[,      1:5], productCA(CS_CMMSSY(6, 5)[, 1:5], productCA(CS_CMMSSY(7,      5)[, 1:6], miscCA(2, 7, 5), c1 = 5), c1 = 5), c1 = 5), c1 = 5)"
"DPcat",106,2,5,6125,115,"productCA(CS_CMMSSY(6, 5)[, 1:5], productCA(CS_CMMSSY(6, 5)[,      1:5], productCA(CS_CMMSSY(6, 5)[, 1:5], productCA(miscCA(2,      7, 5), miscCA(2, 7, 5), c1 = 3), c1 = 5), c1 = 5), c1 = 5)"
"DPcat",107,2,5,6300,118,"productCA(CS_CMMSSY(6, 5)[, 1:5], productCA(CS_CMMSSY(6, 5)[,      1:5], productCA(CS_CMMSSY(7, 5)[, 1:6], productCA(CS_CMMSSY(7,      5)[, 1:6], miscCA(2, 7, 5), c1 = 5), c1 = 5), c1 = 5), c1 = 5)"
"DPcat",108,2,5,7350,119,"productCA(CS_CMMSSY(6, 5)[, 1:5], productCA(CS_CMMSSY(6, 5)[,      1:5], productCA(CS_CMMSSY(7, 5)[, 1:6], productCA(miscCA(2,      7, 5), miscCA(2, 7, 5), c1 = 3), c1 = 5), c1 = 5), c1 = 5)"
"DPcat",109,2,5,7875,120,"productCA(CS_CMMSSY(6, 5)[, 1:5], productCA(CS_CMMSSY(6, 5)[,      1:5], productCA(CS_CMMSSY(6, 5)[, 1:5], productCA(miscCA(2,      7, 5), miscCA(2, 9, 5), c1 = 3), c1 = 5), c1 = 5), c1 = 5)"
"DPcat",110,2,5,8575,121,"productCA(CS_CMMSSY(6, 5)[, 1:5], productCA(CS_CMMSSY(6, 5)[,      1:5], productCA(miscCA(2, 7, 5), productCA(miscCA(2, 7, 5),      miscCA(2, 7, 5), c1 = 3), c1 = 3), c1 = 5), c1 = 5)"
"DPcat",111,2,5,8820,123,"productCA(CS_CMMSSY(6, 5)[, 1:5], productCA(CS_CMMSSY(7, 5)[,      1:6], productCA(CS_CMMSSY(7, 5)[, 1:6], productCA(miscCA(2,      7, 5), miscCA(2, 7, 5), c1 = 3), c1 = 5), c1 = 5), c1 = 5)"
"DPcat",112,2,5,9450,124,"productCA(CS_CMMSSY(6, 5)[, 1:5], productCA(CS_CMMSSY(6, 5)[,      1:5], productCA(CS_CMMSSY(7, 5)[, 1:6], productCA(miscCA(2,      7, 5), miscCA(2, 9, 5), c1 = 3), c1 = 5), c1 = 5), c1 = 5)"
"DPcat",113,2,5,15625,125,"productCA(CS_CMMSSY(6, 5)[, 1:5], productCA(CS_CMMSSY(6, 5)[,      1:5], productCA(CS_CMMSSY(6, 5)[, 1:5], productCA(CS_CMMSSY(6,      5)[, 1:5], productCA(CS_CMMSSY(6, 5)[, 1:5], CS_CMMSSY(6,      5)[, 1:5], c1 = 5), c1 = 5), c1 = 5), c1 = 5), c1 = 5)"
"DPcat",114,2,5,18750,129,"productCA(CS_CMMSSY(6, 5)[, 1:5], productCA(CS_CMMSSY(6, 5)[,      1:5], productCA(CS_CMMSSY(6, 5)[, 1:5], productCA(CS_CMMSSY(6,      5)[, 1:5], productCA(CS_CMMSSY(6, 5)[, 1:5], CS_CMMSSY(7,      5)[, 1:6], c1 = 5), c1 = 5), c1 = 5), c1 = 5), c1 = 5)"
"DPcat",115,2,5,21875,130,"productCA(CS_CMMSSY(6, 5)[, 1:5], productCA(CS_CMMSSY(6, 5)[,      1:5], productCA(CS_CMMSSY(6, 5)[, 1:5], productCA(CS_CMMSSY(6,      5)[, 1:5], productCA(CS_CMMSSY(6, 5)[, 1:5], miscCA(2, 7,      5), c1 = 5), c1 = 5), c1 = 5), c1 = 5), c1 = 5)"
"DPcat",116,2,6,9,66,"productCA(miscCA(2, 3, 6), miscCA(2, 3, 6), c1 = 6)"
"DPcat",117,2,6,12,67,"productCA(miscCA(2, 3, 6), miscCA(2, 4, 6), c1 = 6)"
"DPcat",118,2,6,16,68,"productCA(miscCA(2, 4, 6), miscCA(2, 4, 6), c1 = 5)"
"DPcat",119,2,6,20,70,"productCA(miscCA(2, 4, 6), miscCA(2, 5, 6), c1 = 5)"
"DPcat",120,2,6,25,72,"productCA(miscCA(2, 5, 6), miscCA(2, 5, 6), c1 = 4)"
"DPcat",121,2,6,30,74,"productCA(miscCA(2, 5, 6), miscCA(2, 6, 6), c1 = 4)"
"DPcat",122,2,6,36,76,"productCA(miscCA(2, 6, 6), miscCA(2, 6, 6), c1 = 6)"
"DPcat",123,2,6,40,79,"productCA(miscCA(2, 5, 6), CS_CMMSSY(9, 6)[, 1:8], c1 = 4)"
"DPcat",124,2,6,48,81,"productCA(miscCA(2, 6, 6), CS_CMMSSY(9, 6)[, 1:8], c1 = 6)"
"DPcat",125,2,6,64,86,"productCA(CS_CMMSSY(9, 6)[, 1:8], CS_CMMSSY(9, 6)[, 1:8], c1 = 6)"
"DPcat",126,2,6,72,91,"productCA(CS_CMMSSY(9, 6)[, 1:8], CS_CMMSSY(10, 6)[, 1:9], c1 = 6)"
"DPcat",127,2,6,81,96,"productCA(CS_CMMSSY(10, 6)[, 1:9], CS_CMMSSY(10, 6)[, 1:9], c1 = 6)"
"DPcat",128,2,6,90,101,"productCA(CS_CMMSSY(10, 6)[, 1:9], CS_CMMSSY(11, 6)[, 1:10],      c1 = 6)"
"DPcat",129,2,6,100,103,"productCA(miscCA(2, 4, 6), productCA(miscCA(2, 5, 6), miscCA(2,      5, 6), c1 = 4), c1 = 5)"
"DPcat",130,2,6,125,105,"productCA(miscCA(2, 5, 6), productCA(miscCA(2, 5, 6), miscCA(2,      5, 6), c1 = 4), c1 = 4)"
"DPcat",131,2,6,150,107,"productCA(miscCA(2, 5, 6), productCA(miscCA(2, 5, 6), miscCA(2,      6, 6), c1 = 4), c1 = 4)"
"DPcat",132,2,6,180,109,"productCA(miscCA(2, 5, 6), productCA(miscCA(2, 6, 6), miscCA(2,      6, 6), c1 = 6), c1 = 4)"
"DPcat",133,2,6,216,111,"productCA(miscCA(2, 6, 6), productCA(miscCA(2, 6, 6), miscCA(2,      6, 6), c1 = 6), c1 = 6)"
"DPcat",134,2,6,240,114,"productCA(miscCA(2, 5, 6), productCA(miscCA(2, 6, 6), CS_CMMSSY(9,      6)[, 1:8], c1 = 6), c1 = 4)"
"DPcat",135,2,6,288,116,"productCA(miscCA(2, 6, 6), productCA(miscCA(2, 6, 6), CS_CMMSSY(9,      6)[, 1:8], c1 = 6), c1 = 6)"
"DPcat",136,2,6,320,119,"productCA(miscCA(2, 5, 6), productCA(CS_CMMSSY(9, 6)[, 1:8],      CS_CMMSSY(9, 6)[, 1:8], c1 = 6), c1 = 4)"
"DPcat",137,2,6,384,121,"productCA(miscCA(2, 6, 6), productCA(CS_CMMSSY(9, 6)[, 1:8],      CS_CMMSSY(9, 6)[, 1:8], c1 = 6), c1 = 6)"
"DPcat",138,2,6,512,126,"productCA(CS_CMMSSY(9, 6)[, 1:8], productCA(CS_CMMSSY(9, 6)[,      1:8], CS_CMMSSY(9, 6)[, 1:8], c1 = 6), c1 = 6)"
"DPcat",139,2,6,576,131,"productCA(CS_CMMSSY(9, 6)[, 1:8], productCA(CS_CMMSSY(9, 6)[,      1:8], CS_CMMSSY(10, 6)[, 1:9], c1 = 6), c1 = 6)"
"DPcat",140,2,6,648,136,"productCA(CS_CMMSSY(9, 6)[, 1:8], productCA(CS_CMMSSY(10, 6)[,      1:9], CS_CMMSSY(10, 6)[, 1:9], c1 = 6), c1 = 6)"
"DPcat",141,2,6,750,140,"productCA(miscCA(2, 5, 6), productCA(miscCA(2, 5, 6), productCA(miscCA(2,      5, 6), miscCA(2, 6, 6), c1 = 4), c1 = 4), c1 = 4)"
"DPcat",142,2,6,900,142,"productCA(miscCA(2, 5, 6), productCA(miscCA(2, 5, 6), productCA(miscCA(2,      6, 6), miscCA(2, 6, 6), c1 = 6), c1 = 4), c1 = 4)"
"DPcat",143,2,6,1080,144,"productCA(miscCA(2, 5, 6), productCA(miscCA(2, 6, 6), productCA(miscCA(2,      6, 6), miscCA(2, 6, 6), c1 = 6), c1 = 6), c1 = 4)"
"DPcat",144,2,6,1296,146,"productCA(miscCA(2, 6, 6), productCA(miscCA(2, 6, 6), productCA(miscCA(2,      6, 6), miscCA(2, 6, 6), c1 = 6), c1 = 6), c1 = 6)"
"DPcat",145,2,6,1440,149,"productCA(miscCA(2, 5, 6), productCA(miscCA(2, 6, 6), productCA(miscCA(2,      6, 6), CS_CMMSSY(9, 6)[, 1:8], c1 = 6), c1 = 6), c1 = 4)"
"DPcat",146,2,6,1728,151,"productCA(miscCA(2, 6, 6), productCA(miscCA(2, 6, 6), productCA(miscCA(2,      6, 6), CS_CMMSSY(9, 6)[, 1:8], c1 = 6), c1 = 6), c1 = 6)"
"DPcat",147,2,6,1920,154,"productCA(miscCA(2, 5, 6), productCA(miscCA(2, 6, 6), productCA(CS_CMMSSY(9,      6)[, 1:8], CS_CMMSSY(9, 6)[, 1:8], c1 = 6), c1 = 6), c1 = 4)"
"DPcat",148,2,6,2304,156,"productCA(miscCA(2, 6, 6), productCA(miscCA(2, 6, 6), productCA(CS_CMMSSY(9,      6)[, 1:8], CS_CMMSSY(9, 6)[, 1:8], c1 = 6), c1 = 6), c1 = 6)"
"DPcat",149,2,6,2560,159,"productCA(miscCA(2, 5, 6), productCA(CS_CMMSSY(9, 6)[, 1:8],      productCA(CS_CMMSSY(9, 6)[, 1:8], CS_CMMSSY(9, 6)[, 1:8],          c1 = 6), c1 = 6), c1 = 4)"
"DPcat",150,2,6,3072,161,"productCA(miscCA(2, 6, 6), productCA(CS_CMMSSY(9, 6)[, 1:8],      productCA(CS_CMMSSY(9, 6)[, 1:8], CS_CMMSSY(9, 6)[, 1:8],          c1 = 6), c1 = 6), c1 = 6)"
"DPcat",151,2,6,4096,166,"productCA(CS_CMMSSY(9, 6)[, 1:8], productCA(CS_CMMSSY(9, 6)[,      1:8], productCA(CS_CMMSSY(9, 6)[, 1:8], CS_CMMSSY(9, 6)[,      1:8], c1 = 6), c1 = 6), c1 = 6)"
"DPcat",152,2,6,4608,171,"productCA(CS_CMMSSY(9, 6)[, 1:8], productCA(CS_CMMSSY(9, 6)[,      1:8], productCA(CS_CMMSSY(9, 6)[, 1:8], CS_CMMSSY(10, 6)[,      1:9], c1 = 6), c1 = 6), c1 = 6)"
"DPcat",153,2,6,5184,176,"productCA(CS_CMMSSY(9, 6)[, 1:8], productCA(CS_CMMSSY(9, 6)[,      1:8], productCA(CS_CMMSSY(10, 6)[, 1:9], CS_CMMSSY(10, 6)[,      1:9], c1 = 6), c1 = 6), c1 = 6)"
"DPcat",154,2,6,5400,177,"productCA(miscCA(2, 5, 6), productCA(miscCA(2, 5, 6), productCA(miscCA(2,      6, 6), productCA(miscCA(2, 6, 6), miscCA(2, 6, 6), c1 = 6),      c1 = 6), c1 = 4), c1 = 4)"
"DPcat",155,2,6,6480,179,"productCA(miscCA(2, 5, 6), productCA(miscCA(2, 6, 6), productCA(miscCA(2,      6, 6), productCA(miscCA(2, 6, 6), miscCA(2, 6, 6), c1 = 6),      c1 = 6), c1 = 6), c1 = 4)"
"DPcat",156,2,6,7776,181,"productCA(miscCA(2, 6, 6), productCA(miscCA(2, 6, 6), productCA(miscCA(2,      6, 6), productCA(miscCA(2, 6, 6), miscCA(2, 6, 6), c1 = 6),      c1 = 6), c1 = 6), c1 = 6)"
"DPcat",157,2,6,8640,184,"productCA(miscCA(2, 5, 6), productCA(miscCA(2, 6, 6), productCA(miscCA(2,      6, 6), productCA(miscCA(2, 6, 6), CS_CMMSSY(9, 6)[, 1:8],      c1 = 6), c1 = 6), c1 = 6), c1 = 4)"
"DPcat",158,2,6,10368,186,"productCA(miscCA(2, 6, 6), productCA(miscCA(2, 6, 6), productCA(miscCA(2,      6, 6), productCA(miscCA(2, 6, 6), CS_CMMSSY(9, 6)[, 1:8],      c1 = 6), c1 = 6), c1 = 6), c1 = 6)"
"DPcat",159,2,6,11520,189,"productCA(miscCA(2, 5, 6), productCA(miscCA(2, 6, 6), productCA(miscCA(2,      6, 6), productCA(CS_CMMSSY(9, 6)[, 1:8], CS_CMMSSY(9, 6)[,      1:8], c1 = 6), c1 = 6), c1 = 6), c1 = 4)"
"DPcat",160,2,6,13824,191,"productCA(miscCA(2, 6, 6), productCA(miscCA(2, 6, 6), productCA(miscCA(2,      6, 6), productCA(CS_CMMSSY(9, 6)[, 1:8], CS_CMMSSY(9, 6)[,      1:8], c1 = 6), c1 = 6), c1 = 6), c1 = 6)"
"DPcat",161,2,6,15360,194,"productCA(miscCA(2, 5, 6), productCA(miscCA(2, 6, 6), productCA(CS_CMMSSY(9,      6)[, 1:8], productCA(CS_CMMSSY(9, 6)[, 1:8], CS_CMMSSY(9,      6)[, 1:8], c1 = 6), c1 = 6), c1 = 6), c1 = 4)"
"DPcat",162,2,6,18432,196,"productCA(miscCA(2, 6, 6), productCA(miscCA(2, 6, 6), productCA(CS_CMMSSY(9,      6)[, 1:8], productCA(CS_CMMSSY(9, 6)[, 1:8], CS_CMMSSY(9,      6)[, 1:8], c1 = 6), c1 = 6), c1 = 6), c1 = 6)"
"DPcat",163,2,6,20480,199,"productCA(miscCA(2, 5, 6), productCA(CS_CMMSSY(9, 6)[, 1:8],      productCA(CS_CMMSSY(9, 6)[, 1:8], productCA(CS_CMMSSY(9,          6)[, 1:8], CS_CMMSSY(9, 6)[, 1:8], c1 = 6), c1 = 6),      c1 = 6), c1 = 4)"
"DPcat",164,2,7,49,91,"productCA(CS_CMMSSY(8, 7)[, 1:7], CS_CMMSSY(8, 7)[, 1:7], c1 = 7)"
"DPcat",165,2,7,63,103,"productCA(CS_CMMSSY(8, 7)[, 1:7], CS_CMMSSY(10, 7)[, 1:9], c1 = 7)"
"DPcat",166,2,7,70,109,"productCA(CS_CMMSSY(8, 7)[, 1:7], CS_CMMSSY(11, 7)[, 1:10], c1 = 7)"
"DPcat",167,2,7,81,115,"productCA(CS_CMMSSY(10, 7)[, 1:9], CS_CMMSSY(10, 7)[, 1:9], c1 = 7)"
"DPcat",168,2,7,90,121,"productCA(CS_CMMSSY(10, 7)[, 1:9], CS_CMMSSY(11, 7)[, 1:10],      c1 = 7)"
"DPcat",169,2,7,100,127,"productCA(CS_CMMSSY(11, 7)[, 1:10], CS_CMMSSY(11, 7)[, 1:10],      c1 = 7)"
"DPcat",170,2,7,343,133,"productCA(CS_CMMSSY(8, 7)[, 1:7], productCA(CS_CMMSSY(8, 7)[,      1:7], CS_CMMSSY(8, 7)[, 1:7], c1 = 7), c1 = 7)"
"DPcat",171,2,7,441,145,"productCA(CS_CMMSSY(8, 7)[, 1:7], productCA(CS_CMMSSY(8, 7)[,      1:7], CS_CMMSSY(10, 7)[, 1:9], c1 = 7), c1 = 7)"
"DPcat",172,2,7,490,151,"productCA(CS_CMMSSY(8, 7)[, 1:7], productCA(CS_CMMSSY(8, 7)[,      1:7], CS_CMMSSY(11, 7)[, 1:10], c1 = 7), c1 = 7)"
"DPcat",173,2,7,567,157,"productCA(CS_CMMSSY(8, 7)[, 1:7], productCA(CS_CMMSSY(10, 7)[,      1:9], CS_CMMSSY(10, 7)[, 1:9], c1 = 7), c1 = 7)"
"DPcat",174,2,7,630,163,"productCA(CS_CMMSSY(8, 7)[, 1:7], productCA(CS_CMMSSY(10, 7)[,      1:9], CS_CMMSSY(11, 7)[, 1:10], c1 = 7), c1 = 7)"
"DPcat",175,2,7,729,169,"productCA(CS_CMMSSY(10, 7)[, 1:9], productCA(CS_CMMSSY(10, 7)[,      1:9], CS_CMMSSY(10, 7)[, 1:9], c1 = 7), c1 = 7)"
"DPcat",176,2,7,2401,175,"productCA(CS_CMMSSY(8, 7)[, 1:7], productCA(CS_CMMSSY(8, 7)[,      1:7], productCA(CS_CMMSSY(8, 7)[, 1:7], CS_CMMSSY(8, 7)[,      1:7], c1 = 7), c1 = 7), c1 = 7)"
"DPcat",177,2,7,3087,187,"productCA(CS_CMMSSY(8, 7)[, 1:7], productCA(CS_CMMSSY(8, 7)[,      1:7], productCA(CS_CMMSSY(8, 7)[, 1:7], CS_CMMSSY(10, 7)[,      1:9], c1 = 7), c1 = 7), c1 = 7)"
"DPcat",178,2,7,3430,193,"productCA(CS_CMMSSY(8, 7)[, 1:7], productCA(CS_CMMSSY(8, 7)[,      1:7], productCA(CS_CMMSSY(8, 7)[, 1:7], CS_CMMSSY(11, 7)[,      1:10], c1 = 7), c1 = 7), c1 = 7)"
"DPcat",179,2,7,3969,199,"productCA(CS_CMMSSY(8, 7)[, 1:7], productCA(CS_CMMSSY(8, 7)[,      1:7], productCA(CS_CMMSSY(10, 7)[, 1:9], CS_CMMSSY(10, 7)[,      1:9], c1 = 7), c1 = 7), c1 = 7)"
"DPcat",180,2,7,4410,205,"productCA(CS_CMMSSY(8, 7)[, 1:7], productCA(CS_CMMSSY(8, 7)[,      1:7], productCA(CS_CMMSSY(10, 7)[, 1:9], CS_CMMSSY(11, 7)[,      1:10], c1 = 7), c1 = 7), c1 = 7)"
"DPcat",181,2,7,5103,211,"productCA(CS_CMMSSY(8, 7)[, 1:7], productCA(CS_CMMSSY(10, 7)[,      1:9], productCA(CS_CMMSSY(10, 7)[, 1:9], CS_CMMSSY(10, 7)[,      1:9], c1 = 7), c1 = 7), c1 = 7)"
"DPcat",182,2,7,16807,217,"productCA(CS_CMMSSY(8, 7)[, 1:7], productCA(CS_CMMSSY(8, 7)[,      1:7], productCA(CS_CMMSSY(8, 7)[, 1:7], productCA(CS_CMMSSY(8,      7)[, 1:7], CS_CMMSSY(8, 7)[, 1:7], c1 = 7), c1 = 7), c1 = 7),      c1 = 7)"
"DPcat",183,2,7,21609,229,"productCA(CS_CMMSSY(8, 7)[, 1:7], productCA(CS_CMMSSY(8, 7)[,      1:7], productCA(CS_CMMSSY(8, 7)[, 1:7], productCA(CS_CMMSSY(8,      7)[, 1:7], CS_CMMSSY(10, 7)[, 1:9], c1 = 7), c1 = 7), c1 = 7),      c1 = 7)"
"DPcat",184,2,8,100,148,"productCA(SCA_LCDST(11, 8)[, 1:10], SCA_LCDST(11, 8)[, 1:10],      c1 = 8)"
"DPcat",185,2,8,110,155,"productCA(SCA_LCDST(11, 8)[, 1:10], CS_CMMSSY(12, 8)[, 1:11],      c1 = 8)"
"DPcat",186,2,8,121,162,"productCA(CS_CMMSSY(12, 8)[, 1:11], CS_CMMSSY(12, 8)[, 1:11],      c1 = 8)"
"DPcat",187,2,8,132,169,"productCA(CS_CMMSSY(12, 8)[, 1:11], CS_CMMSSY(13, 8)[, 1:12],      c1 = 8)"
"DPcat",188,2,8,144,176,"productCA(CS_CMMSSY(13, 8)[, 1:12], CS_CMMSSY(13, 8)[, 1:12],      c1 = 8)"
"DPcat",189,2,8,156,183,"productCA(CS_CMMSSY(13, 8)[, 1:12], CS_CMMSSY(14, 8)[, 1:13],      c1 = 8)"
"DPcat",190,2,8,169,190,"productCA(CS_CMMSSY(14, 8)[, 1:13], CS_CMMSSY(14, 8)[, 1:13],      c1 = 8)"
"DPcat",191,2,8,182,197,"productCA(CS_CMMSSY(14, 8)[, 1:13], CS_CMMSSY(15, 8)[, 1:14],      c1 = 8)"
"DPcat",192,2,8,800,204,"productCA(SCA_Bose(8)[, 1:8], productCA(SCA_LCDST(11, 8)[, 1:10],      SCA_LCDST(11, 8)[, 1:10], c1 = 8), c1 = 8)"
"DPcat",193,2,8,880,211,"productCA(SCA_Bose(8)[, 1:8], productCA(SCA_LCDST(11, 8)[, 1:10],      CS_CMMSSY(12, 8)[, 1:11], c1 = 8), c1 = 8)"
"DPcat",194,2,8,1000,218,"productCA(SCA_LCDST(11, 8)[, 1:10], productCA(SCA_LCDST(11, 8)[,      1:10], SCA_LCDST(11, 8)[, 1:10], c1 = 8), c1 = 8)"
"DPcat",195,2,8,1100,225,"productCA(SCA_LCDST(11, 8)[, 1:10], productCA(SCA_LCDST(11, 8)[,      1:10], CS_CMMSSY(12, 8)[, 1:11], c1 = 8), c1 = 8)"
"DPcat",196,2,8,1210,232,"productCA(SCA_LCDST(11, 8)[, 1:10], productCA(CS_CMMSSY(12, 8)[,      1:11], CS_CMMSSY(12, 8)[, 1:11], c1 = 8), c1 = 8)"
"DPcat",197,2,8,1331,239,"productCA(CS_CMMSSY(12, 8)[, 1:11], productCA(CS_CMMSSY(12, 8)[,      1:11], CS_CMMSSY(12, 8)[, 1:11], c1 = 8), c1 = 8)"
"DPcat",198,2,8,1452,246,"productCA(CS_CMMSSY(12, 8)[, 1:11], productCA(CS_CMMSSY(12, 8)[,      1:11], CS_CMMSSY(13, 8)[, 1:12], c1 = 8), c1 = 8)"
"DPcat",199,2,8,1584,253,"productCA(CS_CMMSSY(12, 8)[, 1:11], productCA(CS_CMMSSY(13, 8)[,      1:12], CS_CMMSSY(13, 8)[, 1:12], c1 = 8), c1 = 8)"
"DPcat",200,2,8,6400,260,"productCA(SCA_Bose(8)[, 1:8], productCA(SCA_Bose(8)[, 1:8], productCA(SCA_LCDST(11,      8)[, 1:10], SCA_LCDST(11, 8)[, 1:10], c1 = 8), c1 = 8), c1 = 8)"
"DPcat",201,2,8,7040,267,"productCA(SCA_Bose(8)[, 1:8], productCA(SCA_Bose(8)[, 1:8], productCA(SCA_LCDST(11,      8)[, 1:10], CS_CMMSSY(12, 8)[, 1:11], c1 = 8), c1 = 8), c1 = 8)"
"DPcat",202,2,8,8000,274,"productCA(SCA_LCDST(11, 8)[, 1:10], productCA(SCA_Bose(8)[, 1:8],      productCA(SCA_LCDST(11, 8)[, 1:10], SCA_LCDST(11, 8)[, 1:10],          c1 = 8), c1 = 8), c1 = 8)"
"DPcat",203,2,8,8800,281,"productCA(SCA_LCDST(11, 8)[, 1:10], productCA(SCA_Bose(8)[, 1:8],      productCA(SCA_LCDST(11, 8)[, 1:10], CS_CMMSSY(12, 8)[, 1:11],          c1 = 8), c1 = 8), c1 = 8)"
"DPcat",204,2,8,10000,288,"productCA(SCA_LCDST(11, 8)[, 1:10], productCA(SCA_LCDST(11, 8)[,      1:10], productCA(SCA_LCDST(11, 8)[, 1:10], SCA_LCDST(11,      8)[, 1:10], c1 = 8), c1 = 8), c1 = 8)"
"DPcat",205,2,8,11000,295,"productCA(SCA_LCDST(11, 8)[, 1:10], productCA(SCA_LCDST(11, 8)[,      1:10], productCA(SCA_LCDST(11, 8)[, 1:10], CS_CMMSSY(12,      8)[, 1:11], c1 = 8), c1 = 8), c1 = 8)"
"DPcat",206,2,8,12100,302,"productCA(SCA_LCDST(11, 8)[, 1:10], productCA(SCA_LCDST(11, 8)[,      1:10], productCA(CS_CMMSSY(12, 8)[, 1:11], CS_CMMSSY(12,      8)[, 1:11], c1 = 8), c1 = 8), c1 = 8)"
"DPcat",207,2,8,13310,309,"productCA(SCA_LCDST(11, 8)[, 1:10], productCA(CS_CMMSSY(12, 8)[,      1:11], productCA(CS_CMMSSY(12, 8)[, 1:11], CS_CMMSSY(12,      8)[, 1:11], c1 = 8), c1 = 8), c1 = 8)"
"DPcat",208,2,8,51200,316,"productCA(SCA_Bose(8)[, 1:8], productCA(SCA_Bose(8)[, 1:8], productCA(SCA_Bose(8)[,      1:8], productCA(SCA_LCDST(11, 8)[, 1:10], SCA_LCDST(11, 8)[,      1:10], c1 = 8), c1 = 8), c1 = 8), c1 = 8)"
"DPcat",209,2,9,144,201,"productCA(CS_CMMSSY(13, 9)[, 1:12], CS_CMMSSY(13, 9)[, 1:12],      c1 = 9)"
"DPcat",210,2,9,156,209,"productCA(CS_CMMSSY(13, 9)[, 1:12], CS_CMMSSY(14, 9)[, 1:13],      c1 = 9)"
"DPcat",211,2,9,169,217,"productCA(CS_CMMSSY(14, 9)[, 1:13], CS_CMMSSY(14, 9)[, 1:13],      c1 = 9)"
"DPcat",212,2,9,182,225,"productCA(CS_CMMSSY(14, 9)[, 1:13], CS_CMMSSY(15, 9)[, 1:14],      c1 = 9)"
"DPcat",213,2,9,196,233,"productCA(CS_CMMSSY(15, 9)[, 1:14], CS_CMMSSY(15, 9)[, 1:14],      c1 = 9)"
"DPcat",214,2,9,210,241,"productCA(CS_CMMSSY(15, 9)[, 1:14], CS_CMMSSY(16, 9)[, 1:15],      c1 = 9)"
"DPcat",215,2,9,225,249,"productCA(CS_CMMSSY(16, 9)[, 1:15], CS_CMMSSY(16, 9)[, 1:15],      c1 = 9)"
"DPcat",216,2,9,240,257,"productCA(CS_CMMSSY(16, 9)[, 1:15], SCA_MS(17, 9)[, 1:16], c1 = 9)"
"DPcat",217,2,9,256,265,"productCA(SCA_MS(17, 9)[, 1:16], SCA_MS(17, 9)[, 1:16], c1 = 9)"
"DPcat",218,2,9,1296,273,"productCA(SCA_Bose(9)[, 1:9], productCA(CS_CMMSSY(13, 9)[, 1:12],      CS_CMMSSY(13, 9)[, 1:12], c1 = 9), c1 = 9)"
"DPcat",219,2,9,1404,281,"productCA(SCA_Bose(9)[, 1:9], productCA(CS_CMMSSY(13, 9)[, 1:12],      CS_CMMSSY(14, 9)[, 1:13], c1 = 9), c1 = 9)"
"DPcat",220,2,9,1521,289,"productCA(SCA_Bose(9)[, 1:9], productCA(CS_CMMSSY(14, 9)[, 1:13],      CS_CMMSSY(14, 9)[, 1:13], c1 = 9), c1 = 9)"
"DPcat",221,2,9,1728,297,"productCA(CS_CMMSSY(13, 9)[, 1:12], productCA(CS_CMMSSY(13, 9)[,      1:12], CS_CMMSSY(13, 9)[, 1:12], c1 = 9), c1 = 9)"
"DPcat",222,2,9,1872,305,"productCA(CS_CMMSSY(13, 9)[, 1:12], productCA(CS_CMMSSY(13, 9)[,      1:12], CS_CMMSSY(14, 9)[, 1:13], c1 = 9), c1 = 9)"
"DPcat",223,2,9,2028,313,"productCA(CS_CMMSSY(13, 9)[, 1:12], productCA(CS_CMMSSY(14, 9)[,      1:13], CS_CMMSSY(14, 9)[, 1:13], c1 = 9), c1 = 9)"
"DPcat",224,2,9,2197,321,"productCA(CS_CMMSSY(14, 9)[, 1:13], productCA(CS_CMMSSY(14, 9)[,      1:13], CS_CMMSSY(14, 9)[, 1:13], c1 = 9), c1 = 9)"
"DPcat",225,2,9,2366,329,"productCA(CS_CMMSSY(14, 9)[, 1:13], productCA(CS_CMMSSY(14, 9)[,      1:13], CS_CMMSSY(15, 9)[, 1:14], c1 = 9), c1 = 9)"
"DPcat",226,2,9,2548,337,"productCA(CS_CMMSSY(14, 9)[, 1:13], productCA(CS_CMMSSY(15, 9)[,      1:14], CS_CMMSSY(15, 9)[, 1:14], c1 = 9), c1 = 9)"
"DPcat",227,2,9,11664,345,"productCA(SCA_Bose(9)[, 1:9], productCA(SCA_Bose(9)[, 1:9], productCA(CS_CMMSSY(13,      9)[, 1:12], CS_CMMSSY(13, 9)[, 1:12], c1 = 9), c1 = 9), c1 = 9)"
"DPcat",228,2,9,12636,353,"productCA(SCA_Bose(9)[, 1:9], productCA(SCA_Bose(9)[, 1:9], productCA(CS_CMMSSY(13,      9)[, 1:12], CS_CMMSSY(14, 9)[, 1:13], c1 = 9), c1 = 9), c1 = 9)"
"DPcat",229,2,9,13689,361,"productCA(SCA_Bose(9)[, 1:9], productCA(SCA_Bose(9)[, 1:9], productCA(CS_CMMSSY(14,      9)[, 1:13], CS_CMMSSY(14, 9)[, 1:13], c1 = 9), c1 = 9), c1 = 9)"
"DPcat",230,2,9,15552,369,"productCA(CS_CMMSSY(13, 9)[, 1:12], productCA(SCA_Bose(9)[, 1:9],      productCA(CS_CMMSSY(13, 9)[, 1:12], CS_CMMSSY(13, 9)[, 1:12],          c1 = 9), c1 = 9), c1 = 9)"
"DPcat",231,2,9,16848,377,"productCA(CS_CMMSSY(13, 9)[, 1:12], productCA(SCA_Bose(9)[, 1:9],      productCA(CS_CMMSSY(13, 9)[, 1:12], CS_CMMSSY(14, 9)[, 1:13],          c1 = 9), c1 = 9), c1 = 9)"
"DPcat",232,2,9,18252,385,"productCA(CS_CMMSSY(13, 9)[, 1:12], productCA(SCA_Bose(9)[, 1:9],      productCA(CS_CMMSSY(14, 9)[, 1:13], CS_CMMSSY(14, 9)[, 1:13],          c1 = 9), c1 = 9), c1 = 9)"
"DPcat",233,2,9,20736,393,"productCA(CS_CMMSSY(13, 9)[, 1:12], productCA(CS_CMMSSY(13, 9)[,      1:12], productCA(CS_CMMSSY(13, 9)[, 1:12], CS_CMMSSY(13,      9)[, 1:12], c1 = 9), c1 = 9), c1 = 9)"
"DPcat",234,2,10,16,190,"productCA(miscCA(2, 4, 10), miscCA(2, 4, 10), c1 = 9)"
"DPcat",235,2,10,56,226,"productCA(miscCA(2, 4, 10), SCA_LCDST(15, 10)[, 1:14], c1 = 9)"
"DPcat",236,2,10,60,235,"productCA(miscCA(2, 4, 10), CS_CMMSSY(16, 10)[, 1:15], c1 = 9)"
"DPcat",237,2,10,64,244,"productCA(miscCA(2, 4, 10), SCA_MS(17, 10)[, 1:16], c1 = 9)"
"DPcat",238,2,10,68,253,"productCA(miscCA(2, 4, 10), SCA_MS(18, 10)[, 1:17], c1 = 9)"
"DPcat",239,2,10,196,262,"productCA(SCA_LCDST(15, 10)[, 1:14], SCA_LCDST(15, 10)[, 1:14],      c1 = 10)"
"DPcat",240,2,10,210,271,"productCA(SCA_LCDST(15, 10)[, 1:14], CS_CMMSSY(16, 10)[, 1:15],      c1 = 10)"
"DPcat",241,2,10,225,280,"productCA(CS_CMMSSY(16, 10)[, 1:15], CS_CMMSSY(16, 10)[, 1:15],      c1 = 10)"
"DPcat",242,2,10,240,289,"productCA(CS_CMMSSY(16, 10)[, 1:15], SCA_MS(17, 10)[, 1:16],      c1 = 10)"
"DPcat",243,2,10,256,298,"productCA(SCA_MS(17, 10)[, 1:16], SCA_MS(17, 10)[, 1:16], c1 = 10)"
"DPcat",244,2,10,272,307,"productCA(SCA_MS(17, 10)[, 1:16], SCA_MS(18, 10)[, 1:17], c1 = 10)"
"DPcat",245,2,10,289,316,"productCA(SCA_MS(18, 10)[, 1:17], SCA_MS(18, 10)[, 1:17], c1 = 10)"
"DPcat",246,2,10,306,325,"productCA(SCA_MS(18, 10)[, 1:17], SCA_MS(19, 10)[, 1:18], c1 = 10)"
"DPcat",247,2,10,324,334,"productCA(SCA_MS(19, 10)[, 1:18], SCA_MS(19, 10)[, 1:18], c1 = 10)"
"DPcat",248,2,10,340,343,"productCA(SCA_MS(18, 10)[, 1:17], SCA_MS(21, 10)[, 1:20], c1 = 10)"
"DPcat",249,2,10,784,352,"productCA(miscCA(2, 4, 10), productCA(SCA_LCDST(15, 10)[, 1:14],      SCA_LCDST(15, 10)[, 1:14], c1 = 10), c1 = 9)"
"DPcat",250,2,10,840,361,"productCA(miscCA(2, 4, 10), productCA(SCA_LCDST(15, 10)[, 1:14],      CS_CMMSSY(16, 10)[, 1:15], c1 = 10), c1 = 9)"
"DPcat",251,2,10,900,370,"productCA(miscCA(2, 4, 10), productCA(CS_CMMSSY(16, 10)[, 1:15],      CS_CMMSSY(16, 10)[, 1:15], c1 = 10), c1 = 9)"
"DPcat",252,2,10,960,379,"productCA(miscCA(2, 4, 10), productCA(CS_CMMSSY(16, 10)[, 1:15],      SCA_MS(17, 10)[, 1:16], c1 = 10), c1 = 9)"
"DPcat",253,2,10,2744,388,"productCA(SCA_LCDST(15, 10)[, 1:14], productCA(SCA_LCDST(15,      10)[, 1:14], SCA_LCDST(15, 10)[, 1:14], c1 = 10), c1 = 10)"
"DPcat",254,2,10,2940,397,"productCA(SCA_LCDST(15, 10)[, 1:14], productCA(SCA_LCDST(15,      10)[, 1:14], CS_CMMSSY(16, 10)[, 1:15], c1 = 10), c1 = 10)"
"DPcat",255,2,10,3150,406,"productCA(SCA_LCDST(15, 10)[, 1:14], productCA(CS_CMMSSY(16,      10)[, 1:15], CS_CMMSSY(16, 10)[, 1:15], c1 = 10), c1 = 10)"
"DPcat",256,2,10,3375,415,"productCA(CS_CMMSSY(16, 10)[, 1:15], productCA(CS_CMMSSY(16,      10)[, 1:15], CS_CMMSSY(16, 10)[, 1:15], c1 = 10), c1 = 10)"
"DPcat",257,2,10,3600,424,"productCA(CS_CMMSSY(16, 10)[, 1:15], productCA(CS_CMMSSY(16,      10)[, 1:15], SCA_MS(17, 10)[, 1:16], c1 = 10), c1 = 10)"
"DPcat",258,2,10,3840,433,"productCA(CS_CMMSSY(16, 10)[, 1:15], productCA(SCA_MS(17, 10)[,      1:16], SCA_MS(17, 10)[, 1:16], c1 = 10), c1 = 10)"
"DPcat",259,2,10,4096,442,"productCA(SCA_MS(17, 10)[, 1:16], productCA(SCA_MS(17, 10)[,      1:16], SCA_MS(17, 10)[, 1:16], c1 = 10), c1 = 10)"
"DPcat",260,2,10,4352,451,"productCA(SCA_MS(17, 10)[, 1:16], productCA(SCA_MS(17, 10)[,      1:16], SCA_MS(18, 10)[, 1:17], c1 = 10), c1 = 10)"
"DPcat",261,2,10,4624,460,"productCA(SCA_MS(17, 10)[, 1:16], productCA(SCA_MS(18, 10)[,      1:17], SCA_MS(18, 10)[, 1:17], c1 = 10), c1 = 10)"
"DPcat",262,2,10,4913,469,"productCA(SCA_MS(18, 10)[, 1:17], productCA(SCA_MS(18, 10)[,      1:17], SCA_MS(18, 10)[, 1:17], c1 = 10), c1 = 10)"
"DPcat",263,2,10,10976,478,"productCA(miscCA(2, 4, 10), productCA(SCA_LCDST(15, 10)[, 1:14],      productCA(SCA_LCDST(15, 10)[, 1:14], SCA_LCDST(15, 10)[,          1:14], c1 = 10), c1 = 10), c1 = 9)"
"DPcat",264,2,10,11760,487,"productCA(miscCA(2, 4, 10), productCA(SCA_LCDST(15, 10)[, 1:14],      productCA(SCA_LCDST(15, 10)[, 1:14], CS_CMMSSY(16, 10)[,          1:15], c1 = 10), c1 = 10), c1 = 9)"
"DPcat",265,2,10,12600,496,"productCA(miscCA(2, 4, 10), productCA(SCA_LCDST(15, 10)[, 1:14],      productCA(CS_CMMSSY(16, 10)[, 1:15], CS_CMMSSY(16, 10)[,          1:15], c1 = 10), c1 = 10), c1 = 9)"
"DPcat",266,2,10,13500,505,"productCA(miscCA(2, 4, 10), productCA(CS_CMMSSY(16, 10)[, 1:15],      productCA(CS_CMMSSY(16, 10)[, 1:15], CS_CMMSSY(16, 10)[,          1:15], c1 = 10), c1 = 10), c1 = 9)"
"DPcat",267,2,10,38416,514,"productCA(SCA_LCDST(15, 10)[, 1:14], productCA(SCA_LCDST(15,      10)[, 1:14], productCA(SCA_LCDST(15, 10)[, 1:14], SCA_LCDST(15,      10)[, 1:14], c1 = 10), c1 = 10), c1 = 10)"
"DPcat",268,2,11,225,311,"productCA(SCA_LCDST(16, 11)[, 1:15], SCA_LCDST(16, 11)[, 1:15],      c1 = 11)"
"DPcat",269,2,11,240,321,"productCA(SCA_LCDST(16, 11)[, 1:15], SCA_LCDST(17, 11)[, 1:16],      c1 = 11)"
"DPcat",270,2,11,256,331,"productCA(SCA_LCDST(17, 11)[, 1:16], SCA_LCDST(17, 11)[, 1:16],      c1 = 11)"
"DPcat",271,2,11,272,341,"productCA(SCA_LCDST(17, 11)[, 1:16], SCA_MS(18, 11)[, 1:17],      c1 = 11)"
"DPcat",272,2,11,289,351,"productCA(SCA_MS(18, 11)[, 1:17], SCA_MS(18, 11)[, 1:17], c1 = 11)"
"DPcat",273,2,11,306,361,"productCA(SCA_MS(18, 11)[, 1:17], SCA_MS(19, 11)[, 1:18], c1 = 11)"
"DPcat",274,2,11,324,371,"productCA(SCA_MS(19, 11)[, 1:18], SCA_MS(19, 11)[, 1:18], c1 = 11)"
"DPcat",275,2,11,342,381,"productCA(SCA_MS(19, 11)[, 1:18], SCA_MS(20, 11)[, 1:19], c1 = 11)"
"DPcat",276,2,11,361,391,"productCA(SCA_MS(20, 11)[, 1:19], SCA_MS(20, 11)[, 1:19], c1 = 11)"
"DPcat",277,2,11,380,401,"productCA(SCA_MS(20, 11)[, 1:19], SCA_MS(21, 11)[, 1:20], c1 = 11)"
"DPcat",278,2,11,400,411,"productCA(SCA_MS(21, 11)[, 1:20], SCA_MS(21, 11)[, 1:20], c1 = 11)"
"DPcat",279,2,11,2475,421,"productCA(SCA_Bose(11)[, 1:11], productCA(SCA_LCDST(16, 11)[,      1:15], SCA_LCDST(16, 11)[, 1:15], c1 = 11), c1 = 11)"
"DPcat",280,2,11,2640,431,"productCA(SCA_Bose(11)[, 1:11], productCA(SCA_LCDST(16, 11)[,      1:15], SCA_LCDST(17, 11)[, 1:16], c1 = 11), c1 = 11)"
"DPcat",281,2,11,2816,441,"productCA(SCA_Bose(11)[, 1:11], productCA(SCA_LCDST(17, 11)[,      1:16], SCA_LCDST(17, 11)[, 1:16], c1 = 11), c1 = 11)"
"DPcat",282,2,11,2992,451,"productCA(SCA_Bose(11)[, 1:11], productCA(SCA_LCDST(17, 11)[,      1:16], SCA_MS(18, 11)[, 1:17], c1 = 11), c1 = 11)"
"DPcat",283,2,11,3375,461,"productCA(SCA_LCDST(16, 11)[, 1:15], productCA(SCA_LCDST(16,      11)[, 1:15], SCA_LCDST(16, 11)[, 1:15], c1 = 11), c1 = 11)"
"DPcat",284,2,11,3600,471,"productCA(SCA_LCDST(16, 11)[, 1:15], productCA(SCA_LCDST(16,      11)[, 1:15], SCA_LCDST(17, 11)[, 1:16], c1 = 11), c1 = 11)"
"DPcat",285,2,11,3840,481,"productCA(SCA_LCDST(16, 11)[, 1:15], productCA(SCA_LCDST(17,      11)[, 1:16], SCA_LCDST(17, 11)[, 1:16], c1 = 11), c1 = 11)"
"DPcat",286,2,11,4096,491,"productCA(SCA_LCDST(17, 11)[, 1:16], productCA(SCA_LCDST(17,      11)[, 1:16], SCA_LCDST(17, 11)[, 1:16], c1 = 11), c1 = 11)"
"DPcat",287,2,11,4352,501,"productCA(SCA_LCDST(17, 11)[, 1:16], productCA(SCA_LCDST(17,      11)[, 1:16], SCA_MS(18, 11)[, 1:17], c1 = 11), c1 = 11)"
"DPcat",288,2,11,4624,511,"productCA(SCA_LCDST(17, 11)[, 1:16], productCA(SCA_MS(18, 11)[,      1:17], SCA_MS(18, 11)[, 1:17], c1 = 11), c1 = 11)"
"DPcat",289,2,11,4913,521,"productCA(SCA_MS(18, 11)[, 1:17], productCA(SCA_MS(18, 11)[,      1:17], SCA_MS(18, 11)[, 1:17], c1 = 11), c1 = 11)"
"DPcat",290,2,11,27225,531,"productCA(SCA_Bose(11)[, 1:11], productCA(SCA_Bose(11)[, 1:11],      productCA(SCA_LCDST(16, 11)[, 1:15], SCA_LCDST(16, 11)[,          1:15], c1 = 11), c1 = 11), c1 = 11)"
"DPcat",291,2,12,49,276,"productCA(miscCA(2, 7, 12), miscCA(2, 7, 12), c1 = 9)"
"DPcat",292,2,12,119,331,"productCA(miscCA(2, 7, 12), SCA_LCDST(18, 12)[, 1:17], c1 = 9)"
"DPcat",293,2,12,126,342,"productCA(miscCA(2, 7, 12), SCA_LCDST(19, 12)[, 1:18], c1 = 9)"
"DPcat",294,2,12,133,353,"productCA(miscCA(2, 7, 12), CS_CMMSSY(20, 12)[, 1:19], c1 = 9)"
"DPcat",295,2,12,140,364,"productCA(miscCA(2, 7, 12), SCA_MS(21, 12)[, 1:20], c1 = 9)"
"DPcat",296,2,12,147,375,"productCA(miscCA(2, 7, 12), SCA_MS(22, 12)[, 1:21], c1 = 9)"
"DPcat",297,2,12,289,386,"productCA(SCA_LCDST(18, 12)[, 1:17], SCA_LCDST(18, 12)[, 1:17],      c1 = 12)"
"DPcat",298,2,12,306,397,"productCA(SCA_LCDST(18, 12)[, 1:17], SCA_LCDST(19, 12)[, 1:18],      c1 = 12)"
"DPcat",299,2,12,343,408,"productCA(miscCA(2, 7, 12), productCA(miscCA(2, 7, 12), miscCA(2,      7, 12), c1 = 9), c1 = 9)"
"DPcat",300,2,12,361,430,"productCA(CS_CMMSSY(20, 12)[, 1:19], CS_CMMSSY(20, 12)[, 1:19],      c1 = 12)"
"DPcat",301,2,12,380,441,"productCA(CS_CMMSSY(20, 12)[, 1:19], SCA_MS(21, 12)[, 1:20],      c1 = 12)"
"DPcat",302,2,12,400,452,"productCA(SCA_MS(21, 12)[, 1:20], SCA_MS(21, 12)[, 1:20], c1 = 12)"
"DPcat",303,2,12,833,463,"productCA(miscCA(2, 7, 12), productCA(miscCA(2, 7, 12), SCA_LCDST(18,      12)[, 1:17], c1 = 9), c1 = 9)"
"DPcat",304,2,12,882,474,"productCA(miscCA(2, 7, 12), productCA(miscCA(2, 7, 12), SCA_LCDST(19,      12)[, 1:18], c1 = 9), c1 = 9)"
"DPcat",305,2,12,931,485,"productCA(miscCA(2, 7, 12), productCA(miscCA(2, 7, 12), CS_CMMSSY(20,      12)[, 1:19], c1 = 9), c1 = 9)"
"DPcat",306,2,12,980,496,"productCA(miscCA(2, 7, 12), productCA(miscCA(2, 7, 12), SCA_MS(21,      12)[, 1:20], c1 = 9), c1 = 9)"
"DPcat",307,2,12,1029,507,"productCA(miscCA(2, 7, 12), productCA(miscCA(2, 7, 12), SCA_MS(22,      12)[, 1:21], c1 = 9), c1 = 9)"
"DPcat",308,2,12,2023,518,"productCA(miscCA(2, 7, 12), productCA(SCA_LCDST(18, 12)[, 1:17],      SCA_LCDST(18, 12)[, 1:17], c1 = 12), c1 = 9)"
"DPcat",309,2,12,2142,529,"productCA(miscCA(2, 7, 12), productCA(SCA_LCDST(18, 12)[, 1:17],      SCA_LCDST(19, 12)[, 1:18], c1 = 12), c1 = 9)"
"DPcat",310,2,12,2401,540,"productCA(miscCA(2, 7, 12), productCA(miscCA(2, 7, 12), productCA(miscCA(2,      7, 12), miscCA(2, 7, 12), c1 = 9), c1 = 9), c1 = 9)"
"DPcat",311,2,12,2527,562,"productCA(miscCA(2, 7, 12), productCA(CS_CMMSSY(20, 12)[, 1:19],      CS_CMMSSY(20, 12)[, 1:19], c1 = 12), c1 = 9)"
"DPcat",312,2,12,4913,573,"productCA(SCA_LCDST(18, 12)[, 1:17], productCA(SCA_LCDST(18,      12)[, 1:17], SCA_LCDST(18, 12)[, 1:17], c1 = 12), c1 = 12)"
"DPcat",313,2,12,5202,584,"productCA(SCA_LCDST(18, 12)[, 1:17], productCA(SCA_LCDST(18,      12)[, 1:17], SCA_LCDST(19, 12)[, 1:18], c1 = 12), c1 = 12)"
"DPcat",314,2,12,5831,595,"productCA(miscCA(2, 7, 12), productCA(miscCA(2, 7, 12), productCA(miscCA(2,      7, 12), SCA_LCDST(18, 12)[, 1:17], c1 = 9), c1 = 9), c1 = 9)"
"DPcat",315,2,12,6174,606,"productCA(miscCA(2, 7, 12), productCA(miscCA(2, 7, 12), productCA(miscCA(2,      7, 12), SCA_LCDST(19, 12)[, 1:18], c1 = 9), c1 = 9), c1 = 9)"
"DPcat",316,2,12,6517,617,"productCA(miscCA(2, 7, 12), productCA(miscCA(2, 7, 12), productCA(miscCA(2,      7, 12), CS_CMMSSY(20, 12)[, 1:19], c1 = 9), c1 = 9), c1 = 9)"
"DPcat",317,2,12,6860,628,"productCA(miscCA(2, 7, 12), productCA(miscCA(2, 7, 12), productCA(miscCA(2,      7, 12), SCA_MS(21, 12)[, 1:20], c1 = 9), c1 = 9), c1 = 9)"
"DPcat",318,2,12,7203,639,"productCA(miscCA(2, 7, 12), productCA(miscCA(2, 7, 12), productCA(miscCA(2,      7, 12), SCA_MS(22, 12)[, 1:21], c1 = 9), c1 = 9), c1 = 9)"
"DPcat",319,2,12,14161,650,"productCA(miscCA(2, 7, 12), productCA(miscCA(2, 7, 12), productCA(SCA_LCDST(18,      12)[, 1:17], SCA_LCDST(18, 12)[, 1:17], c1 = 12), c1 = 9),      c1 = 9)"
"DPcat",320,2,12,14994,661,"productCA(miscCA(2, 7, 12), productCA(miscCA(2, 7, 12), productCA(SCA_LCDST(18,      12)[, 1:17], SCA_LCDST(19, 12)[, 1:18], c1 = 12), c1 = 9),      c1 = 9)"
"DPcat",321,2,12,15876,672,"productCA(miscCA(2, 7, 12), productCA(miscCA(2, 7, 12), productCA(SCA_LCDST(19,      12)[, 1:18], SCA_LCDST(19, 12)[, 1:18], c1 = 12), c1 = 9),      c1 = 9)"
"DPcat",322,2,12,16807,674,"productCA(miscCA(2, 7, 12), productCA(miscCA(2, 7, 12), productCA(miscCA(2,      7, 12), productCA(miscCA(2, 7, 12), miscCA(2, 7, 12), c1 = 9),      c1 = 9), c1 = 9), c1 = 9)"
"DPcat",323,2,12,17689,694,"productCA(miscCA(2, 7, 12), productCA(miscCA(2, 7, 12), productCA(CS_CMMSSY(20,      12)[, 1:19], CS_CMMSSY(20, 12)[, 1:19], c1 = 12), c1 = 9),      c1 = 9)"
"DPcat",324,2,12,34391,705,"productCA(miscCA(2, 7, 12), productCA(SCA_LCDST(18, 12)[, 1:17],      productCA(SCA_LCDST(18, 12)[, 1:17], SCA_LCDST(18, 12)[,          1:17], c1 = 12), c1 = 12), c1 = 9)"
"DPcat",325,2,13,289,421,"productCA(CS_CMMSSY(18, 13)[, 1:17], CS_CMMSSY(18, 13)[, 1:17],      c1 = 13)"
"DPcat",326,2,13,306,433,"productCA(CS_CMMSSY(18, 13)[, 1:17], SCA_LCDST(19, 13)[, 1:18],      c1 = 13)"
"DPcat",327,2,13,324,445,"productCA(SCA_LCDST(19, 13)[, 1:18], SCA_LCDST(19, 13)[, 1:18],      c1 = 13)"
"DPcat",328,2,13,342,457,"productCA(SCA_LCDST(19, 13)[, 1:18], SCA_LCDST(20, 13)[, 1:19],      c1 = 13)"
"DPcat",329,2,13,361,469,"productCA(SCA_LCDST(20, 13)[, 1:19], SCA_LCDST(20, 13)[, 1:19],      c1 = 13)"
"DPcat",330,2,13,380,481,"productCA(SCA_LCDST(20, 13)[, 1:19], SCA_LCDST(21, 13)[, 1:20],      c1 = 13)"
"DPcat",331,2,13,400,493,"productCA(SCA_LCDST(21, 13)[, 1:20], SCA_LCDST(21, 13)[, 1:20],      c1 = 13)"
"DPcat",332,2,13,420,505,"productCA(SCA_LCDST(21, 13)[, 1:20], SCA_MS(22, 13)[, 1:21],      c1 = 13)"
"DPcat",333,2,13,441,517,"productCA(SCA_MS(22, 13)[, 1:21], SCA_MS(22, 13)[, 1:21], c1 = 13)"
"DPcat",334,2,13,462,529,"productCA(SCA_MS(22, 13)[, 1:21], SCA_MS(23, 13)[, 1:22], c1 = 13)"
"DPcat",335,2,13,484,541,"productCA(SCA_MS(23, 13)[, 1:22], SCA_MS(23, 13)[, 1:22], c1 = 13)"
"DPcat",336,2,13,506,553,"productCA(SCA_MS(23, 13)[, 1:22], SCA_MS(24, 13)[, 1:23], c1 = 13)"
"DPcat",337,2,13,529,565,"productCA(SCA_MS(24, 13)[, 1:23], SCA_MS(24, 13)[, 1:23], c1 = 13)"
"DPcat",338,2,13,3757,577,"productCA(SCA_Bose(13)[, 1:13], productCA(CS_CMMSSY(18, 13)[,      1:17], CS_CMMSSY(18, 13)[, 1:17], c1 = 13), c1 = 13)"
"DPcat",339,2,13,3978,589,"productCA(SCA_Bose(13)[, 1:13], productCA(CS_CMMSSY(18, 13)[,      1:17], SCA_LCDST(19, 13)[, 1:18], c1 = 13), c1 = 13)"
"DPcat",340,2,13,4212,601,"productCA(SCA_Bose(13)[, 1:13], productCA(SCA_LCDST(19, 13)[,      1:18], SCA_LCDST(19, 13)[, 1:18], c1 = 13), c1 = 13)"
"DPcat",341,2,13,4446,613,"productCA(SCA_Bose(13)[, 1:13], productCA(SCA_LCDST(19, 13)[,      1:18], SCA_LCDST(20, 13)[, 1:19], c1 = 13), c1 = 13)"
"DPcat",342,2,13,4913,625,"productCA(CS_CMMSSY(18, 13)[, 1:17], productCA(CS_CMMSSY(18,      13)[, 1:17], CS_CMMSSY(18, 13)[, 1:17], c1 = 13), c1 = 13)"
"DPcat",343,2,13,5202,637,"productCA(CS_CMMSSY(18, 13)[, 1:17], productCA(CS_CMMSSY(18,      13)[, 1:17], SCA_LCDST(19, 13)[, 1:18], c1 = 13), c1 = 13)"
"DPcat",344,2,13,5508,649,"productCA(CS_CMMSSY(18, 13)[, 1:17], productCA(SCA_LCDST(19,      13)[, 1:18], SCA_LCDST(19, 13)[, 1:18], c1 = 13), c1 = 13)"
"DPcat",345,2,13,5832,661,"productCA(SCA_LCDST(19, 13)[, 1:18], productCA(SCA_LCDST(19,      13)[, 1:18], SCA_LCDST(19, 13)[, 1:18], c1 = 13), c1 = 13)"
"DPcat",346,2,13,6156,673,"productCA(SCA_LCDST(19, 13)[, 1:18], productCA(SCA_LCDST(19,      13)[, 1:18], SCA_LCDST(20, 13)[, 1:19], c1 = 13), c1 = 13)"
"DPcat",347,2,13,6498,685,"productCA(SCA_LCDST(19, 13)[, 1:18], productCA(SCA_LCDST(20,      13)[, 1:19], SCA_LCDST(20, 13)[, 1:19], c1 = 13), c1 = 13)"
"DPcat",348,2,13,6859,697,"productCA(SCA_LCDST(20, 13)[, 1:19], productCA(SCA_LCDST(20,      13)[, 1:19], SCA_LCDST(20, 13)[, 1:19], c1 = 13), c1 = 13)"
"DPcat",349,2,13,7220,709,"productCA(SCA_LCDST(20, 13)[, 1:19], productCA(SCA_LCDST(20,      13)[, 1:19], SCA_LCDST(21, 13)[, 1:20], c1 = 13), c1 = 13)"
"DPcat",350,2,13,7600,721,"productCA(SCA_LCDST(20, 13)[, 1:19], productCA(SCA_LCDST(21,      13)[, 1:20], SCA_LCDST(21, 13)[, 1:20], c1 = 13), c1 = 13)"
"DPcat",351,2,13,48841,733,"productCA(SCA_Bose(13)[, 1:13], productCA(SCA_Bose(13)[, 1:13],      productCA(CS_CMMSSY(18, 13)[, 1:17], CS_CMMSSY(18, 13)[,          1:17], c1 = 13), c1 = 13), c1 = 13)"
"DPcat",352,2,14,400,534,"productCA(SCA_LCDST(21, 14)[, 1:20], SCA_LCDST(21, 14)[, 1:20],      c1 = 14)"
"DPcat",353,2,14,420,547,"productCA(SCA_LCDST(21, 14)[, 1:20], SCA_LCDST(22, 14)[, 1:21],      c1 = 14)"
"DPcat",354,2,14,441,560,"productCA(SCA_LCDST(22, 14)[, 1:21], SCA_LCDST(22, 14)[, 1:21],      c1 = 14)"
"DPcat",355,2,14,462,573,"productCA(SCA_LCDST(22, 14)[, 1:21], SCA_LCDST(23, 14)[, 1:22],      c1 = 14)"
"DPcat",356,2,14,484,586,"productCA(SCA_LCDST(23, 14)[, 1:22], SCA_LCDST(23, 14)[, 1:22],      c1 = 14)"
"DPcat",357,2,14,506,599,"productCA(SCA_LCDST(23, 14)[, 1:22], SCA_MS(24, 14)[, 1:23],      c1 = 14)"
"DPcat",358,2,14,529,612,"productCA(SCA_MS(24, 14)[, 1:23], SCA_MS(24, 14)[, 1:23], c1 = 14)"
"DPcat",359,2,14,552,625,"productCA(SCA_MS(24, 14)[, 1:23], SCA_LCDST(25, 14)[, 1:24],      c1 = 14)"
"DPcat",360,2,14,576,638,"productCA(SCA_LCDST(25, 14)[, 1:24], SCA_LCDST(25, 14)[, 1:24],      c1 = 14)"
"DPcat",361,2,14,600,651,"productCA(SCA_LCDST(25, 14)[, 1:24], SCA_MS(26, 14)[, 1:25],      c1 = 14)"
"DPcat",362,2,14,625,664,"productCA(SCA_MS(26, 14)[, 1:25], SCA_MS(26, 14)[, 1:25], c1 = 14)"
"DPcat",363,2,14,650,677,"productCA(SCA_MS(26, 14)[, 1:25], SCA_MS(27, 14)[, 1:26], c1 = 14)"
"DPcat",364,2,14,676,690,"productCA(SCA_MS(27, 14)[, 1:26], SCA_MS(27, 14)[, 1:26], c1 = 14)"
"DPcat",365,2,14,702,703,"productCA(SCA_MS(27, 14)[, 1:26], SCA_MS(28, 14)[, 1:27], c1 = 14)"
"DPcat",366,2,14,729,716,"productCA(SCA_MS(28, 14)[, 1:27], SCA_MS(28, 14)[, 1:27], c1 = 14)"
"DPcat",367,2,14,756,729,"productCA(SCA_MS(28, 14)[, 1:27], SCA_MS(29, 14)[, 1:28], c1 = 14)"
"DPcat",368,2,14,784,742,"productCA(SCA_MS(29, 14)[, 1:28], SCA_MS(29, 14)[, 1:28], c1 = 14)"
"DPcat",369,2,14,8000,794,"productCA(SCA_LCDST(21, 14)[, 1:20], productCA(SCA_LCDST(21,      14)[, 1:20], SCA_LCDST(21, 14)[, 1:20], c1 = 14), c1 = 14)"
"DPcat",370,2,14,8400,807,"productCA(SCA_LCDST(21, 14)[, 1:20], productCA(SCA_LCDST(21,      14)[, 1:20], SCA_LCDST(22, 14)[, 1:21], c1 = 14), c1 = 14)"
"DPcat",371,2,14,8820,820,"productCA(SCA_LCDST(21, 14)[, 1:20], productCA(SCA_LCDST(22,      14)[, 1:21], SCA_LCDST(22, 14)[, 1:21], c1 = 14), c1 = 14)"
"DPcat",372,2,14,9261,833,"productCA(SCA_LCDST(22, 14)[, 1:21], productCA(SCA_LCDST(22,      14)[, 1:21], SCA_LCDST(22, 14)[, 1:21], c1 = 14), c1 = 14)"
"DPcat",373,2,14,9702,846,"productCA(SCA_LCDST(22, 14)[, 1:21], productCA(SCA_LCDST(22,      14)[, 1:21], SCA_LCDST(23, 14)[, 1:22], c1 = 14), c1 = 14)"
"DPcat",374,2,14,10164,859,"productCA(SCA_LCDST(22, 14)[, 1:21], productCA(SCA_LCDST(23,      14)[, 1:22], SCA_LCDST(23, 14)[, 1:22], c1 = 14), c1 = 14)"
"DPcat",375,2,14,10648,872,"productCA(SCA_LCDST(23, 14)[, 1:22], productCA(SCA_LCDST(23,      14)[, 1:22], SCA_LCDST(23, 14)[, 1:22], c1 = 14), c1 = 14)"
"DPcat",376,2,14,11132,885,"productCA(SCA_LCDST(23, 14)[, 1:22], productCA(SCA_LCDST(23,      14)[, 1:22], SCA_MS(24, 14)[, 1:23], c1 = 14), c1 = 14)"
"DPcat",377,2,14,11638,898,"productCA(SCA_LCDST(23, 14)[, 1:22], productCA(SCA_MS(24, 14)[,      1:23], SCA_MS(24, 14)[, 1:23], c1 = 14), c1 = 14)"
"DPcat",378,2,14,12167,911,"productCA(SCA_MS(24, 14)[, 1:23], productCA(SCA_MS(24, 14)[,      1:23], SCA_MS(24, 14)[, 1:23], c1 = 14), c1 = 14)"
"DPcat",379,2,14,12696,924,"productCA(SCA_MS(24, 14)[, 1:23], productCA(SCA_MS(24, 14)[,      1:23], SCA_LCDST(25, 14)[, 1:24], c1 = 14), c1 = 14)"
"DPcat",380,2,14,13248,937,"productCA(SCA_MS(24, 14)[, 1:23], productCA(SCA_LCDST(25, 14)[,      1:24], SCA_LCDST(25, 14)[, 1:24], c1 = 14), c1 = 14)"
"DPcat",381,2,14,13824,950,"productCA(SCA_LCDST(25, 14)[, 1:24], productCA(SCA_LCDST(25,      14)[, 1:24], SCA_LCDST(25, 14)[, 1:24], c1 = 14), c1 = 14)"
"DPcat",382,2,14,14400,963,"productCA(SCA_LCDST(25, 14)[, 1:24], productCA(SCA_LCDST(25,      14)[, 1:24], SCA_MS(26, 14)[, 1:25], c1 = 14), c1 = 14)"
"DPcat",383,2,14,15000,976,"productCA(SCA_LCDST(25, 14)[, 1:24], productCA(SCA_MS(26, 14)[,      1:25], SCA_MS(26, 14)[, 1:25], c1 = 14), c1 = 14)"
"DPcat",384,2,14,15625,989,"productCA(SCA_MS(26, 14)[, 1:25], productCA(SCA_MS(26, 14)[,      1:25], SCA_MS(26, 14)[, 1:25], c1 = 14), c1 = 14)"
"DPcat",385,2,14,16250,1002,"productCA(SCA_MS(26, 14)[, 1:25], productCA(SCA_MS(26, 14)[,      1:25], SCA_MS(27, 14)[, 1:26], c1 = 14), c1 = 14)"
"DPcat",386,2,14,16900,1015,"productCA(SCA_MS(26, 14)[, 1:25], productCA(SCA_MS(27, 14)[,      1:26], SCA_MS(27, 14)[, 1:26], c1 = 14), c1 = 14)"
"DPcat",387,2,14,17576,1028,"productCA(SCA_MS(27, 14)[, 1:26], productCA(SCA_MS(27, 14)[,      1:26], SCA_MS(27, 14)[, 1:26], c1 = 14), c1 = 14)"
"DPcat",388,2,14,18252,1041,"productCA(SCA_MS(27, 14)[, 1:26], productCA(SCA_MS(27, 14)[,      1:26], SCA_MS(28, 14)[, 1:27], c1 = 14), c1 = 14)"
"DPcat",389,2,14,160000,1054,"productCA(SCA_LCDST(21, 14)[, 1:20], productCA(SCA_LCDST(21,      14)[, 1:20], productCA(SCA_LCDST(21, 14)[, 1:20], SCA_LCDST(21,      14)[, 1:20], c1 = 14), c1 = 14), c1 = 14)"
"DPcat",390,2,15,529,659,"productCA(SCA_LCDST(24, 15)[, 1:23], SCA_LCDST(24, 15)[, 1:23],      c1 = 15)"
"DPcat",391,2,15,552,673,"productCA(SCA_LCDST(24, 15)[, 1:23], SCA_LCDST(25, 15)[, 1:24],      c1 = 15)"
"DPcat",392,2,15,576,687,"productCA(SCA_LCDST(25, 15)[, 1:24], SCA_LCDST(25, 15)[, 1:24],      c1 = 15)"
"DPcat",393,2,15,600,701,"productCA(SCA_LCDST(25, 15)[, 1:24], SCA_LCDST(26, 15)[, 1:25],      c1 = 15)"
"DPcat",394,2,15,625,715,"productCA(SCA_LCDST(26, 15)[, 1:25], SCA_LCDST(26, 15)[, 1:25],      c1 = 15)"
"DPcat",395,2,15,650,729,"productCA(SCA_LCDST(26, 15)[, 1:25], SCA_LCDST(27, 15)[, 1:26],      c1 = 15)"
"DPcat",396,2,15,676,743,"productCA(SCA_LCDST(27, 15)[, 1:26], SCA_LCDST(27, 15)[, 1:26],      c1 = 15)"
"DPcat",397,2,15,702,757,"productCA(SCA_LCDST(27, 15)[, 1:26], CS_CMMSSY(28, 15)[, 1:27],      c1 = 15)"
"DPcat",398,2,15,729,771,"productCA(CS_CMMSSY(28, 15)[, 1:27], CS_CMMSSY(28, 15)[, 1:27],      c1 = 15)"
"DPcat",399,2,15,756,785,"productCA(CS_CMMSSY(28, 15)[, 1:27], SCA_MS(29, 15)[, 1:28],      c1 = 15)"
"DPcat",400,2,15,784,799,"productCA(SCA_MS(29, 15)[, 1:28], SCA_MS(29, 15)[, 1:28], c1 = 15)"
"DPcat",401,2,15,812,813,"productCA(SCA_MS(29, 15)[, 1:28], SCA_MS(30, 15)[, 1:29], c1 = 15)"
"DPcat",402,2,15,841,827,"productCA(SCA_MS(30, 15)[, 1:29], SCA_MS(30, 15)[, 1:29], c1 = 15)"
"DPcat",403,2,15,870,841,"productCA(SCA_MS(30, 15)[, 1:29], SCA_MS(31, 15)[, 1:30], c1 = 15)"
"DPcat",404,2,15,900,855,"productCA(SCA_MS(31, 15)[, 1:30], SCA_MS(31, 15)[, 1:30], c1 = 15)"
"DPcat",405,2,15,12167,981,"productCA(SCA_LCDST(24, 15)[, 1:23], productCA(SCA_LCDST(24,      15)[, 1:23], SCA_LCDST(24, 15)[, 1:23], c1 = 15), c1 = 15)"
"DPcat",406,2,15,12696,995,"productCA(SCA_LCDST(24, 15)[, 1:23], productCA(SCA_LCDST(24,      15)[, 1:23], SCA_LCDST(25, 15)[, 1:24], c1 = 15), c1 = 15)"
"DPcat",407,2,15,13248,1009,"productCA(SCA_LCDST(24, 15)[, 1:23], productCA(SCA_LCDST(25,      15)[, 1:24], SCA_LCDST(25, 15)[, 1:24], c1 = 15), c1 = 15)"
"DPcat",408,2,15,13824,1023,"productCA(SCA_LCDST(25, 15)[, 1:24], productCA(SCA_LCDST(25,      15)[, 1:24], SCA_LCDST(25, 15)[, 1:24], c1 = 15), c1 = 15)"
"DPcat",409,2,15,14400,1037,"productCA(SCA_LCDST(25, 15)[, 1:24], productCA(SCA_LCDST(25,      15)[, 1:24], SCA_LCDST(26, 15)[, 1:25], c1 = 15), c1 = 15)"
"DPcat",410,2,15,15000,1051,"productCA(SCA_LCDST(25, 15)[, 1:24], productCA(SCA_LCDST(26,      15)[, 1:25], SCA_LCDST(26, 15)[, 1:25], c1 = 15), c1 = 15)"
"DPcat",411,2,15,15625,1065,"productCA(SCA_LCDST(26, 15)[, 1:25], productCA(SCA_LCDST(26,      15)[, 1:25], SCA_LCDST(26, 15)[, 1:25], c1 = 15), c1 = 15)"
"DPcat",412,2,15,16250,1079,"productCA(SCA_LCDST(26, 15)[, 1:25], productCA(SCA_LCDST(26,      15)[, 1:25], SCA_LCDST(27, 15)[, 1:26], c1 = 15), c1 = 15)"
"DPcat",413,2,15,16900,1093,"productCA(SCA_LCDST(26, 15)[, 1:25], productCA(SCA_LCDST(27,      15)[, 1:26], SCA_LCDST(27, 15)[, 1:26], c1 = 15), c1 = 15)"
"DPcat",414,2,15,17576,1107,"productCA(SCA_LCDST(27, 15)[, 1:26], productCA(SCA_LCDST(27,      15)[, 1:26], SCA_LCDST(27, 15)[, 1:26], c1 = 15), c1 = 15)"
"DPcat",415,2,15,18252,1121,"productCA(SCA_LCDST(27, 15)[, 1:26], productCA(SCA_LCDST(27,      15)[, 1:26], CS_CMMSSY(28, 15)[, 1:27], c1 = 15), c1 = 15)"
"DPcat",416,2,15,18954,1135,"productCA(SCA_LCDST(27, 15)[, 1:26], productCA(CS_CMMSSY(28,      15)[, 1:27], CS_CMMSSY(28, 15)[, 1:27], c1 = 15), c1 = 15)"
"DPcat",417,2,15,19683,1149,"productCA(CS_CMMSSY(28, 15)[, 1:27], productCA(CS_CMMSSY(28,      15)[, 1:27], CS_CMMSSY(28, 15)[, 1:27], c1 = 15), c1 = 15)"
"DPcat",418,2,15,20412,1163,"productCA(CS_CMMSSY(28, 15)[, 1:27], productCA(CS_CMMSSY(28,      15)[, 1:27], SCA_MS(29, 15)[, 1:28], c1 = 15), c1 = 15)"
"DPcat",419,2,16,576,736,"productCA(SCA_LCDST(25, 16)[, 1:24], SCA_LCDST(25, 16)[, 1:24],      c1 = 16)"
"DPcat",420,2,16,624,766,"productCA(SCA_LCDST(25, 16)[, 1:24], SCA_LCDST(27, 16)[, 1:26],      c1 = 16)"
"DPcat",421,2,16,648,781,"productCA(SCA_LCDST(25, 16)[, 1:24], SCA_LCDST(28, 16)[, 1:27],      c1 = 16)"
"DPcat",422,2,16,676,796,"productCA(SCA_LCDST(27, 16)[, 1:26], SCA_LCDST(27, 16)[, 1:26],      c1 = 16)"
"DPcat",423,2,16,702,811,"productCA(SCA_LCDST(27, 16)[, 1:26], SCA_LCDST(28, 16)[, 1:27],      c1 = 16)"
"DPcat",424,2,16,729,826,"productCA(SCA_LCDST(28, 16)[, 1:27], SCA_LCDST(28, 16)[, 1:27],      c1 = 16)"
"DPcat",425,2,16,756,841,"productCA(SCA_LCDST(28, 16)[, 1:27], SCA_LCDST(29, 16)[, 1:28],      c1 = 16)"
"DPcat",426,2,16,784,856,"productCA(SCA_LCDST(29, 16)[, 1:28], SCA_LCDST(29, 16)[, 1:28],      c1 = 16)"
"DPcat",427,2,16,812,871,"productCA(SCA_LCDST(29, 16)[, 1:28], SCA_MS(30, 16)[, 1:29],      c1 = 16)"
"DPcat",428,2,16,841,886,"productCA(SCA_MS(30, 16)[, 1:29], SCA_MS(30, 16)[, 1:29], c1 = 16)"
"DPcat",429,2,16,870,901,"productCA(SCA_MS(30, 16)[, 1:29], SCA_MS(31, 16)[, 1:30], c1 = 16)"
"DPcat",430,2,16,900,916,"productCA(SCA_MS(31, 16)[, 1:30], SCA_MS(31, 16)[, 1:30], c1 = 16)"
"DPcat",431,2,16,930,931,"productCA(SCA_MS(31, 16)[, 1:30], SCA_MS(32, 16)[, 1:31], c1 = 16)"
"DPcat",432,2,16,961,946,"productCA(SCA_MS(32, 16)[, 1:31], SCA_MS(32, 16)[, 1:31], c1 = 16)"
"DPcat",433,2,16,992,961,"productCA(SCA_MS(32, 16)[, 1:31], SCA_MS(33, 16)[, 1:32], c1 = 16)"
"DPcat",434,2,16,9216,976,"productCA(SCA_Bose(16)[, 1:16], productCA(SCA_LCDST(25, 16)[,      1:24], SCA_LCDST(25, 16)[, 1:24], c1 = 16), c1 = 16)"
"DPcat",435,2,16,9984,1006,"productCA(SCA_Bose(16)[, 1:16], productCA(SCA_LCDST(25, 16)[,      1:24], SCA_LCDST(27, 16)[, 1:26], c1 = 16), c1 = 16)"
"DPcat",436,2,16,10368,1021,"productCA(SCA_Bose(16)[, 1:16], productCA(SCA_LCDST(25, 16)[,      1:24], SCA_LCDST(28, 16)[, 1:27], c1 = 16), c1 = 16)"
"DPcat",437,2,16,10816,1036,"productCA(SCA_Bose(16)[, 1:16], productCA(SCA_LCDST(27, 16)[,      1:26], SCA_LCDST(27, 16)[, 1:26], c1 = 16), c1 = 16)"
"DPcat",438,2,16,11232,1051,"productCA(SCA_Bose(16)[, 1:16], productCA(SCA_LCDST(27, 16)[,      1:26], SCA_LCDST(28, 16)[, 1:27], c1 = 16), c1 = 16)"
"DPcat",439,2,16,11664,1066,"productCA(SCA_Bose(16)[, 1:16], productCA(SCA_LCDST(28, 16)[,      1:27], SCA_LCDST(28, 16)[, 1:27], c1 = 16), c1 = 16)"
"DPcat",440,2,16,12096,1081,"productCA(SCA_Bose(16)[, 1:16], productCA(SCA_LCDST(28, 16)[,      1:27], SCA_LCDST(29, 16)[, 1:28], c1 = 16), c1 = 16)"
"DPcat",441,2,16,13824,1096,"productCA(SCA_LCDST(25, 16)[, 1:24], productCA(SCA_LCDST(25,      16)[, 1:24], SCA_LCDST(25, 16)[, 1:24], c1 = 16), c1 = 16)"
"DPcat",442,2,16,14976,1126,"productCA(SCA_LCDST(25, 16)[, 1:24], productCA(SCA_LCDST(25,      16)[, 1:24], SCA_LCDST(27, 16)[, 1:26], c1 = 16), c1 = 16)"
"DPcat",443,2,16,15552,1141,"productCA(SCA_LCDST(25, 16)[, 1:24], productCA(SCA_LCDST(25,      16)[, 1:24], SCA_LCDST(28, 16)[, 1:27], c1 = 16), c1 = 16)"
"DPcat",444,2,16,16224,1156,"productCA(SCA_LCDST(25, 16)[, 1:24], productCA(SCA_LCDST(27,      16)[, 1:26], SCA_LCDST(27, 16)[, 1:26], c1 = 16), c1 = 16)"
"DPcat",445,2,16,16848,1171,"productCA(SCA_LCDST(25, 16)[, 1:24], productCA(SCA_LCDST(27,      16)[, 1:26], SCA_LCDST(28, 16)[, 1:27], c1 = 16), c1 = 16)"
"DPcat",446,2,16,17576,1186,"productCA(SCA_LCDST(27, 16)[, 1:26], productCA(SCA_LCDST(27,      16)[, 1:26], SCA_LCDST(27, 16)[, 1:26], c1 = 16), c1 = 16)"
"DPcat",447,2,16,18252,1201,"productCA(SCA_LCDST(27, 16)[, 1:26], productCA(SCA_LCDST(27,      16)[, 1:26], SCA_LCDST(28, 16)[, 1:27], c1 = 16), c1 = 16)"
"DPcat",448,2,16,147456,1216,"productCA(SCA_Bose(16)[, 1:16], productCA(SCA_Bose(16)[, 1:16],      productCA(SCA_LCDST(25, 16)[, 1:24], SCA_LCDST(25, 16)[,          1:24], c1 = 16), c1 = 16), c1 = 16)"
"DPcat",449,2,17,900,977,"productCA(SCA_LCDST(31, 17)[, 1:30], SCA_LCDST(31, 17)[, 1:30],      c1 = 17)"
"DPcat",450,2,17,930,993,"productCA(SCA_LCDST(31, 17)[, 1:30], CS_CMMSSY(32, 17)[, 1:31],      c1 = 17)"
"DPcat",451,2,17,961,1009,"productCA(CS_CMMSSY(32, 17)[, 1:31], CS_CMMSSY(32, 17)[, 1:31],      c1 = 17)"
"DPcat",452,2,17,992,1025,"productCA(CS_CMMSSY(32, 17)[, 1:31], SCA_MS(33, 17)[, 1:32],      c1 = 17)"
"DPcat",453,2,17,1024,1041,"productCA(SCA_MS(33, 17)[, 1:32], SCA_MS(33, 17)[, 1:32], c1 = 17)"
"DPcat",454,2,17,1056,1057,"productCA(SCA_MS(33, 17)[, 1:32], SCA_MS(34, 17)[, 1:33], c1 = 17)"
"DPcat",455,2,17,1089,1073,"productCA(SCA_MS(34, 17)[, 1:33], SCA_MS(34, 17)[, 1:33], c1 = 17)"
"DPcat",456,2,17,15300,1249,"productCA(SCA_Bose(17)[, 1:17], productCA(SCA_LCDST(31, 17)[,      1:30], SCA_LCDST(31, 17)[, 1:30], c1 = 17), c1 = 17)"
"DPcat",457,2,17,15810,1265,"productCA(SCA_Bose(17)[, 1:17], productCA(SCA_LCDST(31, 17)[,      1:30], CS_CMMSSY(32, 17)[, 1:31], c1 = 17), c1 = 17)"
"DPcat",458,2,17,16337,1281,"productCA(SCA_Bose(17)[, 1:17], productCA(CS_CMMSSY(32, 17)[,      1:31], CS_CMMSSY(32, 17)[, 1:31], c1 = 17), c1 = 17)"
"DPcat",459,2,17,16864,1297,"productCA(SCA_Bose(17)[, 1:17], productCA(CS_CMMSSY(32, 17)[,      1:31], SCA_MS(33, 17)[, 1:32], c1 = 17), c1 = 17)"
"DPcat",460,2,17,17408,1313,"productCA(SCA_Bose(17)[, 1:17], productCA(SCA_MS(33, 17)[, 1:32],      SCA_MS(33, 17)[, 1:32], c1 = 17), c1 = 17)"
"DPcat",461,2,17,17952,1329,"productCA(SCA_Bose(17)[, 1:17], productCA(SCA_MS(33, 17)[, 1:32],      SCA_MS(34, 17)[, 1:33], c1 = 17), c1 = 17)"
"DPcat",462,2,17,18513,1345,"productCA(SCA_Bose(17)[, 1:17], productCA(SCA_MS(34, 17)[, 1:33],      SCA_MS(34, 17)[, 1:33], c1 = 17), c1 = 17)"
"DPcat",463,2,17,27000,1457,"productCA(SCA_LCDST(31, 17)[, 1:30], productCA(SCA_LCDST(31,      17)[, 1:30], SCA_LCDST(31, 17)[, 1:30], c1 = 17), c1 = 17)"
"DPcat",464,2,18,961,1072,"productCA(SCA_LCDST(32, 18)[, 1:31], SCA_LCDST(32, 18)[, 1:31],      c1 = 18)"
"DPcat",465,2,18,1023,1106,"productCA(SCA_LCDST(32, 18)[, 1:31], SCA_LCDST(34, 18)[, 1:33],      c1 = 18)"
"DPcat",466,2,18,1054,1123,"productCA(SCA_LCDST(32, 18)[, 1:31], SCA_MS(35, 18)[, 1:34],      c1 = 18)"
"DPcat",467,2,18,1089,1140,"productCA(SCA_LCDST(34, 18)[, 1:33], SCA_LCDST(34, 18)[, 1:33],      c1 = 18)"
"DPcat",468,2,18,1122,1157,"productCA(SCA_LCDST(34, 18)[, 1:33], SCA_MS(35, 18)[, 1:34],      c1 = 18)"
"DPcat",469,2,18,1156,1174,"productCA(SCA_MS(35, 18)[, 1:34], SCA_MS(35, 18)[, 1:34], c1 = 18)"
"DPcat",470,2,18,1190,1191,"productCA(SCA_MS(35, 18)[, 1:34], SCA_MS(36, 18)[, 1:35], c1 = 18)"
"DPcat",471,2,18,1225,1208,"productCA(SCA_MS(36, 18)[, 1:35], SCA_MS(36, 18)[, 1:35], c1 = 18)"
"DPcat",472,2,18,1260,1225,"productCA(SCA_MS(36, 18)[, 1:35], SCA_MS(37, 18)[, 1:36], c1 = 18)"
"DPcat",473,2,18,1296,1242,"productCA(SCA_MS(37, 18)[, 1:36], SCA_MS(37, 18)[, 1:36], c1 = 18)"
"DPcat",474,2,18,29791,1599,"productCA(SCA_LCDST(32, 18)[, 1:31], productCA(SCA_LCDST(32,      18)[, 1:31], SCA_LCDST(32, 18)[, 1:31], c1 = 18), c1 = 18)"
"DPcat",475,2,19,1225,1279,"productCA(SCA_LCDST(36, 19)[, 1:35], SCA_LCDST(36, 19)[, 1:35],      c1 = 19)"
"DPcat",476,2,19,23275,1621,"productCA(SCA_Bose(19)[, 1:19], productCA(SCA_LCDST(36, 19)[,      1:35], SCA_LCDST(36, 19)[, 1:35], c1 = 19), c1 = 19)"
"DPcat",477,2,20,1369,1426,"productCA(SCA_LCDST(38, 20)[, 1:37], SCA_LCDST(38, 20)[, 1:37],      c1 = 20)"
"DPcat",478,2,20,1406,1445,"productCA(SCA_LCDST(38, 20)[, 1:37], SCA_LCDST(39, 20)[, 1:38],      c1 = 20)"
"DPcat",479,2,20,1444,1464,"productCA(SCA_LCDST(39, 20)[, 1:38], SCA_LCDST(39, 20)[, 1:38],      c1 = 20)"
"DPcat",480,2,20,50653,2129,"productCA(SCA_LCDST(38, 20)[, 1:37], productCA(SCA_LCDST(38,      20)[, 1:37], SCA_LCDST(38, 20)[, 1:37], c1 = 20), c1 = 20)"
"DPcat",481,2,21,1681,1661,"productCA(SCA_LCDST(42, 21)[, 1:41], SCA_LCDST(42, 21)[, 1:41],      c1 = 21)"
"DPcat",482,2,21,68921,2481,"productCA(SCA_LCDST(42, 21)[, 1:41], productCA(SCA_LCDST(42,      21)[, 1:41], SCA_LCDST(42, 21)[, 1:41], c1 = 21), c1 = 21)"
"DPcat",483,2,22,1849,1828,"productCA(SCA_LCDST(44, 22)[, 1:43], SCA_LCDST(44, 22)[, 1:43],      c1 = 22)"
"DPcat",484,2,22,79507,2731,"productCA(SCA_LCDST(44, 22)[, 1:43], productCA(SCA_LCDST(44,      22)[, 1:43], SCA_LCDST(44, 22)[, 1:43], c1 = 22), c1 = 22)"
"PCAcat",1,2,3,24,19,"productPCA(SCA_LCDST(5, 3), SCA_LCDST(5, 3))"
"PCAcat",2,2,3,40,21,"productPCA(SCA_LCDST(5, 3), miscCA(2, 9, 3))"
"PCAcat",3,2,3,43,22,"productPCA(SCA_LCDST(5, 3), miscCA(2, 10, 3))"
"PCAcat",4,2,3,56,23,"productPCA(miscCA(2, 9, 3), miscCA(2, 9, 3))"
"PCAcat",5,2,3,88,25,"productPCA(SCA_Bose(3), productPCA(SCA_LCDST(5, 3), SCA_LCDST(5,      3)))"
"PCAcat",6,2,3,136,27,"productPCA(SCA_Bose(3), productPCA(SCA_LCDST(5, 3), miscCA(2,      9, 3)))"
"PCAcat",7,2,3,141,28,"productPCA(SCA_Bose(3), productPCA(SCA_LCDST(5, 3), miscCA(2,      10, 3)))"
"PCAcat",8,2,3,184,29,"productPCA(SCA_Bose(3), productPCA(miscCA(2, 9, 3), miscCA(2,      9, 3)))"
"PCAcat",9,2,3,312,31,"productPCA(SCA_Bose(3), productPCA(SCA_Bose(3), productPCA(SCA_LCDST(5,      3), SCA_LCDST(5, 3))))"
"PCAcat",10,2,3,456,33,"productPCA(SCA_Bose(3), productPCA(SCA_Bose(3), productPCA(SCA_LCDST(5,      3), miscCA(2, 9, 3))))"
"PCAcat",11,2,3,459,34,"productPCA(SCA_Bose(3), productPCA(SCA_Bose(3), productPCA(SCA_LCDST(5,      3), miscCA(2, 10, 3))))"
"PCAcat",12,2,3,600,35,"productPCA(SCA_Bose(3), productPCA(SCA_Bose(3), productPCA(miscCA(2,      9, 3), miscCA(2, 9, 3))))"
"PCAcat",13,2,3,1080,37,"productPCA(SCA_Bose(3), productPCA(SCA_Bose(3), productPCA(SCA_Bose(3),      productPCA(SCA_LCDST(5, 3), SCA_LCDST(5, 3)))))"
"PCAcat",14,2,3,1512,39,"productPCA(SCA_Bose(3), productPCA(SCA_Bose(3), productPCA(SCA_Bose(3),      productPCA(SCA_LCDST(5, 3), miscCA(2, 9, 3)))))"
"PCAcat",15,2,3,1968,41,"productPCA(SCA_LCDST(5, 3), productPCA(SCA_Bose(3), productPCA(SCA_Bose(3),      productPCA(SCA_LCDST(5, 3), miscCA(2, 9, 3)))))"
"PCAcat",16,2,3,3672,43,"productPCA(SCA_Bose(3), productPCA(SCA_Bose(3), productPCA(SCA_Bose(3),      productPCA(SCA_Bose(3), productPCA(SCA_LCDST(5, 3), SCA_LCDST(5,          3))))))"
"PCAcat",17,2,3,4968,45,"productPCA(SCA_Bose(3), productPCA(SCA_Bose(3), productPCA(SCA_Bose(3),      productPCA(SCA_Bose(3), productPCA(SCA_LCDST(5, 3), miscCA(2,          9, 3))))))"
"PCAcat",18,2,3,6480,47,"productPCA(SCA_LCDST(5, 3), productPCA(SCA_Bose(3), productPCA(SCA_Bose(3),      productPCA(SCA_Bose(3), productPCA(SCA_LCDST(5, 3), miscCA(2,          9, 3))))))"
"PCAcat",19,2,3,8448,49,"productPCA(SCA_LCDST(5, 3), productPCA(SCA_LCDST(5, 3), productPCA(SCA_Bose(3),      productPCA(SCA_Bose(3), productPCA(SCA_LCDST(5, 3), miscCA(2,          9, 3))))))"
"PCAcat",20,2,3,11008,51,"productPCA(SCA_LCDST(5, 3), productPCA(miscCA(2, 9, 3), productPCA(SCA_LCDST(5,      3), productPCA(SCA_Bose(3), productPCA(SCA_LCDST(5, 3), SCA_LCDST(5,      3))))))"
"PCAcat",21,2,3,14336,53,"productPCA(miscCA(2, 9, 3), productPCA(SCA_LCDST(5, 3), productPCA(SCA_LCDST(5,      3), productPCA(SCA_LCDST(5, 3), productPCA(SCA_LCDST(5, 3),      SCA_LCDST(5, 3))))))"
"PCAcat",22,2,3,18432,55,"productPCA(SCA_LCDST(5, 3), productPCA(SCA_LCDST(5, 3), productPCA(SCA_LCDST(5,      3), productPCA(SCA_LCDST(5, 3), productPCA(miscCA(2, 9, 3),      miscCA(2, 9, 3))))))"
"PCAcat",23,2,3,22784,57,"productPCA(CS_CMMSSY(6, 3), productPCA(SCA_LCDST(5, 3), productPCA(SCA_LCDST(5,      3), productPCA(SCA_LCDST(5, 3), productPCA(miscCA(2, 9, 3),      miscCA(2, 9, 3))))))"
"PCAcat",24,2,4,35,34,"productPCA(SCA_LCDST(6, 4), SCA_LCDST(6, 4))"
"PCAcat",25,2,4,41,36,"productPCA(SCA_LCDST(6, 4), miscCA(2, 7, 4))"
"PCAcat",26,2,4,48,38,"productPCA(miscCA(2, 7, 4), miscCA(2, 7, 4))"
"PCAcat",27,2,4,54,40,"productPCA(miscCA(2, 7, 4), miscCA(2, 8, 4))"
"PCAcat",28,2,4,86,41,"productPCA(SCA_LCDST(6, 4), miscCA(2, 15, 4))"
"PCAcat",29,2,4,101,43,"productPCA(miscCA(2, 7, 4), miscCA(2, 15, 4))"
"PCAcat",30,2,4,112,45,"productPCA(miscCA(2, 8, 4), miscCA(2, 15, 4))"
"PCAcat",31,2,4,165,46,"productPCA(SCA_Bose(4), productPCA(SCA_LCDST(6, 4), SCA_LCDST(6,      4)))"
"PCAcat",32,2,4,209,48,"productPCA(miscCA(2, 15, 4), miscCA(2, 15, 4))"
"PCAcat",33,2,4,228,50,"productPCA(SCA_Bose(4), productPCA(miscCA(2, 7, 4), miscCA(2,      7, 4)))"
"PCAcat",34,2,4,235,51,"productPCA(SCA_LCDST(6, 4), productPCA(SCA_LCDST(6, 4), miscCA(2,      7, 4)))"
"PCAcat",35,2,4,252,52,"productPCA(SCA_Bose(4), productPCA(miscCA(2, 7, 4), miscCA(2,      8, 4)))"
"PCAcat",36,2,4,399,53,"productPCA(SCA_Bose(4), productPCA(SCA_LCDST(6, 4), miscCA(2,      15, 4)))"
"PCAcat",37,2,4,470,55,"productPCA(SCA_Bose(4), productPCA(miscCA(2, 7, 4), miscCA(2,      15, 4)))"
"PCAcat",38,2,4,485,56,"productPCA(SCA_LCDST(6, 4), productPCA(SCA_LCDST(6, 4), miscCA(2,      15, 4)))"
"PCAcat",39,2,4,514,57,"productPCA(SCA_Bose(4), productPCA(miscCA(2, 8, 4), miscCA(2,      15, 4)))"
"PCAcat",40,2,4,760,58,"productPCA(SCA_Bose(4), productPCA(SCA_Bose(4), productPCA(SCA_LCDST(6,      4), SCA_LCDST(6, 4))))"
"PCAcat",41,2,4,957,60,"productPCA(SCA_Bose(4), productPCA(miscCA(2, 15, 4), miscCA(2,      15, 4)))"
"PCAcat",42,2,4,1056,62,"productPCA(SCA_Bose(4), productPCA(SCA_Bose(4), productPCA(miscCA(2,      7, 4), miscCA(2, 7, 4))))"
"PCAcat",43,2,4,1166,63,"productPCA(SCA_LCDST(6, 4), productPCA(miscCA(2, 15, 4), miscCA(2,      15, 4)))"
"PCAcat",44,2,4,1816,65,"productPCA(SCA_Bose(4), productPCA(SCA_Bose(4), productPCA(SCA_LCDST(6,      4), miscCA(2, 15, 4))))"
"PCAcat",45,2,4,2144,67,"productPCA(SCA_Bose(4), productPCA(SCA_Bose(4), productPCA(miscCA(2,      7, 4), miscCA(2, 15, 4))))"
"PCAcat",46,2,4,2215,68,"productPCA(SCA_LCDST(6, 4), productPCA(SCA_Bose(4), productPCA(SCA_LCDST(6,      4), miscCA(2, 15, 4))))"
"PCAcat",47,2,4,2320,69,"productPCA(SCA_Bose(4), productPCA(SCA_Bose(4), productPCA(miscCA(2,      8, 4), miscCA(2, 15, 4))))"
"PCAcat",48,2,4,3440,70,"productPCA(SCA_Bose(4), productPCA(SCA_Bose(4), productPCA(SCA_Bose(4),      productPCA(SCA_LCDST(6, 4), SCA_LCDST(6, 4)))))"
"PCAcat",49,2,4,4312,72,"productPCA(SCA_Bose(4), productPCA(SCA_Bose(4), productPCA(miscCA(2,      15, 4), miscCA(2, 15, 4))))"
"PCAcat",50,2,4,4800,74,"productPCA(SCA_Bose(4), productPCA(SCA_Bose(4), productPCA(SCA_Bose(4),      productPCA(miscCA(2, 7, 4), miscCA(2, 7, 4)))))"
"PCAcat",51,2,4,5269,75,"productPCA(SCA_LCDST(6, 4), productPCA(SCA_Bose(4), productPCA(miscCA(2,      15, 4), miscCA(2, 15, 4))))"
"PCAcat",52,2,4,8144,77,"productPCA(SCA_Bose(4), productPCA(SCA_Bose(4), productPCA(SCA_Bose(4),      productPCA(SCA_LCDST(6, 4), miscCA(2, 15, 4)))))"
"PCAcat",53,2,4,9632,79,"productPCA(SCA_Bose(4), productPCA(SCA_Bose(4), productPCA(SCA_Bose(4),      productPCA(miscCA(2, 7, 4), miscCA(2, 15, 4)))))"
"PCAcat",54,2,4,9960,80,"productPCA(SCA_LCDST(6, 4), productPCA(SCA_Bose(4), productPCA(SCA_Bose(4),      productPCA(SCA_LCDST(6, 4), miscCA(2, 15, 4)))))"
"PCAcat",55,2,4,10336,81,"productPCA(SCA_Bose(4), productPCA(SCA_Bose(4), productPCA(SCA_Bose(4),      productPCA(miscCA(2, 8, 4), miscCA(2, 15, 4)))))"
"PCAcat",56,2,4,15360,82,"productPCA(SCA_Bose(4), productPCA(SCA_Bose(4), productPCA(SCA_Bose(4),      productPCA(SCA_Bose(4), productPCA(SCA_LCDST(6, 4), SCA_LCDST(6,          4))))))"
"PCAcat",57,2,4,19184,84,"productPCA(SCA_Bose(4), productPCA(SCA_Bose(4), productPCA(SCA_Bose(4),      productPCA(miscCA(2, 15, 4), miscCA(2, 15, 4)))))"
"PCAcat",58,2,4,21504,86,"productPCA(SCA_Bose(4), productPCA(SCA_Bose(4), productPCA(SCA_Bose(4),      productPCA(SCA_Bose(4), productPCA(miscCA(2, 7, 4), miscCA(2,          7, 4))))))"
"PCAcat",59,2,5,35,45,"productPCA(CS_CMMSSY(6, 5), CS_CMMSSY(6, 5))"
"PCAcat",60,2,5,41,49,"productPCA(CS_CMMSSY(6, 5), CS_CMMSSY(7, 5))"
"PCAcat",61,2,5,48,53,"productPCA(CS_CMMSSY(7, 5), CS_CMMSSY(7, 5))"
"PCAcat",62,2,5,53,55,"productPCA(CS_CMMSSY(6, 5), miscCA(2, 9, 5))"
"PCAcat",63,2,5,55,57,"productPCA(CS_CMMSSY(7, 5), CS_CMMSSY(8, 5))"
"PCAcat",64,2,5,62,59,"productPCA(CS_CMMSSY(7, 5), miscCA(2, 9, 5))"
"PCAcat",65,2,5,63,61,"productPCA(CS_CMMSSY(8, 5), CS_CMMSSY(8, 5))"
"PCAcat",66,2,5,71,63,"productPCA(CS_CMMSSY(8, 5), miscCA(2, 9, 5))"
"PCAcat",67,2,5,200,65,"productPCA(CS_CMMSSY(6, 5), productPCA(CS_CMMSSY(6, 5), CS_CMMSSY(6,      5)))"
"PCAcat",68,2,5,235,69,"productPCA(CS_CMMSSY(6, 5), productPCA(CS_CMMSSY(6, 5), CS_CMMSSY(7,      5)))"
"PCAcat",69,2,5,276,73,"productPCA(CS_CMMSSY(6, 5), productPCA(CS_CMMSSY(7, 5), CS_CMMSSY(7,      5)))"
"PCAcat",70,2,5,305,75,"productPCA(CS_CMMSSY(6, 5), productPCA(CS_CMMSSY(6, 5), miscCA(2,      9, 5)))"
"PCAcat",71,2,5,324,77,"productPCA(CS_CMMSSY(7, 5), productPCA(CS_CMMSSY(7, 5), CS_CMMSSY(7,      5)))"
"PCAcat",72,2,5,358,79,"productPCA(CS_CMMSSY(6, 5), productPCA(CS_CMMSSY(7, 5), miscCA(2,      9, 5)))"
"PCAcat",73,2,5,372,81,"productPCA(CS_CMMSSY(7, 5), productPCA(CS_CMMSSY(7, 5), CS_CMMSSY(8,      5)))"
"PCAcat",74,2,5,420,83,"productPCA(CS_CMMSSY(7, 5), productPCA(CS_CMMSSY(7, 5), miscCA(2,      9, 5)))"
"PCAcat",75,2,5,1125,85,"productPCA(CS_CMMSSY(6, 5), productPCA(CS_CMMSSY(6, 5), productPCA(CS_CMMSSY(6,      5), CS_CMMSSY(6, 5))))"
"PCAcat",76,2,5,1325,89,"productPCA(CS_CMMSSY(6, 5), productPCA(CS_CMMSSY(6, 5), productPCA(CS_CMMSSY(6,      5), CS_CMMSSY(7, 5))))"
"PCAcat",77,2,5,1560,93,"productPCA(CS_CMMSSY(6, 5), productPCA(CS_CMMSSY(6, 5), productPCA(CS_CMMSSY(7,      5), CS_CMMSSY(7, 5))))"
"PCAcat",78,2,5,1725,95,"productPCA(CS_CMMSSY(6, 5), productPCA(CS_CMMSSY(6, 5), productPCA(CS_CMMSSY(6,      5), miscCA(2, 9, 5))))"
"PCAcat",79,2,5,1836,97,"productPCA(CS_CMMSSY(6, 5), productPCA(CS_CMMSSY(7, 5), productPCA(CS_CMMSSY(7,      5), CS_CMMSSY(7, 5))))"
"PCAcat",80,2,5,2030,99,"productPCA(CS_CMMSSY(6, 5), productPCA(CS_CMMSSY(6, 5), productPCA(CS_CMMSSY(7,      5), miscCA(2, 9, 5))))"
"PCAcat",81,2,5,2160,101,"productPCA(CS_CMMSSY(7, 5), productPCA(CS_CMMSSY(7, 5), productPCA(CS_CMMSSY(7,      5), CS_CMMSSY(7, 5))))"
"PCAcat",82,2,5,2388,103,"productPCA(CS_CMMSSY(6, 5), productPCA(CS_CMMSSY(7, 5), productPCA(CS_CMMSSY(7,      5), miscCA(2, 9, 5))))"
"PCAcat",83,2,5,6250,105,"productPCA(CS_CMMSSY(6, 5), productPCA(CS_CMMSSY(6, 5), productPCA(CS_CMMSSY(6,      5), productPCA(CS_CMMSSY(6, 5), CS_CMMSSY(6, 5)))))"
"PCAcat",84,2,5,7375,109,"productPCA(CS_CMMSSY(6, 5), productPCA(CS_CMMSSY(6, 5), productPCA(CS_CMMSSY(6,      5), productPCA(CS_CMMSSY(6, 5), CS_CMMSSY(7, 5)))))"
"PCAcat",85,2,5,8700,113,"productPCA(CS_CMMSSY(6, 5), productPCA(CS_CMMSSY(6, 5), productPCA(CS_CMMSSY(6,      5), productPCA(CS_CMMSSY(7, 5), CS_CMMSSY(7, 5)))))"
"PCAcat",86,2,5,9625,115,"productPCA(CS_CMMSSY(6, 5), productPCA(CS_CMMSSY(6, 5), productPCA(CS_CMMSSY(6,      5), productPCA(CS_CMMSSY(6, 5), miscCA(2, 9, 5)))))"
"PCAcat",87,2,5,10260,117,"productPCA(CS_CMMSSY(6, 5), productPCA(CS_CMMSSY(6, 5), productPCA(CS_CMMSSY(7,      5), productPCA(CS_CMMSSY(7, 5), CS_CMMSSY(7, 5)))))"
"PCAcat",88,2,5,11350,119,"productPCA(CS_CMMSSY(6, 5), productPCA(CS_CMMSSY(6, 5), productPCA(CS_CMMSSY(6,      5), productPCA(CS_CMMSSY(7, 5), miscCA(2, 9, 5)))))"
"PCAcat",89,2,5,12096,121,"productPCA(CS_CMMSSY(6, 5), productPCA(CS_CMMSSY(7, 5), productPCA(CS_CMMSSY(7,      5), productPCA(CS_CMMSSY(7, 5), CS_CMMSSY(7, 5)))))"
"PCAcat",90,2,5,13380,123,"productPCA(CS_CMMSSY(6, 5), productPCA(CS_CMMSSY(6, 5), productPCA(CS_CMMSSY(7,      5), productPCA(CS_CMMSSY(7, 5), miscCA(2, 9, 5)))))"
"PCAcat",91,2,5,34375,125,"productPCA(CS_CMMSSY(6, 5), productPCA(CS_CMMSSY(6, 5), productPCA(CS_CMMSSY(6,      5), productPCA(CS_CMMSSY(6, 5), productPCA(CS_CMMSSY(6, 5),      CS_CMMSSY(6, 5))))))"
"PCAcat",92,2,6,9,66,"productPCA(CA_to_PCA(miscCA(2, 3, 6)), CA_to_PCA(miscCA(2, 3,      6)))"
"PCAcat",93,2,6,12,67,"productPCA(CA_to_PCA(miscCA(2, 3, 6)), miscCA(2, 4, 6))"
"PCAcat",94,2,6,15,68,"productPCA(miscCA(2, 4, 6), miscCA(2, 4, 6))"
"PCAcat",95,2,6,19,70,"productPCA(miscCA(2, 4, 6), miscCA(2, 5, 6))"
"PCAcat",96,2,6,24,72,"productPCA(miscCA(2, 4, 6), miscCA(2, 6, 6))"
"PCAcat",97,2,6,30,74,"productPCA(miscCA(2, 5, 6), miscCA(2, 6, 6))"
"PCAcat",98,2,6,36,76,"productPCA(miscCA(2, 6, 6), miscCA(2, 6, 6))"
"PCAcat",99,2,6,44,79,"productPCA(miscCA(2, 5, 6), CS_CMMSSY(9, 6))"
"PCAcat",100,2,6,54,81,"productPCA(miscCA(2, 6, 6), CS_CMMSSY(9, 6))"
"PCAcat",101,2,6,80,86,"productPCA(CS_CMMSSY(9, 6), CS_CMMSSY(9, 6))"
"PCAcat",102,2,6,89,91,"productPCA(CS_CMMSSY(9, 6), CS_CMMSSY(10, 6))"
"PCAcat",103,2,6,99,96,"productPCA(CS_CMMSSY(10, 6), CS_CMMSSY(10, 6))"
"PCAcat",104,2,6,109,101,"productPCA(CS_CMMSSY(10, 6), CS_CMMSSY(11, 6))"
"PCAcat",105,2,6,114,105,"productPCA(miscCA(2, 4, 6), productPCA(miscCA(2, 5, 6), miscCA(2,      6, 6)))"
"PCAcat",106,2,6,120,106,"productPCA(CS_CMMSSY(11, 6), CS_CMMSSY(11, 6))"
"PCAcat",107,2,6,144,107,"productPCA(miscCA(2, 4, 6), productPCA(miscCA(2, 6, 6), miscCA(2,      6, 6)))"
"PCAcat",108,2,6,180,109,"productPCA(miscCA(2, 5, 6), productPCA(miscCA(2, 6, 6), miscCA(2,      6, 6)))"
"PCAcat",109,2,6,216,111,"productPCA(miscCA(2, 6, 6), productPCA(miscCA(2, 6, 6), miscCA(2,      6, 6)))"
"PCAcat",110,2,6,264,114,"productPCA(miscCA(2, 5, 6), productPCA(miscCA(2, 6, 6), CS_CMMSSY(9,      6)))"
"PCAcat",111,2,6,324,116,"productPCA(miscCA(2, 6, 6), productPCA(miscCA(2, 6, 6), CS_CMMSSY(9,      6)))"
"PCAcat",112,2,6,384,119,"productPCA(miscCA(2, 5, 6), productPCA(CS_CMMSSY(9, 6), CS_CMMSSY(9,      6)))"
"PCAcat",113,2,6,480,121,"productPCA(miscCA(2, 6, 6), productPCA(CS_CMMSSY(9, 6), CS_CMMSSY(9,      6)))"
"PCAcat",114,2,6,704,126,"productPCA(CS_CMMSSY(9, 6), productPCA(CS_CMMSSY(9, 6), CS_CMMSSY(9,      6)))"
"PCAcat",115,2,6,784,131,"productPCA(CS_CMMSSY(9, 6), productPCA(CS_CMMSSY(9, 6), CS_CMMSSY(10,      6)))"
"PCAcat",116,2,6,873,136,"productPCA(CS_CMMSSY(9, 6), productPCA(CS_CMMSSY(10, 6), CS_CMMSSY(10,      6)))"
"PCAcat",117,2,6,972,141,"productPCA(CS_CMMSSY(10, 6), productPCA(CS_CMMSSY(10, 6), CS_CMMSSY(10,      6)))"
"PCAcat",118,2,6,1080,144,"productPCA(miscCA(2, 5, 6), productPCA(miscCA(2, 6, 6), productPCA(miscCA(2,      6, 6), miscCA(2, 6, 6))))"
"PCAcat",119,2,6,1296,146,"productPCA(miscCA(2, 6, 6), productPCA(miscCA(2, 6, 6), productPCA(miscCA(2,      6, 6), miscCA(2, 6, 6))))"
"PCAcat",120,2,6,1584,149,"productPCA(miscCA(2, 5, 6), productPCA(miscCA(2, 6, 6), productPCA(miscCA(2,      6, 6), CS_CMMSSY(9, 6))))"
"PCAcat",121,2,6,1944,151,"productPCA(miscCA(2, 6, 6), productPCA(miscCA(2, 6, 6), productPCA(miscCA(2,      6, 6), CS_CMMSSY(9, 6))))"
"PCAcat",122,2,6,2304,154,"productPCA(miscCA(2, 5, 6), productPCA(miscCA(2, 6, 6), productPCA(CS_CMMSSY(9,      6), CS_CMMSSY(9, 6))))"
"PCAcat",123,2,6,2880,156,"productPCA(miscCA(2, 6, 6), productPCA(miscCA(2, 6, 6), productPCA(CS_CMMSSY(9,      6), CS_CMMSSY(9, 6))))"
"PCAcat",124,2,6,3328,159,"productPCA(miscCA(2, 5, 6), productPCA(CS_CMMSSY(9, 6), productPCA(CS_CMMSSY(9,      6), CS_CMMSSY(9, 6))))"
"PCAcat",125,2,6,4224,161,"productPCA(miscCA(2, 6, 6), productPCA(CS_CMMSSY(9, 6), productPCA(CS_CMMSSY(9,      6), CS_CMMSSY(9, 6))))"
"PCAcat",126,2,6,6144,166,"productPCA(CS_CMMSSY(9, 6), productPCA(CS_CMMSSY(9, 6), productPCA(CS_CMMSSY(9,      6), CS_CMMSSY(9, 6))))"
"PCAcat",127,2,6,6848,171,"productPCA(CS_CMMSSY(9, 6), productPCA(CS_CMMSSY(9, 6), productPCA(CS_CMMSSY(9,      6), CS_CMMSSY(10, 6))))"
"PCAcat",128,2,6,7632,176,"productPCA(CS_CMMSSY(9, 6), productPCA(CS_CMMSSY(9, 6), productPCA(CS_CMMSSY(10,      6), CS_CMMSSY(10, 6))))"
"PCAcat",129,2,6,8505,181,"productPCA(CS_CMMSSY(9, 6), productPCA(CS_CMMSSY(10, 6), productPCA(CS_CMMSSY(10,      6), CS_CMMSSY(10, 6))))"
"PCAcat",130,2,6,9504,184,"productPCA(miscCA(2, 5, 6), productPCA(miscCA(2, 6, 6), productPCA(miscCA(2,      6, 6), productPCA(miscCA(2, 6, 6), CS_CMMSSY(9, 6)))))"
"PCAcat",131,2,6,11664,186,"productPCA(miscCA(2, 6, 6), productPCA(miscCA(2, 6, 6), productPCA(miscCA(2,      6, 6), productPCA(miscCA(2, 6, 6), CS_CMMSSY(9, 6)))))"
"PCAcat",132,2,6,13824,189,"productPCA(miscCA(2, 5, 6), productPCA(miscCA(2, 6, 6), productPCA(miscCA(2,      6, 6), productPCA(CS_CMMSSY(9, 6), CS_CMMSSY(9, 6)))))"
"PCAcat",133,2,6,17280,191,"productPCA(miscCA(2, 6, 6), productPCA(miscCA(2, 6, 6), productPCA(miscCA(2,      6, 6), productPCA(CS_CMMSSY(9, 6), CS_CMMSSY(9, 6)))))"
"PCAcat",134,2,6,19968,194,"productPCA(miscCA(2, 5, 6), productPCA(miscCA(2, 6, 6), productPCA(CS_CMMSSY(9,      6), productPCA(CS_CMMSSY(9, 6), CS_CMMSSY(9, 6)))))"
"PCAcat",135,2,6,25344,196,"productPCA(miscCA(2, 6, 6), productPCA(miscCA(2, 6, 6), productPCA(CS_CMMSSY(9,      6), productPCA(CS_CMMSSY(9, 6), CS_CMMSSY(9, 6)))))"
"PCAcat",136,2,7,63,91,"productPCA(CS_CMMSSY(8, 7), CS_CMMSSY(8, 7))"
"PCAcat",137,2,7,79,103,"productPCA(CS_CMMSSY(8, 7), CS_CMMSSY(10, 7))"
"PCAcat",138,2,7,87,109,"productPCA(CS_CMMSSY(8, 7), CS_CMMSSY(11, 7))"
"PCAcat",139,2,7,99,115,"productPCA(CS_CMMSSY(10, 7), CS_CMMSSY(10, 7))"
"PCAcat",140,2,7,109,121,"productPCA(CS_CMMSSY(10, 7), CS_CMMSSY(11, 7))"
"PCAcat",141,2,7,120,127,"productPCA(CS_CMMSSY(11, 7), CS_CMMSSY(11, 7))"
"PCAcat",142,2,7,490,133,"productPCA(CS_CMMSSY(8, 7), productPCA(CS_CMMSSY(8, 7), CS_CMMSSY(8,      7)))"
"PCAcat",143,2,7,616,145,"productPCA(CS_CMMSSY(8, 7), productPCA(CS_CMMSSY(8, 7), CS_CMMSSY(10,      7)))"
"PCAcat",144,2,7,679,151,"productPCA(CS_CMMSSY(8, 7), productPCA(CS_CMMSSY(8, 7), CS_CMMSSY(11,      7)))"
"PCAcat",145,2,7,774,157,"productPCA(CS_CMMSSY(8, 7), productPCA(CS_CMMSSY(10, 7), CS_CMMSSY(10,      7)))"
"PCAcat",146,2,7,853,163,"productPCA(CS_CMMSSY(8, 7), productPCA(CS_CMMSSY(10, 7), CS_CMMSSY(11,      7)))"
"PCAcat",147,2,7,972,169,"productPCA(CS_CMMSSY(10, 7), productPCA(CS_CMMSSY(10, 7), CS_CMMSSY(10,      7)))"
"PCAcat",148,2,7,3773,175,"productPCA(CS_CMMSSY(8, 7), productPCA(CS_CMMSSY(8, 7), productPCA(CS_CMMSSY(8,      7), CS_CMMSSY(8, 7))))"
"PCAcat",149,2,7,4753,187,"productPCA(CS_CMMSSY(8, 7), productPCA(CS_CMMSSY(8, 7), productPCA(CS_CMMSSY(8,      7), CS_CMMSSY(10, 7))))"
"PCAcat",150,2,7,5243,193,"productPCA(CS_CMMSSY(8, 7), productPCA(CS_CMMSSY(8, 7), productPCA(CS_CMMSSY(8,      7), CS_CMMSSY(11, 7))))"
"PCAcat",151,2,7,5985,199,"productPCA(CS_CMMSSY(8, 7), productPCA(CS_CMMSSY(8, 7), productPCA(CS_CMMSSY(10,      7), CS_CMMSSY(10, 7))))"
"PCAcat",152,2,7,6601,205,"productPCA(CS_CMMSSY(8, 7), productPCA(CS_CMMSSY(8, 7), productPCA(CS_CMMSSY(10,      7), CS_CMMSSY(11, 7))))"
"PCAcat",153,2,7,7533,211,"productPCA(CS_CMMSSY(8, 7), productPCA(CS_CMMSSY(10, 7), productPCA(CS_CMMSSY(10,      7), CS_CMMSSY(10, 7))))"
"PCAcat",154,2,7,28812,217,"productPCA(CS_CMMSSY(8, 7), productPCA(CS_CMMSSY(8, 7), productPCA(CS_CMMSSY(8,      7), productPCA(CS_CMMSSY(8, 7), CS_CMMSSY(8, 7)))))"
"PCAcat",155,2,8,120,148,"productPCA(SCA_LCDST(11, 8), SCA_LCDST(11, 8))"
"PCAcat",156,2,8,131,155,"productPCA(SCA_LCDST(11, 8), CS_CMMSSY(12, 8))"
"PCAcat",157,2,8,143,162,"productPCA(CS_CMMSSY(12, 8), CS_CMMSSY(12, 8))"
"PCAcat",158,2,8,155,169,"productPCA(CS_CMMSSY(12, 8), CS_CMMSSY(13, 8))"
"PCAcat",159,2,8,168,176,"productPCA(CS_CMMSSY(13, 8), CS_CMMSSY(13, 8))"
"PCAcat",160,2,8,181,183,"productPCA(CS_CMMSSY(13, 8), CS_CMMSSY(14, 8))"
"PCAcat",161,2,8,195,190,"productPCA(CS_CMMSSY(14, 8), CS_CMMSSY(14, 8))"
"PCAcat",162,2,8,209,197,"productPCA(CS_CMMSSY(14, 8), CS_CMMSSY(15, 8))"
"PCAcat",163,2,8,1060,204,"productPCA(SCA_Bose(8), productPCA(SCA_LCDST(11, 8), SCA_LCDST(11,      8)))"
"PCAcat",164,2,8,1158,211,"productPCA(SCA_Bose(8), productPCA(SCA_LCDST(11, 8), CS_CMMSSY(12,      8)))"
"PCAcat",165,2,8,1300,218,"productPCA(SCA_LCDST(11, 8), productPCA(SCA_LCDST(11, 8), SCA_LCDST(11,      8)))"
"PCAcat",166,2,8,1420,225,"productPCA(SCA_LCDST(11, 8), productPCA(SCA_LCDST(11, 8), CS_CMMSSY(12,      8)))"
"PCAcat",167,2,8,1551,232,"productPCA(SCA_LCDST(11, 8), productPCA(CS_CMMSSY(12, 8), CS_CMMSSY(12,      8)))"
"PCAcat",168,2,8,1694,239,"productPCA(CS_CMMSSY(12, 8), productPCA(CS_CMMSSY(12, 8), CS_CMMSSY(12,      8)))"
"PCAcat",169,2,8,1837,246,"productPCA(CS_CMMSSY(12, 8), productPCA(CS_CMMSSY(12, 8), CS_CMMSSY(13,      8)))"
"PCAcat",170,2,8,1992,253,"productPCA(CS_CMMSSY(12, 8), productPCA(CS_CMMSSY(13, 8), CS_CMMSSY(13,      8)))"
"PCAcat",171,2,8,9280,260,"productPCA(SCA_Bose(8), productPCA(SCA_Bose(8), productPCA(SCA_LCDST(11,      8), SCA_LCDST(11, 8))))"
"PCAcat",172,2,8,10144,267,"productPCA(SCA_Bose(8), productPCA(SCA_Bose(8), productPCA(SCA_LCDST(11,      8), CS_CMMSSY(12, 8))))"
"PCAcat",173,2,8,11400,274,"productPCA(SCA_LCDST(11, 8), productPCA(SCA_Bose(8), productPCA(SCA_LCDST(11,      8), SCA_LCDST(11, 8))))"
"PCAcat",174,2,8,12460,281,"productPCA(SCA_LCDST(11, 8), productPCA(SCA_Bose(8), productPCA(SCA_LCDST(11,      8), CS_CMMSSY(12, 8))))"
"PCAcat",175,2,8,14000,288,"productPCA(SCA_LCDST(11, 8), productPCA(SCA_LCDST(11, 8), productPCA(SCA_LCDST(11,      8), SCA_LCDST(11, 8))))"
"PCAcat",176,2,8,15300,295,"productPCA(SCA_LCDST(11, 8), productPCA(SCA_LCDST(11, 8), productPCA(SCA_LCDST(11,      8), CS_CMMSSY(12, 8))))"
"PCAcat",177,2,8,16720,302,"productPCA(SCA_LCDST(11, 8), productPCA(SCA_LCDST(11, 8), productPCA(CS_CMMSSY(12,      8), CS_CMMSSY(12, 8))))"
"PCAcat",178,2,8,18271,309,"productPCA(SCA_LCDST(11, 8), productPCA(CS_CMMSSY(12, 8), productPCA(CS_CMMSSY(12,      8), CS_CMMSSY(12, 8))))"
"PCAcat",179,2,8,80640,316,"productPCA(SCA_Bose(8), productPCA(SCA_Bose(8), productPCA(SCA_Bose(8),      productPCA(SCA_LCDST(11, 8), SCA_LCDST(11, 8)))))"
"PCAcat",180,2,9,168,201,"productPCA(CS_CMMSSY(13, 9), CS_CMMSSY(13, 9))"
"PCAcat",181,2,9,181,209,"productPCA(CS_CMMSSY(13, 9), CS_CMMSSY(14, 9))"
"PCAcat",182,2,9,195,217,"productPCA(CS_CMMSSY(14, 9), CS_CMMSSY(14, 9))"
"PCAcat",183,2,9,209,225,"productPCA(CS_CMMSSY(14, 9), CS_CMMSSY(15, 9))"
"PCAcat",184,2,9,224,233,"productPCA(CS_CMMSSY(15, 9), CS_CMMSSY(15, 9))"
"PCAcat",185,2,9,239,241,"productPCA(CS_CMMSSY(15, 9), CS_CMMSSY(16, 9))"
"PCAcat",186,2,9,255,249,"productPCA(CS_CMMSSY(16, 9), CS_CMMSSY(16, 9))"
"PCAcat",187,2,9,271,257,"productPCA(CS_CMMSSY(16, 9), SCA_MS(17, 9))"
"PCAcat",188,2,9,288,265,"productPCA(SCA_MS(17, 9), SCA_MS(17, 9))"
"PCAcat",189,2,9,1656,273,"productPCA(SCA_Bose(9), productPCA(CS_CMMSSY(13, 9), CS_CMMSSY(13,      9)))"
"PCAcat",190,2,9,1785,281,"productPCA(SCA_Bose(9), productPCA(CS_CMMSSY(13, 9), CS_CMMSSY(14,      9)))"
"PCAcat",191,2,9,1924,289,"productPCA(SCA_Bose(9), productPCA(CS_CMMSSY(14, 9), CS_CMMSSY(14,      9)))"
"PCAcat",192,2,9,2160,297,"productPCA(CS_CMMSSY(13, 9), productPCA(CS_CMMSSY(13, 9), CS_CMMSSY(13,      9)))"
"PCAcat",193,2,9,2328,305,"productPCA(CS_CMMSSY(13, 9), productPCA(CS_CMMSSY(13, 9), CS_CMMSSY(14,      9)))"
"PCAcat",194,2,9,2509,313,"productPCA(CS_CMMSSY(13, 9), productPCA(CS_CMMSSY(14, 9), CS_CMMSSY(14,      9)))"
"PCAcat",195,2,9,2704,321,"productPCA(CS_CMMSSY(14, 9), productPCA(CS_CMMSSY(14, 9), CS_CMMSSY(14,      9)))"
"PCAcat",196,2,9,2899,329,"productPCA(CS_CMMSSY(14, 9), productPCA(CS_CMMSSY(14, 9), CS_CMMSSY(15,      9)))"
"PCAcat",197,2,9,3108,337,"productPCA(CS_CMMSSY(14, 9), productPCA(CS_CMMSSY(15, 9), CS_CMMSSY(15,      9)))"
"PCAcat",198,2,9,16200,345,"productPCA(SCA_Bose(9), productPCA(SCA_Bose(9), productPCA(CS_CMMSSY(13,      9), CS_CMMSSY(13, 9))))"
"PCAcat",199,2,9,17469,353,"productPCA(SCA_Bose(9), productPCA(SCA_Bose(9), productPCA(CS_CMMSSY(13,      9), CS_CMMSSY(14, 9))))"
"PCAcat",200,2,9,18837,361,"productPCA(SCA_Bose(9), productPCA(SCA_Bose(9), productPCA(CS_CMMSSY(14,      9), CS_CMMSSY(14, 9))))"
"PCAcat",201,2,9,21168,369,"productPCA(CS_CMMSSY(13, 9), productPCA(SCA_Bose(9), productPCA(CS_CMMSSY(13,      9), CS_CMMSSY(13, 9))))"
"PCAcat",202,2,10,15,190,"productPCA(CA_to_PCA(miscCA(2, 4, 10), tryhard = TRUE), CA_to_PCA(miscCA(2,      4, 10), tryhard = TRUE))"
"PCAcat",203,2,10,59,226,"productPCA(CA_to_PCA(miscCA(2, 4, 10), tryhard = TRUE), SCA_LCDST(15,      10))"
"PCAcat",204,2,10,63,235,"productPCA(CA_to_PCA(miscCA(2, 4, 10), tryhard = TRUE), CS_CMMSSY(16,      10))"
"PCAcat",205,2,10,67,244,"productPCA(CA_to_PCA(miscCA(2, 4, 10), tryhard = TRUE), SCA_MS(17,      10))"
"PCAcat",206,2,10,71,253,"productPCA(CA_to_PCA(miscCA(2, 4, 10), tryhard = TRUE), SCA_MS(18,      10))"
"PCAcat",207,2,10,224,262,"productPCA(SCA_LCDST(15, 10), SCA_LCDST(15, 10))"
"PCAcat",208,2,10,239,271,"productPCA(SCA_LCDST(15, 10), CS_CMMSSY(16, 10))"
"PCAcat",209,2,10,255,280,"productPCA(CS_CMMSSY(16, 10), CS_CMMSSY(16, 10))"
"PCAcat",210,2,10,271,289,"productPCA(CS_CMMSSY(16, 10), SCA_MS(17, 10))"
"PCAcat",211,2,10,288,298,"productPCA(SCA_MS(17, 10), SCA_MS(17, 10))"
"PCAcat",212,2,10,305,307,"productPCA(SCA_MS(17, 10), SCA_MS(18, 10))"
"PCAcat",213,2,10,323,316,"productPCA(SCA_MS(18, 10), SCA_MS(18, 10))"
"PCAcat",214,2,10,341,325,"productPCA(SCA_MS(18, 10), SCA_MS(19, 10))"
"PCAcat",215,2,10,360,334,"productPCA(SCA_MS(19, 10), SCA_MS(19, 10))"
"PCAcat",216,2,10,377,343,"productPCA(SCA_MS(18, 10), SCA_MS(21, 10))"
"PCAcat",217,2,10,868,352,"productPCA(CA_to_PCA(miscCA(2, 4, 10), tryhard = TRUE), productPCA(SCA_LCDST(15,      10), SCA_LCDST(15, 10)))"
"PCAcat",218,2,10,927,361,"productPCA(CA_to_PCA(miscCA(2, 4, 10), tryhard = TRUE), productPCA(SCA_LCDST(15,      10), CS_CMMSSY(16, 10)))"
"PCAcat",219,2,10,990,370,"productPCA(CA_to_PCA(miscCA(2, 4, 10), tryhard = TRUE), productPCA(CS_CMMSSY(16,      10), CS_CMMSSY(16, 10)))"
"PCAcat",220,2,10,1053,379,"productPCA(CA_to_PCA(miscCA(2, 4, 10), tryhard = TRUE), productPCA(CS_CMMSSY(16,      10), SCA_MS(17, 10)))"
"PCAcat",221,2,10,3332,388,"productPCA(SCA_LCDST(15, 10), productPCA(SCA_LCDST(15, 10), SCA_LCDST(15,      10)))"
"PCAcat",222,2,10,3556,397,"productPCA(SCA_LCDST(15, 10), productPCA(SCA_LCDST(15, 10), CS_CMMSSY(16,      10)))"
"PCAcat",223,2,10,3795,406,"productPCA(SCA_LCDST(15, 10), productPCA(CS_CMMSSY(16, 10), CS_CMMSSY(16,      10)))"
"PCAcat",224,2,10,4050,415,"productPCA(CS_CMMSSY(16, 10), productPCA(CS_CMMSSY(16, 10), CS_CMMSSY(16,      10)))"
"PCAcat",225,2,10,4305,424,"productPCA(CS_CMMSSY(16, 10), productPCA(CS_CMMSSY(16, 10), SCA_MS(17,      10)))"
"PCAcat",226,2,10,4576,433,"productPCA(CS_CMMSSY(16, 10), productPCA(SCA_MS(17, 10), SCA_MS(17,      10)))"
"PCAcat",227,2,10,4864,442,"productPCA(SCA_MS(17, 10), productPCA(SCA_MS(17, 10), SCA_MS(17,      10)))"
"PCAcat",228,2,10,5152,451,"productPCA(SCA_MS(17, 10), productPCA(SCA_MS(17, 10), SCA_MS(18,      10)))"
"PCAcat",229,2,10,5457,460,"productPCA(SCA_MS(17, 10), productPCA(SCA_MS(18, 10), SCA_MS(18,      10)))"
"PCAcat",230,2,10,5780,469,"productPCA(SCA_MS(18, 10), productPCA(SCA_MS(18, 10), SCA_MS(18,      10)))"
"PCAcat",231,2,10,12740,478,"productPCA(CA_to_PCA(miscCA(2, 4, 10), tryhard = TRUE), productPCA(SCA_LCDST(15,      10), productPCA(SCA_LCDST(15, 10), SCA_LCDST(15, 10))))"
"PCAcat",232,2,10,13608,487,"productPCA(CA_to_PCA(miscCA(2, 4, 10), tryhard = TRUE), productPCA(SCA_LCDST(15,      10), productPCA(SCA_LCDST(15, 10), CS_CMMSSY(16, 10))))"
"PCAcat",233,2,10,14535,496,"productPCA(CA_to_PCA(miscCA(2, 4, 10), tryhard = TRUE), productPCA(SCA_LCDST(15,      10), productPCA(CS_CMMSSY(16, 10), CS_CMMSSY(16, 10))))"
"PCAcat",234,2,10,15525,505,"productPCA(CA_to_PCA(miscCA(2, 4, 10), tryhard = TRUE), productPCA(CS_CMMSSY(16,      10), productPCA(CS_CMMSSY(16, 10), CS_CMMSSY(16, 10))))"
"PCAcat",235,2,10,49392,514,"productPCA(SCA_LCDST(15, 10), productPCA(SCA_LCDST(15, 10), productPCA(SCA_LCDST(15,      10), SCA_LCDST(15, 10))))"
"PCAcat",236,2,11,255,311,"productPCA(SCA_LCDST(16, 11), SCA_LCDST(16, 11))"
"PCAcat",237,2,11,271,321,"productPCA(SCA_LCDST(16, 11), SCA_LCDST(17, 11))"
"PCAcat",238,2,11,288,331,"productPCA(SCA_LCDST(17, 11), SCA_LCDST(17, 11))"
"PCAcat",239,2,11,305,341,"productPCA(SCA_LCDST(17, 11), SCA_MS(18, 11))"
"PCAcat",240,2,11,323,351,"productPCA(SCA_MS(18, 11), SCA_MS(18, 11))"
"PCAcat",241,2,11,341,361,"productPCA(SCA_MS(18, 11), SCA_MS(19, 11))"
"PCAcat",242,2,11,360,371,"productPCA(SCA_MS(19, 11), SCA_MS(19, 11))"
"PCAcat",243,2,11,379,381,"productPCA(SCA_MS(19, 11), SCA_MS(20, 11))"
"PCAcat",244,2,11,399,391,"productPCA(SCA_MS(20, 11), SCA_MS(20, 11))"
"PCAcat",245,2,11,419,401,"productPCA(SCA_MS(20, 11), SCA_MS(21, 11))"
"PCAcat",246,2,11,440,411,"productPCA(SCA_MS(21, 11), SCA_MS(21, 11))"
"PCAcat",247,2,11,3030,421,"productPCA(SCA_Bose(11), productPCA(SCA_LCDST(16, 11), SCA_LCDST(16,      11)))"
"PCAcat",248,2,11,3221,431,"productPCA(SCA_Bose(11), productPCA(SCA_LCDST(16, 11), SCA_LCDST(17,      11)))"
"PCAcat",249,2,11,3424,441,"productPCA(SCA_Bose(11), productPCA(SCA_LCDST(17, 11), SCA_LCDST(17,      11)))"
"PCAcat",250,2,11,3627,451,"productPCA(SCA_Bose(11), productPCA(SCA_LCDST(17, 11), SCA_MS(18,      11)))"
"PCAcat",251,2,11,4050,461,"productPCA(SCA_LCDST(16, 11), productPCA(SCA_LCDST(16, 11), SCA_LCDST(16,      11)))"
"PCAcat",252,2,11,4305,471,"productPCA(SCA_LCDST(16, 11), productPCA(SCA_LCDST(16, 11), SCA_LCDST(17,      11)))"
"PCAcat",253,2,11,4576,481,"productPCA(SCA_LCDST(16, 11), productPCA(SCA_LCDST(17, 11), SCA_LCDST(17,      11)))"
"PCAcat",254,2,11,4864,491,"productPCA(SCA_LCDST(17, 11), productPCA(SCA_LCDST(17, 11), SCA_LCDST(17,      11)))"
"PCAcat",255,2,11,5152,501,"productPCA(SCA_LCDST(17, 11), productPCA(SCA_LCDST(17, 11), SCA_MS(18,      11)))"
"PCAcat",256,2,11,5457,511,"productPCA(SCA_LCDST(17, 11), productPCA(SCA_MS(18, 11), SCA_MS(18,      11)))"
"PCAcat",257,2,11,5780,521,"productPCA(SCA_MS(18, 11), productPCA(SCA_MS(18, 11), SCA_MS(18,      11)))"
"PCAcat",258,2,11,35805,531,"productPCA(SCA_Bose(11), productPCA(SCA_Bose(11), productPCA(SCA_LCDST(16,      11), SCA_LCDST(16, 11))))"
"PCAcat",259,2,12,48,276,"productPCA(CA_to_PCA(miscCA(2, 7, 12)), CA_to_PCA(miscCA(2, 7,      12)))"
"PCAcat",260,2,12,125,331,"productPCA(CA_to_PCA(miscCA(2, 7, 12)), SCA_LCDST(18, 12))"
"PCAcat",261,2,12,132,342,"productPCA(CA_to_PCA(miscCA(2, 7, 12)), SCA_LCDST(19, 12))"
"PCAcat",262,2,12,139,353,"productPCA(CA_to_PCA(miscCA(2, 7, 12)), CS_CMMSSY(20, 12))"
"PCAcat",263,2,12,146,364,"productPCA(CA_to_PCA(miscCA(2, 7, 12)), SCA_MS(21, 12))"
"PCAcat",264,2,12,153,375,"productPCA(CA_to_PCA(miscCA(2, 7, 12)), SCA_MS(22, 12))"
"PCAcat",265,2,12,323,386,"productPCA(SCA_LCDST(18, 12), SCA_LCDST(18, 12))"
"PCAcat",266,2,12,341,397,"productPCA(SCA_LCDST(18, 12), SCA_LCDST(19, 12))"
"PCAcat",267,2,12,360,408,"productPCA(SCA_LCDST(19, 12), SCA_LCDST(19, 12))"
"PCAcat",268,2,12,379,419,"productPCA(SCA_LCDST(19, 12), CS_CMMSSY(20, 12))"
"PCAcat",269,2,12,399,430,"productPCA(CS_CMMSSY(20, 12), CS_CMMSSY(20, 12))"
"PCAcat",270,2,12,419,441,"productPCA(CS_CMMSSY(20, 12), SCA_MS(21, 12))"
"PCAcat",271,2,12,440,452,"productPCA(SCA_MS(21, 12), SCA_MS(21, 12))"
"PCAcat",272,2,12,852,463,"productPCA(CA_to_PCA(miscCA(2, 7, 12)), productPCA(CA_to_PCA(miscCA(2,      7, 12)), SCA_LCDST(18, 12)))"
"PCAcat",273,2,12,900,474,"productPCA(CA_to_PCA(miscCA(2, 7, 12)), productPCA(CA_to_PCA(miscCA(2,      7, 12)), SCA_LCDST(19, 12)))"
"PCAcat",274,2,12,948,485,"productPCA(CA_to_PCA(miscCA(2, 7, 12)), productPCA(CA_to_PCA(miscCA(2,      7, 12)), CS_CMMSSY(20, 12)))"
"PCAcat",275,2,12,996,496,"productPCA(CA_to_PCA(miscCA(2, 7, 12)), productPCA(CA_to_PCA(miscCA(2,      7, 12)), SCA_MS(21, 12)))"
"PCAcat",276,2,12,1044,507,"productPCA(CA_to_PCA(miscCA(2, 7, 12)), productPCA(CA_to_PCA(miscCA(2,      7, 12)), SCA_MS(22, 12)))"
"PCAcat",277,2,12,2227,518,"productPCA(CA_to_PCA(miscCA(2, 7, 12)), productPCA(SCA_LCDST(18,      12), SCA_LCDST(18, 12)))"
"PCAcat",278,2,12,2352,529,"productPCA(CA_to_PCA(miscCA(2, 7, 12)), productPCA(SCA_LCDST(18,      12), SCA_LCDST(19, 12)))"
"PCAcat",279,2,12,2484,540,"productPCA(CA_to_PCA(miscCA(2, 7, 12)), productPCA(SCA_LCDST(19,      12), SCA_LCDST(19, 12)))"
"PCAcat",280,2,12,2616,551,"productPCA(CA_to_PCA(miscCA(2, 7, 12)), productPCA(SCA_LCDST(19,      12), CS_CMMSSY(20, 12)))"
"PCAcat",281,2,12,2755,562,"productPCA(CA_to_PCA(miscCA(2, 7, 12)), productPCA(CS_CMMSSY(20,      12), CS_CMMSSY(20, 12)))"
"PCAcat",282,2,12,5780,573,"productPCA(SCA_LCDST(18, 12), productPCA(SCA_LCDST(18, 12), SCA_LCDST(18,      12)))"
"PCAcat",283,2,12,6103,584,"productPCA(SCA_LCDST(18, 12), productPCA(SCA_LCDST(18, 12), SCA_LCDST(19,      12)))"
"PCAcat",284,2,12,6444,595,"productPCA(SCA_LCDST(18, 12), productPCA(SCA_LCDST(19, 12), SCA_LCDST(19,      12)))"
"PCAcat",285,2,12,6804,606,"productPCA(SCA_LCDST(19, 12), productPCA(SCA_LCDST(19, 12), SCA_LCDST(19,      12)))"
"PCAcat",286,2,12,7164,617,"productPCA(SCA_LCDST(19, 12), productPCA(SCA_LCDST(19, 12), CS_CMMSSY(20,      12)))"
"PCAcat",287,2,12,7543,628,"productPCA(SCA_LCDST(19, 12), productPCA(CS_CMMSSY(20, 12), CS_CMMSSY(20,      12)))"
"PCAcat",288,2,12,7942,639,"productPCA(CS_CMMSSY(20, 12), productPCA(CS_CMMSSY(20, 12), CS_CMMSSY(20,      12)))"
"PCAcat",289,2,12,15096,650,"productPCA(CA_to_PCA(miscCA(2, 7, 12)), productPCA(CA_to_PCA(miscCA(2,      7, 12)), productPCA(SCA_LCDST(18, 12), SCA_LCDST(18, 12))))"
"PCAcat",290,2,12,15948,661,"productPCA(CA_to_PCA(miscCA(2, 7, 12)), productPCA(CA_to_PCA(miscCA(2,      7, 12)), productPCA(SCA_LCDST(18, 12), SCA_LCDST(19, 12))))"
"PCAcat",291,2,12,16848,672,"productPCA(CA_to_PCA(miscCA(2, 7, 12)), productPCA(CA_to_PCA(miscCA(2,      7, 12)), productPCA(SCA_LCDST(19, 12), SCA_LCDST(19, 12))))"
"PCAcat",292,2,12,17748,683,"productPCA(CA_to_PCA(miscCA(2, 7, 12)), productPCA(CA_to_PCA(miscCA(2,      7, 12)), productPCA(SCA_LCDST(19, 12), CS_CMMSSY(20, 12))))"
"PCAcat",293,2,12,18696,694,"productPCA(CA_to_PCA(miscCA(2, 7, 12)), productPCA(CA_to_PCA(miscCA(2,      7, 12)), productPCA(CS_CMMSSY(20, 12), CS_CMMSSY(20, 12))))"
"PCAcat",294,2,12,39593,705,"productPCA(CA_to_PCA(miscCA(2, 7, 12)), productPCA(SCA_LCDST(18,      12), productPCA(SCA_LCDST(18, 12), SCA_LCDST(18, 12))))"
"PCAcat",295,2,13,323,421,"productPCA(CS_CMMSSY(18, 13), CS_CMMSSY(18, 13))"
"PCAcat",296,2,13,341,433,"productPCA(CS_CMMSSY(18, 13), SCA_LCDST(19, 13))"
"PCAcat",297,2,13,360,445,"productPCA(SCA_LCDST(19, 13), SCA_LCDST(19, 13))"
"PCAcat",298,2,13,379,457,"productPCA(SCA_LCDST(19, 13), SCA_LCDST(20, 13))"
"PCAcat",299,2,13,399,469,"productPCA(SCA_LCDST(20, 13), SCA_LCDST(20, 13))"
"PCAcat",300,2,13,419,481,"productPCA(SCA_LCDST(20, 13), SCA_LCDST(21, 13))"
"PCAcat",301,2,13,440,493,"productPCA(SCA_LCDST(21, 13), SCA_LCDST(21, 13))"
"PCAcat",302,2,13,461,505,"productPCA(SCA_LCDST(21, 13), SCA_MS(22, 13))"
"PCAcat",303,2,13,483,517,"productPCA(SCA_MS(22, 13), SCA_MS(22, 13))"
"PCAcat",304,2,13,505,529,"productPCA(SCA_MS(22, 13), SCA_MS(23, 13))"
"PCAcat",305,2,13,528,541,"productPCA(SCA_MS(23, 13), SCA_MS(23, 13))"
"PCAcat",306,2,13,551,553,"productPCA(SCA_MS(23, 13), SCA_MS(24, 13))"
"PCAcat",307,2,13,575,565,"productPCA(SCA_MS(24, 13), SCA_MS(24, 13))"
"PCAcat",308,2,13,4488,577,"productPCA(SCA_Bose(13), productPCA(CS_CMMSSY(18, 13), CS_CMMSSY(18,      13)))"
"PCAcat",309,2,13,4739,589,"productPCA(SCA_Bose(13), productPCA(CS_CMMSSY(18, 13), SCA_LCDST(19,      13)))"
"PCAcat",310,2,13,5004,601,"productPCA(SCA_Bose(13), productPCA(SCA_LCDST(19, 13), SCA_LCDST(19,      13)))"
"PCAcat",311,2,13,5269,613,"productPCA(SCA_Bose(13), productPCA(SCA_LCDST(19, 13), SCA_LCDST(20,      13)))"
"PCAcat",312,2,13,5780,625,"productPCA(CS_CMMSSY(18, 13), productPCA(CS_CMMSSY(18, 13), CS_CMMSSY(18,      13)))"
"PCAcat",313,2,13,6103,637,"productPCA(CS_CMMSSY(18, 13), productPCA(CS_CMMSSY(18, 13), SCA_LCDST(19,      13)))"
"PCAcat",314,2,13,6444,649,"productPCA(CS_CMMSSY(18, 13), productPCA(SCA_LCDST(19, 13), SCA_LCDST(19,      13)))"
"PCAcat",315,2,13,6804,661,"productPCA(SCA_LCDST(19, 13), productPCA(SCA_LCDST(19, 13), SCA_LCDST(19,      13)))"
"PCAcat",316,2,13,7164,673,"productPCA(SCA_LCDST(19, 13), productPCA(SCA_LCDST(19, 13), SCA_LCDST(20,      13)))"
"PCAcat",317,2,13,7543,685,"productPCA(SCA_LCDST(19, 13), productPCA(SCA_LCDST(20, 13), SCA_LCDST(20,      13)))"
"PCAcat",318,2,13,7942,697,"productPCA(SCA_LCDST(20, 13), productPCA(SCA_LCDST(20, 13), SCA_LCDST(20,      13)))"
"PCAcat",319,2,13,8341,709,"productPCA(SCA_LCDST(20, 13), productPCA(SCA_LCDST(20, 13), SCA_LCDST(21,      13)))"
"PCAcat",320,2,13,8760,721,"productPCA(SCA_LCDST(20, 13), productPCA(SCA_LCDST(21, 13), SCA_LCDST(21,      13)))"
"PCAcat",321,2,13,62101,733,"productPCA(SCA_Bose(13), productPCA(SCA_Bose(13), productPCA(CS_CMMSSY(18,      13), CS_CMMSSY(18, 13))))"
"PCAcat",322,2,14,440,534,"productPCA(SCA_LCDST(21, 14), SCA_LCDST(21, 14))"
"PCAcat",323,2,14,461,547,"productPCA(SCA_LCDST(21, 14), SCA_LCDST(22, 14))"
"PCAcat",324,2,14,483,560,"productPCA(SCA_LCDST(22, 14), SCA_LCDST(22, 14))"
"PCAcat",325,2,14,505,573,"productPCA(SCA_LCDST(22, 14), SCA_LCDST(23, 14))"
"PCAcat",326,2,14,528,586,"productPCA(SCA_LCDST(23, 14), SCA_LCDST(23, 14))"
"PCAcat",327,2,14,551,599,"productPCA(SCA_LCDST(23, 14), SCA_MS(24, 14))"
"PCAcat",328,2,14,575,612,"productPCA(SCA_MS(24, 14), SCA_MS(24, 14))"
"PCAcat",329,2,14,599,625,"productPCA(SCA_MS(24, 14), SCA_LCDST(25, 14))"
"PCAcat",330,2,14,624,638,"productPCA(SCA_LCDST(25, 14), SCA_LCDST(25, 14))"
"PCAcat",331,2,14,649,651,"productPCA(SCA_LCDST(25, 14), SCA_MS(26, 14))"
"PCAcat",332,2,14,675,664,"productPCA(SCA_MS(26, 14), SCA_MS(26, 14))"
"PCAcat",333,2,14,701,677,"productPCA(SCA_MS(26, 14), SCA_MS(27, 14))"
"PCAcat",334,2,14,728,690,"productPCA(SCA_MS(27, 14), SCA_MS(27, 14))"
"PCAcat",335,2,14,755,703,"productPCA(SCA_MS(27, 14), SCA_MS(28, 14))"
"PCAcat",336,2,14,783,716,"productPCA(SCA_MS(28, 14), SCA_MS(28, 14))"
"PCAcat",337,2,14,811,729,"productPCA(SCA_MS(28, 14), SCA_MS(29, 14))"
"PCAcat",338,2,14,840,742,"productPCA(SCA_MS(29, 14), SCA_MS(29, 14))"
"PCAcat",339,2,14,9200,794,"productPCA(SCA_LCDST(21, 14), productPCA(SCA_LCDST(21, 14), SCA_LCDST(21,      14)))"
"PCAcat",340,2,14,9640,807,"productPCA(SCA_LCDST(21, 14), productPCA(SCA_LCDST(21, 14), SCA_LCDST(22,      14)))"
"PCAcat",341,2,14,10101,820,"productPCA(SCA_LCDST(21, 14), productPCA(SCA_LCDST(22, 14), SCA_LCDST(22,      14)))"
"PCAcat",342,2,14,10584,833,"productPCA(SCA_LCDST(22, 14), productPCA(SCA_LCDST(22, 14), SCA_LCDST(22,      14)))"
"PCAcat",343,2,14,11067,846,"productPCA(SCA_LCDST(22, 14), productPCA(SCA_LCDST(22, 14), SCA_LCDST(23,      14)))"
"PCAcat",344,2,14,11572,859,"productPCA(SCA_LCDST(22, 14), productPCA(SCA_LCDST(23, 14), SCA_LCDST(23,      14)))"
"PCAcat",345,2,14,12100,872,"productPCA(SCA_LCDST(23, 14), productPCA(SCA_LCDST(23, 14), SCA_LCDST(23,      14)))"
"PCAcat",346,2,14,12628,885,"productPCA(SCA_LCDST(23, 14), productPCA(SCA_LCDST(23, 14), SCA_MS(24,      14)))"
"PCAcat",347,2,14,13179,898,"productPCA(SCA_LCDST(23, 14), productPCA(SCA_MS(24, 14), SCA_MS(24,      14)))"
"PCAcat",348,2,14,13754,911,"productPCA(SCA_MS(24, 14), productPCA(SCA_MS(24, 14), SCA_MS(24,      14)))"
"PCAcat",349,2,14,14329,924,"productPCA(SCA_MS(24, 14), productPCA(SCA_MS(24, 14), SCA_LCDST(25,      14)))"
"PCAcat",350,2,14,14928,937,"productPCA(SCA_MS(24, 14), productPCA(SCA_LCDST(25, 14), SCA_LCDST(25,      14)))"
"PCAcat",351,2,14,15552,950,"productPCA(SCA_LCDST(25, 14), productPCA(SCA_LCDST(25, 14), SCA_LCDST(25,      14)))"
"PCAcat",352,2,14,16176,963,"productPCA(SCA_LCDST(25, 14), productPCA(SCA_LCDST(25, 14), SCA_MS(26,      14)))"
"PCAcat",353,2,14,16825,976,"productPCA(SCA_LCDST(25, 14), productPCA(SCA_MS(26, 14), SCA_MS(26,      14)))"
"PCAcat",354,2,14,17500,989,"productPCA(SCA_MS(26, 14), productPCA(SCA_MS(26, 14), SCA_MS(26,      14)))"
"PCAcat",355,2,14,18175,1002,"productPCA(SCA_MS(26, 14), productPCA(SCA_MS(26, 14), SCA_MS(27,      14)))"
"PCAcat",356,2,14,18876,1015,"productPCA(SCA_MS(26, 14), productPCA(SCA_MS(27, 14), SCA_MS(27,      14)))"
"PCAcat",357,2,14,19604,1028,"productPCA(SCA_MS(27, 14), productPCA(SCA_MS(27, 14), SCA_MS(27,      14)))"
"PCAcat",358,2,14,20332,1041,"productPCA(SCA_MS(27, 14), productPCA(SCA_MS(27, 14), SCA_MS(28,      14)))"
"PCAcat",359,2,15,575,659,"productPCA(SCA_LCDST(24, 15), SCA_LCDST(24, 15))"
"PCAcat",360,2,15,599,673,"productPCA(SCA_LCDST(24, 15), SCA_LCDST(25, 15))"
"PCAcat",361,2,15,624,687,"productPCA(SCA_LCDST(25, 15), SCA_LCDST(25, 15))"
"PCAcat",362,2,15,649,701,"productPCA(SCA_LCDST(25, 15), SCA_LCDST(26, 15))"
"PCAcat",363,2,15,675,715,"productPCA(SCA_LCDST(26, 15), SCA_LCDST(26, 15))"
"PCAcat",364,2,15,701,729,"productPCA(SCA_LCDST(26, 15), SCA_LCDST(27, 15))"
"PCAcat",365,2,15,728,743,"productPCA(SCA_LCDST(27, 15), SCA_LCDST(27, 15))"
"PCAcat",366,2,15,755,757,"productPCA(SCA_LCDST(27, 15), CS_CMMSSY(28, 15))"
"PCAcat",367,2,15,783,771,"productPCA(CS_CMMSSY(28, 15), CS_CMMSSY(28, 15))"
"PCAcat",368,2,15,811,785,"productPCA(CS_CMMSSY(28, 15), SCA_MS(29, 15))"
"PCAcat",369,2,15,840,799,"productPCA(SCA_MS(29, 15), SCA_MS(29, 15))"
"PCAcat",370,2,15,869,813,"productPCA(SCA_MS(29, 15), SCA_MS(30, 15))"
"PCAcat",371,2,15,899,827,"productPCA(SCA_MS(30, 15), SCA_MS(30, 15))"
"PCAcat",372,2,15,929,841,"productPCA(SCA_MS(30, 15), SCA_MS(31, 15))"
"PCAcat",373,2,15,960,855,"productPCA(SCA_MS(31, 15), SCA_MS(31, 15))"
"PCAcat",374,2,15,13754,981,"productPCA(SCA_LCDST(24, 15), productPCA(SCA_LCDST(24, 15), SCA_LCDST(24,      15)))"
"PCAcat",375,2,15,14329,995,"productPCA(SCA_LCDST(24, 15), productPCA(SCA_LCDST(24, 15), SCA_LCDST(25,      15)))"
"PCAcat",376,2,15,14928,1009,"productPCA(SCA_LCDST(24, 15), productPCA(SCA_LCDST(25, 15), SCA_LCDST(25,      15)))"
"PCAcat",377,2,15,15552,1023,"productPCA(SCA_LCDST(25, 15), productPCA(SCA_LCDST(25, 15), SCA_LCDST(25,      15)))"
"PCAcat",378,2,15,16176,1037,"productPCA(SCA_LCDST(25, 15), productPCA(SCA_LCDST(25, 15), SCA_LCDST(26,      15)))"
"PCAcat",379,2,15,16825,1051,"productPCA(SCA_LCDST(25, 15), productPCA(SCA_LCDST(26, 15), SCA_LCDST(26,      15)))"
"PCAcat",380,2,15,17500,1065,"productPCA(SCA_LCDST(26, 15), productPCA(SCA_LCDST(26, 15), SCA_LCDST(26,      15)))"
"PCAcat",381,2,15,18175,1079,"productPCA(SCA_LCDST(26, 15), productPCA(SCA_LCDST(26, 15), SCA_LCDST(27,      15)))"
"PCAcat",382,2,15,18876,1093,"productPCA(SCA_LCDST(26, 15), productPCA(SCA_LCDST(27, 15), SCA_LCDST(27,      15)))"
"PCAcat",383,2,15,19604,1107,"productPCA(SCA_LCDST(27, 15), productPCA(SCA_LCDST(27, 15), SCA_LCDST(27,      15)))"
"PCAcat",384,2,15,20332,1121,"productPCA(SCA_LCDST(27, 15), productPCA(SCA_LCDST(27, 15), CS_CMMSSY(28,      15)))"
"PCAcat",385,2,16,624,736,"productPCA(SCA_LCDST(25, 16), SCA_LCDST(25, 16))"
"PCAcat",386,2,16,674,766,"productPCA(SCA_LCDST(25, 16), SCA_LCDST(27, 16))"
"PCAcat",387,2,16,699,781,"productPCA(SCA_LCDST(25, 16), SCA_LCDST(28, 16))"
"PCAcat",388,2,16,728,796,"productPCA(SCA_LCDST(27, 16), SCA_LCDST(27, 16))"
"PCAcat",389,2,16,755,811,"productPCA(SCA_LCDST(27, 16), SCA_LCDST(28, 16))"
"PCAcat",390,2,16,783,826,"productPCA(SCA_LCDST(28, 16), SCA_LCDST(28, 16))"
"PCAcat",391,2,16,811,841,"productPCA(SCA_LCDST(28, 16), SCA_LCDST(29, 16))"
"PCAcat",392,2,16,840,856,"productPCA(SCA_LCDST(29, 16), SCA_LCDST(29, 16))"
"PCAcat",393,2,16,869,871,"productPCA(SCA_LCDST(29, 16), SCA_MS(30, 16))"
"PCAcat",394,2,16,899,886,"productPCA(SCA_MS(30, 16), SCA_MS(30, 16))"
"PCAcat",395,2,16,929,901,"productPCA(SCA_MS(30, 16), SCA_MS(31, 16))"
"PCAcat",396,2,16,960,916,"productPCA(SCA_MS(31, 16), SCA_MS(31, 16))"
"PCAcat",397,2,16,991,931,"productPCA(SCA_MS(31, 16), SCA_MS(32, 16))"
"PCAcat",398,2,16,1023,946,"productPCA(SCA_MS(32, 16), SCA_MS(32, 16))"
"PCAcat",399,2,16,1055,961,"productPCA(SCA_MS(32, 16), SCA_MS(33, 16))"
"PCAcat",400,2,16,10560,976,"productPCA(SCA_Bose(16), productPCA(SCA_LCDST(25, 16), SCA_LCDST(25,      16)))"
"PCAcat",401,2,16,11408,1006,"productPCA(SCA_Bose(16), productPCA(SCA_LCDST(25, 16), SCA_LCDST(27,      16)))"
"PCAcat",402,2,16,11832,1021,"productPCA(SCA_Bose(16), productPCA(SCA_LCDST(25, 16), SCA_LCDST(28,      16)))"
"PCAcat",403,2,16,12324,1036,"productPCA(SCA_Bose(16), productPCA(SCA_LCDST(27, 16), SCA_LCDST(27,      16)))"
"PCAcat",404,2,16,12782,1051,"productPCA(SCA_Bose(16), productPCA(SCA_LCDST(27, 16), SCA_LCDST(28,      16)))"
"PCAcat",405,2,16,13257,1066,"productPCA(SCA_Bose(16), productPCA(SCA_LCDST(28, 16), SCA_LCDST(28,      16)))"
"PCAcat",406,2,16,13732,1081,"productPCA(SCA_Bose(16), productPCA(SCA_LCDST(28, 16), SCA_LCDST(29,      16)))"
"PCAcat",407,2,16,15552,1096,"productPCA(SCA_LCDST(25, 16), productPCA(SCA_LCDST(25, 16), SCA_LCDST(25,      16)))"
"PCAcat",408,2,16,16800,1126,"productPCA(SCA_LCDST(25, 16), productPCA(SCA_LCDST(25, 16), SCA_LCDST(27,      16)))"
"PCAcat",409,2,16,17424,1141,"productPCA(SCA_LCDST(25, 16), productPCA(SCA_LCDST(25, 16), SCA_LCDST(28,      16)))"
"PCAcat",410,2,16,18148,1156,"productPCA(SCA_LCDST(25, 16), productPCA(SCA_LCDST(27, 16), SCA_LCDST(27,      16)))"
"PCAcat",411,2,16,18822,1171,"productPCA(SCA_LCDST(25, 16), productPCA(SCA_LCDST(27, 16), SCA_LCDST(28,      16)))"
"PCAcat",412,2,16,19604,1186,"productPCA(SCA_LCDST(27, 16), productPCA(SCA_LCDST(27, 16), SCA_LCDST(27,      16)))"
"PCAcat",413,2,16,20332,1201,"productPCA(SCA_LCDST(27, 16), productPCA(SCA_LCDST(27, 16), SCA_LCDST(28,      16)))"
"PCAcat",414,2,17,960,977,"productPCA(SCA_LCDST(31, 17), SCA_LCDST(31, 17))"
"PCAcat",415,2,17,991,993,"productPCA(SCA_LCDST(31, 17), CS_CMMSSY(32, 17))"
"PCAcat",416,2,17,1023,1009,"productPCA(CS_CMMSSY(32, 17), CS_CMMSSY(32, 17))"
"PCAcat",417,2,17,1055,1025,"productPCA(CS_CMMSSY(32, 17), SCA_MS(33, 17))"
"PCAcat",418,2,17,1088,1041,"productPCA(SCA_MS(33, 17), SCA_MS(33, 17))"
"PCAcat",419,2,17,1121,1057,"productPCA(SCA_MS(33, 17), SCA_MS(34, 17))"
"PCAcat",420,2,17,1155,1073,"productPCA(SCA_MS(34, 17), SCA_MS(34, 17))"
"PCAcat",421,2,17,17220,1249,"productPCA(SCA_Bose(17), productPCA(SCA_LCDST(31, 17), SCA_LCDST(31,      17)))"
"PCAcat",422,2,17,17777,1265,"productPCA(SCA_Bose(17), productPCA(SCA_LCDST(31, 17), CS_CMMSSY(32,      17)))"
"PCAcat",423,2,17,18352,1281,"productPCA(SCA_Bose(17), productPCA(CS_CMMSSY(32, 17), CS_CMMSSY(32,      17)))"
"PCAcat",424,2,17,18927,1297,"productPCA(SCA_Bose(17), productPCA(CS_CMMSSY(32, 17), SCA_MS(33,      17)))"
"PCAcat",425,2,17,19520,1313,"productPCA(SCA_Bose(17), productPCA(SCA_MS(33, 17), SCA_MS(33,      17)))"
"PCAcat",426,2,17,20113,1329,"productPCA(SCA_Bose(17), productPCA(SCA_MS(33, 17), SCA_MS(34,      17)))"
"PCAcat",427,2,18,1023,1072,"productPCA(SCA_LCDST(32, 18), SCA_LCDST(32, 18))"
"PCAcat",428,2,18,1087,1106,"productPCA(SCA_LCDST(32, 18), SCA_LCDST(34, 18))"
"PCAcat",429,2,18,1119,1123,"productPCA(SCA_LCDST(32, 18), SCA_MS(35, 18))"
"PCAcat",430,2,18,1155,1140,"productPCA(SCA_LCDST(34, 18), SCA_LCDST(34, 18))"
"PCAcat",431,2,18,1189,1157,"productPCA(SCA_LCDST(34, 18), SCA_MS(35, 18))"
"PCAcat",432,2,18,1224,1174,"productPCA(SCA_MS(35, 18), SCA_MS(35, 18))"
"PCAcat",433,2,18,1259,1191,"productPCA(SCA_MS(35, 18), SCA_MS(36, 18))"
"PCAcat",434,2,18,1295,1208,"productPCA(SCA_MS(36, 18), SCA_MS(36, 18))"
"PCAcat",435,2,18,1331,1225,"productPCA(SCA_MS(36, 18), SCA_MS(37, 18))"
"PCAcat",436,2,18,1368,1242,"productPCA(SCA_MS(37, 18), SCA_MS(37, 18))"
"PCAcat",437,2,18,32674,1599,"productPCA(SCA_LCDST(32, 18), productPCA(SCA_LCDST(32, 18), SCA_LCDST(32,      18)))"
"PCAcat",438,2,19,1295,1279,"productPCA(SCA_LCDST(36, 19), SCA_LCDST(36, 19))"
"PCAcat",439,2,19,25830,1621,"productPCA(SCA_Bose(19), productPCA(SCA_LCDST(36, 19), SCA_LCDST(36,      19)))"
"PCAcat",440,2,20,1443,1426,"productPCA(SCA_LCDST(38, 20), SCA_LCDST(38, 20))"
"PCAcat",441,2,20,1481,1445,"productPCA(SCA_LCDST(38, 20), SCA_LCDST(39, 20))"
"PCAcat",442,2,20,1520,1464,"productPCA(SCA_LCDST(39, 20), SCA_LCDST(39, 20))"
"PCAcat",443,2,20,54760,2129,"productPCA(SCA_LCDST(38, 20), productPCA(SCA_LCDST(38, 20), SCA_LCDST(38,      20)))"
"PCAcat",444,2,21,1763,1661,"productPCA(SCA_LCDST(42, 21), SCA_LCDST(42, 21))"
"PCAcat",445,2,21,73964,2481,"productPCA(SCA_LCDST(42, 21), productPCA(SCA_LCDST(42, 21), SCA_LCDST(42,      21)))"
"PCAcat",446,2,22,1935,1828,"productPCA(SCA_LCDST(44, 22), SCA_LCDST(44, 22))"
"PCAcat",447,2,22,85054,2731,"productPCA(SCA_LCDST(44, 22), productPCA(SCA_LCDST(44, 22), SCA_LCDST(44,      22)))"
"CYCLOTOMYcat",1,3,4,38,152,"cyc(37, 4, type = ""4a"")"
"CYCLOTOMYcat",2,3,4,54,212,"cyc(53, 4, type = ""3a"")"
"CYCLOTOMYcat",3,3,6,104,624,"cyc(103, 6, type = ""4a"")"
"CYCLOTOMYcat",4,3,6,122,726,"cyc(121, 6, type = ""3a"")"
"CYCLOTOMYcat",5,3,6,128,762,"cyc(127, 6, type = ""3a"")"
"CYCLOTOMYcat",6,3,6,152,906,"cyc(151, 6, type = ""3a"")"
"CYCLOTOMYcat",7,3,6,164,978,"cyc(163, 6, type = ""3a"")"
"CYCLOTOMYcat",8,3,6,170,1020,"cyc(169, 6, type = ""4a"")"
"CYCLOTOMYcat",9,3,7,170,1183,"cyc(169, 7, type = ""3a"")"
"CYCLOTOMYcat",10,3,8,194,1552,"cyc(193, 8, type = ""4a"")"
"CYCLOTOMYcat",11,3,8,242,1936,"cyc(241, 8, type = ""4a"")"
"CYCLOTOMYcat",12,3,10,362,3610,"cyc(361, 10, type = ""3a"")"
"CYCLOTOMYcat",13,3,10,522,5210,"cyc(521, 10, type = ""3a"")"
"CYCLOTOMYcat",14,3,10,572,5710,"cyc(571, 10, type = ""3a"")"
"CYCLOTOMYcat",15,3,11,398,4378,"cyc(397, 11, type = ""4a"")"
"CYCLOTOMYcat",16,3,12,602,7224,"cyc(601, 12, type = ""4a"")"
"CYCLOTOMYcat",17,3,12,614,7356,"cyc(613, 12, type = ""3a"")"
"CYCLOTOMYcat",18,3,12,710,8520,"cyc(709, 12, type = ""4a"")"
"CYCLOTOMYcat",19,3,14,884,12376,"cyc(883, 14, type = ""4a"")"
"CYCLOTOMYcat",20,3,14,1052,14714,"cyc(1051, 14, type = ""3a"")"
"CYCLOTOMYcat",21,3,14,1094,15302,"cyc(1093, 14, type = ""3a"")"
"CYCLOTOMYcat",22,3,14,1164,16282,"cyc(1163, 14, type = ""3a"")"
"CYCLOTOMYcat",23,3,18,1298,23364,"cyc(1297, 18, type = ""4a"")"
"CYCLOTOMYcat",24,3,20,1802,36040,"cyc(1801, 20, type = ""4a"")"
"CYCLOTOMYcat",25,3,20,2142,42840,"cyc(2141, 20, type = ""4a"")"
"CYCLOTOMYcat",26,3,20,2162,43220,"cyc(2161, 20, type = ""3a"")"
"CYCLOTOMYcat",27,3,20,2342,46820,"cyc(2341, 20, type = ""3a"")"
"CYCLOTOMYcat",28,3,21,2270,47670,"cyc(2269, 21, type = ""4a"")"
"CYCLOTOMYcat",29,3,21,2312,48531,"cyc(2311, 21, type = ""3a"")"
"CYCLOTOMYcat",30,4,2,12,24,"cyc(11, 2, type = ""4b"")"
"CYCLOTOMYcat",31,4,2,24,46,"cyc(23, 2, type = ""3a"")"
"CYCLOTOMYcat",32,4,2,67,67,"cyc(67, 2, type = ""1"")"
"CYCLOTOMYcat",33,4,2,71,71,"cyc(71, 2, type = ""1"")"
"CYCLOTOMYcat",34,4,2,83,83,"cyc(83, 2, type = ""1"")"
"CYCLOTOMYcat",35,4,2,89,89,"cyc(89, 2, type = ""1"")"
"CYCLOTOMYcat",36,4,3,224,669,"cyc(223, 3, type = ""3a"")"
"CYCLOTOMYcat",37,4,3,230,687,"cyc(229, 3, type = ""3a"")"
"CYCLOTOMYcat",38,4,3,272,813,"cyc(271, 3, type = ""3a"")"
"CYCLOTOMYcat",39,4,3,278,831,"cyc(277, 3, type = ""3a"")"
"CYCLOTOMYcat",40,4,3,1051,1051,"cyc(1051, 3, type = ""1"")"
"CYCLOTOMYcat",41,4,3,1069,1069,"cyc(1069, 3, type = ""1"")"
"CYCLOTOMYcat",42,4,3,1087,1087,"cyc(1087, 3, type = ""1"")"
"CYCLOTOMYcat",43,4,3,1093,1093,"cyc(1093, 3, type = ""1"")"
"CYCLOTOMYcat",44,4,3,1117,1119,"cyc(1117, 3, type = ""2"")"
"CYCLOTOMYcat",45,4,3,1123,1123,"cyc(1123, 3, type = ""1"")"
"CYCLOTOMYcat",46,4,3,1129,1129,"cyc(1129, 3, type = ""1"")"
"CYCLOTOMYcat",47,4,3,1171,1171,"cyc(1171, 3, type = ""1"")"
"CYCLOTOMYcat",48,4,3,1213,1213,"cyc(1213, 3, type = ""1"")"
"CYCLOTOMYcat",49,4,3,1231,1231,"cyc(1231, 3, type = ""1"")"
"CYCLOTOMYcat",50,4,3,1249,1249,"cyc(1249, 3, type = ""1"")"
"CYCLOTOMYcat",51,4,3,1279,1279,"cyc(1279, 3, type = ""1"")"
"CYCLOTOMYcat",52,4,3,1291,1291,"cyc(1291, 3, type = ""1"")"
"CYCLOTOMYcat",53,4,3,1297,1297,"cyc(1297, 3, type = ""1"")"
"CYCLOTOMYcat",54,4,3,1303,1303,"cyc(1303, 3, type = ""1"")"
"CYCLOTOMYcat",55,4,3,1321,1323,"cyc(1321, 3, type = ""2"")"
"CYCLOTOMYcat",56,4,3,1327,1327,"cyc(1327, 3, type = ""1"")"
"CYCLOTOMYcat",57,4,3,1381,1381,"cyc(1381, 3, type = ""1"")"
"CYCLOTOMYcat",58,4,3,1399,1399,"cyc(1399, 3, type = ""1"")"
"CYCLOTOMYcat",59,4,3,1423,1423,"cyc(1423, 3, type = ""1"")"
"CYCLOTOMYcat",60,4,3,1429,1431,"cyc(1429, 3, type = ""2"")"
"CYCLOTOMYcat",61,4,3,1447,1447,"cyc(1447, 3, type = ""1"")"
"CYCLOTOMYcat",62,4,3,1453,1453,"cyc(1453, 3, type = ""1"")"
"CYCLOTOMYcat",63,4,3,1459,1459,"cyc(1459, 3, type = ""1"")"
"CYCLOTOMYcat",64,4,3,1471,1471,"cyc(1471, 3, type = ""1"")"
"CYCLOTOMYcat",65,4,3,1483,1483,"cyc(1483, 3, type = ""1"")"
"CYCLOTOMYcat",66,4,3,1489,1489,"cyc(1489, 3, type = ""1"")"
"CYCLOTOMYcat",67,4,3,1531,1531,"cyc(1531, 3, type = ""1"")"
"CYCLOTOMYcat",68,4,3,1543,1543,"cyc(1543, 3, type = ""1"")"
"CYCLOTOMYcat",69,4,3,1549,1549,"cyc(1549, 3, type = ""1"")"
"CYCLOTOMYcat",70,4,3,1567,1567,"cyc(1567, 3, type = ""1"")"
"CYCLOTOMYcat",71,4,3,1579,1579,"cyc(1579, 3, type = ""1"")"
"CYCLOTOMYcat",72,4,3,1597,1597,"cyc(1597, 3, type = ""1"")"
"CYCLOTOMYcat",73,4,4,462,1848,"cyc(461, 4, type = ""4a"")"
"CYCLOTOMYcat",74,4,4,558,2232,"cyc(557, 4, type = ""4a"")"
"CYCLOTOMYcat",75,4,4,614,2452,"cyc(613, 4, type = ""3a"")"
"CYCLOTOMYcat",76,4,4,654,2612,"cyc(653, 4, type = ""3a"")"
"CYCLOTOMYcat",77,4,4,678,2708,"cyc(677, 4, type = ""3a"")"
"CYCLOTOMYcat",78,4,4,702,2804,"cyc(701, 4, type = ""3a"")"
"CYCLOTOMYcat",79,4,4,734,2932,"cyc(733, 4, type = ""3a"")"
"CYCLOTOMYcat",80,4,4,758,3028,"cyc(757, 4, type = ""3a"")"
"CYCLOTOMYcat",81,4,4,774,3092,"cyc(773, 4, type = ""3a"")"
"CYCLOTOMYcat",82,4,4,798,3188,"cyc(797, 4, type = ""3a"")"
"CYCLOTOMYcat",83,4,6,2648,15888,"cyc(2647, 6, type = ""4a"")"
"CYCLOTOMYcat",84,4,6,2768,16608,"cyc(2767, 6, type = ""4a"")"
"CYCLOTOMYcat",85,4,6,3020,18114,"cyc(3019, 6, type = ""3a"")"
"CYCLOTOMYcat",86,4,6,3260,19560,"cyc(3259, 6, type = ""4a"")"
"CYCLOTOMYcat",87,4,6,3272,19626,"cyc(3271, 6, type = ""3a"")"
"CYCLOTOMYcat",88,4,6,3320,19914,"cyc(3319, 6, type = ""3a"")"
"CYCLOTOMYcat",89,4,6,3332,19992,"cyc(3331, 6, type = ""4a"")"
"CYCLOTOMYcat",90,4,6,3344,20058,"cyc(3343, 6, type = ""3a"")"
"CYCLOTOMYcat",91,4,6,3464,20778,"cyc(3463, 6, type = ""3a"")"
"CYCLOTOMYcat",92,4,6,3500,20994,"cyc(3499, 6, type = ""3a"")"
"CYCLOTOMYcat",93,4,6,3584,21498,"cyc(3583, 6, type = ""3a"")"
"CYCLOTOMYcat",94,4,6,3608,21642,"cyc(3607, 6, type = ""3a"")"
"CYCLOTOMYcat",95,4,6,3632,21786,"cyc(3631, 6, type = ""3a"")"
"CYCLOTOMYcat",96,4,6,3644,21858,"cyc(3643, 6, type = ""3a"")"
"CYCLOTOMYcat",97,4,6,3692,22146,"cyc(3691, 6, type = ""3a"")"
"CYCLOTOMYcat",98,4,6,3728,22362,"cyc(3727, 6, type = ""3a"")"
"CYCLOTOMYcat",99,4,6,3824,22938,"cyc(3823, 6, type = ""3a"")"
"CYCLOTOMYcat",100,4,6,3848,23082,"cyc(3847, 6, type = ""3a"")"
"CYCLOTOMYcat",101,4,6,3908,23442,"cyc(3907, 6, type = ""3a"")"
"CYCLOTOMYcat",102,4,6,3932,23586,"cyc(3931, 6, type = ""3a"")"
"CYCLOTOMYcat",103,4,6,3944,23658,"cyc(3943, 6, type = ""3a"")"
"CYCLOTOMYcat",104,4,6,4004,24018,"cyc(4003, 6, type = ""3a"")"
"CYCLOTOMYcat",105,4,6,4028,24162,"cyc(4027, 6, type = ""3a"")"
"CYCLOTOMYcat",106,4,7,6344,44401,"cyc(6343, 7, type = ""3a"")"
"CYCLOTOMYcat",107,4,7,6764,47341,"cyc(6763, 7, type = ""3a"")"
"CYCLOTOMYcat",108,4,8,8762,70088,"cyc(8761, 8, type = ""3a"")"
"CYCLOTOMYcat",109,4,8,8970,71752,"cyc(8969, 8, type = ""3a"")"
"CYCLOTOMYcat",110,4,8,9050,72392,"cyc(9049, 8, type = ""3a"")"
"CYCLOTOMYcat",111,4,8,9338,74696,"cyc(9337, 8, type = ""3a"")"
"CYCLOTOMYcat",112,4,8,9722,77768,"cyc(9721, 8, type = ""3a"")"
"CYCLOTOMYcat",113,4,8,9818,78536,"cyc(9817, 8, type = ""3a"")"
"CYCLOTOMYcat",114,4,8,9834,78664,"cyc(9833, 8, type = ""3a"")"
"CYCLOTOMYcat",115,4,8,10009,80072,"cyc(10009, 8, type = ""3"")"
"CYCLOTOMYcat",116,5,2,433,434,"cyc(433, 2, type = ""2"")"
"CYCLOTOMYcat",117,5,2,523,523,"cyc(523, 2, type = ""1"")"
"CYCLOTOMYcat",118,5,2,541,541,"cyc(541, 2, type = ""1"")"
"CYCLOTOMYcat",119,5,2,547,547,"cyc(547, 2, type = ""1"")"
"CYCLOTOMYcat",120,5,2,557,557,"cyc(557, 2, type = ""1"")"
"CYCLOTOMYcat",121,5,2,563,563,"cyc(563, 2, type = ""1"")"
"CYCLOTOMYcat",122,5,2,569,570,"cyc(569, 2, type = ""2"")"
"CYCLOTOMYcat",123,5,2,571,571,"cyc(571, 2, type = ""1"")"
"CYCLOTOMYcat",124,5,2,577,577,"cyc(577, 2, type = ""1"")"
"CYCLOTOMYcat",125,5,2,587,587,"cyc(587, 2, type = ""1"")"
"CYCLOTOMYcat",126,5,2,593,593,"cyc(593, 2, type = ""1"")"
"CYCLOTOMYcat",127,5,2,599,599,"cyc(599, 2, type = ""1"")"
"CYCLOTOMYcat",128,5,2,601,601,"cyc(601, 2, type = ""1"")"
"CYCLOTOMYcat",129,5,2,607,607,"cyc(607, 2, type = ""1"")"
"CYCLOTOMYcat",130,5,2,613,613,"cyc(613, 2, type = ""1"")"
"CYCLOTOMYcat",131,5,3,1051,3156,"cyc(1051, 3, type = ""4"")"
"CYCLOTOMYcat",132,5,3,1069,3210,"cyc(1069, 3, type = ""4"")"
"CYCLOTOMYcat",133,5,3,1087,3264,"cyc(1087, 3, type = ""4"")"
"CYCLOTOMYcat",134,5,3,1093,3282,"cyc(1093, 3, type = ""4"")"
"CYCLOTOMYcat",135,5,3,1123,3369,"cyc(1123, 3, type = ""3"")"
"CYCLOTOMYcat",136,5,3,1129,3390,"cyc(1129, 3, type = ""4"")"
"CYCLOTOMYcat",137,5,3,1171,3516,"cyc(1171, 3, type = ""4"")"
"CYCLOTOMYcat",138,5,3,1213,3642,"cyc(1213, 3, type = ""4"")"
"CYCLOTOMYcat",139,5,3,1231,3696,"cyc(1231, 3, type = ""4"")"
"CYCLOTOMYcat",140,5,3,1249,3750,"cyc(1249, 3, type = ""4"")"
"CYCLOTOMYcat",141,5,3,1279,3840,"cyc(1279, 3, type = ""4"")"
"CYCLOTOMYcat",142,5,3,1291,3876,"cyc(1291, 3, type = ""4"")"
"CYCLOTOMYcat",143,5,3,1297,3891,"cyc(1297, 3, type = ""3"")"
"CYCLOTOMYcat",144,5,3,1303,3909,"cyc(1303, 3, type = ""3"")"
"CYCLOTOMYcat",145,5,3,1327,3981,"cyc(1327, 3, type = ""3"")"
"CYCLOTOMYcat",146,5,3,1381,4143,"cyc(1381, 3, type = ""3"")"
"CYCLOTOMYcat",147,5,3,1399,4197,"cyc(1399, 3, type = ""3"")"
"CYCLOTOMYcat",148,5,3,1423,4269,"cyc(1423, 3, type = ""3"")"
"CYCLOTOMYcat",149,5,3,1447,4341,"cyc(1447, 3, type = ""3"")"
"CYCLOTOMYcat",150,5,3,1453,4359,"cyc(1453, 3, type = ""3"")"
"CYCLOTOMYcat",151,5,3,1459,4377,"cyc(1459, 3, type = ""3"")"
"CYCLOTOMYcat",152,5,3,1471,4413,"cyc(1471, 3, type = ""3"")"
"CYCLOTOMYcat",153,5,3,1483,4449,"cyc(1483, 3, type = ""3"")"
"CYCLOTOMYcat",154,5,3,1489,4467,"cyc(1489, 3, type = ""3"")"
"CYCLOTOMYcat",155,5,3,1531,4593,"cyc(1531, 3, type = ""3"")"
"CYCLOTOMYcat",156,5,3,1543,4629,"cyc(1543, 3, type = ""3"")"
"CYCLOTOMYcat",157,5,3,1549,4647,"cyc(1549, 3, type = ""3"")"
"CYCLOTOMYcat",158,5,3,1567,4701,"cyc(1567, 3, type = ""3"")"
"CYCLOTOMYcat",159,5,3,1579,4737,"cyc(1579, 3, type = ""3"")"
"CYCLOTOMYcat",160,5,3,1597,4791,"cyc(1597, 3, type = ""3"")"
"CYCLOTOMYcat",161,5,3,1609,4827,"cyc(1609, 3, type = ""3"")"
"CYCLOTOMYcat",162,5,3,1621,4863,"cyc(1621, 3, type = ""3"")"
"CYCLOTOMYcat",163,5,3,1627,4881,"cyc(1627, 3, type = ""3"")"
"CYCLOTOMYcat",164,5,3,1657,4971,"cyc(1657, 3, type = ""3"")"
"CYCLOTOMYcat",165,5,3,1663,4989,"cyc(1663, 3, type = ""3"")"
"CYCLOTOMYcat",166,5,3,1669,5007,"cyc(1669, 3, type = ""3"")"
"CYCLOTOMYcat",167,5,3,1693,5079,"cyc(1693, 3, type = ""3"")"
"CYCLOTOMYcat",168,5,3,1699,5097,"cyc(1699, 3, type = ""3"")"
"CYCLOTOMYcat",169,5,3,1723,5169,"cyc(1723, 3, type = ""3"")"
"CYCLOTOMYcat",170,5,3,1741,5223,"cyc(1741, 3, type = ""3"")"
"CYCLOTOMYcat",171,5,3,1747,5241,"cyc(1747, 3, type = ""3"")"
"CYCLOTOMYcat",172,5,3,1753,5259,"cyc(1753, 3, type = ""3"")"
"CYCLOTOMYcat",173,5,3,1759,5277,"cyc(1759, 3, type = ""3"")"
"CYCLOTOMYcat",174,5,3,6983,6983,"cyc(6983, 3, type = ""1"")"
"CYCLOTOMYcat",175,5,3,7013,7013,"cyc(7013, 3, type = ""1"")"
"CYCLOTOMYcat",176,5,3,10007,10007,"cyc(10007, 3, type = ""1"")"
"CYCLOTOMYcat",177,6,2,1231,1231,"cyc(1231, 2, type = ""1"")"
"CYCLOTOMYcat",178,6,2,1283,1283,"cyc(1283, 2, type = ""1"")"
"CYCLOTOMYcat",179,6,2,1319,1319,"cyc(1319, 2, type = ""1"")"
"CYCLOTOMYcat",180,6,2,1361,1361,"cyc(1361, 2, type = ""1"")"
"CYCLOTOMYcat",181,6,2,1367,1367,"cyc(1367, 2, type = ""1"")"
"CYCLOTOMYcat",182,6,2,1373,1373,"cyc(1373, 2, type = ""1"")"
"CYCLOTOMYcat",183,6,2,1381,1381,"cyc(1381, 2, type = ""1"")"
"CYCLOTOMYcat",184,6,2,1423,1423,"cyc(1423, 2, type = ""1"")"
"CYCLOTOMYcat",185,6,2,1427,1427,"cyc(1427, 2, type = ""1"")"
"CYCLOTOMYcat",186,6,2,1429,1429,"cyc(1429, 2, type = ""1"")"
"CYCLOTOMYcat",187,6,2,1439,1439,"cyc(1439, 2, type = ""1"")"
"CYCLOTOMYcat",188,6,2,1447,1447,"cyc(1447, 2, type = ""1"")"
"CYCLOTOMYcat",189,6,2,1459,1459,"cyc(1459, 2, type = ""1"")"
"CYCLOTOMYcat",190,6,2,1483,1483,"cyc(1483, 2, type = ""1"")"
"CYCLOTOMYcat",191,6,2,1487,1487,"cyc(1487, 2, type = ""1"")"
"CYCLOTOMYcat",192,6,2,1493,1493,"cyc(1493, 2, type = ""1"")"
"CYCLOTOMYcat",193,6,2,1499,1499,"cyc(1499, 2, type = ""1"")"
"CYCLOTOMYcat",194,6,2,1511,1511,"cyc(1511, 2, type = ""1"")"
"CYCLOTOMYcat",195,6,2,1523,1523,"cyc(1523, 2, type = ""1"")"
"CYCLOTOMYcat",196,6,2,1549,1549,"cyc(1549, 2, type = ""1"")"
"CYCLOTOMYcat",197,6,2,1559,1559,"cyc(1559, 2, type = ""1"")"
"CYCLOTOMYcat",198,6,2,1567,1567,"cyc(1567, 2, type = ""1"")"
"CYCLOTOMYcat",199,6,2,1571,1571,"cyc(1571, 2, type = ""1"")"
"CYCLOTOMYcat",200,6,2,1579,1579,"cyc(1579, 2, type = ""1"")"
"CYCLOTOMYcat",201,6,2,1583,1583,"cyc(1583, 2, type = ""1"")"
"CYCLOTOMYcat",202,6,2,1597,1597,"cyc(1597, 2, type = ""1"")"
"CYCLOTOMYcat",203,6,2,1601,1601,"cyc(1601, 2, type = ""1"")"
"CYCLOTOMYcat",204,6,2,1607,1607,"cyc(1607, 2, type = ""1"")"
"CYCLOTOMYcat",205,6,2,1609,1609,"cyc(1609, 2, type = ""1"")"
"CYCLOTOMYcat",206,6,2,1613,1613,"cyc(1613, 2, type = ""1"")"
"CYCLOTOMYcat",207,6,2,1619,1619,"cyc(1619, 2, type = ""1"")"
"CYCLOTOMYcat",208,6,2,1621,1621,"cyc(1621, 2, type = ""1"")"
"CYCLOTOMYcat",209,6,2,1627,1627,"cyc(1627, 2, type = ""1"")"
"CYCLOTOMYcat",210,6,2,1997,1997,"cyc(1997, 2, type = ""1"")"
"CYCLOTOMYcat",211,6,2,1999,1999,"cyc(1999, 2, type = ""1"")"
"CYCLOTOMYcat",212,6,2,2003,2003,"cyc(2003, 2, type = ""1"")"
"CYCLOTOMYcat",213,6,2,2503,2503,"cyc(2503, 2, type = ""1"")"
"PALEYcat",1,3,2,11,12,"rbind(1, paley_mat(11))"
"PALEYcat",2,3,2,17,18,"rbind(1, paley_mat(17))"
"PALEYcat",3,3,2,19,19,"paley_mat(19)"
"PALEYcat",4,3,2,23,23,"paley_mat(23)"
"PALEYcat",5,3,2,29,28,"paley_mat(29)[-(1:1), ]"
"PALEYcat",6,3,2,31,30,"paley_mat(31)[-(1:1), ]"
"PALEYcat",7,3,2,37,36,"paley_mat(37)[-(1:1), ]"
"PALEYcat",8,3,2,41,40,"paley_mat(41)[-(1:1), ]"
"PALEYcat",9,3,2,43,41,"paley_mat(43)[-(1:2), ]"
"PALEYcat",10,3,2,47,44,"paley_mat(47)[-(1:3), ]"
"PALEYcat",11,3,2,53,50,"paley_mat(53)[-(1:3), ]"
"PALEYcat",12,3,2,59,55,"paley_mat(59)[-(1:4), ]"
"PALEYcat",13,3,2,61,58,"paley_mat(61)[-(1:3), ]"
"PALEYcat",14,3,2,73,68,"paley_mat(73)[-(1:5), ]"
"PALEYcat",15,4,2,12,24,"Double(rbind(1, paley_mat(11)))"
"PALEYcat",16,4,2,20,40,"Double(rbind(1, paley_mat(19)))"
"PALEYcat",17,4,2,24,46,"Double(paley_mat(23))"
"PALEYcat",18,4,2,30,58,"Double(paley_mat(29))"
"PALEYcat",19,4,2,32,60,"Double(paley_mat(31)[-(1:1), ])"
"PALEYcat",20,4,2,38,74,"Double(paley_mat(37))"
"PALEYcat",21,4,2,42,82,"Double(paley_mat(41))"
"PALEYcat",22,4,2,44,82,"Double(paley_mat(43)[-(1:2), ])"
"PALEYcat",23,4,2,48,90,"Double(paley_mat(47)[-(1:2), ])"
"PALEYcat",24,4,2,54,102,"Double(paley_mat(53)[-(1:2), ])"
"PALEYcat",25,4,2,60,110,"Double(paley_mat(59)[-(1:4), ])"
"PALEYcat",26,4,2,62,118,"Double(paley_mat(61)[-(1:2), ])"
"PALEYcat",27,4,2,67,67,"paley_mat(67)"
"PALEYcat",28,4,2,71,71,"paley_mat(71)"
"PALEYcat",29,4,2,74,138,"Double(paley_mat(73)[-(1:4), ])"
"PALEYcat",30,4,2,79,79,"paley_mat(79)"
"PALEYcat",31,4,2,83,83,"paley_mat(83)"
"PALEYcat",32,4,2,89,88,"paley_mat(89)[-(1:1), ]"
"PALEYcat",33,4,2,97,96,"paley_mat(97)[-(1:1), ]"
"PALEYcat",34,4,2,101,100,"paley_mat(101)[-(1:1), ]"
"PALEYcat",35,4,2,103,104,"rbind(1, paley_mat(103))"
"PALEYcat",36,4,2,107,106,"paley_mat(107)[-(1:1), ]"
"PALEYcat",37,4,2,109,108,"paley_mat(109)[-(1:1), ]"
"PALEYcat",38,4,2,113,112,"paley_mat(113)[-(1:1), ]"
"PALEYcat",39,4,2,127,125,"paley_mat(127)[-(1:2), ]"
"PALEYcat",40,4,2,131,130,"paley_mat(131)[-(1:1), ]"
"PALEYcat",41,4,2,137,135,"paley_mat(137)[-(1:2), ]"
"PALEYcat",42,4,2,139,137,"paley_mat(139)[-(1:2), ]"
"PALEYcat",43,4,2,149,146,"paley_mat(149)[-(1:3), ]"
"PALEYcat",44,4,2,151,148,"paley_mat(151)[-(1:3), ]"
"PALEYcat",45,4,2,157,154,"paley_mat(157)[-(1:3), ]"
"PALEYcat",46,4,2,163,160,"paley_mat(163)[-(1:3), ]"
"PALEYcat",47,4,2,167,164,"paley_mat(167)[-(1:3), ]"
"PALEYcat",48,4,2,173,170,"paley_mat(173)[-(1:3), ]"
"PALEYcat",49,4,2,179,175,"paley_mat(179)[-(1:4), ]"
"PALEYcat",50,4,2,181,180,"paley_mat(181)[-(1:1), ]"
"PALEYcat",51,4,2,191,186,"paley_mat(191)[-(1:5), ]"
"PALEYcat",52,4,2,193,188,"paley_mat(193)[-(1:5), ]"
"PALEYcat",53,4,2,197,193,"paley_mat(197)[-(1:4), ]"
"PALEYcat",54,4,2,199,195,"paley_mat(199)[-(1:4), ]"
"PALEYcat",55,4,2,211,206,"paley_mat(211)[-(1:5), ]"
"PALEYcat",56,4,2,223,217,"paley_mat(223)[-(1:6), ]"
"PALEYcat",57,4,2,227,221,"paley_mat(227)[-(1:6), ]"
"PALEYcat",58,4,2,229,224,"paley_mat(229)[-(1:5), ]"
"PALEYcat",59,4,2,233,228,"paley_mat(233)[-(1:5), ]"
"PALEYcat",60,4,2,239,232,"paley_mat(239)[-(1:7), ]"
"PALEYcat",61,4,2,241,234,"paley_mat(241)[-(1:7), ]"
"PALEYcat",62,4,2,251,244,"paley_mat(251)[-(1:7), ]"
"PALEYcat",63,4,2,257,250,"paley_mat(257)[-(1:7), ]"
"PALEYcat",64,4,2,263,256,"paley_mat(263)[-(1:7), ]"
"PALEYcat",65,4,2,269,261,"paley_mat(269)[-(1:8), ]"
"PALEYcat",66,4,2,271,263,"paley_mat(271)[-(1:8), ]"
"PALEYcat",67,4,2,277,269,"paley_mat(277)[-(1:8), ]"
"PALEYcat",68,4,2,281,273,"paley_mat(281)[-(1:8), ]"
"PALEYcat",69,4,2,283,276,"paley_mat(283)[-(1:7), ]"
"PALEYcat",70,4,2,293,284,"paley_mat(293)[-(1:9), ]"
"PALEYcat",71,4,2,307,297,"paley_mat(307)[-(1:10), ]"
"PALEYcat",72,4,2,311,302,"paley_mat(311)[-(1:9), ]"
"PALEYcat",73,4,2,313,304,"paley_mat(313)[-(1:9), ]"
"PALEYcat",74,4,2,317,308,"paley_mat(317)[-(1:9), ]"
"PALEYcat",75,4,2,331,321,"paley_mat(331)[-(1:10), ]"
"PALEYcat",76,4,2,337,327,"paley_mat(337)[-(1:10), ]"
"PALEYcat",77,4,2,347,335,"paley_mat(347)[-(1:12), ]"
"PALEYcat",78,4,2,349,338,"paley_mat(349)[-(1:11), ]"
"PALEYcat",79,4,2,353,342,"paley_mat(353)[-(1:11), ]"
"PALEYcat",80,4,2,367,354,"paley_mat(367)[-(1:13), ]"
"PALEYcat",81,4,2,373,360,"paley_mat(373)[-(1:13), ]"
"PALEYcat",82,4,2,383,369,"paley_mat(383)[-(1:14), ]"
"PALEYcat",83,4,2,389,376,"paley_mat(389)[-(1:13), ]"
"PALEYcat",84,4,2,397,383,"paley_mat(397)[-(1:14), ]"
"PALEYcat",85,4,2,401,389,"paley_mat(401)[-(1:12), ]"
"PALEYcat",86,4,2,409,394,"paley_mat(409)[-(1:15), ]"
"PALEYcat",87,4,2,419,404,"paley_mat(419)[-(1:15), ]"
"PALEYcat",88,4,2,421,406,"paley_mat(421)[-(1:15), ]"
"PALEYcat",89,4,2,439,424,"paley_mat(439)[-(1:15), ]"
"PALEYcat",90,4,2,443,427,"paley_mat(443)[-(1:16), ]"
"PALEYcat",91,4,2,449,433,"paley_mat(449)[-(1:16), ]"
"PALEYcat",92,4,2,457,440,"paley_mat(457)[-(1:17), ]"
"PALEYcat",93,4,2,461,444,"paley_mat(461)[-(1:17), ]"
"PALEYcat",94,4,2,479,461,"paley_mat(479)[-(1:18), ]"
"PALEYcat",95,5,2,68,136,"Double(rbind(1, paley_mat(67)))"
"PALEYcat",96,5,2,72,144,"Double(rbind(1, paley_mat(71)))"
"PALEYcat",97,5,2,80,160,"Double(rbind(1, paley_mat(79)))"
"PALEYcat",98,5,2,84,168,"Double(rbind(1, paley_mat(83)))"
"PALEYcat",99,5,2,90,178,"Double(paley_mat(89))"
"PALEYcat",100,5,2,98,194,"Double(paley_mat(97))"
"PALEYcat",101,5,2,102,202,"Double(paley_mat(101))"
"PALEYcat",102,5,2,104,208,"Double(rbind(1, paley_mat(103)))"
"PALEYcat",103,5,2,108,214,"Double(paley_mat(107))"
"PALEYcat",104,5,2,110,218,"Double(paley_mat(109))"
"PALEYcat",105,5,2,114,226,"Double(paley_mat(113))"
"PALEYcat",106,5,2,128,252,"Double(paley_mat(127)[-(1:1), ])"
"PALEYcat",107,5,2,132,260,"Double(paley_mat(131)[-(1:1), ])"
"PALEYcat",108,5,2,138,272,"Double(paley_mat(137)[-(1:1), ])"
"PALEYcat",109,5,2,140,276,"Double(paley_mat(139)[-(1:1), ])"
"PALEYcat",110,5,2,150,294,"Double(paley_mat(149)[-(1:2), ])"
"PALEYcat",111,5,2,152,298,"Double(paley_mat(151)[-(1:2), ])"
"PALEYcat",112,5,2,158,310,"Double(paley_mat(157)[-(1:2), ])"
"PALEYcat",113,5,2,164,322,"Double(paley_mat(163)[-(1:2), ])"
"PALEYcat",114,5,2,168,330,"Double(paley_mat(167)[-(1:2), ])"
"PALEYcat",115,5,2,174,342,"Double(paley_mat(173)[-(1:2), ])"
"PALEYcat",116,5,2,180,352,"Double(paley_mat(179)[-(1:3), ])"
"PALEYcat",117,5,2,182,362,"Double(paley_mat(181))"
"PALEYcat",118,5,2,192,374,"Double(paley_mat(191)[-(1:4), ])"
"PALEYcat",119,5,2,194,378,"Double(paley_mat(193)[-(1:4), ])"
"PALEYcat",120,5,2,198,388,"Double(paley_mat(197)[-(1:3), ])"
"PALEYcat",121,5,2,200,390,"Double(paley_mat(199)[-(1:4), ])"
"PALEYcat",122,5,2,212,414,"Double(paley_mat(211)[-(1:4), ])"
"PALEYcat",123,5,2,224,436,"Double(paley_mat(223)[-(1:5), ])"
"PALEYcat",124,5,2,228,444,"Double(paley_mat(227)[-(1:5), ])"
"PALEYcat",125,5,2,230,450,"Double(paley_mat(229)[-(1:4), ])"
"PALEYcat",126,5,2,234,458,"Double(paley_mat(233)[-(1:4), ])"
"PALEYcat",127,5,2,240,466,"Double(paley_mat(239)[-(1:6), ])"
"PALEYcat",128,5,2,242,470,"Double(paley_mat(241)[-(1:6), ])"
"PALEYcat",129,5,2,252,490,"Double(paley_mat(251)[-(1:6), ])"
"PALEYcat",130,5,2,258,502,"Double(paley_mat(257)[-(1:6), ])"
"PALEYcat",131,5,2,264,512,"Double(paley_mat(263)[-(1:7), ])"
"PALEYcat",132,5,2,270,526,"Double(paley_mat(269)[-(1:6), ])"
"PALEYcat",133,5,2,272,528,"Double(paley_mat(271)[-(1:7), ])"
"PALEYcat",134,5,2,278,540,"Double(paley_mat(277)[-(1:7), ])"
"PALEYcat",135,5,2,282,548,"Double(paley_mat(281)[-(1:7), ])"
"PALEYcat",136,5,2,284,552,"Double(paley_mat(283)[-(1:7), ])"
"PALEYcat",137,5,2,294,570,"Double(paley_mat(293)[-(1:8), ])"
"PALEYcat",138,5,2,308,596,"Double(paley_mat(307)[-(1:9), ])"
"PALEYcat",139,5,2,312,604,"Double(paley_mat(311)[-(1:9), ])"
"PALEYcat",140,5,2,314,610,"Double(paley_mat(313)[-(1:8), ])"
"PALEYcat",141,5,2,318,618,"Double(paley_mat(317)[-(1:8), ])"
"PALEYcat",142,5,2,332,644,"Double(paley_mat(331)[-(1:9), ])"
"PALEYcat",143,5,2,338,656,"Double(paley_mat(337)[-(1:9), ])"
"PALEYcat",144,5,2,348,672,"Double(paley_mat(347)[-(1:11), ])"
"PALEYcat",145,5,2,350,678,"Double(paley_mat(349)[-(1:10), ])"
"PALEYcat",146,5,2,354,686,"Double(paley_mat(353)[-(1:10), ])"
"PALEYcat",147,5,2,359,359,"paley_mat(359)"
"PALEYcat",148,5,2,368,710,"Double(paley_mat(367)[-(1:12), ])"
"PALEYcat",149,5,2,374,722,"Double(paley_mat(373)[-(1:12), ])"
"PALEYcat",150,5,2,379,380,"rbind(1, paley_mat(379))"
"PALEYcat",151,5,2,384,740,"Double(paley_mat(383)[-(1:13), ])"
"PALEYcat",152,5,2,390,754,"Double(paley_mat(389)[-(1:12), ])"
"PALEYcat",153,5,2,398,768,"Double(paley_mat(397)[-(1:13), ])"
"PALEYcat",154,5,2,402,780,"Double(paley_mat(401)[-(1:11), ])"
"PALEYcat",155,5,2,410,790,"Double(paley_mat(409)[-(1:14), ])"
"PALEYcat",156,5,2,420,810,"Double(paley_mat(419)[-(1:14), ])"
"PALEYcat",157,5,2,422,814,"Double(paley_mat(421)[-(1:14), ])"
"PALEYcat",158,5,2,431,430,"paley_mat(431)[-(1:1), ]"
"PALEYcat",159,5,2,433,434,"rbind(1, paley_mat(433))"
"PALEYcat",160,5,2,440,850,"Double(paley_mat(439)[-(1:14), ])"
"PALEYcat",161,5,2,444,856,"Double(paley_mat(443)[-(1:15), ])"
"PALEYcat",162,5,2,450,868,"Double(paley_mat(449)[-(1:15), ])"
"PALEYcat",163,5,2,458,882,"Double(paley_mat(457)[-(1:16), ])"
"PALEYcat",164,5,2,462,890,"Double(paley_mat(461)[-(1:16), ])"
"PALEYcat",165,5,2,463,462,"paley_mat(463)[-(1:1), ]"
"PALEYcat",166,5,2,467,466,"paley_mat(467)[-(1:1), ]"
"PALEYcat",167,5,2,480,924,"Double(paley_mat(479)[-(1:17), ])"
"PALEYcat",168,5,2,487,486,"paley_mat(487)[-(1:1), ]"
"PALEYcat",169,5,2,491,490,"paley_mat(491)[-(1:1), ]"
"PALEYcat",170,5,2,499,498,"paley_mat(499)[-(1:1), ]"
"PALEYcat",171,6,2,360,720,"Double(rbind(1, paley_mat(359)))"
"PALEYcat",172,6,2,380,760,"Double(rbind(1, paley_mat(379)))"
"PALEYcat",173,6,2,432,862,"Double(paley_mat(431))"
"PALEYcat",174,6,2,464,926,"Double(paley_mat(463))"
"PALEYcat",175,6,2,468,934,"Double(paley_mat(467))"
"PALEYcat",176,6,2,488,974,"Double(paley_mat(487))"
"PALEYcat",177,6,2,492,982,"Double(paley_mat(491))"
"PALEYcat",178,6,2,500,998,"Double(paley_mat(499))"
"CKcombis",1,4,2,12,24,"CS_CK3(12, starter = ColbournKeriStarters[[""4""]][[""12""]])"
"CKcombis",2,4,2,20,40,"CS_CK3(20, starter = ColbournKeriStarters[[""4""]][[""20""]])"
"CKcombis",3,4,2,21,42,"CS_CK1(21, starter = ColbournKeriStarters[[""4""]][[""21""]])"
"CKcombis",4,4,2,22,44,"CS_CK3(22, starter = ColbournKeriStarters[[""4""]][[""22""]])"
"CKcombis",5,4,2,24,46,"CS_CK2(24, starter = ColbournKeriStarters[[""4""]][[""24""]])"
"CKcombis",6,4,2,25,50,"CS_CK3(25, starter = ColbournKeriStarters[[""4""]][[""25""]])"
"CKcombis",7,4,2,26,52,"CS_CK3(26, starter = ColbournKeriStarters[[""4""]][[""26""]])"
"CKcombis",8,4,2,27,54,"CS_CK3(27, starter = ColbournKeriStarters[[""4""]][[""27""]])"
"CKcombis",9,4,2,28,54,"CS_CK2(28, starter = ColbournKeriStarters[[""4""]][[""28""]])"
"CKcombis",10,4,2,29,56,"CS_CK2(29, starter = ColbournKeriStarters[[""4""]][[""29""]])"
"CKcombis",11,4,2,30,58,"CS_CK2(30, starter = ColbournKeriStarters[[""4""]][[""30""]])"
"CKcombis",12,4,2,31,60,"CS_CK2(31, starter = ColbournKeriStarters[[""4""]][[""31""]])"
"CKcombis",13,4,2,32,62,"CS_CK2(32, starter = ColbournKeriStarters[[""4""]][[""32""]])"
"CKcombis",14,4,2,33,64,"CS_CK2(33, starter = ColbournKeriStarters[[""4""]][[""33""]])"
"CKcombis",15,4,2,34,66,"CS_CK2(34, starter = ColbournKeriStarters[[""4""]][[""34""]])"
"CKcombis",16,4,2,67,68,"derive(CS_CK3(k = 68, starter = cycvec(2, 67)))"
"CKcombis",17,4,2,71,72,"derive(CS_CK3(k = 72, starter = cycvec(2, 71)))"
"CKcombis",18,4,2,79,80,"derive(CS_CK3(k = 80, starter = cycvec(2, 79)))"
"CKcombis",19,4,2,83,84,"derive(CS_CK3(k = 84, starter = cycvec(2, 83)))"
"CKcombis",20,4,2,89,89,"derive(CS_CK2(k = 90, starter = cycvec(2, 89)))"
"CKcombis",21,4,2,97,97,"derive(CS_CK2(k = 98, starter = cycvec(2, 97)))"
"CKcombis",22,4,2,101,101,"derive(CS_CK2(k = 102, starter = cycvec(2, 101)))"
"CKcombis",23,4,2,102,103,"derive(CS_CK1(k = 103, starter = cycvec(2, 103)))"
"CKcombis",24,4,2,107,107,"derive(CS_CK2(k = 108, starter = cycvec(2, 107)))"
"CKcombis",25,4,2,109,109,"derive(CS_CK2(k = 110, starter = cycvec(2, 109)))"
"CKcombis",26,4,2,113,113,"derive(CS_CK2(k = 114, starter = cycvec(2, 113)))"
"CKcombis",27,4,2,127,127,"derive(CS_CK2(k = 128, starter = cycvec(2, 127)))"
"CKcombis",28,4,2,131,131,"derive(CS_CK2(k = 132, starter = cycvec(2, 131)))"
"CKcombis",29,4,2,137,137,"derive(CS_CK2(k = 138, starter = cycvec(2, 137)))"
"CKcombis",30,4,2,139,139,"derive(CS_CK2(k = 140, starter = cycvec(2, 139)))"
"CKcombis",31,4,2,149,149,"derive(CS_CK2(k = 150, starter = cycvec(2, 149)))"
"CKcombis",32,4,2,151,151,"derive(CS_CK2(k = 152, starter = cycvec(2, 151)))"
"CKcombis",33,4,2,157,157,"derive(CS_CK2(k = 158, starter = cycvec(2, 157)))"
"CKcombis",34,4,2,163,163,"derive(CS_CK2(k = 164, starter = cycvec(2, 163)))"
"CKcombis",35,4,2,167,167,"derive(CS_CK2(k = 168, starter = cycvec(2, 167)))"
"CKcombis",36,4,2,173,173,"derive(CS_CK2(k = 174, starter = cycvec(2, 173)))"
"CKcombis",37,4,2,179,179,"derive(CS_CK2(k = 180, starter = cycvec(2, 179)))"
"CKcombis",38,4,2,181,181,"derive(CS_CK2(k = 182, starter = cycvec(2, 181)))"
"CKcombis",39,4,2,191,191,"derive(CS_CK2(k = 192, starter = cycvec(2, 191)))"
"CKcombis",40,4,2,193,193,"derive(CS_CK2(k = 194, starter = cycvec(2, 193)))"
"CKcombis",41,4,2,197,197,"derive(CS_CK2(k = 198, starter = cycvec(2, 197)))"
"CKcombis",42,4,2,199,199,"derive(CS_CK2(k = 200, starter = cycvec(2, 199)))"
"CKcombis",43,4,2,211,211,"derive(CS_CK2(k = 212, starter = cycvec(2, 211)))"
"CKcombis",44,4,2,223,223,"derive(CS_CK2(k = 224, starter = cycvec(2, 223)))"
"CKcombis",45,4,2,227,227,"derive(CS_CK2(k = 228, starter = cycvec(2, 227)))"
"CKcombis",46,4,2,229,229,"derive(CS_CK2(k = 230, starter = cycvec(2, 229)))"
"CKcombis",47,4,2,233,233,"derive(CS_CK2(k = 234, starter = cycvec(2, 233)))"
"CKcombis",48,4,2,239,239,"derive(CS_CK2(k = 240, starter = cycvec(2, 239)))"
"CKcombis",49,4,2,241,241,"derive(CS_CK2(k = 242, starter = cycvec(2, 241)))"
"CKcombis",50,4,2,251,251,"derive(CS_CK2(k = 252, starter = cycvec(2, 251)))"
"CKcombis",51,4,2,257,257,"derive(CS_CK2(k = 258, starter = cycvec(2, 257)))"
"CKcombis",52,4,2,263,263,"derive(CS_CK2(k = 264, starter = cycvec(2, 263)))"
"CKcombis",53,4,2,269,269,"derive(CS_CK2(k = 270, starter = cycvec(2, 269)))"
"CKcombis",54,4,2,271,271,"derive(CS_CK2(k = 272, starter = cycvec(2, 271)))"
"CKcombis",55,4,2,277,277,"derive(CS_CK2(k = 278, starter = cycvec(2, 277)))"
"CKcombis",56,4,2,281,281,"derive(CS_CK2(k = 282, starter = cycvec(2, 281)))"
"CKcombis",57,4,2,283,283,"derive(CS_CK2(k = 284, starter = cycvec(2, 283)))"
"CKcombis",58,4,2,293,293,"derive(CS_CK2(k = 294, starter = cycvec(2, 293)))"
"CKcombis",59,4,2,307,307,"derive(CS_CK2(k = 308, starter = cycvec(2, 307)))"
"CKcombis",60,4,2,311,311,"derive(CS_CK2(k = 312, starter = cycvec(2, 311)))"
"CKcombis",61,4,2,313,313,"derive(CS_CK2(k = 314, starter = cycvec(2, 313)))"
"CKcombis",62,4,2,317,317,"derive(CS_CK2(k = 318, starter = cycvec(2, 317)))"
"CKcombis",63,4,2,331,331,"derive(CS_CK2(k = 332, starter = cycvec(2, 331)))"
"CKcombis",64,4,2,337,337,"derive(CS_CK2(k = 338, starter = cycvec(2, 337)))"
"CKcombis",65,4,2,347,347,"derive(CS_CK2(k = 348, starter = cycvec(2, 347)))"
"CKcombis",66,4,2,349,349,"derive(CS_CK2(k = 350, starter = cycvec(2, 349)))"
"CKcombis",67,4,2,353,353,"derive(CS_CK2(k = 354, starter = cycvec(2, 353)))"
"CKcombis",68,4,2,359,359,"derive(CS_CK2(k = 360, starter = cycvec(2, 359)))"
"CKcombis",69,4,2,367,367,"derive(CS_CK2(k = 368, starter = cycvec(2, 367)))"
"CKcombis",70,4,2,373,373,"derive(CS_CK2(k = 374, starter = cycvec(2, 373)))"
"CKcombis",71,4,2,379,379,"derive(CS_CK2(k = 380, starter = cycvec(2, 379)))"
"CKcombis",72,4,2,383,383,"derive(CS_CK2(k = 384, starter = cycvec(2, 383)))"
"CKcombis",73,4,2,389,389,"derive(CS_CK2(k = 390, starter = cycvec(2, 389)))"
"CKcombis",74,4,2,397,397,"derive(CS_CK2(k = 398, starter = cycvec(2, 397)))"
"CKcombis",75,4,2,401,401,"derive(CS_CK2(k = 402, starter = cycvec(2, 401)))"
"CKcombis",76,4,2,409,409,"derive(CS_CK2(k = 410, starter = cycvec(2, 409)))"
"CKcombis",77,4,2,419,419,"derive(CS_CK2(k = 420, starter = cycvec(2, 419)))"
"CKcombis",78,4,2,421,421,"derive(CS_CK2(k = 422, starter = cycvec(2, 421)))"
"CKcombis",79,4,2,431,431,"derive(CS_CK2(k = 432, starter = cycvec(2, 431)))"
"CKcombis",80,4,2,433,433,"derive(CS_CK2(k = 434, starter = cycvec(2, 433)))"
"CKcombis",81,4,2,439,439,"derive(CS_CK2(k = 440, starter = cycvec(2, 439)))"
"CKcombis",82,4,2,443,443,"derive(CS_CK2(k = 444, starter = cycvec(2, 443)))"
"CKcombis",83,4,2,449,449,"derive(CS_CK2(k = 450, starter = cycvec(2, 449)))"
"CKcombis",84,4,2,457,457,"derive(CS_CK2(k = 458, starter = cycvec(2, 457)))"
"CKcombis",85,4,2,461,461,"derive(CS_CK2(k = 462, starter = cycvec(2, 461)))"
"CKcombis",86,4,2,463,463,"derive(CS_CK2(k = 464, starter = cycvec(2, 463)))"
"CKcombis",87,4,2,467,467,"derive(CS_CK2(k = 468, starter = cycvec(2, 467)))"
"CKcombis",88,4,2,479,479,"derive(CS_CK2(k = 480, starter = cycvec(2, 479)))"
"CKcombis",89,4,2,487,487,"derive(CS_CK2(k = 488, starter = cycvec(2, 487)))"
"CKcombis",90,4,2,491,491,"derive(CS_CK2(k = 492, starter = cycvec(2, 491)))"
"CKcombis",91,4,2,499,499,"derive(CS_CK2(k = 500, starter = cycvec(2, 499)))"
"CKcombis",92,4,2,503,503,"derive(CS_CK2(k = 504, starter = cycvec(2, 503)))"
"CKcombis",93,4,2,509,509,"derive(CS_CK2(k = 510, starter = cycvec(2, 509)))"
"CKcombis",94,4,2,521,521,"derive(CS_CK2(k = 522, starter = cycvec(2, 521)))"
"CKcombis",95,4,2,523,523,"derive(CS_CK2(k = 524, starter = cycvec(2, 523)))"
"CKcombis",96,4,2,541,541,"derive(CS_CK2(k = 542, starter = cycvec(2, 541)))"
"CKcombis",97,4,2,547,547,"derive(CS_CK2(k = 548, starter = cycvec(2, 547)))"
"CKcombis",98,4,2,557,557,"derive(CS_CK2(k = 558, starter = cycvec(2, 557)))"
"CKcombis",99,4,2,563,563,"derive(CS_CK2(k = 564, starter = cycvec(2, 563)))"
"CKcombis",100,4,2,569,569,"derive(CS_CK2(k = 570, starter = cycvec(2, 569)))"
"CKcombis",101,4,2,571,571,"derive(CS_CK2(k = 572, starter = cycvec(2, 571)))"
"CKcombis",102,4,2,577,577,"derive(CS_CK2(k = 578, starter = cycvec(2, 577)))"
"CKcombis",103,4,2,587,587,"derive(CS_CK2(k = 588, starter = cycvec(2, 587)))"
"CKcombis",104,4,2,593,593,"derive(CS_CK2(k = 594, starter = cycvec(2, 593)))"
"CKcombis",105,4,2,599,599,"derive(CS_CK2(k = 600, starter = cycvec(2, 599)))"
"CKcombis",106,4,2,601,601,"derive(CS_CK2(k = 602, starter = cycvec(2, 601)))"
"CKcombis",107,4,2,607,607,"derive(CS_CK2(k = 608, starter = cycvec(2, 607)))"
"CKcombis",108,4,2,613,613,"derive(CS_CK2(k = 614, starter = cycvec(2, 613)))"
"CKcombis",109,4,2,617,617,"derive(CS_CK2(k = 618, starter = cycvec(2, 617)))"
"CKcombis",110,4,2,619,619,"derive(CS_CK2(k = 620, starter = cycvec(2, 619)))"
"CKcombis",111,4,2,631,631,"derive(CS_CK2(k = 632, starter = cycvec(2, 631)))"
"CKcombis",112,4,2,641,641,"derive(CS_CK2(k = 642, starter = cycvec(2, 641)))"
"CKcombis",113,4,2,643,643,"derive(CS_CK2(k = 644, starter = cycvec(2, 643)))"
"CKcombis",114,4,2,647,647,"derive(CS_CK2(k = 648, starter = cycvec(2, 647)))"
"CKcombis",115,4,2,653,653,"derive(CS_CK2(k = 654, starter = cycvec(2, 653)))"
"CKcombis",116,4,2,659,659,"derive(CS_CK2(k = 660, starter = cycvec(2, 659)))"
"CKcombis",117,4,2,661,661,"derive(CS_CK2(k = 662, starter = cycvec(2, 661)))"
"CKcombis",118,4,2,673,673,"derive(CS_CK2(k = 674, starter = cycvec(2, 673)))"
"CKcombis",119,4,2,677,677,"derive(CS_CK2(k = 678, starter = cycvec(2, 677)))"
"CKcombis",120,4,2,683,683,"derive(CS_CK2(k = 684, starter = cycvec(2, 683)))"
"CKcombis",121,4,2,691,691,"derive(CS_CK2(k = 692, starter = cycvec(2, 691)))"
"CKcombis",122,4,2,701,701,"derive(CS_CK2(k = 702, starter = cycvec(2, 701)))"
"CKcombis",123,4,2,709,709,"derive(CS_CK2(k = 710, starter = cycvec(2, 709)))"
"CKcombis",124,4,2,719,719,"derive(CS_CK2(k = 720, starter = cycvec(2, 719)))"
"CKcombis",125,4,2,727,727,"derive(CS_CK2(k = 728, starter = cycvec(2, 727)))"
"CKcombis",126,4,2,733,733,"derive(CS_CK2(k = 734, starter = cycvec(2, 733)))"
"CKcombis",127,4,2,739,739,"derive(CS_CK2(k = 740, starter = cycvec(2, 739)))"
"CKcombis",128,4,2,743,743,"derive(CS_CK2(k = 744, starter = cycvec(2, 743)))"
"CKcombis",129,4,2,751,751,"derive(CS_CK2(k = 752, starter = cycvec(2, 751)))"
"CKcombis",130,4,2,757,757,"derive(CS_CK2(k = 758, starter = cycvec(2, 757)))"
"CKcombis",131,4,2,761,761,"derive(CS_CK2(k = 762, starter = cycvec(2, 761)))"
"CKcombis",132,4,2,769,769,"derive(CS_CK2(k = 770, starter = cycvec(2, 769)))"
"CKcombis",133,4,2,773,773,"derive(CS_CK2(k = 774, starter = cycvec(2, 773)))"
"CKcombis",134,5,2,68,136,"CS_CK3(k = 68, starter = cycvec(2, 67))"
"CKcombis",135,5,2,72,144,"CS_CK3(k = 72, starter = cycvec(2, 71))"
"CKcombis",136,5,2,80,160,"CS_CK3(k = 80, starter = cycvec(2, 79))"
"CKcombis",137,5,2,84,168,"CS_CK3(k = 84, starter = cycvec(2, 83))"
"CKcombis",138,5,2,90,178,"CS_CK2(k = 90, starter = cycvec(2, 89))"
"CKcombis",139,5,2,98,194,"CS_CK2(k = 98, starter = cycvec(2, 97))"
"CKcombis",140,5,2,102,202,"CS_CK2(k = 102, starter = cycvec(2, 101))"
"CKcombis",141,5,2,103,206,"CS_CK1(k = 103, starter = cycvec(2, 103))"
"CKcombis",142,5,2,108,214,"CS_CK2(k = 108, starter = cycvec(2, 107))"
"CKcombis",143,5,2,110,218,"CS_CK2(k = 110, starter = cycvec(2, 109))"
"CKcombis",144,5,2,114,226,"CS_CK2(k = 114, starter = cycvec(2, 113))"
"CKcombis",145,5,2,128,254,"CS_CK2(k = 128, starter = cycvec(2, 127))"
"CKcombis",146,5,2,132,262,"CS_CK2(k = 132, starter = cycvec(2, 131))"
"CKcombis",147,5,2,138,274,"CS_CK2(k = 138, starter = cycvec(2, 137))"
"CKcombis",148,5,2,140,278,"CS_CK2(k = 140, starter = cycvec(2, 139))"
"CKcombis",149,5,2,150,298,"CS_CK2(k = 150, starter = cycvec(2, 149))"
"CKcombis",150,5,2,152,302,"CS_CK2(k = 152, starter = cycvec(2, 151))"
"CKcombis",151,5,2,158,314,"CS_CK2(k = 158, starter = cycvec(2, 157))"
"CKcombis",152,5,2,164,326,"CS_CK2(k = 164, starter = cycvec(2, 163))"
"CKcombis",153,5,2,168,334,"CS_CK2(k = 168, starter = cycvec(2, 167))"
"CKcombis",154,5,2,174,346,"CS_CK2(k = 174, starter = cycvec(2, 173))"
"CKcombis",155,5,2,180,358,"CS_CK2(k = 180, starter = cycvec(2, 179))"
"CKcombis",156,5,2,522,1042,"CS_CK2(k = 522, starter = cycvec(2, 521))"
"CKcombis",157,5,2,524,1046,"CS_CK2(k = 524, starter = cycvec(2, 523))"
"CKcombis",158,5,2,542,1082,"CS_CK2(k = 542, starter = cycvec(2, 541))"
"CKcombis",159,5,2,548,1094,"CS_CK2(k = 548, starter = cycvec(2, 547))"
"CKcombis",160,5,2,558,1114,"CS_CK2(k = 558, starter = cycvec(2, 557))"
"CKcombis",161,5,2,564,1126,"CS_CK2(k = 564, starter = cycvec(2, 563))"
"CKcombis",162,5,2,570,1138,"CS_CK2(k = 570, starter = cycvec(2, 569))"
"CKcombis",163,5,2,572,1142,"CS_CK2(k = 572, starter = cycvec(2, 571))"
"CKcombis",164,5,2,578,1154,"CS_CK2(k = 578, starter = cycvec(2, 577))"
"CKcombis",165,5,2,588,1174,"CS_CK2(k = 588, starter = cycvec(2, 587))"
"CKcombis",166,5,2,594,1186,"CS_CK2(k = 594, starter = cycvec(2, 593))"
"CKcombis",167,5,2,600,1198,"CS_CK2(k = 600, starter = cycvec(2, 599))"
"CKcombis",168,5,2,602,1202,"CS_CK2(k = 602, starter = cycvec(2, 601))"
"CKcombis",169,5,2,608,1214,"CS_CK2(k = 608, starter = cycvec(2, 607))"
"CKcombis",170,5,2,614,1226,"CS_CK2(k = 614, starter = cycvec(2, 613))"
"CKcombis",171,5,2,618,1234,"CS_CK2(k = 618, starter = cycvec(2, 617))"
"CKcombis",172,5,2,620,1238,"CS_CK2(k = 620, starter = cycvec(2, 619))"
"CKcombis",173,5,2,632,1262,"CS_CK2(k = 632, starter = cycvec(2, 631))"
"CKcombis",174,5,2,642,1282,"CS_CK2(k = 642, starter = cycvec(2, 641))"
"CKcombis",175,5,2,644,1286,"CS_CK2(k = 644, starter = cycvec(2, 643))"
"CKcombis",176,5,2,648,1294,"CS_CK2(k = 648, starter = cycvec(2, 647))"
"CKcombis",177,5,2,654,1306,"CS_CK2(k = 654, starter = cycvec(2, 653))"
"CKcombis",178,5,2,660,1318,"CS_CK2(k = 660, starter = cycvec(2, 659))"
"CKcombis",179,5,2,662,1322,"CS_CK2(k = 662, starter = cycvec(2, 661))"
"CKcombis",180,5,2,674,1346,"CS_CK2(k = 674, starter = cycvec(2, 673))"
"CKcombis",181,5,2,678,1354,"CS_CK2(k = 678, starter = cycvec(2, 677))"
"CKcombis",182,5,2,684,1366,"CS_CK2(k = 684, starter = cycvec(2, 683))"
"CKcombis",183,5,2,692,1382,"CS_CK2(k = 692, starter = cycvec(2, 691))"
"CKcombis",184,5,2,702,1402,"CS_CK2(k = 702, starter = cycvec(2, 701))"
"CKcombis",185,5,2,710,1418,"CS_CK2(k = 710, starter = cycvec(2, 709))"
"CKcombis",186,5,2,720,1438,"CS_CK2(k = 720, starter = cycvec(2, 719))"
"CKcombis",187,5,2,728,1454,"CS_CK2(k = 728, starter = cycvec(2, 727))"
"CKcombis",188,5,2,734,1466,"CS_CK2(k = 734, starter = cycvec(2, 733))"
"CKcombis",189,5,2,740,1478,"CS_CK2(k = 740, starter = cycvec(2, 739))"
"CKcombis",190,5,2,744,1486,"CS_CK2(k = 744, starter = cycvec(2, 743))"
"CKcombis",191,5,2,752,1502,"CS_CK2(k = 752, starter = cycvec(2, 751))"
"CKcombis",192,5,2,758,1514,"CS_CK2(k = 758, starter = cycvec(2, 757))"
"CKcombis",193,5,2,762,1522,"CS_CK2(k = 762, starter = cycvec(2, 761))"
"CKcombis",194,5,2,770,1538,"CS_CK2(k = 770, starter = cycvec(2, 769))"
"CKcombis",195,5,2,774,1546,"CS_CK2(k = 774, starter = cycvec(2, 773))"
"CKcombis",196,5,2,359,360,"derive(CS_CK3(k = 360, starter = cycvec(2, 359)))"
"CKcombis",197,5,2,378,379,"derive(CS_CK1(k = 379, starter = cycvec(2, 379)))"
"CKcombis",198,5,2,431,431,"derive(CS_CK2(k = 432, starter = cycvec(2, 431)))"
"CKcombis",199,5,2,463,463,"derive(CS_CK2(k = 464, starter = cycvec(2, 463)))"
"CKcombis",200,5,2,467,467,"derive(CS_CK2(k = 468, starter = cycvec(2, 467)))"
"CKcombis",201,5,2,487,487,"derive(CS_CK2(k = 488, starter = cycvec(2, 487)))"
"CKcombis",202,5,2,491,491,"derive(CS_CK2(k = 492, starter = cycvec(2, 491)))"
"CKcombis",203,5,2,499,499,"derive(CS_CK2(k = 500, starter = cycvec(2, 499)))"
"CKcombis",204,5,2,503,504,"derive(CS_CK3(k = 504, starter = cycvec(2, 503)))"
"CKcombis",205,5,2,509,509,"derive(CS_CK2(k = 510, starter = cycvec(2, 509)))"
"CKcombis",206,5,2,521,521,"derive(CS_CK2(k = 522, starter = cycvec(2, 521)))"
"CKcombis",207,6,2,360,720,"CS_CK3(k = 360, starter = cycvec(2, 359))"
"CKcombis",208,6,2,379,758,"CS_CK1(k = 379, starter = cycvec(2, 379))"
"CKcombis",209,6,2,432,862,"CS_CK2(k = 432, starter = cycvec(2, 431))"
"CKcombis",210,6,2,464,926,"CS_CK2(k = 464, starter = cycvec(2, 463))"
"CKcombis",211,6,2,468,934,"CS_CK2(k = 468, starter = cycvec(2, 467))"
"CKcombis",212,6,2,488,974,"CS_CK2(k = 488, starter = cycvec(2, 487))"
"CKcombis",213,6,2,492,982,"CS_CK2(k = 492, starter = cycvec(2, 491))"
"CKcombis",214,6,2,500,998,"CS_CK2(k = 500, starter = cycvec(2, 499))"
"CKcombis",215,6,2,504,1008,"CS_CK3(k = 504, starter = cycvec(2, 503))"
"CKcombis",216,6,2,510,1018,"CS_CK2(k = 510, starter = cycvec(2, 509))"
"CKcombis",217,6,2,522,1042,"CS_CK2(k = 522, starter = cycvec(2, 521))"
