"catalogue","row","construction","n_ingredients","ingredients","code"
"DPcat",1,"productCA",2,"SCA_LCDST(5, 3) ||| SCA_LCDST(5, 3)","productCA(SCA_LCDST(5, 3)[,1:4], SCA_LCDST(5, 3)[,1:4], c1=3)"
"DPcat",2,"productCA",2,"SCA_LCDST(5, 3) ||| CS_CMMSSY(6, 3)","productCA(SCA_LCDST(5, 3)[,1:4], CS_CMMSSY(6, 3)[,1:5], c1=3)"
"DPcat",3,"productCA",2,"CS_CMMSSY(6, 3) ||| CS_CMMSSY(6, 3)","productCA(CS_CMMSSY(6, 3)[,1:5], CS_CMMSSY(6, 3)[,1:5], c1=3)"
"DPcat",4,"productCA",4,"SCA_Bose(3) ||| productCA(SCA_LCDST(5, 3)[, 1:4], SCA_LCDST(5, 3)[, 1:4], 3) ||| SCA_LCDST(5, 3) ||| SCA_LCDST(5, 3)","productCA(SCA_Bose(3)[,1:3], productCA(SCA_LCDST(5, 3)[,1:4], SCA_LCDST(5, 3)[,1:4], c1=3), c1=3)"
"DPcat",5,"productCA",4,"SCA_LCDST(5, 3) ||| productCA(SCA_LCDST(5, 3)[, 1:4], SCA_LCDST(5, 3)[, 1:4], 3) ||| SCA_LCDST(5, 3) ||| SCA_LCDST(5, 3)","productCA(SCA_LCDST(5, 3)[,1:4], productCA(SCA_LCDST(5, 3)[,1:4], SCA_LCDST(5, 3)[,1:4], c1=3), c1=3)"
"DPcat",6,"productCA",4,"SCA_LCDST(5, 3) ||| productCA(SCA_LCDST(5, 3)[, 1:4], CS_CMMSSY(6, 3)[, 1:5], 3) ||| SCA_LCDST(5, 3) ||| CS_CMMSSY(6, 3)","productCA(SCA_LCDST(5, 3)[,1:4], productCA(SCA_LCDST(5, 3)[,1:4], CS_CMMSSY(6, 3)[,1:5], c1=3), c1=3)"
"DPcat",7,"productCA",6,"SCA_Bose(3) ||| productCA(SCA_Bose(3)[, 1:3], productCA(SCA_LCDST(5, 3)[, 1:4], SCA_LCDST(5, 3)[, 1:4], c1 = 3), 3) ||| SCA_Bose(3) ||| productCA(SCA_LCDST(5, 3)[, 1:4], SCA_LCDST(5, 3)[, 1:4], 3) ||| SCA_LCDST(5, 3) ||| SCA_LCDST(5, 3)","productCA(SCA_Bose(3)[,1:3], productCA(SCA_Bose(3)[,1:3], productCA(SCA_LCDST(5, 3)[,1:4], SCA_LCDST(5, 3)[,1:4], c1=3), c1=3), c1=3)"
"DPcat",8,"productCA",6,"SCA_LCDST(5, 3) ||| productCA(SCA_Bose(3)[, 1:3], productCA(SCA_LCDST(5, 3)[, 1:4], SCA_LCDST(5, 3)[, 1:4], c1 = 3), 3) ||| SCA_Bose(3) ||| productCA(SCA_LCDST(5, 3)[, 1:4], SCA_LCDST(5, 3)[, 1:4], 3) ||| SCA_LCDST(5, 3) ||| SCA_LCDST(5, 3)","productCA(SCA_LCDST(5, 3)[,1:4], productCA(SCA_Bose(3)[,1:3], productCA(SCA_LCDST(5, 3)[,1:4], SCA_LCDST(5, 3)[,1:4], c1=3), c1=3), c1=3)"
"DPcat",9,"productCA",6,"SCA_LCDST(5, 3) ||| productCA(SCA_LCDST(5, 3)[, 1:4], productCA(SCA_LCDST(5, 3)[, 1:4], SCA_LCDST(5, 3)[, 1:4], c1 = 3), 3) ||| SCA_LCDST(5, 3) ||| productCA(SCA_LCDST(5, 3)[, 1:4], SCA_LCDST(5, 3)[, 1:4], 3) ||| SCA_LCDST(5, 3) ||| SCA_LCDST(5, 3)","productCA(SCA_LCDST(5, 3)[,1:4], productCA(SCA_LCDST(5, 3)[,1:4], productCA(SCA_LCDST(5, 3)[,1:4], SCA_LCDST(5, 3)[,1:4], c1=3), c1=3), c1=3)"
"DPcat",10,"productCA",8,"SCA_Bose(3) ||| productCA(SCA_Bose(3)[, 1:3], productCA(SCA_Bose(3)[, 1:3], productCA(SCA_LCDST(5, 3)[, 1:4],     SCA_LCDST(5, 3)[, 1:4], c1 = 3), c1 = 3), 3) ||| SCA_Bose(3) ||| productCA(SCA_Bose(3)[, 1:3], productCA(SCA_LCDST(5, 3)[, 1:4], SCA_LCDST(5, 3)[, 1:4], c1 = 3), 3) ||| SCA_Bose(3) ||| productCA(SCA_LCDST(5, 3)[, 1:4], SCA_LCDST(5, 3)[, 1:4], 3) ||| SCA_LCDST(5, 3) ||| SCA_LCDST(5, 3)","productCA(SCA_Bose(3)[,1:3], productCA(SCA_Bose(3)[,1:3], productCA(SCA_Bose(3)[,1:3], productCA(SCA_LCDST(5, 3)[,1:4], SCA_LCDST(5, 3)[,1:4], c1=3), c1=3), c1=3), c1=3)"
"DPcat",11,"productCA",8,"SCA_LCDST(5, 3) ||| productCA(SCA_Bose(3)[, 1:3], productCA(SCA_Bose(3)[, 1:3], productCA(SCA_LCDST(5, 3)[, 1:4],     SCA_LCDST(5, 3)[, 1:4], c1 = 3), c1 = 3), 3) ||| SCA_Bose(3) ||| productCA(SCA_Bose(3)[, 1:3], productCA(SCA_LCDST(5, 3)[, 1:4], SCA_LCDST(5, 3)[, 1:4], c1 = 3), 3) ||| SCA_Bose(3) ||| productCA(SCA_LCDST(5, 3)[, 1:4], SCA_LCDST(5, 3)[, 1:4], 3) ||| SCA_LCDST(5, 3) ||| SCA_LCDST(5, 3)","productCA(SCA_LCDST(5, 3)[,1:4], productCA(SCA_Bose(3)[,1:3], productCA(SCA_Bose(3)[,1:3], productCA(SCA_LCDST(5, 3)[,1:4], SCA_LCDST(5, 3)[,1:4], c1=3), c1=3), c1=3), c1=3)"
"DPcat",12,"productCA",8,"SCA_LCDST(5, 3) ||| productCA(SCA_LCDST(5, 3)[, 1:4], productCA(SCA_Bose(3)[, 1:3], productCA(SCA_LCDST(5, 3)[, 1:4],     SCA_LCDST(5, 3)[, 1:4], c1 = 3), c1 = 3), 3) ||| SCA_LCDST(5, 3) ||| productCA(SCA_Bose(3)[, 1:3], productCA(SCA_LCDST(5, 3)[, 1:4], SCA_LCDST(5, 3)[, 1:4], c1 = 3), 3) ||| SCA_Bose(3) ||| productCA(SCA_LCDST(5, 3)[, 1:4], SCA_LCDST(5, 3)[, 1:4], 3) ||| SCA_LCDST(5, 3) ||| SCA_LCDST(5, 3)","productCA(SCA_LCDST(5, 3)[,1:4], productCA(SCA_LCDST(5, 3)[,1:4], productCA(SCA_Bose(3)[,1:3], productCA(SCA_LCDST(5, 3)[,1:4], SCA_LCDST(5, 3)[,1:4], c1=3), c1=3), c1=3), c1=3)"
"DPcat",13,"productCA",10,"SCA_Bose(3) ||| productCA(SCA_Bose(3)[, 1:3], productCA(SCA_Bose(3)[, 1:3], productCA(SCA_Bose(3)[, 1:3], productCA(SCA_LCDST(5,     3)[, 1:4], SCA_LCDST(5, 3)[, 1:4], c1 = 3), c1 = 3), c1 = 3), 3) ||| SCA_Bose(3) ||| productCA(SCA_Bose(3)[, 1:3], productCA(SCA_Bose(3)[, 1:3], productCA(SCA_LCDST(5, 3)[, 1:4],     SCA_LCDST(5, 3)[, 1:4], c1 = 3), c1 = 3), 3) ||| SCA_Bose(3) ||| productCA(SCA_Bose(3)[, 1:3], productCA(SCA_LCDST(5, 3)[, 1:4], SCA_LCDST(5, 3)[, 1:4], c1 = 3), 3) ||| SCA_Bose(3) ||| productCA(SCA_LCDST(5, 3)[, 1:4], SCA_LCDST(5, 3)[, 1:4], 3) ||| SCA_LCDST(5, 3) ||| SCA_LCDST(5, 3)","productCA(SCA_Bose(3)[,1:3], productCA(SCA_Bose(3)[,1:3], productCA(SCA_Bose(3)[,1:3], productCA(SCA_Bose(3)[,1:3], productCA(SCA_LCDST(5, 3)[,1:4], SCA_LCDST(5, 3)[,1:4], c1=3), c1=3), c1=3), c1=3), c1=3)"
"DPcat",14,"productCA",10,"SCA_LCDST(5, 3) ||| productCA(SCA_Bose(3)[, 1:3], productCA(SCA_Bose(3)[, 1:3], productCA(SCA_Bose(3)[, 1:3], productCA(SCA_LCDST(5,     3)[, 1:4], SCA_LCDST(5, 3)[, 1:4], c1 = 3), c1 = 3), c1 = 3), 3) ||| SCA_Bose(3) ||| productCA(SCA_Bose(3)[, 1:3], productCA(SCA_Bose(3)[, 1:3], productCA(SCA_LCDST(5, 3)[, 1:4],     SCA_LCDST(5, 3)[, 1:4], c1 = 3), c1 = 3), 3) ||| SCA_Bose(3) ||| productCA(SCA_Bose(3)[, 1:3], productCA(SCA_LCDST(5, 3)[, 1:4], SCA_LCDST(5, 3)[, 1:4], c1 = 3), 3) ||| SCA_Bose(3) ||| productCA(SCA_LCDST(5, 3)[, 1:4], SCA_LCDST(5, 3)[, 1:4], 3) ||| SCA_LCDST(5, 3) ||| SCA_LCDST(5, 3)","productCA(SCA_LCDST(5, 3)[,1:4], productCA(SCA_Bose(3)[,1:3], productCA(SCA_Bose(3)[,1:3], productCA(SCA_Bose(3)[,1:3], productCA(SCA_LCDST(5, 3)[,1:4], SCA_LCDST(5, 3)[,1:4], c1=3), c1=3), c1=3), c1=3), c1=3)"
"DPcat",15,"productCA",10,"SCA_LCDST(5, 3) ||| productCA(SCA_LCDST(5, 3)[, 1:4], productCA(SCA_Bose(3)[, 1:3], productCA(SCA_Bose(3)[, 1:3], productCA(SCA_LCDST(5,     3)[, 1:4], SCA_LCDST(5, 3)[, 1:4], c1 = 3), c1 = 3), c1 = 3), 3) ||| SCA_LCDST(5, 3) ||| productCA(SCA_Bose(3)[, 1:3], productCA(SCA_Bose(3)[, 1:3], productCA(SCA_LCDST(5, 3)[, 1:4],     SCA_LCDST(5, 3)[, 1:4], c1 = 3), c1 = 3), 3) ||| SCA_Bose(3) ||| productCA(SCA_Bose(3)[, 1:3], productCA(SCA_LCDST(5, 3)[, 1:4], SCA_LCDST(5, 3)[, 1:4], c1 = 3), 3) ||| SCA_Bose(3) ||| productCA(SCA_LCDST(5, 3)[, 1:4], SCA_LCDST(5, 3)[, 1:4], 3) ||| SCA_LCDST(5, 3) ||| SCA_LCDST(5, 3)","productCA(SCA_LCDST(5, 3)[,1:4], productCA(SCA_LCDST(5, 3)[,1:4], productCA(SCA_Bose(3)[,1:3], productCA(SCA_Bose(3)[,1:3], productCA(SCA_LCDST(5, 3)[,1:4], SCA_LCDST(5, 3)[,1:4], c1=3), c1=3), c1=3), c1=3), c1=3)"
"DPcat",16,"productCA",10,"SCA_LCDST(5, 3) ||| productCA(SCA_LCDST(5, 3)[, 1:4], productCA(SCA_LCDST(5, 3)[, 1:4], productCA(SCA_Bose(3)[, 1:3],     productCA(SCA_LCDST(5, 3)[, 1:4], SCA_LCDST(5, 3)[, 1:4],         c1 = 3), c1 = 3), c1 = 3), 3) ||| SCA_LCDST(5, 3) ||| productCA(SCA_LCDST(5, 3)[, 1:4], productCA(SCA_Bose(3)[, 1:3], productCA(SCA_LCDST(5, 3)[, 1:4],     SCA_LCDST(5, 3)[, 1:4], c1 = 3), c1 = 3), 3) ||| SCA_LCDST(5, 3) ||| productCA(SCA_Bose(3)[, 1:3], productCA(SCA_LCDST(5, 3)[, 1:4], SCA_LCDST(5, 3)[, 1:4], c1 = 3), 3) ||| SCA_Bose(3) ||| productCA(SCA_LCDST(5, 3)[, 1:4], SCA_LCDST(5, 3)[, 1:4], 3) ||| SCA_LCDST(5, 3) ||| SCA_LCDST(5, 3)","productCA(SCA_LCDST(5, 3)[,1:4], productCA(SCA_LCDST(5, 3)[,1:4], productCA(SCA_LCDST(5, 3)[,1:4], productCA(SCA_Bose(3)[,1:3], productCA(SCA_LCDST(5, 3)[,1:4], SCA_LCDST(5, 3)[,1:4], c1=3), c1=3), c1=3), c1=3), c1=3)"
"DPcat",17,"productCA",10,"SCA_LCDST(5, 3) ||| productCA(SCA_LCDST(5, 3)[, 1:4], productCA(SCA_LCDST(5, 3)[, 1:4], productCA(SCA_LCDST(5, 3)[,     1:4], productCA(SCA_LCDST(5, 3)[, 1:4], SCA_LCDST(5, 3)[,     1:4], c1 = 3), c1 = 3), c1 = 3), 3) ||| SCA_LCDST(5, 3) ||| productCA(SCA_LCDST(5, 3)[, 1:4], productCA(SCA_LCDST(5, 3)[, 1:4], productCA(SCA_LCDST(5, 3)[,     1:4], SCA_LCDST(5, 3)[, 1:4], c1 = 3), c1 = 3), 3) ||| SCA_LCDST(5, 3) ||| productCA(SCA_LCDST(5, 3)[, 1:4], productCA(SCA_LCDST(5, 3)[, 1:4], SCA_LCDST(5, 3)[, 1:4], c1 = 3), 3) ||| SCA_LCDST(5, 3) ||| productCA(SCA_LCDST(5, 3)[, 1:4], SCA_LCDST(5, 3)[, 1:4], 3) ||| SCA_LCDST(5, 3) ||| SCA_LCDST(5, 3)","productCA(SCA_LCDST(5, 3)[,1:4], productCA(SCA_LCDST(5, 3)[,1:4], productCA(SCA_LCDST(5, 3)[,1:4], productCA(SCA_LCDST(5, 3)[,1:4], productCA(SCA_LCDST(5, 3)[,1:4], SCA_LCDST(5, 3)[,1:4], c1=3), c1=3), c1=3), c1=3), c1=3)"
"DPcat",18,"productCA",10,"SCA_LCDST(5, 3) ||| productCA(SCA_LCDST(5, 3)[, 1:4], productCA(SCA_LCDST(5, 3)[, 1:4], productCA(SCA_LCDST(5, 3)[,     1:4], productCA(SCA_LCDST(5, 3)[, 1:4], CS_CMMSSY(6, 3)[,     1:5], c1 = 3), c1 = 3), c1 = 3), 3) ||| SCA_LCDST(5, 3) ||| productCA(SCA_LCDST(5, 3)[, 1:4], productCA(SCA_LCDST(5, 3)[, 1:4], productCA(SCA_LCDST(5, 3)[,     1:4], CS_CMMSSY(6, 3)[, 1:5], c1 = 3), c1 = 3), 3) ||| SCA_LCDST(5, 3) ||| productCA(SCA_LCDST(5, 3)[, 1:4], productCA(SCA_LCDST(5, 3)[, 1:4], CS_CMMSSY(6, 3)[, 1:5], c1 = 3), 3) ||| SCA_LCDST(5, 3) ||| productCA(SCA_LCDST(5, 3)[, 1:4], CS_CMMSSY(6, 3)[, 1:5], 3) ||| SCA_LCDST(5, 3) ||| CS_CMMSSY(6, 3)","productCA(SCA_LCDST(5, 3)[,1:4], productCA(SCA_LCDST(5, 3)[,1:4], productCA(SCA_LCDST(5, 3)[,1:4], productCA(SCA_LCDST(5, 3)[,1:4], productCA(SCA_LCDST(5, 3)[,1:4], CS_CMMSSY(6, 3)[,1:5], c1=3), c1=3), c1=3), c1=3), c1=3)"
"DPcat",19,"productCA",10,"SCA_LCDST(5, 3) ||| productCA(SCA_LCDST(5, 3)[, 1:4], productCA(SCA_LCDST(5, 3)[, 1:4], productCA(SCA_LCDST(5, 3)[,     1:4], productCA(CS_CMMSSY(6, 3)[, 1:5], CS_CMMSSY(6, 3)[,     1:5], c1 = 3), c1 = 3), c1 = 3), 3) ||| SCA_LCDST(5, 3) ||| productCA(SCA_LCDST(5, 3)[, 1:4], productCA(SCA_LCDST(5, 3)[, 1:4], productCA(CS_CMMSSY(6, 3)[,     1:5], CS_CMMSSY(6, 3)[, 1:5], c1 = 3), c1 = 3), 3) ||| SCA_LCDST(5, 3) ||| productCA(SCA_LCDST(5, 3)[, 1:4], productCA(CS_CMMSSY(6, 3)[, 1:5], CS_CMMSSY(6, 3)[, 1:5], c1 = 3), 3) ||| SCA_LCDST(5, 3) ||| productCA(CS_CMMSSY(6, 3)[, 1:5], CS_CMMSSY(6, 3)[, 1:5], 3) ||| CS_CMMSSY(6, 3) ||| CS_CMMSSY(6, 3)","productCA(SCA_LCDST(5, 3)[,1:4], productCA(SCA_LCDST(5, 3)[,1:4], productCA(SCA_LCDST(5, 3)[,1:4], productCA(SCA_LCDST(5, 3)[,1:4], productCA(CS_CMMSSY(6, 3)[,1:5], CS_CMMSSY(6, 3)[,1:5], c1=3), c1=3), c1=3), c1=3), c1=3)"
"DPcat",20,"productCA",10,"SCA_LCDST(5, 3) ||| productCA(SCA_LCDST(5, 3)[, 1:4], productCA(SCA_LCDST(5, 3)[, 1:4], productCA(CS_CMMSSY(6, 3)[,     1:5], productCA(CS_CMMSSY(6, 3)[, 1:5], CS_CMMSSY(6, 3)[,     1:5], c1 = 3), c1 = 3), c1 = 3), 3) ||| SCA_LCDST(5, 3) ||| productCA(SCA_LCDST(5, 3)[, 1:4], productCA(CS_CMMSSY(6, 3)[, 1:5], productCA(CS_CMMSSY(6, 3)[,     1:5], CS_CMMSSY(6, 3)[, 1:5], c1 = 3), c1 = 3), 3) ||| SCA_LCDST(5, 3) ||| productCA(CS_CMMSSY(6, 3)[, 1:5], productCA(CS_CMMSSY(6, 3)[, 1:5], CS_CMMSSY(6, 3)[, 1:5], c1 = 3), 3) ||| CS_CMMSSY(6, 3) ||| productCA(CS_CMMSSY(6, 3)[, 1:5], CS_CMMSSY(6, 3)[, 1:5], 3) ||| CS_CMMSSY(6, 3) ||| CS_CMMSSY(6, 3)","productCA(SCA_LCDST(5, 3)[,1:4], productCA(SCA_LCDST(5, 3)[,1:4], productCA(SCA_LCDST(5, 3)[,1:4], productCA(CS_CMMSSY(6, 3)[,1:5], productCA(CS_CMMSSY(6, 3)[,1:5], CS_CMMSSY(6, 3)[,1:5], c1=3), c1=3), c1=3), c1=3), c1=3)"
"DPcat",21,"productCA",10,"SCA_LCDST(5, 3) ||| productCA(SCA_LCDST(5, 3)[, 1:4], productCA(CS_CMMSSY(6, 3)[, 1:5], productCA(CS_CMMSSY(6, 3)[,     1:5], productCA(CS_CMMSSY(6, 3)[, 1:5], CS_CMMSSY(6, 3)[,     1:5], c1 = 3), c1 = 3), c1 = 3), 3) ||| SCA_LCDST(5, 3) ||| productCA(CS_CMMSSY(6, 3)[, 1:5], productCA(CS_CMMSSY(6, 3)[, 1:5], productCA(CS_CMMSSY(6, 3)[,     1:5], CS_CMMSSY(6, 3)[, 1:5], c1 = 3), c1 = 3), 3) ||| CS_CMMSSY(6, 3) ||| productCA(CS_CMMSSY(6, 3)[, 1:5], productCA(CS_CMMSSY(6, 3)[, 1:5], CS_CMMSSY(6, 3)[, 1:5], c1 = 3), 3) ||| CS_CMMSSY(6, 3) ||| productCA(CS_CMMSSY(6, 3)[, 1:5], CS_CMMSSY(6, 3)[, 1:5], 3) ||| CS_CMMSSY(6, 3) ||| CS_CMMSSY(6, 3)","productCA(SCA_LCDST(5, 3)[,1:4], productCA(SCA_LCDST(5, 3)[,1:4], productCA(CS_CMMSSY(6, 3)[,1:5], productCA(CS_CMMSSY(6, 3)[,1:5], productCA(CS_CMMSSY(6, 3)[,1:5], CS_CMMSSY(6, 3)[,1:5], c1=3), c1=3), c1=3), c1=3), c1=3)"
"DPcat",22,"productCA",10,"SCA_LCDST(5, 3) ||| productCA(CS_CMMSSY(6, 3)[, 1:5], productCA(CS_CMMSSY(6, 3)[, 1:5], productCA(CS_CMMSSY(6, 3)[,     1:5], productCA(CS_CMMSSY(6, 3)[, 1:5], CS_CMMSSY(6, 3)[,     1:5], c1 = 3), c1 = 3), c1 = 3), 3) ||| CS_CMMSSY(6, 3) ||| productCA(CS_CMMSSY(6, 3)[, 1:5], productCA(CS_CMMSSY(6, 3)[, 1:5], productCA(CS_CMMSSY(6, 3)[,     1:5], CS_CMMSSY(6, 3)[, 1:5], c1 = 3), c1 = 3), 3) ||| CS_CMMSSY(6, 3) ||| productCA(CS_CMMSSY(6, 3)[, 1:5], productCA(CS_CMMSSY(6, 3)[, 1:5], CS_CMMSSY(6, 3)[, 1:5], c1 = 3), 3) ||| CS_CMMSSY(6, 3) ||| productCA(CS_CMMSSY(6, 3)[, 1:5], CS_CMMSSY(6, 3)[, 1:5], 3) ||| CS_CMMSSY(6, 3) ||| CS_CMMSSY(6, 3)","productCA(SCA_LCDST(5, 3)[,1:4], productCA(CS_CMMSSY(6, 3)[,1:5], productCA(CS_CMMSSY(6, 3)[,1:5], productCA(CS_CMMSSY(6, 3)[,1:5], productCA(CS_CMMSSY(6, 3)[,1:5], CS_CMMSSY(6, 3)[,1:5], c1=3), c1=3), c1=3), c1=3), c1=3)"
"DPcat",23,"productCA",10,"CS_CMMSSY(6, 3) ||| productCA(CS_CMMSSY(6, 3)[, 1:5], productCA(CS_CMMSSY(6, 3)[, 1:5], productCA(CS_CMMSSY(6, 3)[,     1:5], productCA(CS_CMMSSY(6, 3)[, 1:5], CS_CMMSSY(6, 3)[,     1:5], c1 = 3), c1 = 3), c1 = 3), 3) ||| CS_CMMSSY(6, 3) ||| productCA(CS_CMMSSY(6, 3)[, 1:5], productCA(CS_CMMSSY(6, 3)[, 1:5], productCA(CS_CMMSSY(6, 3)[,     1:5], CS_CMMSSY(6, 3)[, 1:5], c1 = 3), c1 = 3), 3) ||| CS_CMMSSY(6, 3) ||| productCA(CS_CMMSSY(6, 3)[, 1:5], productCA(CS_CMMSSY(6, 3)[, 1:5], CS_CMMSSY(6, 3)[, 1:5], c1 = 3), 3) ||| CS_CMMSSY(6, 3) ||| productCA(CS_CMMSSY(6, 3)[, 1:5], CS_CMMSSY(6, 3)[, 1:5], 3) ||| CS_CMMSSY(6, 3) ||| CS_CMMSSY(6, 3)","productCA(CS_CMMSSY(6, 3)[,1:5], productCA(CS_CMMSSY(6, 3)[,1:5], productCA(CS_CMMSSY(6, 3)[,1:5], productCA(CS_CMMSSY(6, 3)[,1:5], productCA(CS_CMMSSY(6, 3)[,1:5], CS_CMMSSY(6, 3)[,1:5], c1=3), c1=3), c1=3), c1=3), c1=3)"
"DPcat",24,"productCA",10,"CS_CMMSSY(6, 3) ||| productCA(CS_CMMSSY(6, 3)[, 1:5], productCA(CS_CMMSSY(6, 3)[, 1:5], productCA(CS_CMMSSY(6, 3)[,     1:5], productCA(CS_CMMSSY(6, 3)[, 1:5], SCA_MS(7, 3)[, 1:6],     c1 = 3), c1 = 3), c1 = 3), 3) ||| CS_CMMSSY(6, 3) ||| productCA(CS_CMMSSY(6, 3)[, 1:5], productCA(CS_CMMSSY(6, 3)[, 1:5], productCA(CS_CMMSSY(6, 3)[,     1:5], SCA_MS(7, 3)[, 1:6], c1 = 3), c1 = 3), 3) ||| CS_CMMSSY(6, 3) ||| productCA(CS_CMMSSY(6, 3)[, 1:5], productCA(CS_CMMSSY(6, 3)[, 1:5], SCA_MS(7, 3)[, 1:6], c1 = 3), 3) ||| CS_CMMSSY(6, 3) ||| productCA(CS_CMMSSY(6, 3)[, 1:5], SCA_MS(7, 3)[, 1:6], 3) ||| CS_CMMSSY(6, 3) ||| SCA_MS(7, 3)","productCA(CS_CMMSSY(6, 3)[,1:5], productCA(CS_CMMSSY(6, 3)[,1:5], productCA(CS_CMMSSY(6, 3)[,1:5], productCA(CS_CMMSSY(6, 3)[,1:5], productCA(CS_CMMSSY(6, 3)[,1:5], SCA_MS(7, 3)[,1:6], c1=3), c1=3), c1=3), c1=3), c1=3)"
"DPcat",25,"productCA",10,"CS_CMMSSY(6, 3) ||| productCA(CS_CMMSSY(6, 3)[, 1:5], productCA(CS_CMMSSY(6, 3)[, 1:5], productCA(CS_CMMSSY(6, 3)[,     1:5], productCA(SCA_MS(7, 3)[, 1:6], SCA_MS(7, 3)[, 1:6],     c1 = 3), c1 = 3), c1 = 3), 3) ||| CS_CMMSSY(6, 3) ||| productCA(CS_CMMSSY(6, 3)[, 1:5], productCA(CS_CMMSSY(6, 3)[, 1:5], productCA(SCA_MS(7, 3)[, 1:6],     SCA_MS(7, 3)[, 1:6], c1 = 3), c1 = 3), 3) ||| CS_CMMSSY(6, 3) ||| productCA(CS_CMMSSY(6, 3)[, 1:5], productCA(SCA_MS(7, 3)[, 1:6], SCA_MS(7, 3)[, 1:6], c1 = 3), 3) ||| CS_CMMSSY(6, 3) ||| productCA(SCA_MS(7, 3)[, 1:6], SCA_MS(7, 3)[, 1:6], 3) ||| SCA_MS(7, 3) ||| SCA_MS(7, 3)","productCA(CS_CMMSSY(6, 3)[,1:5], productCA(CS_CMMSSY(6, 3)[,1:5], productCA(CS_CMMSSY(6, 3)[,1:5], productCA(CS_CMMSSY(6, 3)[,1:5], productCA(SCA_MS(7, 3)[,1:6], SCA_MS(7, 3)[,1:6], c1=3), c1=3), c1=3), c1=3), c1=3)"
"DPcat",26,"productCA",2,"SCA_LCDST(6, 4) ||| SCA_LCDST(6, 4)","productCA(SCA_LCDST(6, 4)[,1:5], SCA_LCDST(6, 4)[,1:5], c1=4)"
"DPcat",27,"productCA",2,"SCA_LCDST(6, 4) ||| miscCA(2, 7, 4)","productCA(SCA_LCDST(6, 4)[,1:5], miscCA(2, 7, 4), c1=4)"
"DPcat",28,"productCA",2,"miscCA(2, 7, 4) ||| miscCA(2, 7, 4)","productCA(miscCA(2, 7, 4), miscCA(2, 7, 4), c1=2)"
"DPcat",29,"productCA",2,"miscCA(2, 7, 4) ||| miscCA(2, 8, 4)","productCA(miscCA(2, 7, 4), miscCA(2, 8, 4), c1=2)"
"DPcat",30,"productCA",2,"miscCA(2, 8, 4) ||| miscCA(2, 8, 4)","productCA(miscCA(2, 8, 4), miscCA(2, 8, 4), c1=2)"
"DPcat",31,"productCA",2,"miscCA(2, 7, 4) ||| miscCA(2, 11, 4)","productCA(miscCA(2, 7, 4), miscCA(2, 11, 4), c1=2)"
"DPcat",32,"productCA",2,"miscCA(2, 8, 4) ||| miscCA(2, 11, 4)","productCA(miscCA(2, 8, 4), miscCA(2, 11, 4), c1=2)"
"DPcat",33,"productCA",4,"SCA_Bose(4) ||| productCA(SCA_LCDST(6, 4)[, 1:5], SCA_LCDST(6, 4)[, 1:5], 4) ||| SCA_LCDST(6, 4) ||| SCA_LCDST(6, 4)","productCA(SCA_Bose(4)[,1:4], productCA(SCA_LCDST(6, 4)[,1:5], SCA_LCDST(6, 4)[,1:5], c1=4), c1=4)"
"DPcat",34,"productCA",4,"SCA_Bose(4) ||| productCA(SCA_LCDST(6, 4)[, 1:5], miscCA(2, 7, 4), 4) ||| SCA_LCDST(6, 4) ||| miscCA(2, 7, 4)","productCA(SCA_Bose(4)[,1:4], productCA(SCA_LCDST(6, 4)[,1:5], miscCA(2, 7, 4), c1=4), c1=4)"
"DPcat",35,"productCA",4,"SCA_Bose(4) ||| productCA(miscCA(2, 7, 4), miscCA(2, 7, 4), 2) ||| miscCA(2, 7, 4) ||| miscCA(2, 7, 4)","productCA(SCA_Bose(4)[,1:4], productCA(miscCA(2, 7, 4), miscCA(2, 7, 4), c1=2), c1=4)"
"DPcat",36,"productCA",4,"SCA_Bose(4) ||| productCA(miscCA(2, 7, 4), miscCA(2, 8, 4), 2) ||| miscCA(2, 7, 4) ||| miscCA(2, 8, 4)","productCA(SCA_Bose(4)[,1:4], productCA(miscCA(2, 7, 4), miscCA(2, 8, 4), c1=2), c1=4)"
"DPcat",37,"productCA",4,"SCA_LCDST(6, 4) ||| productCA(miscCA(2, 7, 4), miscCA(2, 7, 4), 2) ||| miscCA(2, 7, 4) ||| miscCA(2, 7, 4)","productCA(SCA_LCDST(6, 4)[,1:5], productCA(miscCA(2, 7, 4), miscCA(2, 7, 4), c1=2), c1=4)"
"DPcat",38,"productCA",4,"SCA_Bose(4) ||| productCA(miscCA(2, 8, 4), miscCA(2, 8, 4), 2) ||| miscCA(2, 8, 4) ||| miscCA(2, 8, 4)","productCA(SCA_Bose(4)[,1:4], productCA(miscCA(2, 8, 4), miscCA(2, 8, 4), c1=2), c1=4)"
"DPcat",39,"productCA",4,"SCA_Bose(4) ||| productCA(miscCA(2, 7, 4), miscCA(2, 11, 4), 2) ||| miscCA(2, 7, 4) ||| miscCA(2, 11, 4)","productCA(SCA_Bose(4)[,1:4], productCA(miscCA(2, 7, 4), miscCA(2, 11, 4), c1=2), c1=4)"
"DPcat",40,"productCA",4,"miscCA(2, 7, 4) ||| productCA(miscCA(2, 7, 4), miscCA(2, 7, 4), 2) ||| miscCA(2, 7, 4) ||| miscCA(2, 7, 4)","productCA(miscCA(2, 7, 4), productCA(miscCA(2, 7, 4), miscCA(2, 7, 4), c1=2), c1=2)"
"DPcat",41,"productCA",4,"SCA_Bose(4) ||| productCA(miscCA(2, 8, 4), miscCA(2, 11, 4), 2) ||| miscCA(2, 8, 4) ||| miscCA(2, 11, 4)","productCA(SCA_Bose(4)[,1:4], productCA(miscCA(2, 8, 4), miscCA(2, 11, 4), c1=2), c1=4)"
"DPcat",42,"productCA",6,"SCA_Bose(4) ||| productCA(SCA_Bose(4)[, 1:4], productCA(SCA_LCDST(6, 4)[, 1:5], SCA_LCDST(6, 4)[, 1:5], c1 = 4), 4) ||| SCA_Bose(4) ||| productCA(SCA_LCDST(6, 4)[, 1:5], SCA_LCDST(6, 4)[, 1:5], 4) ||| SCA_LCDST(6, 4) ||| SCA_LCDST(6, 4)","productCA(SCA_Bose(4)[,1:4], productCA(SCA_Bose(4)[,1:4], productCA(SCA_LCDST(6, 4)[,1:5], SCA_LCDST(6, 4)[,1:5], c1=4), c1=4), c1=4)"
"DPcat",43,"productCA",6,"SCA_Bose(4) ||| productCA(SCA_Bose(4)[, 1:4], productCA(SCA_LCDST(6, 4)[, 1:5], miscCA(2, 7, 4), c1 = 4), 4) ||| SCA_Bose(4) ||| productCA(SCA_LCDST(6, 4)[, 1:5], miscCA(2, 7, 4), 4) ||| SCA_LCDST(6, 4) ||| miscCA(2, 7, 4)","productCA(SCA_Bose(4)[,1:4], productCA(SCA_Bose(4)[,1:4], productCA(SCA_LCDST(6, 4)[,1:5], miscCA(2, 7, 4), c1=4), c1=4), c1=4)"
"DPcat",44,"productCA",6,"SCA_Bose(4) ||| productCA(SCA_Bose(4)[, 1:4], productCA(miscCA(2, 7, 4), miscCA(2, 7, 4), c1 = 2), 4) ||| SCA_Bose(4) ||| productCA(miscCA(2, 7, 4), miscCA(2, 7, 4), 2) ||| miscCA(2, 7, 4) ||| miscCA(2, 7, 4)","productCA(SCA_Bose(4)[,1:4], productCA(SCA_Bose(4)[,1:4], productCA(miscCA(2, 7, 4), miscCA(2, 7, 4), c1=2), c1=4), c1=4)"
"DPcat",45,"productCA",6,"SCA_Bose(4) ||| productCA(SCA_Bose(4)[, 1:4], productCA(miscCA(2, 7, 4), miscCA(2, 8, 4), c1 = 2), 4) ||| SCA_Bose(4) ||| productCA(miscCA(2, 7, 4), miscCA(2, 8, 4), 2) ||| miscCA(2, 7, 4) ||| miscCA(2, 8, 4)","productCA(SCA_Bose(4)[,1:4], productCA(SCA_Bose(4)[,1:4], productCA(miscCA(2, 7, 4), miscCA(2, 8, 4), c1=2), c1=4), c1=4)"
"DPcat",46,"productCA",6,"SCA_LCDST(6, 4) ||| productCA(SCA_Bose(4)[, 1:4], productCA(miscCA(2, 7, 4), miscCA(2, 7, 4), c1 = 2), 4) ||| SCA_Bose(4) ||| productCA(miscCA(2, 7, 4), miscCA(2, 7, 4), 2) ||| miscCA(2, 7, 4) ||| miscCA(2, 7, 4)","productCA(SCA_LCDST(6, 4)[,1:5], productCA(SCA_Bose(4)[,1:4], productCA(miscCA(2, 7, 4), miscCA(2, 7, 4), c1=2), c1=4), c1=4)"
"DPcat",47,"productCA",6,"SCA_Bose(4) ||| productCA(SCA_Bose(4)[, 1:4], productCA(miscCA(2, 8, 4), miscCA(2, 8, 4), c1 = 2), 4) ||| SCA_Bose(4) ||| productCA(miscCA(2, 8, 4), miscCA(2, 8, 4), 2) ||| miscCA(2, 8, 4) ||| miscCA(2, 8, 4)","productCA(SCA_Bose(4)[,1:4], productCA(SCA_Bose(4)[,1:4], productCA(miscCA(2, 8, 4), miscCA(2, 8, 4), c1=2), c1=4), c1=4)"
"DPcat",48,"productCA",6,"SCA_Bose(4) ||| productCA(SCA_Bose(4)[, 1:4], productCA(miscCA(2, 7, 4), miscCA(2, 11, 4), c1 = 2), 4) ||| SCA_Bose(4) ||| productCA(miscCA(2, 7, 4), miscCA(2, 11, 4), 2) ||| miscCA(2, 7, 4) ||| miscCA(2, 11, 4)","productCA(SCA_Bose(4)[,1:4], productCA(SCA_Bose(4)[,1:4], productCA(miscCA(2, 7, 4), miscCA(2, 11, 4), c1=2), c1=4), c1=4)"
"DPcat",49,"productCA",6,"miscCA(2, 7, 4) ||| productCA(SCA_Bose(4)[, 1:4], productCA(miscCA(2, 7, 4), miscCA(2, 7, 4), c1 = 2), 4) ||| SCA_Bose(4) ||| productCA(miscCA(2, 7, 4), miscCA(2, 7, 4), 2) ||| miscCA(2, 7, 4) ||| miscCA(2, 7, 4)","productCA(miscCA(2, 7, 4), productCA(SCA_Bose(4)[,1:4], productCA(miscCA(2, 7, 4), miscCA(2, 7, 4), c1=2), c1=4), c1=2)"
"DPcat",50,"productCA",6,"SCA_Bose(4) ||| productCA(SCA_Bose(4)[, 1:4], productCA(miscCA(2, 8, 4), miscCA(2, 11, 4), c1 = 2), 4) ||| SCA_Bose(4) ||| productCA(miscCA(2, 8, 4), miscCA(2, 11, 4), 2) ||| miscCA(2, 8, 4) ||| miscCA(2, 11, 4)","productCA(SCA_Bose(4)[,1:4], productCA(SCA_Bose(4)[,1:4], productCA(miscCA(2, 8, 4), miscCA(2, 11, 4), c1=2), c1=4), c1=4)"
"DPcat",51,"productCA",8,"SCA_Bose(4) ||| productCA(SCA_Bose(4)[, 1:4], productCA(SCA_Bose(4)[, 1:4], productCA(SCA_LCDST(6, 4)[, 1:5],     SCA_LCDST(6, 4)[, 1:5], c1 = 4), c1 = 4), 4) ||| SCA_Bose(4) ||| productCA(SCA_Bose(4)[, 1:4], productCA(SCA_LCDST(6, 4)[, 1:5], SCA_LCDST(6, 4)[, 1:5], c1 = 4), 4) ||| SCA_Bose(4) ||| productCA(SCA_LCDST(6, 4)[, 1:5], SCA_LCDST(6, 4)[, 1:5], 4) ||| SCA_LCDST(6, 4) ||| SCA_LCDST(6, 4)","productCA(SCA_Bose(4)[,1:4], productCA(SCA_Bose(4)[,1:4], productCA(SCA_Bose(4)[,1:4], productCA(SCA_LCDST(6, 4)[,1:5], SCA_LCDST(6, 4)[,1:5], c1=4), c1=4), c1=4), c1=4)"
"DPcat",52,"productCA",6,"SCA_LCDST(6, 4) ||| productCA(miscCA(2, 7, 4), productCA(miscCA(2, 7, 4), miscCA(2, 7, 4), c1 = 2), 2) ||| miscCA(2, 7, 4) ||| productCA(miscCA(2, 7, 4), miscCA(2, 7, 4), 2) ||| miscCA(2, 7, 4) ||| miscCA(2, 7, 4)","productCA(SCA_LCDST(6, 4)[,1:5], productCA(miscCA(2, 7, 4), productCA(miscCA(2, 7, 4), miscCA(2, 7, 4), c1=2), c1=2), c1=4)"
"DPcat",53,"productCA",8,"SCA_Bose(4) ||| productCA(SCA_Bose(4)[, 1:4], productCA(SCA_Bose(4)[, 1:4], productCA(SCA_LCDST(6, 4)[, 1:5],     miscCA(2, 7, 4), c1 = 4), c1 = 4), 4) ||| SCA_Bose(4) ||| productCA(SCA_Bose(4)[, 1:4], productCA(SCA_LCDST(6, 4)[, 1:5], miscCA(2, 7, 4), c1 = 4), 4) ||| SCA_Bose(4) ||| productCA(SCA_LCDST(6, 4)[, 1:5], miscCA(2, 7, 4), 4) ||| SCA_LCDST(6, 4) ||| miscCA(2, 7, 4)","productCA(SCA_Bose(4)[,1:4], productCA(SCA_Bose(4)[,1:4], productCA(SCA_Bose(4)[,1:4], productCA(SCA_LCDST(6, 4)[,1:5], miscCA(2, 7, 4), c1=4), c1=4), c1=4), c1=4)"
"DPcat",54,"productCA",8,"SCA_Bose(4) ||| productCA(SCA_Bose(4)[, 1:4], productCA(SCA_Bose(4)[, 1:4], productCA(miscCA(2, 7, 4), miscCA(2,     7, 4), c1 = 2), c1 = 4), 4) ||| SCA_Bose(4) ||| productCA(SCA_Bose(4)[, 1:4], productCA(miscCA(2, 7, 4), miscCA(2, 7, 4), c1 = 2), 4) ||| SCA_Bose(4) ||| productCA(miscCA(2, 7, 4), miscCA(2, 7, 4), 2) ||| miscCA(2, 7, 4) ||| miscCA(2, 7, 4)","productCA(SCA_Bose(4)[,1:4], productCA(SCA_Bose(4)[,1:4], productCA(SCA_Bose(4)[,1:4], productCA(miscCA(2, 7, 4), miscCA(2, 7, 4), c1=2), c1=4), c1=4), c1=4)"
"DPcat",55,"productCA",8,"SCA_Bose(4) ||| productCA(SCA_Bose(4)[, 1:4], productCA(SCA_Bose(4)[, 1:4], productCA(miscCA(2, 7, 4), miscCA(2,     8, 4), c1 = 2), c1 = 4), 4) ||| SCA_Bose(4) ||| productCA(SCA_Bose(4)[, 1:4], productCA(miscCA(2, 7, 4), miscCA(2, 8, 4), c1 = 2), 4) ||| SCA_Bose(4) ||| productCA(miscCA(2, 7, 4), miscCA(2, 8, 4), 2) ||| miscCA(2, 7, 4) ||| miscCA(2, 8, 4)","productCA(SCA_Bose(4)[,1:4], productCA(SCA_Bose(4)[,1:4], productCA(SCA_Bose(4)[,1:4], productCA(miscCA(2, 7, 4), miscCA(2, 8, 4), c1=2), c1=4), c1=4), c1=4)"
"DPcat",56,"productCA",8,"SCA_LCDST(6, 4) ||| productCA(SCA_Bose(4)[, 1:4], productCA(SCA_Bose(4)[, 1:4], productCA(miscCA(2, 7, 4), miscCA(2,     7, 4), c1 = 2), c1 = 4), 4) ||| SCA_Bose(4) ||| productCA(SCA_Bose(4)[, 1:4], productCA(miscCA(2, 7, 4), miscCA(2, 7, 4), c1 = 2), 4) ||| SCA_Bose(4) ||| productCA(miscCA(2, 7, 4), miscCA(2, 7, 4), 2) ||| miscCA(2, 7, 4) ||| miscCA(2, 7, 4)","productCA(SCA_LCDST(6, 4)[,1:5], productCA(SCA_Bose(4)[,1:4], productCA(SCA_Bose(4)[,1:4], productCA(miscCA(2, 7, 4), miscCA(2, 7, 4), c1=2), c1=4), c1=4), c1=4)"
"DPcat",57,"productCA",8,"SCA_Bose(4) ||| productCA(SCA_Bose(4)[, 1:4], productCA(SCA_Bose(4)[, 1:4], productCA(miscCA(2, 8, 4), miscCA(2,     8, 4), c1 = 2), c1 = 4), 4) ||| SCA_Bose(4) ||| productCA(SCA_Bose(4)[, 1:4], productCA(miscCA(2, 8, 4), miscCA(2, 8, 4), c1 = 2), 4) ||| SCA_Bose(4) ||| productCA(miscCA(2, 8, 4), miscCA(2, 8, 4), 2) ||| miscCA(2, 8, 4) ||| miscCA(2, 8, 4)","productCA(SCA_Bose(4)[,1:4], productCA(SCA_Bose(4)[,1:4], productCA(SCA_Bose(4)[,1:4], productCA(miscCA(2, 8, 4), miscCA(2, 8, 4), c1=2), c1=4), c1=4), c1=4)"
"DPcat",58,"productCA",8,"SCA_Bose(4) ||| productCA(SCA_Bose(4)[, 1:4], productCA(SCA_Bose(4)[, 1:4], productCA(miscCA(2, 7, 4), miscCA(2,     11, 4), c1 = 2), c1 = 4), 4) ||| SCA_Bose(4) ||| productCA(SCA_Bose(4)[, 1:4], productCA(miscCA(2, 7, 4), miscCA(2, 11, 4), c1 = 2), 4) ||| SCA_Bose(4) ||| productCA(miscCA(2, 7, 4), miscCA(2, 11, 4), 2) ||| miscCA(2, 7, 4) ||| miscCA(2, 11, 4)","productCA(SCA_Bose(4)[,1:4], productCA(SCA_Bose(4)[,1:4], productCA(SCA_Bose(4)[,1:4], productCA(miscCA(2, 7, 4), miscCA(2, 11, 4), c1=2), c1=4), c1=4), c1=4)"
"DPcat",59,"productCA",8,"miscCA(2, 7, 4) ||| productCA(SCA_Bose(4)[, 1:4], productCA(SCA_Bose(4)[, 1:4], productCA(miscCA(2, 7, 4), miscCA(2,     7, 4), c1 = 2), c1 = 4), 4) ||| SCA_Bose(4) ||| productCA(SCA_Bose(4)[, 1:4], productCA(miscCA(2, 7, 4), miscCA(2, 7, 4), c1 = 2), 4) ||| SCA_Bose(4) ||| productCA(miscCA(2, 7, 4), miscCA(2, 7, 4), 2) ||| miscCA(2, 7, 4) ||| miscCA(2, 7, 4)","productCA(miscCA(2, 7, 4), productCA(SCA_Bose(4)[,1:4], productCA(SCA_Bose(4)[,1:4], productCA(miscCA(2, 7, 4), miscCA(2, 7, 4), c1=2), c1=4), c1=4), c1=2)"
"DPcat",60,"productCA",8,"SCA_Bose(4) ||| productCA(SCA_Bose(4)[, 1:4], productCA(SCA_Bose(4)[, 1:4], productCA(miscCA(2, 8, 4), miscCA(2,     11, 4), c1 = 2), c1 = 4), 4) ||| SCA_Bose(4) ||| productCA(SCA_Bose(4)[, 1:4], productCA(miscCA(2, 8, 4), miscCA(2, 11, 4), c1 = 2), 4) ||| SCA_Bose(4) ||| productCA(miscCA(2, 8, 4), miscCA(2, 11, 4), 2) ||| miscCA(2, 8, 4) ||| miscCA(2, 11, 4)","productCA(SCA_Bose(4)[,1:4], productCA(SCA_Bose(4)[,1:4], productCA(SCA_Bose(4)[,1:4], productCA(miscCA(2, 8, 4), miscCA(2, 11, 4), c1=2), c1=4), c1=4), c1=4)"
"DPcat",61,"productCA",10,"SCA_Bose(4) ||| productCA(SCA_Bose(4)[, 1:4], productCA(SCA_Bose(4)[, 1:4], productCA(SCA_Bose(4)[, 1:4], productCA(SCA_LCDST(6,     4)[, 1:5], SCA_LCDST(6, 4)[, 1:5], c1 = 4), c1 = 4), c1 = 4), 4) ||| SCA_Bose(4) ||| productCA(SCA_Bose(4)[, 1:4], productCA(SCA_Bose(4)[, 1:4], productCA(SCA_LCDST(6, 4)[, 1:5],     SCA_LCDST(6, 4)[, 1:5], c1 = 4), c1 = 4), 4) ||| SCA_Bose(4) ||| productCA(SCA_Bose(4)[, 1:4], productCA(SCA_LCDST(6, 4)[, 1:5], SCA_LCDST(6, 4)[, 1:5], c1 = 4), 4) ||| SCA_Bose(4) ||| productCA(SCA_LCDST(6, 4)[, 1:5], SCA_LCDST(6, 4)[, 1:5], 4) ||| SCA_LCDST(6, 4) ||| SCA_LCDST(6, 4)","productCA(SCA_Bose(4)[,1:4], productCA(SCA_Bose(4)[,1:4], productCA(SCA_Bose(4)[,1:4], productCA(SCA_Bose(4)[,1:4], productCA(SCA_LCDST(6, 4)[,1:5], SCA_LCDST(6, 4)[,1:5], c1=4), c1=4), c1=4), c1=4), c1=4)"
"DPcat",62,"productCA",8,"SCA_LCDST(6, 4) ||| productCA(miscCA(2, 7, 4), productCA(SCA_Bose(4)[, 1:4], productCA(miscCA(2, 7, 4), miscCA(2,     7, 4), c1 = 2), c1 = 4), 2) ||| miscCA(2, 7, 4) ||| productCA(SCA_Bose(4)[, 1:4], productCA(miscCA(2, 7, 4), miscCA(2, 7, 4), c1 = 2), 4) ||| SCA_Bose(4) ||| productCA(miscCA(2, 7, 4), miscCA(2, 7, 4), 2) ||| miscCA(2, 7, 4) ||| miscCA(2, 7, 4)","productCA(SCA_LCDST(6, 4)[,1:5], productCA(miscCA(2, 7, 4), productCA(SCA_Bose(4)[,1:4], productCA(miscCA(2, 7, 4), miscCA(2, 7, 4), c1=2), c1=4), c1=2), c1=4)"
"DPcat",63,"productCA",10,"SCA_Bose(4) ||| productCA(SCA_Bose(4)[, 1:4], productCA(SCA_Bose(4)[, 1:4], productCA(SCA_Bose(4)[, 1:4], productCA(SCA_LCDST(6,     4)[, 1:5], miscCA(2, 7, 4), c1 = 4), c1 = 4), c1 = 4), 4) ||| SCA_Bose(4) ||| productCA(SCA_Bose(4)[, 1:4], productCA(SCA_Bose(4)[, 1:4], productCA(SCA_LCDST(6, 4)[, 1:5],     miscCA(2, 7, 4), c1 = 4), c1 = 4), 4) ||| SCA_Bose(4) ||| productCA(SCA_Bose(4)[, 1:4], productCA(SCA_LCDST(6, 4)[, 1:5], miscCA(2, 7, 4), c1 = 4), 4) ||| SCA_Bose(4) ||| productCA(SCA_LCDST(6, 4)[, 1:5], miscCA(2, 7, 4), 4) ||| SCA_LCDST(6, 4) ||| miscCA(2, 7, 4)","productCA(SCA_Bose(4)[,1:4], productCA(SCA_Bose(4)[,1:4], productCA(SCA_Bose(4)[,1:4], productCA(SCA_Bose(4)[,1:4], productCA(SCA_LCDST(6, 4)[,1:5], miscCA(2, 7, 4), c1=4), c1=4), c1=4), c1=4), c1=4)"
"DPcat",64,"productCA",10,"SCA_Bose(4) ||| productCA(SCA_Bose(4)[, 1:4], productCA(SCA_Bose(4)[, 1:4], productCA(SCA_Bose(4)[, 1:4], productCA(miscCA(2,     7, 4), miscCA(2, 7, 4), c1 = 2), c1 = 4), c1 = 4), 4) ||| SCA_Bose(4) ||| productCA(SCA_Bose(4)[, 1:4], productCA(SCA_Bose(4)[, 1:4], productCA(miscCA(2, 7, 4), miscCA(2,     7, 4), c1 = 2), c1 = 4), 4) ||| SCA_Bose(4) ||| productCA(SCA_Bose(4)[, 1:4], productCA(miscCA(2, 7, 4), miscCA(2, 7, 4), c1 = 2), 4) ||| SCA_Bose(4) ||| productCA(miscCA(2, 7, 4), miscCA(2, 7, 4), 2) ||| miscCA(2, 7, 4) ||| miscCA(2, 7, 4)","productCA(SCA_Bose(4)[,1:4], productCA(SCA_Bose(4)[,1:4], productCA(SCA_Bose(4)[,1:4], productCA(SCA_Bose(4)[,1:4], productCA(miscCA(2, 7, 4), miscCA(2, 7, 4), c1=2), c1=4), c1=4), c1=4), c1=4)"
"DPcat",65,"productCA",10,"SCA_Bose(4) ||| productCA(SCA_Bose(4)[, 1:4], productCA(SCA_Bose(4)[, 1:4], productCA(SCA_Bose(4)[, 1:4], productCA(miscCA(2,     7, 4), miscCA(2, 8, 4), c1 = 2), c1 = 4), c1 = 4), 4) ||| SCA_Bose(4) ||| productCA(SCA_Bose(4)[, 1:4], productCA(SCA_Bose(4)[, 1:4], productCA(miscCA(2, 7, 4), miscCA(2,     8, 4), c1 = 2), c1 = 4), 4) ||| SCA_Bose(4) ||| productCA(SCA_Bose(4)[, 1:4], productCA(miscCA(2, 7, 4), miscCA(2, 8, 4), c1 = 2), 4) ||| SCA_Bose(4) ||| productCA(miscCA(2, 7, 4), miscCA(2, 8, 4), 2) ||| miscCA(2, 7, 4) ||| miscCA(2, 8, 4)","productCA(SCA_Bose(4)[,1:4], productCA(SCA_Bose(4)[,1:4], productCA(SCA_Bose(4)[,1:4], productCA(SCA_Bose(4)[,1:4], productCA(miscCA(2, 7, 4), miscCA(2, 8, 4), c1=2), c1=4), c1=4), c1=4), c1=4)"
"DPcat",66,"productCA",10,"SCA_LCDST(6, 4) ||| productCA(SCA_Bose(4)[, 1:4], productCA(SCA_Bose(4)[, 1:4], productCA(SCA_Bose(4)[, 1:4], productCA(miscCA(2,     7, 4), miscCA(2, 7, 4), c1 = 2), c1 = 4), c1 = 4), 4) ||| SCA_Bose(4) ||| productCA(SCA_Bose(4)[, 1:4], productCA(SCA_Bose(4)[, 1:4], productCA(miscCA(2, 7, 4), miscCA(2,     7, 4), c1 = 2), c1 = 4), 4) ||| SCA_Bose(4) ||| productCA(SCA_Bose(4)[, 1:4], productCA(miscCA(2, 7, 4), miscCA(2, 7, 4), c1 = 2), 4) ||| SCA_Bose(4) ||| productCA(miscCA(2, 7, 4), miscCA(2, 7, 4), 2) ||| miscCA(2, 7, 4) ||| miscCA(2, 7, 4)","productCA(SCA_LCDST(6, 4)[,1:5], productCA(SCA_Bose(4)[,1:4], productCA(SCA_Bose(4)[,1:4], productCA(SCA_Bose(4)[,1:4], productCA(miscCA(2, 7, 4), miscCA(2, 7, 4), c1=2), c1=4), c1=4), c1=4), c1=4)"
"DPcat",67,"productCA",10,"SCA_Bose(4) ||| productCA(SCA_Bose(4)[, 1:4], productCA(SCA_Bose(4)[, 1:4], productCA(SCA_Bose(4)[, 1:4], productCA(miscCA(2,     8, 4), miscCA(2, 8, 4), c1 = 2), c1 = 4), c1 = 4), 4) ||| SCA_Bose(4) ||| productCA(SCA_Bose(4)[, 1:4], productCA(SCA_Bose(4)[, 1:4], productCA(miscCA(2, 8, 4), miscCA(2,     8, 4), c1 = 2), c1 = 4), 4) ||| SCA_Bose(4) ||| productCA(SCA_Bose(4)[, 1:4], productCA(miscCA(2, 8, 4), miscCA(2, 8, 4), c1 = 2), 4) ||| SCA_Bose(4) ||| productCA(miscCA(2, 8, 4), miscCA(2, 8, 4), 2) ||| miscCA(2, 8, 4) ||| miscCA(2, 8, 4)","productCA(SCA_Bose(4)[,1:4], productCA(SCA_Bose(4)[,1:4], productCA(SCA_Bose(4)[,1:4], productCA(SCA_Bose(4)[,1:4], productCA(miscCA(2, 8, 4), miscCA(2, 8, 4), c1=2), c1=4), c1=4), c1=4), c1=4)"
"DPcat",68,"productCA",10,"SCA_Bose(4) ||| productCA(SCA_Bose(4)[, 1:4], productCA(SCA_Bose(4)[, 1:4], productCA(SCA_Bose(4)[, 1:4], productCA(miscCA(2,     7, 4), miscCA(2, 11, 4), c1 = 2), c1 = 4), c1 = 4), 4) ||| SCA_Bose(4) ||| productCA(SCA_Bose(4)[, 1:4], productCA(SCA_Bose(4)[, 1:4], productCA(miscCA(2, 7, 4), miscCA(2,     11, 4), c1 = 2), c1 = 4), 4) ||| SCA_Bose(4) ||| productCA(SCA_Bose(4)[, 1:4], productCA(miscCA(2, 7, 4), miscCA(2, 11, 4), c1 = 2), 4) ||| SCA_Bose(4) ||| productCA(miscCA(2, 7, 4), miscCA(2, 11, 4), 2) ||| miscCA(2, 7, 4) ||| miscCA(2, 11, 4)","productCA(SCA_Bose(4)[,1:4], productCA(SCA_Bose(4)[,1:4], productCA(SCA_Bose(4)[,1:4], productCA(SCA_Bose(4)[,1:4], productCA(miscCA(2, 7, 4), miscCA(2, 11, 4), c1=2), c1=4), c1=4), c1=4), c1=4)"
"DPcat",69,"productCA",10,"miscCA(2, 7, 4) ||| productCA(SCA_Bose(4)[, 1:4], productCA(SCA_Bose(4)[, 1:4], productCA(SCA_Bose(4)[, 1:4], productCA(miscCA(2,     7, 4), miscCA(2, 7, 4), c1 = 2), c1 = 4), c1 = 4), 4) ||| SCA_Bose(4) ||| productCA(SCA_Bose(4)[, 1:4], productCA(SCA_Bose(4)[, 1:4], productCA(miscCA(2, 7, 4), miscCA(2,     7, 4), c1 = 2), c1 = 4), 4) ||| SCA_Bose(4) ||| productCA(SCA_Bose(4)[, 1:4], productCA(miscCA(2, 7, 4), miscCA(2, 7, 4), c1 = 2), 4) ||| SCA_Bose(4) ||| productCA(miscCA(2, 7, 4), miscCA(2, 7, 4), 2) ||| miscCA(2, 7, 4) ||| miscCA(2, 7, 4)","productCA(miscCA(2, 7, 4), productCA(SCA_Bose(4)[,1:4], productCA(SCA_Bose(4)[,1:4], productCA(SCA_Bose(4)[,1:4], productCA(miscCA(2, 7, 4), miscCA(2, 7, 4), c1=2), c1=4), c1=4), c1=4), c1=2)"
"DPcat",70,"productCA",2,"CS_CMMSSY(6, 5) ||| CS_CMMSSY(6, 5)","productCA(CS_CMMSSY(6, 5)[,1:5], CS_CMMSSY(6, 5)[,1:5], c1=5)"
"DPcat",71,"productCA",2,"CS_CMMSSY(6, 5) ||| CS_CMMSSY(7, 5)","productCA(CS_CMMSSY(6, 5)[,1:5], CS_CMMSSY(7, 5)[,1:6], c1=5)"
"DPcat",72,"productCA",2,"CS_CMMSSY(6, 5) ||| miscCA(2, 7, 5)","productCA(CS_CMMSSY(6, 5)[,1:5], miscCA(2, 7, 5), c1=5)"
"DPcat",73,"productCA",2,"CS_CMMSSY(7, 5) ||| CS_CMMSSY(7, 5)","productCA(CS_CMMSSY(7, 5)[,1:6], CS_CMMSSY(7, 5)[,1:6], c1=5)"
"DPcat",74,"productCA",2,"CS_CMMSSY(7, 5) ||| miscCA(2, 7, 5)","productCA(CS_CMMSSY(7, 5)[,1:6], miscCA(2, 7, 5), c1=5)"
"DPcat",75,"productCA",2,"miscCA(2, 7, 5) ||| miscCA(2, 7, 5)","productCA(miscCA(2, 7, 5), miscCA(2, 7, 5), c1=3)"
"DPcat",76,"productCA",2,"CS_CMMSSY(7, 5) ||| miscCA(2, 9, 5)","productCA(CS_CMMSSY(7, 5)[,1:6], miscCA(2, 9, 5), c1=5)"
"DPcat",77,"productCA",2,"miscCA(2, 7, 5) ||| miscCA(2, 9, 5)","productCA(miscCA(2, 7, 5), miscCA(2, 9, 5), c1=3)"
"DPcat",78,"productCA",4,"CS_CMMSSY(6, 5) ||| productCA(CS_CMMSSY(6, 5)[, 1:5], CS_CMMSSY(6, 5)[, 1:5], 5) ||| CS_CMMSSY(6, 5) ||| CS_CMMSSY(6, 5)","productCA(CS_CMMSSY(6, 5)[,1:5], productCA(CS_CMMSSY(6, 5)[,1:5], CS_CMMSSY(6, 5)[,1:5], c1=5), c1=5)"
"DPcat",79,"productCA",4,"CS_CMMSSY(6, 5) ||| productCA(CS_CMMSSY(6, 5)[, 1:5], CS_CMMSSY(7, 5)[, 1:6], 5) ||| CS_CMMSSY(6, 5) ||| CS_CMMSSY(7, 5)","productCA(CS_CMMSSY(6, 5)[,1:5], productCA(CS_CMMSSY(6, 5)[,1:5], CS_CMMSSY(7, 5)[,1:6], c1=5), c1=5)"
"DPcat",80,"productCA",4,"CS_CMMSSY(6, 5) ||| productCA(CS_CMMSSY(6, 5)[, 1:5], miscCA(2, 7, 5), 5) ||| CS_CMMSSY(6, 5) ||| miscCA(2, 7, 5)","productCA(CS_CMMSSY(6, 5)[,1:5], productCA(CS_CMMSSY(6, 5)[,1:5], miscCA(2, 7, 5), c1=5), c1=5)"
"DPcat",81,"productCA",4,"CS_CMMSSY(6, 5) ||| productCA(CS_CMMSSY(7, 5)[, 1:6], CS_CMMSSY(7, 5)[, 1:6], 5) ||| CS_CMMSSY(7, 5) ||| CS_CMMSSY(7, 5)","productCA(CS_CMMSSY(6, 5)[,1:5], productCA(CS_CMMSSY(7, 5)[,1:6], CS_CMMSSY(7, 5)[,1:6], c1=5), c1=5)"
"DPcat",82,"productCA",4,"CS_CMMSSY(6, 5) ||| productCA(CS_CMMSSY(7, 5)[, 1:6], miscCA(2, 7, 5), 5) ||| CS_CMMSSY(7, 5) ||| miscCA(2, 7, 5)","productCA(CS_CMMSSY(6, 5)[,1:5], productCA(CS_CMMSSY(7, 5)[,1:6], miscCA(2, 7, 5), c1=5), c1=5)"
"DPcat",83,"productCA",4,"CS_CMMSSY(6, 5) ||| productCA(miscCA(2, 7, 5), miscCA(2, 7, 5), 3) ||| miscCA(2, 7, 5) ||| miscCA(2, 7, 5)","productCA(CS_CMMSSY(6, 5)[,1:5], productCA(miscCA(2, 7, 5), miscCA(2, 7, 5), c1=3), c1=5)"
"DPcat",84,"productCA",4,"CS_CMMSSY(7, 5) ||| productCA(CS_CMMSSY(7, 5)[, 1:6], miscCA(2, 7, 5), 5) ||| CS_CMMSSY(7, 5) ||| miscCA(2, 7, 5)","productCA(CS_CMMSSY(7, 5)[,1:6], productCA(CS_CMMSSY(7, 5)[,1:6], miscCA(2, 7, 5), c1=5), c1=5)"
"DPcat",85,"productCA",4,"CS_CMMSSY(7, 5) ||| productCA(miscCA(2, 7, 5), miscCA(2, 7, 5), 3) ||| miscCA(2, 7, 5) ||| miscCA(2, 7, 5)","productCA(CS_CMMSSY(7, 5)[,1:6], productCA(miscCA(2, 7, 5), miscCA(2, 7, 5), c1=3), c1=5)"
"DPcat",86,"productCA",4,"CS_CMMSSY(6, 5) ||| productCA(miscCA(2, 7, 5), miscCA(2, 9, 5), 3) ||| miscCA(2, 7, 5) ||| miscCA(2, 9, 5)","productCA(CS_CMMSSY(6, 5)[,1:5], productCA(miscCA(2, 7, 5), miscCA(2, 9, 5), c1=3), c1=5)"
"DPcat",87,"productCA",4,"miscCA(2, 7, 5) ||| productCA(miscCA(2, 7, 5), miscCA(2, 7, 5), 3) ||| miscCA(2, 7, 5) ||| miscCA(2, 7, 5)","productCA(miscCA(2, 7, 5), productCA(miscCA(2, 7, 5), miscCA(2, 7, 5), c1=3), c1=3)"
"DPcat",88,"productCA",4,"CS_CMMSSY(7, 5) ||| productCA(miscCA(2, 7, 5), miscCA(2, 9, 5), 3) ||| miscCA(2, 7, 5) ||| miscCA(2, 9, 5)","productCA(CS_CMMSSY(7, 5)[,1:6], productCA(miscCA(2, 7, 5), miscCA(2, 9, 5), c1=3), c1=5)"
"DPcat",89,"productCA",6,"CS_CMMSSY(6, 5) ||| productCA(CS_CMMSSY(6, 5)[, 1:5], productCA(CS_CMMSSY(6, 5)[, 1:5], CS_CMMSSY(6, 5)[, 1:5], c1 = 5), 5) ||| CS_CMMSSY(6, 5) ||| productCA(CS_CMMSSY(6, 5)[, 1:5], CS_CMMSSY(6, 5)[, 1:5], 5) ||| CS_CMMSSY(6, 5) ||| CS_CMMSSY(6, 5)","productCA(CS_CMMSSY(6, 5)[,1:5], productCA(CS_CMMSSY(6, 5)[,1:5], productCA(CS_CMMSSY(6, 5)[,1:5], CS_CMMSSY(6, 5)[,1:5], c1=5), c1=5), c1=5)"
"DPcat",90,"productCA",6,"CS_CMMSSY(6, 5) ||| productCA(CS_CMMSSY(6, 5)[, 1:5], productCA(CS_CMMSSY(6, 5)[, 1:5], CS_CMMSSY(7, 5)[, 1:6], c1 = 5), 5) ||| CS_CMMSSY(6, 5) ||| productCA(CS_CMMSSY(6, 5)[, 1:5], CS_CMMSSY(7, 5)[, 1:6], 5) ||| CS_CMMSSY(6, 5) ||| CS_CMMSSY(7, 5)","productCA(CS_CMMSSY(6, 5)[,1:5], productCA(CS_CMMSSY(6, 5)[,1:5], productCA(CS_CMMSSY(6, 5)[,1:5], CS_CMMSSY(7, 5)[,1:6], c1=5), c1=5), c1=5)"
"DPcat",91,"productCA",6,"CS_CMMSSY(6, 5) ||| productCA(CS_CMMSSY(6, 5)[, 1:5], productCA(CS_CMMSSY(6, 5)[, 1:5], miscCA(2, 7, 5), c1 = 5), 5) ||| CS_CMMSSY(6, 5) ||| productCA(CS_CMMSSY(6, 5)[, 1:5], miscCA(2, 7, 5), 5) ||| CS_CMMSSY(6, 5) ||| miscCA(2, 7, 5)","productCA(CS_CMMSSY(6, 5)[,1:5], productCA(CS_CMMSSY(6, 5)[,1:5], productCA(CS_CMMSSY(6, 5)[,1:5], miscCA(2, 7, 5), c1=5), c1=5), c1=5)"
"DPcat",92,"productCA",6,"CS_CMMSSY(6, 5) ||| productCA(CS_CMMSSY(6, 5)[, 1:5], productCA(CS_CMMSSY(7, 5)[, 1:6], CS_CMMSSY(7, 5)[, 1:6], c1 = 5), 5) ||| CS_CMMSSY(6, 5) ||| productCA(CS_CMMSSY(7, 5)[, 1:6], CS_CMMSSY(7, 5)[, 1:6], 5) ||| CS_CMMSSY(7, 5) ||| CS_CMMSSY(7, 5)","productCA(CS_CMMSSY(6, 5)[,1:5], productCA(CS_CMMSSY(6, 5)[,1:5], productCA(CS_CMMSSY(7, 5)[,1:6], CS_CMMSSY(7, 5)[,1:6], c1=5), c1=5), c1=5)"
"DPcat",93,"productCA",6,"CS_CMMSSY(6, 5) ||| productCA(CS_CMMSSY(6, 5)[, 1:5], productCA(CS_CMMSSY(7, 5)[, 1:6], miscCA(2, 7, 5), c1 = 5), 5) ||| CS_CMMSSY(6, 5) ||| productCA(CS_CMMSSY(7, 5)[, 1:6], miscCA(2, 7, 5), 5) ||| CS_CMMSSY(7, 5) ||| miscCA(2, 7, 5)","productCA(CS_CMMSSY(6, 5)[,1:5], productCA(CS_CMMSSY(6, 5)[,1:5], productCA(CS_CMMSSY(7, 5)[,1:6], miscCA(2, 7, 5), c1=5), c1=5), c1=5)"
"DPcat",94,"productCA",6,"CS_CMMSSY(6, 5) ||| productCA(CS_CMMSSY(6, 5)[, 1:5], productCA(miscCA(2, 7, 5), miscCA(2, 7, 5), c1 = 3), 5) ||| CS_CMMSSY(6, 5) ||| productCA(miscCA(2, 7, 5), miscCA(2, 7, 5), 3) ||| miscCA(2, 7, 5) ||| miscCA(2, 7, 5)","productCA(CS_CMMSSY(6, 5)[,1:5], productCA(CS_CMMSSY(6, 5)[,1:5], productCA(miscCA(2, 7, 5), miscCA(2, 7, 5), c1=3), c1=5), c1=5)"
"DPcat",95,"productCA",6,"CS_CMMSSY(6, 5) ||| productCA(CS_CMMSSY(7, 5)[, 1:6], productCA(CS_CMMSSY(7, 5)[, 1:6], miscCA(2, 7, 5), c1 = 5), 5) ||| CS_CMMSSY(7, 5) ||| productCA(CS_CMMSSY(7, 5)[, 1:6], miscCA(2, 7, 5), 5) ||| CS_CMMSSY(7, 5) ||| miscCA(2, 7, 5)","productCA(CS_CMMSSY(6, 5)[,1:5], productCA(CS_CMMSSY(7, 5)[,1:6], productCA(CS_CMMSSY(7, 5)[,1:6], miscCA(2, 7, 5), c1=5), c1=5), c1=5)"
"DPcat",96,"productCA",6,"CS_CMMSSY(6, 5) ||| productCA(CS_CMMSSY(7, 5)[, 1:6], productCA(miscCA(2, 7, 5), miscCA(2, 7, 5), c1 = 3), 5) ||| CS_CMMSSY(7, 5) ||| productCA(miscCA(2, 7, 5), miscCA(2, 7, 5), 3) ||| miscCA(2, 7, 5) ||| miscCA(2, 7, 5)","productCA(CS_CMMSSY(6, 5)[,1:5], productCA(CS_CMMSSY(7, 5)[,1:6], productCA(miscCA(2, 7, 5), miscCA(2, 7, 5), c1=3), c1=5), c1=5)"
"DPcat",97,"productCA",6,"CS_CMMSSY(6, 5) ||| productCA(CS_CMMSSY(6, 5)[, 1:5], productCA(miscCA(2, 7, 5), miscCA(2, 9, 5), c1 = 3), 5) ||| CS_CMMSSY(6, 5) ||| productCA(miscCA(2, 7, 5), miscCA(2, 9, 5), 3) ||| miscCA(2, 7, 5) ||| miscCA(2, 9, 5)","productCA(CS_CMMSSY(6, 5)[,1:5], productCA(CS_CMMSSY(6, 5)[,1:5], productCA(miscCA(2, 7, 5), miscCA(2, 9, 5), c1=3), c1=5), c1=5)"
"DPcat",98,"productCA",6,"CS_CMMSSY(6, 5) ||| productCA(miscCA(2, 7, 5), productCA(miscCA(2, 7, 5), miscCA(2, 7, 5), c1 = 3), 3) ||| miscCA(2, 7, 5) ||| productCA(miscCA(2, 7, 5), miscCA(2, 7, 5), 3) ||| miscCA(2, 7, 5) ||| miscCA(2, 7, 5)","productCA(CS_CMMSSY(6, 5)[,1:5], productCA(miscCA(2, 7, 5), productCA(miscCA(2, 7, 5), miscCA(2, 7, 5), c1=3), c1=3), c1=5)"
"DPcat",99,"productCA",6,"CS_CMMSSY(7, 5) ||| productCA(CS_CMMSSY(7, 5)[, 1:6], productCA(miscCA(2, 7, 5), miscCA(2, 7, 5), c1 = 3), 5) ||| CS_CMMSSY(7, 5) ||| productCA(miscCA(2, 7, 5), miscCA(2, 7, 5), 3) ||| miscCA(2, 7, 5) ||| miscCA(2, 7, 5)","productCA(CS_CMMSSY(7, 5)[,1:6], productCA(CS_CMMSSY(7, 5)[,1:6], productCA(miscCA(2, 7, 5), miscCA(2, 7, 5), c1=3), c1=5), c1=5)"
"DPcat",100,"productCA",6,"CS_CMMSSY(6, 5) ||| productCA(CS_CMMSSY(7, 5)[, 1:6], productCA(miscCA(2, 7, 5), miscCA(2, 9, 5), c1 = 3), 5) ||| CS_CMMSSY(7, 5) ||| productCA(miscCA(2, 7, 5), miscCA(2, 9, 5), 3) ||| miscCA(2, 7, 5) ||| miscCA(2, 9, 5)","productCA(CS_CMMSSY(6, 5)[,1:5], productCA(CS_CMMSSY(7, 5)[,1:6], productCA(miscCA(2, 7, 5), miscCA(2, 9, 5), c1=3), c1=5), c1=5)"
"DPcat",101,"productCA",8,"CS_CMMSSY(6, 5) ||| productCA(CS_CMMSSY(6, 5)[, 1:5], productCA(CS_CMMSSY(6, 5)[, 1:5], productCA(CS_CMMSSY(6, 5)[,     1:5], CS_CMMSSY(6, 5)[, 1:5], c1 = 5), c1 = 5), 5) ||| CS_CMMSSY(6, 5) ||| productCA(CS_CMMSSY(6, 5)[, 1:5], productCA(CS_CMMSSY(6, 5)[, 1:5], CS_CMMSSY(6, 5)[, 1:5], c1 = 5), 5) ||| CS_CMMSSY(6, 5) ||| productCA(CS_CMMSSY(6, 5)[, 1:5], CS_CMMSSY(6, 5)[, 1:5], 5) ||| CS_CMMSSY(6, 5) ||| CS_CMMSSY(6, 5)","productCA(CS_CMMSSY(6, 5)[,1:5], productCA(CS_CMMSSY(6, 5)[,1:5], productCA(CS_CMMSSY(6, 5)[,1:5], productCA(CS_CMMSSY(6, 5)[,1:5], CS_CMMSSY(6, 5)[,1:5], c1=5), c1=5), c1=5), c1=5)"
"DPcat",102,"productCA",8,"CS_CMMSSY(6, 5) ||| productCA(CS_CMMSSY(6, 5)[, 1:5], productCA(CS_CMMSSY(6, 5)[, 1:5], productCA(CS_CMMSSY(6, 5)[,     1:5], CS_CMMSSY(7, 5)[, 1:6], c1 = 5), c1 = 5), 5) ||| CS_CMMSSY(6, 5) ||| productCA(CS_CMMSSY(6, 5)[, 1:5], productCA(CS_CMMSSY(6, 5)[, 1:5], CS_CMMSSY(7, 5)[, 1:6], c1 = 5), 5) ||| CS_CMMSSY(6, 5) ||| productCA(CS_CMMSSY(6, 5)[, 1:5], CS_CMMSSY(7, 5)[, 1:6], 5) ||| CS_CMMSSY(6, 5) ||| CS_CMMSSY(7, 5)","productCA(CS_CMMSSY(6, 5)[,1:5], productCA(CS_CMMSSY(6, 5)[,1:5], productCA(CS_CMMSSY(6, 5)[,1:5], productCA(CS_CMMSSY(6, 5)[,1:5], CS_CMMSSY(7, 5)[,1:6], c1=5), c1=5), c1=5), c1=5)"
"DPcat",103,"productCA",8,"CS_CMMSSY(6, 5) ||| productCA(CS_CMMSSY(6, 5)[, 1:5], productCA(CS_CMMSSY(6, 5)[, 1:5], productCA(CS_CMMSSY(6, 5)[,     1:5], miscCA(2, 7, 5), c1 = 5), c1 = 5), 5) ||| CS_CMMSSY(6, 5) ||| productCA(CS_CMMSSY(6, 5)[, 1:5], productCA(CS_CMMSSY(6, 5)[, 1:5], miscCA(2, 7, 5), c1 = 5), 5) ||| CS_CMMSSY(6, 5) ||| productCA(CS_CMMSSY(6, 5)[, 1:5], miscCA(2, 7, 5), 5) ||| CS_CMMSSY(6, 5) ||| miscCA(2, 7, 5)","productCA(CS_CMMSSY(6, 5)[,1:5], productCA(CS_CMMSSY(6, 5)[,1:5], productCA(CS_CMMSSY(6, 5)[,1:5], productCA(CS_CMMSSY(6, 5)[,1:5], miscCA(2, 7, 5), c1=5), c1=5), c1=5), c1=5)"
"DPcat",104,"productCA",8,"CS_CMMSSY(6, 5) ||| productCA(CS_CMMSSY(6, 5)[, 1:5], productCA(CS_CMMSSY(6, 5)[, 1:5], productCA(CS_CMMSSY(7, 5)[,     1:6], CS_CMMSSY(7, 5)[, 1:6], c1 = 5), c1 = 5), 5) ||| CS_CMMSSY(6, 5) ||| productCA(CS_CMMSSY(6, 5)[, 1:5], productCA(CS_CMMSSY(7, 5)[, 1:6], CS_CMMSSY(7, 5)[, 1:6], c1 = 5), 5) ||| CS_CMMSSY(6, 5) ||| productCA(CS_CMMSSY(7, 5)[, 1:6], CS_CMMSSY(7, 5)[, 1:6], 5) ||| CS_CMMSSY(7, 5) ||| CS_CMMSSY(7, 5)","productCA(CS_CMMSSY(6, 5)[,1:5], productCA(CS_CMMSSY(6, 5)[,1:5], productCA(CS_CMMSSY(6, 5)[,1:5], productCA(CS_CMMSSY(7, 5)[,1:6], CS_CMMSSY(7, 5)[,1:6], c1=5), c1=5), c1=5), c1=5)"
"DPcat",105,"productCA",8,"CS_CMMSSY(6, 5) ||| productCA(CS_CMMSSY(6, 5)[, 1:5], productCA(CS_CMMSSY(6, 5)[, 1:5], productCA(CS_CMMSSY(7, 5)[,     1:6], miscCA(2, 7, 5), c1 = 5), c1 = 5), 5) ||| CS_CMMSSY(6, 5) ||| productCA(CS_CMMSSY(6, 5)[, 1:5], productCA(CS_CMMSSY(7, 5)[, 1:6], miscCA(2, 7, 5), c1 = 5), 5) ||| CS_CMMSSY(6, 5) ||| productCA(CS_CMMSSY(7, 5)[, 1:6], miscCA(2, 7, 5), 5) ||| CS_CMMSSY(7, 5) ||| miscCA(2, 7, 5)","productCA(CS_CMMSSY(6, 5)[,1:5], productCA(CS_CMMSSY(6, 5)[,1:5], productCA(CS_CMMSSY(6, 5)[,1:5], productCA(CS_CMMSSY(7, 5)[,1:6], miscCA(2, 7, 5), c1=5), c1=5), c1=5), c1=5)"
"DPcat",106,"productCA",8,"CS_CMMSSY(6, 5) ||| productCA(CS_CMMSSY(6, 5)[, 1:5], productCA(CS_CMMSSY(6, 5)[, 1:5], productCA(miscCA(2, 7, 5),     miscCA(2, 7, 5), c1 = 3), c1 = 5), 5) ||| CS_CMMSSY(6, 5) ||| productCA(CS_CMMSSY(6, 5)[, 1:5], productCA(miscCA(2, 7, 5), miscCA(2, 7, 5), c1 = 3), 5) ||| CS_CMMSSY(6, 5) ||| productCA(miscCA(2, 7, 5), miscCA(2, 7, 5), 3) ||| miscCA(2, 7, 5) ||| miscCA(2, 7, 5)","productCA(CS_CMMSSY(6, 5)[,1:5], productCA(CS_CMMSSY(6, 5)[,1:5], productCA(CS_CMMSSY(6, 5)[,1:5], productCA(miscCA(2, 7, 5), miscCA(2, 7, 5), c1=3), c1=5), c1=5), c1=5)"
"DPcat",107,"productCA",8,"CS_CMMSSY(6, 5) ||| productCA(CS_CMMSSY(6, 5)[, 1:5], productCA(CS_CMMSSY(7, 5)[, 1:6], productCA(CS_CMMSSY(7, 5)[,     1:6], miscCA(2, 7, 5), c1 = 5), c1 = 5), 5) ||| CS_CMMSSY(6, 5) ||| productCA(CS_CMMSSY(7, 5)[, 1:6], productCA(CS_CMMSSY(7, 5)[, 1:6], miscCA(2, 7, 5), c1 = 5), 5) ||| CS_CMMSSY(7, 5) ||| productCA(CS_CMMSSY(7, 5)[, 1:6], miscCA(2, 7, 5), 5) ||| CS_CMMSSY(7, 5) ||| miscCA(2, 7, 5)","productCA(CS_CMMSSY(6, 5)[,1:5], productCA(CS_CMMSSY(6, 5)[,1:5], productCA(CS_CMMSSY(7, 5)[,1:6], productCA(CS_CMMSSY(7, 5)[,1:6], miscCA(2, 7, 5), c1=5), c1=5), c1=5), c1=5)"
"DPcat",108,"productCA",8,"CS_CMMSSY(6, 5) ||| productCA(CS_CMMSSY(6, 5)[, 1:5], productCA(CS_CMMSSY(7, 5)[, 1:6], productCA(miscCA(2, 7, 5),     miscCA(2, 7, 5), c1 = 3), c1 = 5), 5) ||| CS_CMMSSY(6, 5) ||| productCA(CS_CMMSSY(7, 5)[, 1:6], productCA(miscCA(2, 7, 5), miscCA(2, 7, 5), c1 = 3), 5) ||| CS_CMMSSY(7, 5) ||| productCA(miscCA(2, 7, 5), miscCA(2, 7, 5), 3) ||| miscCA(2, 7, 5) ||| miscCA(2, 7, 5)","productCA(CS_CMMSSY(6, 5)[,1:5], productCA(CS_CMMSSY(6, 5)[,1:5], productCA(CS_CMMSSY(7, 5)[,1:6], productCA(miscCA(2, 7, 5), miscCA(2, 7, 5), c1=3), c1=5), c1=5), c1=5)"
"DPcat",109,"productCA",8,"CS_CMMSSY(6, 5) ||| productCA(CS_CMMSSY(6, 5)[, 1:5], productCA(CS_CMMSSY(6, 5)[, 1:5], productCA(miscCA(2, 7, 5),     miscCA(2, 9, 5), c1 = 3), c1 = 5), 5) ||| CS_CMMSSY(6, 5) ||| productCA(CS_CMMSSY(6, 5)[, 1:5], productCA(miscCA(2, 7, 5), miscCA(2, 9, 5), c1 = 3), 5) ||| CS_CMMSSY(6, 5) ||| productCA(miscCA(2, 7, 5), miscCA(2, 9, 5), 3) ||| miscCA(2, 7, 5) ||| miscCA(2, 9, 5)","productCA(CS_CMMSSY(6, 5)[,1:5], productCA(CS_CMMSSY(6, 5)[,1:5], productCA(CS_CMMSSY(6, 5)[,1:5], productCA(miscCA(2, 7, 5), miscCA(2, 9, 5), c1=3), c1=5), c1=5), c1=5)"
"DPcat",110,"productCA",8,"CS_CMMSSY(6, 5) ||| productCA(CS_CMMSSY(6, 5)[, 1:5], productCA(miscCA(2, 7, 5), productCA(miscCA(2, 7, 5), miscCA(2,     7, 5), c1 = 3), c1 = 3), 5) ||| CS_CMMSSY(6, 5) ||| productCA(miscCA(2, 7, 5), productCA(miscCA(2, 7, 5), miscCA(2, 7, 5), c1 = 3), 3) ||| miscCA(2, 7, 5) ||| productCA(miscCA(2, 7, 5), miscCA(2, 7, 5), 3) ||| miscCA(2, 7, 5) ||| miscCA(2, 7, 5)","productCA(CS_CMMSSY(6, 5)[,1:5], productCA(CS_CMMSSY(6, 5)[,1:5], productCA(miscCA(2, 7, 5), productCA(miscCA(2, 7, 5), miscCA(2, 7, 5), c1=3), c1=3), c1=5), c1=5)"
"DPcat",111,"productCA",8,"CS_CMMSSY(6, 5) ||| productCA(CS_CMMSSY(7, 5)[, 1:6], productCA(CS_CMMSSY(7, 5)[, 1:6], productCA(miscCA(2, 7, 5),     miscCA(2, 7, 5), c1 = 3), c1 = 5), 5) ||| CS_CMMSSY(7, 5) ||| productCA(CS_CMMSSY(7, 5)[, 1:6], productCA(miscCA(2, 7, 5), miscCA(2, 7, 5), c1 = 3), 5) ||| CS_CMMSSY(7, 5) ||| productCA(miscCA(2, 7, 5), miscCA(2, 7, 5), 3) ||| miscCA(2, 7, 5) ||| miscCA(2, 7, 5)","productCA(CS_CMMSSY(6, 5)[,1:5], productCA(CS_CMMSSY(7, 5)[,1:6], productCA(CS_CMMSSY(7, 5)[,1:6], productCA(miscCA(2, 7, 5), miscCA(2, 7, 5), c1=3), c1=5), c1=5), c1=5)"
"DPcat",112,"productCA",8,"CS_CMMSSY(6, 5) ||| productCA(CS_CMMSSY(6, 5)[, 1:5], productCA(CS_CMMSSY(7, 5)[, 1:6], productCA(miscCA(2, 7, 5),     miscCA(2, 9, 5), c1 = 3), c1 = 5), 5) ||| CS_CMMSSY(6, 5) ||| productCA(CS_CMMSSY(7, 5)[, 1:6], productCA(miscCA(2, 7, 5), miscCA(2, 9, 5), c1 = 3), 5) ||| CS_CMMSSY(7, 5) ||| productCA(miscCA(2, 7, 5), miscCA(2, 9, 5), 3) ||| miscCA(2, 7, 5) ||| miscCA(2, 9, 5)","productCA(CS_CMMSSY(6, 5)[,1:5], productCA(CS_CMMSSY(6, 5)[,1:5], productCA(CS_CMMSSY(7, 5)[,1:6], productCA(miscCA(2, 7, 5), miscCA(2, 9, 5), c1=3), c1=5), c1=5), c1=5)"
"DPcat",113,"productCA",10,"CS_CMMSSY(6, 5) ||| productCA(CS_CMMSSY(6, 5)[, 1:5], productCA(CS_CMMSSY(6, 5)[, 1:5], productCA(CS_CMMSSY(6, 5)[,     1:5], productCA(CS_CMMSSY(6, 5)[, 1:5], CS_CMMSSY(6, 5)[,     1:5], c1 = 5), c1 = 5), c1 = 5), 5) ||| CS_CMMSSY(6, 5) ||| productCA(CS_CMMSSY(6, 5)[, 1:5], productCA(CS_CMMSSY(6, 5)[, 1:5], productCA(CS_CMMSSY(6, 5)[,     1:5], CS_CMMSSY(6, 5)[, 1:5], c1 = 5), c1 = 5), 5) ||| CS_CMMSSY(6, 5) ||| productCA(CS_CMMSSY(6, 5)[, 1:5], productCA(CS_CMMSSY(6, 5)[, 1:5], CS_CMMSSY(6, 5)[, 1:5], c1 = 5), 5) ||| CS_CMMSSY(6, 5) ||| productCA(CS_CMMSSY(6, 5)[, 1:5], CS_CMMSSY(6, 5)[, 1:5], 5) ||| CS_CMMSSY(6, 5) ||| CS_CMMSSY(6, 5)","productCA(CS_CMMSSY(6, 5)[,1:5], productCA(CS_CMMSSY(6, 5)[,1:5], productCA(CS_CMMSSY(6, 5)[,1:5], productCA(CS_CMMSSY(6, 5)[,1:5], productCA(CS_CMMSSY(6, 5)[,1:5], CS_CMMSSY(6, 5)[,1:5], c1=5), c1=5), c1=5), c1=5), c1=5)"
"DPcat",114,"productCA",10,"CS_CMMSSY(6, 5) ||| productCA(CS_CMMSSY(6, 5)[, 1:5], productCA(CS_CMMSSY(6, 5)[, 1:5], productCA(CS_CMMSSY(6, 5)[,     1:5], productCA(CS_CMMSSY(6, 5)[, 1:5], CS_CMMSSY(7, 5)[,     1:6], c1 = 5), c1 = 5), c1 = 5), 5) ||| CS_CMMSSY(6, 5) ||| productCA(CS_CMMSSY(6, 5)[, 1:5], productCA(CS_CMMSSY(6, 5)[, 1:5], productCA(CS_CMMSSY(6, 5)[,     1:5], CS_CMMSSY(7, 5)[, 1:6], c1 = 5), c1 = 5), 5) ||| CS_CMMSSY(6, 5) ||| productCA(CS_CMMSSY(6, 5)[, 1:5], productCA(CS_CMMSSY(6, 5)[, 1:5], CS_CMMSSY(7, 5)[, 1:6], c1 = 5), 5) ||| CS_CMMSSY(6, 5) ||| productCA(CS_CMMSSY(6, 5)[, 1:5], CS_CMMSSY(7, 5)[, 1:6], 5) ||| CS_CMMSSY(6, 5) ||| CS_CMMSSY(7, 5)","productCA(CS_CMMSSY(6, 5)[,1:5], productCA(CS_CMMSSY(6, 5)[,1:5], productCA(CS_CMMSSY(6, 5)[,1:5], productCA(CS_CMMSSY(6, 5)[,1:5], productCA(CS_CMMSSY(6, 5)[,1:5], CS_CMMSSY(7, 5)[,1:6], c1=5), c1=5), c1=5), c1=5), c1=5)"
"DPcat",115,"productCA",10,"CS_CMMSSY(6, 5) ||| productCA(CS_CMMSSY(6, 5)[, 1:5], productCA(CS_CMMSSY(6, 5)[, 1:5], productCA(CS_CMMSSY(6, 5)[,     1:5], productCA(CS_CMMSSY(6, 5)[, 1:5], miscCA(2, 7, 5),     c1 = 5), c1 = 5), c1 = 5), 5) ||| CS_CMMSSY(6, 5) ||| productCA(CS_CMMSSY(6, 5)[, 1:5], productCA(CS_CMMSSY(6, 5)[, 1:5], productCA(CS_CMMSSY(6, 5)[,     1:5], miscCA(2, 7, 5), c1 = 5), c1 = 5), 5) ||| CS_CMMSSY(6, 5) ||| productCA(CS_CMMSSY(6, 5)[, 1:5], productCA(CS_CMMSSY(6, 5)[, 1:5], miscCA(2, 7, 5), c1 = 5), 5) ||| CS_CMMSSY(6, 5) ||| productCA(CS_CMMSSY(6, 5)[, 1:5], miscCA(2, 7, 5), 5) ||| CS_CMMSSY(6, 5) ||| miscCA(2, 7, 5)","productCA(CS_CMMSSY(6, 5)[,1:5], productCA(CS_CMMSSY(6, 5)[,1:5], productCA(CS_CMMSSY(6, 5)[,1:5], productCA(CS_CMMSSY(6, 5)[,1:5], productCA(CS_CMMSSY(6, 5)[,1:5], miscCA(2, 7, 5), c1=5), c1=5), c1=5), c1=5), c1=5)"
"DPcat",116,"productCA",2,"miscCA(2, 3, 6) ||| miscCA(2, 3, 6)","productCA(miscCA(2, 3, 6), miscCA(2, 3, 6), c1=6)"
"DPcat",117,"productCA",2,"miscCA(2, 3, 6) ||| miscCA(2, 4, 6)","productCA(miscCA(2, 3, 6), miscCA(2, 4, 6), c1=6)"
"DPcat",118,"productCA",2,"miscCA(2, 4, 6) ||| miscCA(2, 4, 6)","productCA(miscCA(2, 4, 6), miscCA(2, 4, 6), c1=5)"
"DPcat",119,"productCA",2,"miscCA(2, 4, 6) ||| miscCA(2, 5, 6)","productCA(miscCA(2, 4, 6), miscCA(2, 5, 6), c1=5)"
"DPcat",120,"productCA",2,"miscCA(2, 5, 6) ||| miscCA(2, 5, 6)","productCA(miscCA(2, 5, 6), miscCA(2, 5, 6), c1=4)"
"DPcat",121,"productCA",2,"miscCA(2, 5, 6) ||| miscCA(2, 6, 6)","productCA(miscCA(2, 5, 6), miscCA(2, 6, 6), c1=4)"
"DPcat",122,"productCA",2,"miscCA(2, 6, 6) ||| miscCA(2, 6, 6)","productCA(miscCA(2, 6, 6), miscCA(2, 6, 6), c1=6)"
"DPcat",123,"productCA",2,"miscCA(2, 5, 6) ||| CS_CMMSSY(9, 6)","productCA(miscCA(2, 5, 6), CS_CMMSSY(9, 6)[,1:8], c1=4)"
"DPcat",124,"productCA",2,"miscCA(2, 6, 6) ||| CS_CMMSSY(9, 6)","productCA(miscCA(2, 6, 6), CS_CMMSSY(9, 6)[,1:8], c1=6)"
"DPcat",125,"productCA",2,"CS_CMMSSY(9, 6) ||| CS_CMMSSY(9, 6)","productCA(CS_CMMSSY(9, 6)[,1:8], CS_CMMSSY(9, 6)[,1:8], c1=6)"
"DPcat",126,"productCA",2,"CS_CMMSSY(9, 6) ||| CS_CMMSSY(10, 6)","productCA(CS_CMMSSY(9, 6)[,1:8], CS_CMMSSY(10, 6)[,1:9], c1=6)"
"DPcat",127,"productCA",2,"CS_CMMSSY(10, 6) ||| CS_CMMSSY(10, 6)","productCA(CS_CMMSSY(10, 6)[,1:9], CS_CMMSSY(10, 6)[,1:9], c1=6)"
"DPcat",128,"productCA",2,"CS_CMMSSY(10, 6) ||| CS_CMMSSY(11, 6)","productCA(CS_CMMSSY(10, 6)[,1:9], CS_CMMSSY(11, 6)[,1:10], c1=6)"
"DPcat",129,"productCA",4,"miscCA(2, 4, 6) ||| productCA(miscCA(2, 5, 6), miscCA(2, 5, 6), 4) ||| miscCA(2, 5, 6) ||| miscCA(2, 5, 6)","productCA(miscCA(2, 4, 6), productCA(miscCA(2, 5, 6), miscCA(2, 5, 6), c1=4), c1=5)"
"DPcat",130,"productCA",4,"miscCA(2, 5, 6) ||| productCA(miscCA(2, 5, 6), miscCA(2, 5, 6), 4) ||| miscCA(2, 5, 6) ||| miscCA(2, 5, 6)","productCA(miscCA(2, 5, 6), productCA(miscCA(2, 5, 6), miscCA(2, 5, 6), c1=4), c1=4)"
"DPcat",131,"productCA",4,"miscCA(2, 5, 6) ||| productCA(miscCA(2, 5, 6), miscCA(2, 6, 6), 4) ||| miscCA(2, 5, 6) ||| miscCA(2, 6, 6)","productCA(miscCA(2, 5, 6), productCA(miscCA(2, 5, 6), miscCA(2, 6, 6), c1=4), c1=4)"
"DPcat",132,"productCA",4,"miscCA(2, 5, 6) ||| productCA(miscCA(2, 6, 6), miscCA(2, 6, 6), 6) ||| miscCA(2, 6, 6) ||| miscCA(2, 6, 6)","productCA(miscCA(2, 5, 6), productCA(miscCA(2, 6, 6), miscCA(2, 6, 6), c1=6), c1=4)"
"DPcat",133,"productCA",4,"miscCA(2, 6, 6) ||| productCA(miscCA(2, 6, 6), miscCA(2, 6, 6), 6) ||| miscCA(2, 6, 6) ||| miscCA(2, 6, 6)","productCA(miscCA(2, 6, 6), productCA(miscCA(2, 6, 6), miscCA(2, 6, 6), c1=6), c1=6)"
"DPcat",134,"productCA",4,"miscCA(2, 5, 6) ||| productCA(miscCA(2, 6, 6), CS_CMMSSY(9, 6)[, 1:8], 6) ||| miscCA(2, 6, 6) ||| CS_CMMSSY(9, 6)","productCA(miscCA(2, 5, 6), productCA(miscCA(2, 6, 6), CS_CMMSSY(9, 6)[,1:8], c1=6), c1=4)"
"DPcat",135,"productCA",4,"miscCA(2, 6, 6) ||| productCA(miscCA(2, 6, 6), CS_CMMSSY(9, 6)[, 1:8], 6) ||| miscCA(2, 6, 6) ||| CS_CMMSSY(9, 6)","productCA(miscCA(2, 6, 6), productCA(miscCA(2, 6, 6), CS_CMMSSY(9, 6)[,1:8], c1=6), c1=6)"
"DPcat",136,"productCA",4,"miscCA(2, 5, 6) ||| productCA(CS_CMMSSY(9, 6)[, 1:8], CS_CMMSSY(9, 6)[, 1:8], 6) ||| CS_CMMSSY(9, 6) ||| CS_CMMSSY(9, 6)","productCA(miscCA(2, 5, 6), productCA(CS_CMMSSY(9, 6)[,1:8], CS_CMMSSY(9, 6)[,1:8], c1=6), c1=4)"
"DPcat",137,"productCA",4,"miscCA(2, 6, 6) ||| productCA(CS_CMMSSY(9, 6)[, 1:8], CS_CMMSSY(9, 6)[, 1:8], 6) ||| CS_CMMSSY(9, 6) ||| CS_CMMSSY(9, 6)","productCA(miscCA(2, 6, 6), productCA(CS_CMMSSY(9, 6)[,1:8], CS_CMMSSY(9, 6)[,1:8], c1=6), c1=6)"
"DPcat",138,"productCA",4,"CS_CMMSSY(9, 6) ||| productCA(CS_CMMSSY(9, 6)[, 1:8], CS_CMMSSY(9, 6)[, 1:8], 6) ||| CS_CMMSSY(9, 6) ||| CS_CMMSSY(9, 6)","productCA(CS_CMMSSY(9, 6)[,1:8], productCA(CS_CMMSSY(9, 6)[,1:8], CS_CMMSSY(9, 6)[,1:8], c1=6), c1=6)"
"DPcat",139,"productCA",4,"CS_CMMSSY(9, 6) ||| productCA(CS_CMMSSY(9, 6)[, 1:8], CS_CMMSSY(10, 6)[, 1:9], 6) ||| CS_CMMSSY(9, 6) ||| CS_CMMSSY(10, 6)","productCA(CS_CMMSSY(9, 6)[,1:8], productCA(CS_CMMSSY(9, 6)[,1:8], CS_CMMSSY(10, 6)[,1:9], c1=6), c1=6)"
"DPcat",140,"productCA",4,"CS_CMMSSY(9, 6) ||| productCA(CS_CMMSSY(10, 6)[, 1:9], CS_CMMSSY(10, 6)[, 1:9], 6) ||| CS_CMMSSY(10, 6) ||| CS_CMMSSY(10, 6)","productCA(CS_CMMSSY(9, 6)[,1:8], productCA(CS_CMMSSY(10, 6)[,1:9], CS_CMMSSY(10, 6)[,1:9], c1=6), c1=6)"
"DPcat",141,"productCA",6,"miscCA(2, 5, 6) ||| productCA(miscCA(2, 5, 6), productCA(miscCA(2, 5, 6), miscCA(2, 6, 6), c1 = 4), 4) ||| miscCA(2, 5, 6) ||| productCA(miscCA(2, 5, 6), miscCA(2, 6, 6), 4) ||| miscCA(2, 5, 6) ||| miscCA(2, 6, 6)","productCA(miscCA(2, 5, 6), productCA(miscCA(2, 5, 6), productCA(miscCA(2, 5, 6), miscCA(2, 6, 6), c1=4), c1=4), c1=4)"
"DPcat",142,"productCA",6,"miscCA(2, 5, 6) ||| productCA(miscCA(2, 5, 6), productCA(miscCA(2, 6, 6), miscCA(2, 6, 6), c1 = 6), 4) ||| miscCA(2, 5, 6) ||| productCA(miscCA(2, 6, 6), miscCA(2, 6, 6), 6) ||| miscCA(2, 6, 6) ||| miscCA(2, 6, 6)","productCA(miscCA(2, 5, 6), productCA(miscCA(2, 5, 6), productCA(miscCA(2, 6, 6), miscCA(2, 6, 6), c1=6), c1=4), c1=4)"
"DPcat",143,"productCA",6,"miscCA(2, 5, 6) ||| productCA(miscCA(2, 6, 6), productCA(miscCA(2, 6, 6), miscCA(2, 6, 6), c1 = 6), 6) ||| miscCA(2, 6, 6) ||| productCA(miscCA(2, 6, 6), miscCA(2, 6, 6), 6) ||| miscCA(2, 6, 6) ||| miscCA(2, 6, 6)","productCA(miscCA(2, 5, 6), productCA(miscCA(2, 6, 6), productCA(miscCA(2, 6, 6), miscCA(2, 6, 6), c1=6), c1=6), c1=4)"
"DPcat",144,"productCA",6,"miscCA(2, 6, 6) ||| productCA(miscCA(2, 6, 6), productCA(miscCA(2, 6, 6), miscCA(2, 6, 6), c1 = 6), 6) ||| miscCA(2, 6, 6) ||| productCA(miscCA(2, 6, 6), miscCA(2, 6, 6), 6) ||| miscCA(2, 6, 6) ||| miscCA(2, 6, 6)","productCA(miscCA(2, 6, 6), productCA(miscCA(2, 6, 6), productCA(miscCA(2, 6, 6), miscCA(2, 6, 6), c1=6), c1=6), c1=6)"
"DPcat",145,"productCA",6,"miscCA(2, 5, 6) ||| productCA(miscCA(2, 6, 6), productCA(miscCA(2, 6, 6), CS_CMMSSY(9, 6)[, 1:8], c1 = 6), 6) ||| miscCA(2, 6, 6) ||| productCA(miscCA(2, 6, 6), CS_CMMSSY(9, 6)[, 1:8], 6) ||| miscCA(2, 6, 6) ||| CS_CMMSSY(9, 6)","productCA(miscCA(2, 5, 6), productCA(miscCA(2, 6, 6), productCA(miscCA(2, 6, 6), CS_CMMSSY(9, 6)[,1:8], c1=6), c1=6), c1=4)"
"DPcat",146,"productCA",6,"miscCA(2, 6, 6) ||| productCA(miscCA(2, 6, 6), productCA(miscCA(2, 6, 6), CS_CMMSSY(9, 6)[, 1:8], c1 = 6), 6) ||| miscCA(2, 6, 6) ||| productCA(miscCA(2, 6, 6), CS_CMMSSY(9, 6)[, 1:8], 6) ||| miscCA(2, 6, 6) ||| CS_CMMSSY(9, 6)","productCA(miscCA(2, 6, 6), productCA(miscCA(2, 6, 6), productCA(miscCA(2, 6, 6), CS_CMMSSY(9, 6)[,1:8], c1=6), c1=6), c1=6)"
"DPcat",147,"productCA",6,"miscCA(2, 5, 6) ||| productCA(miscCA(2, 6, 6), productCA(CS_CMMSSY(9, 6)[, 1:8], CS_CMMSSY(9, 6)[, 1:8], c1 = 6), 6) ||| miscCA(2, 6, 6) ||| productCA(CS_CMMSSY(9, 6)[, 1:8], CS_CMMSSY(9, 6)[, 1:8], 6) ||| CS_CMMSSY(9, 6) ||| CS_CMMSSY(9, 6)","productCA(miscCA(2, 5, 6), productCA(miscCA(2, 6, 6), productCA(CS_CMMSSY(9, 6)[,1:8], CS_CMMSSY(9, 6)[,1:8], c1=6), c1=6), c1=4)"
"DPcat",148,"productCA",6,"miscCA(2, 6, 6) ||| productCA(miscCA(2, 6, 6), productCA(CS_CMMSSY(9, 6)[, 1:8], CS_CMMSSY(9, 6)[, 1:8], c1 = 6), 6) ||| miscCA(2, 6, 6) ||| productCA(CS_CMMSSY(9, 6)[, 1:8], CS_CMMSSY(9, 6)[, 1:8], 6) ||| CS_CMMSSY(9, 6) ||| CS_CMMSSY(9, 6)","productCA(miscCA(2, 6, 6), productCA(miscCA(2, 6, 6), productCA(CS_CMMSSY(9, 6)[,1:8], CS_CMMSSY(9, 6)[,1:8], c1=6), c1=6), c1=6)"
"DPcat",149,"productCA",6,"miscCA(2, 5, 6) ||| productCA(CS_CMMSSY(9, 6)[, 1:8], productCA(CS_CMMSSY(9, 6)[, 1:8], CS_CMMSSY(9, 6)[, 1:8], c1 = 6), 6) ||| CS_CMMSSY(9, 6) ||| productCA(CS_CMMSSY(9, 6)[, 1:8], CS_CMMSSY(9, 6)[, 1:8], 6) ||| CS_CMMSSY(9, 6) ||| CS_CMMSSY(9, 6)","productCA(miscCA(2, 5, 6), productCA(CS_CMMSSY(9, 6)[,1:8], productCA(CS_CMMSSY(9, 6)[,1:8], CS_CMMSSY(9, 6)[,1:8], c1=6), c1=6), c1=4)"
"DPcat",150,"productCA",6,"miscCA(2, 6, 6) ||| productCA(CS_CMMSSY(9, 6)[, 1:8], productCA(CS_CMMSSY(9, 6)[, 1:8], CS_CMMSSY(9, 6)[, 1:8], c1 = 6), 6) ||| CS_CMMSSY(9, 6) ||| productCA(CS_CMMSSY(9, 6)[, 1:8], CS_CMMSSY(9, 6)[, 1:8], 6) ||| CS_CMMSSY(9, 6) ||| CS_CMMSSY(9, 6)","productCA(miscCA(2, 6, 6), productCA(CS_CMMSSY(9, 6)[,1:8], productCA(CS_CMMSSY(9, 6)[,1:8], CS_CMMSSY(9, 6)[,1:8], c1=6), c1=6), c1=6)"
"DPcat",151,"productCA",6,"CS_CMMSSY(9, 6) ||| productCA(CS_CMMSSY(9, 6)[, 1:8], productCA(CS_CMMSSY(9, 6)[, 1:8], CS_CMMSSY(9, 6)[, 1:8], c1 = 6), 6) ||| CS_CMMSSY(9, 6) ||| productCA(CS_CMMSSY(9, 6)[, 1:8], CS_CMMSSY(9, 6)[, 1:8], 6) ||| CS_CMMSSY(9, 6) ||| CS_CMMSSY(9, 6)","productCA(CS_CMMSSY(9, 6)[,1:8], productCA(CS_CMMSSY(9, 6)[,1:8], productCA(CS_CMMSSY(9, 6)[,1:8], CS_CMMSSY(9, 6)[,1:8], c1=6), c1=6), c1=6)"
"DPcat",152,"productCA",6,"CS_CMMSSY(9, 6) ||| productCA(CS_CMMSSY(9, 6)[, 1:8], productCA(CS_CMMSSY(9, 6)[, 1:8], CS_CMMSSY(10, 6)[, 1:9], c1 = 6), 6) ||| CS_CMMSSY(9, 6) ||| productCA(CS_CMMSSY(9, 6)[, 1:8], CS_CMMSSY(10, 6)[, 1:9], 6) ||| CS_CMMSSY(9, 6) ||| CS_CMMSSY(10, 6)","productCA(CS_CMMSSY(9, 6)[,1:8], productCA(CS_CMMSSY(9, 6)[,1:8], productCA(CS_CMMSSY(9, 6)[,1:8], CS_CMMSSY(10, 6)[,1:9], c1=6), c1=6), c1=6)"
"DPcat",153,"productCA",6,"CS_CMMSSY(9, 6) ||| productCA(CS_CMMSSY(9, 6)[, 1:8], productCA(CS_CMMSSY(10, 6)[, 1:9], CS_CMMSSY(10, 6)[, 1:9], c1 = 6), 6) ||| CS_CMMSSY(9, 6) ||| productCA(CS_CMMSSY(10, 6)[, 1:9], CS_CMMSSY(10, 6)[, 1:9], 6) ||| CS_CMMSSY(10, 6) ||| CS_CMMSSY(10, 6)","productCA(CS_CMMSSY(9, 6)[,1:8], productCA(CS_CMMSSY(9, 6)[,1:8], productCA(CS_CMMSSY(10, 6)[,1:9], CS_CMMSSY(10, 6)[,1:9], c1=6), c1=6), c1=6)"
"DPcat",154,"productCA",8,"miscCA(2, 5, 6) ||| productCA(miscCA(2, 5, 6), productCA(miscCA(2, 6, 6), productCA(miscCA(2, 6, 6), miscCA(2,     6, 6), c1 = 6), c1 = 6), 4) ||| miscCA(2, 5, 6) ||| productCA(miscCA(2, 6, 6), productCA(miscCA(2, 6, 6), miscCA(2, 6, 6), c1 = 6), 6) ||| miscCA(2, 6, 6) ||| productCA(miscCA(2, 6, 6), miscCA(2, 6, 6), 6) ||| miscCA(2, 6, 6) ||| miscCA(2, 6, 6)","productCA(miscCA(2, 5, 6), productCA(miscCA(2, 5, 6), productCA(miscCA(2, 6, 6), productCA(miscCA(2, 6, 6), miscCA(2, 6, 6), c1=6), c1=6), c1=4), c1=4)"
"DPcat",155,"productCA",8,"miscCA(2, 5, 6) ||| productCA(miscCA(2, 6, 6), productCA(miscCA(2, 6, 6), productCA(miscCA(2, 6, 6), miscCA(2,     6, 6), c1 = 6), c1 = 6), 6) ||| miscCA(2, 6, 6) ||| productCA(miscCA(2, 6, 6), productCA(miscCA(2, 6, 6), miscCA(2, 6, 6), c1 = 6), 6) ||| miscCA(2, 6, 6) ||| productCA(miscCA(2, 6, 6), miscCA(2, 6, 6), 6) ||| miscCA(2, 6, 6) ||| miscCA(2, 6, 6)","productCA(miscCA(2, 5, 6), productCA(miscCA(2, 6, 6), productCA(miscCA(2, 6, 6), productCA(miscCA(2, 6, 6), miscCA(2, 6, 6), c1=6), c1=6), c1=6), c1=4)"
"DPcat",156,"productCA",8,"miscCA(2, 6, 6) ||| productCA(miscCA(2, 6, 6), productCA(miscCA(2, 6, 6), productCA(miscCA(2, 6, 6), miscCA(2,     6, 6), c1 = 6), c1 = 6), 6) ||| miscCA(2, 6, 6) ||| productCA(miscCA(2, 6, 6), productCA(miscCA(2, 6, 6), miscCA(2, 6, 6), c1 = 6), 6) ||| miscCA(2, 6, 6) ||| productCA(miscCA(2, 6, 6), miscCA(2, 6, 6), 6) ||| miscCA(2, 6, 6) ||| miscCA(2, 6, 6)","productCA(miscCA(2, 6, 6), productCA(miscCA(2, 6, 6), productCA(miscCA(2, 6, 6), productCA(miscCA(2, 6, 6), miscCA(2, 6, 6), c1=6), c1=6), c1=6), c1=6)"
"DPcat",157,"productCA",8,"miscCA(2, 5, 6) ||| productCA(miscCA(2, 6, 6), productCA(miscCA(2, 6, 6), productCA(miscCA(2, 6, 6), CS_CMMSSY(9,     6)[, 1:8], c1 = 6), c1 = 6), 6) ||| miscCA(2, 6, 6) ||| productCA(miscCA(2, 6, 6), productCA(miscCA(2, 6, 6), CS_CMMSSY(9, 6)[, 1:8], c1 = 6), 6) ||| miscCA(2, 6, 6) ||| productCA(miscCA(2, 6, 6), CS_CMMSSY(9, 6)[, 1:8], 6) ||| miscCA(2, 6, 6) ||| CS_CMMSSY(9, 6)","productCA(miscCA(2, 5, 6), productCA(miscCA(2, 6, 6), productCA(miscCA(2, 6, 6), productCA(miscCA(2, 6, 6), CS_CMMSSY(9, 6)[,1:8], c1=6), c1=6), c1=6), c1=4)"
"DPcat",158,"productCA",8,"miscCA(2, 6, 6) ||| productCA(miscCA(2, 6, 6), productCA(miscCA(2, 6, 6), productCA(miscCA(2, 6, 6), CS_CMMSSY(9,     6)[, 1:8], c1 = 6), c1 = 6), 6) ||| miscCA(2, 6, 6) ||| productCA(miscCA(2, 6, 6), productCA(miscCA(2, 6, 6), CS_CMMSSY(9, 6)[, 1:8], c1 = 6), 6) ||| miscCA(2, 6, 6) ||| productCA(miscCA(2, 6, 6), CS_CMMSSY(9, 6)[, 1:8], 6) ||| miscCA(2, 6, 6) ||| CS_CMMSSY(9, 6)","productCA(miscCA(2, 6, 6), productCA(miscCA(2, 6, 6), productCA(miscCA(2, 6, 6), productCA(miscCA(2, 6, 6), CS_CMMSSY(9, 6)[,1:8], c1=6), c1=6), c1=6), c1=6)"
"DPcat",159,"productCA",8,"miscCA(2, 5, 6) ||| productCA(miscCA(2, 6, 6), productCA(miscCA(2, 6, 6), productCA(CS_CMMSSY(9, 6)[, 1:8],     CS_CMMSSY(9, 6)[, 1:8], c1 = 6), c1 = 6), 6) ||| miscCA(2, 6, 6) ||| productCA(miscCA(2, 6, 6), productCA(CS_CMMSSY(9, 6)[, 1:8], CS_CMMSSY(9, 6)[, 1:8], c1 = 6), 6) ||| miscCA(2, 6, 6) ||| productCA(CS_CMMSSY(9, 6)[, 1:8], CS_CMMSSY(9, 6)[, 1:8], 6) ||| CS_CMMSSY(9, 6) ||| CS_CMMSSY(9, 6)","productCA(miscCA(2, 5, 6), productCA(miscCA(2, 6, 6), productCA(miscCA(2, 6, 6), productCA(CS_CMMSSY(9, 6)[,1:8], CS_CMMSSY(9, 6)[,1:8], c1=6), c1=6), c1=6), c1=4)"
"DPcat",160,"productCA",8,"miscCA(2, 6, 6) ||| productCA(miscCA(2, 6, 6), productCA(miscCA(2, 6, 6), productCA(CS_CMMSSY(9, 6)[, 1:8],     CS_CMMSSY(9, 6)[, 1:8], c1 = 6), c1 = 6), 6) ||| miscCA(2, 6, 6) ||| productCA(miscCA(2, 6, 6), productCA(CS_CMMSSY(9, 6)[, 1:8], CS_CMMSSY(9, 6)[, 1:8], c1 = 6), 6) ||| miscCA(2, 6, 6) ||| productCA(CS_CMMSSY(9, 6)[, 1:8], CS_CMMSSY(9, 6)[, 1:8], 6) ||| CS_CMMSSY(9, 6) ||| CS_CMMSSY(9, 6)","productCA(miscCA(2, 6, 6), productCA(miscCA(2, 6, 6), productCA(miscCA(2, 6, 6), productCA(CS_CMMSSY(9, 6)[,1:8], CS_CMMSSY(9, 6)[,1:8], c1=6), c1=6), c1=6), c1=6)"
"DPcat",161,"productCA",8,"miscCA(2, 5, 6) ||| productCA(miscCA(2, 6, 6), productCA(CS_CMMSSY(9, 6)[, 1:8], productCA(CS_CMMSSY(9, 6)[,     1:8], CS_CMMSSY(9, 6)[, 1:8], c1 = 6), c1 = 6), 6) ||| miscCA(2, 6, 6) ||| productCA(CS_CMMSSY(9, 6)[, 1:8], productCA(CS_CMMSSY(9, 6)[, 1:8], CS_CMMSSY(9, 6)[, 1:8], c1 = 6), 6) ||| CS_CMMSSY(9, 6) ||| productCA(CS_CMMSSY(9, 6)[, 1:8], CS_CMMSSY(9, 6)[, 1:8], 6) ||| CS_CMMSSY(9, 6) ||| CS_CMMSSY(9, 6)","productCA(miscCA(2, 5, 6), productCA(miscCA(2, 6, 6), productCA(CS_CMMSSY(9, 6)[,1:8], productCA(CS_CMMSSY(9, 6)[,1:8], CS_CMMSSY(9, 6)[,1:8], c1=6), c1=6), c1=6), c1=4)"
"DPcat",162,"productCA",8,"miscCA(2, 6, 6) ||| productCA(miscCA(2, 6, 6), productCA(CS_CMMSSY(9, 6)[, 1:8], productCA(CS_CMMSSY(9, 6)[,     1:8], CS_CMMSSY(9, 6)[, 1:8], c1 = 6), c1 = 6), 6) ||| miscCA(2, 6, 6) ||| productCA(CS_CMMSSY(9, 6)[, 1:8], productCA(CS_CMMSSY(9, 6)[, 1:8], CS_CMMSSY(9, 6)[, 1:8], c1 = 6), 6) ||| CS_CMMSSY(9, 6) ||| productCA(CS_CMMSSY(9, 6)[, 1:8], CS_CMMSSY(9, 6)[, 1:8], 6) ||| CS_CMMSSY(9, 6) ||| CS_CMMSSY(9, 6)","productCA(miscCA(2, 6, 6), productCA(miscCA(2, 6, 6), productCA(CS_CMMSSY(9, 6)[,1:8], productCA(CS_CMMSSY(9, 6)[,1:8], CS_CMMSSY(9, 6)[,1:8], c1=6), c1=6), c1=6), c1=6)"
"DPcat",163,"productCA",8,"miscCA(2, 5, 6) ||| productCA(CS_CMMSSY(9, 6)[, 1:8], productCA(CS_CMMSSY(9, 6)[, 1:8], productCA(CS_CMMSSY(9, 6)[,     1:8], CS_CMMSSY(9, 6)[, 1:8], c1 = 6), c1 = 6), 6) ||| CS_CMMSSY(9, 6) ||| productCA(CS_CMMSSY(9, 6)[, 1:8], productCA(CS_CMMSSY(9, 6)[, 1:8], CS_CMMSSY(9, 6)[, 1:8], c1 = 6), 6) ||| CS_CMMSSY(9, 6) ||| productCA(CS_CMMSSY(9, 6)[, 1:8], CS_CMMSSY(9, 6)[, 1:8], 6) ||| CS_CMMSSY(9, 6) ||| CS_CMMSSY(9, 6)","productCA(miscCA(2, 5, 6), productCA(CS_CMMSSY(9, 6)[,1:8], productCA(CS_CMMSSY(9, 6)[,1:8], productCA(CS_CMMSSY(9, 6)[,1:8], CS_CMMSSY(9, 6)[,1:8], c1=6), c1=6), c1=6), c1=4)"
"DPcat",164,"productCA",2,"CS_CMMSSY(8, 7) ||| CS_CMMSSY(8, 7)","productCA(CS_CMMSSY(8, 7)[,1:7], CS_CMMSSY(8, 7)[,1:7], c1=7)"
"DPcat",165,"productCA",2,"CS_CMMSSY(8, 7) ||| CS_CMMSSY(10, 7)","productCA(CS_CMMSSY(8, 7)[,1:7], CS_CMMSSY(10, 7)[,1:9], c1=7)"
"DPcat",166,"productCA",2,"CS_CMMSSY(8, 7) ||| CS_CMMSSY(11, 7)","productCA(CS_CMMSSY(8, 7)[,1:7], CS_CMMSSY(11, 7)[,1:10], c1=7)"
"DPcat",167,"productCA",2,"CS_CMMSSY(10, 7) ||| CS_CMMSSY(10, 7)","productCA(CS_CMMSSY(10, 7)[,1:9], CS_CMMSSY(10, 7)[,1:9], c1=7)"
"DPcat",168,"productCA",2,"CS_CMMSSY(10, 7) ||| CS_CMMSSY(11, 7)","productCA(CS_CMMSSY(10, 7)[,1:9], CS_CMMSSY(11, 7)[,1:10], c1=7)"
"DPcat",169,"productCA",2,"CS_CMMSSY(11, 7) ||| CS_CMMSSY(11, 7)","productCA(CS_CMMSSY(11, 7)[,1:10], CS_CMMSSY(11, 7)[,1:10], c1=7)"
"DPcat",170,"productCA",4,"CS_CMMSSY(8, 7) ||| productCA(CS_CMMSSY(8, 7)[, 1:7], CS_CMMSSY(8, 7)[, 1:7], 7) ||| CS_CMMSSY(8, 7) ||| CS_CMMSSY(8, 7)","productCA(CS_CMMSSY(8, 7)[,1:7], productCA(CS_CMMSSY(8, 7)[,1:7], CS_CMMSSY(8, 7)[,1:7], c1=7), c1=7)"
"DPcat",171,"productCA",4,"CS_CMMSSY(8, 7) ||| productCA(CS_CMMSSY(8, 7)[, 1:7], CS_CMMSSY(10, 7)[, 1:9], 7) ||| CS_CMMSSY(8, 7) ||| CS_CMMSSY(10, 7)","productCA(CS_CMMSSY(8, 7)[,1:7], productCA(CS_CMMSSY(8, 7)[,1:7], CS_CMMSSY(10, 7)[,1:9], c1=7), c1=7)"
"DPcat",172,"productCA",4,"CS_CMMSSY(8, 7) ||| productCA(CS_CMMSSY(8, 7)[, 1:7], CS_CMMSSY(11, 7)[, 1:10], 7) ||| CS_CMMSSY(8, 7) ||| CS_CMMSSY(11, 7)","productCA(CS_CMMSSY(8, 7)[,1:7], productCA(CS_CMMSSY(8, 7)[,1:7], CS_CMMSSY(11, 7)[,1:10], c1=7), c1=7)"
"DPcat",173,"productCA",4,"CS_CMMSSY(8, 7) ||| productCA(CS_CMMSSY(10, 7)[, 1:9], CS_CMMSSY(10, 7)[, 1:9], 7) ||| CS_CMMSSY(10, 7) ||| CS_CMMSSY(10, 7)","productCA(CS_CMMSSY(8, 7)[,1:7], productCA(CS_CMMSSY(10, 7)[,1:9], CS_CMMSSY(10, 7)[,1:9], c1=7), c1=7)"
"DPcat",174,"productCA",4,"CS_CMMSSY(8, 7) ||| productCA(CS_CMMSSY(10, 7)[, 1:9], CS_CMMSSY(11, 7)[, 1:10], 7) ||| CS_CMMSSY(10, 7) ||| CS_CMMSSY(11, 7)","productCA(CS_CMMSSY(8, 7)[,1:7], productCA(CS_CMMSSY(10, 7)[,1:9], CS_CMMSSY(11, 7)[,1:10], c1=7), c1=7)"
"DPcat",175,"productCA",4,"CS_CMMSSY(10, 7) ||| productCA(CS_CMMSSY(10, 7)[, 1:9], CS_CMMSSY(10, 7)[, 1:9], 7) ||| CS_CMMSSY(10, 7) ||| CS_CMMSSY(10, 7)","productCA(CS_CMMSSY(10, 7)[,1:9], productCA(CS_CMMSSY(10, 7)[,1:9], CS_CMMSSY(10, 7)[,1:9], c1=7), c1=7)"
"DPcat",176,"productCA",6,"CS_CMMSSY(8, 7) ||| productCA(CS_CMMSSY(8, 7)[, 1:7], productCA(CS_CMMSSY(8, 7)[, 1:7], CS_CMMSSY(8, 7)[, 1:7], c1 = 7), 7) ||| CS_CMMSSY(8, 7) ||| productCA(CS_CMMSSY(8, 7)[, 1:7], CS_CMMSSY(8, 7)[, 1:7], 7) ||| CS_CMMSSY(8, 7) ||| CS_CMMSSY(8, 7)","productCA(CS_CMMSSY(8, 7)[,1:7], productCA(CS_CMMSSY(8, 7)[,1:7], productCA(CS_CMMSSY(8, 7)[,1:7], CS_CMMSSY(8, 7)[,1:7], c1=7), c1=7), c1=7)"
"DPcat",177,"productCA",6,"CS_CMMSSY(8, 7) ||| productCA(CS_CMMSSY(8, 7)[, 1:7], productCA(CS_CMMSSY(8, 7)[, 1:7], CS_CMMSSY(10, 7)[, 1:9], c1 = 7), 7) ||| CS_CMMSSY(8, 7) ||| productCA(CS_CMMSSY(8, 7)[, 1:7], CS_CMMSSY(10, 7)[, 1:9], 7) ||| CS_CMMSSY(8, 7) ||| CS_CMMSSY(10, 7)","productCA(CS_CMMSSY(8, 7)[,1:7], productCA(CS_CMMSSY(8, 7)[,1:7], productCA(CS_CMMSSY(8, 7)[,1:7], CS_CMMSSY(10, 7)[,1:9], c1=7), c1=7), c1=7)"
"DPcat",178,"productCA",6,"CS_CMMSSY(8, 7) ||| productCA(CS_CMMSSY(8, 7)[, 1:7], productCA(CS_CMMSSY(8, 7)[, 1:7], CS_CMMSSY(11, 7)[, 1:10], c1 = 7), 7) ||| CS_CMMSSY(8, 7) ||| productCA(CS_CMMSSY(8, 7)[, 1:7], CS_CMMSSY(11, 7)[, 1:10], 7) ||| CS_CMMSSY(8, 7) ||| CS_CMMSSY(11, 7)","productCA(CS_CMMSSY(8, 7)[,1:7], productCA(CS_CMMSSY(8, 7)[,1:7], productCA(CS_CMMSSY(8, 7)[,1:7], CS_CMMSSY(11, 7)[,1:10], c1=7), c1=7), c1=7)"
"DPcat",179,"productCA",6,"CS_CMMSSY(8, 7) ||| productCA(CS_CMMSSY(8, 7)[, 1:7], productCA(CS_CMMSSY(10, 7)[, 1:9], CS_CMMSSY(10, 7)[, 1:9], c1 = 7), 7) ||| CS_CMMSSY(8, 7) ||| productCA(CS_CMMSSY(10, 7)[, 1:9], CS_CMMSSY(10, 7)[, 1:9], 7) ||| CS_CMMSSY(10, 7) ||| CS_CMMSSY(10, 7)","productCA(CS_CMMSSY(8, 7)[,1:7], productCA(CS_CMMSSY(8, 7)[,1:7], productCA(CS_CMMSSY(10, 7)[,1:9], CS_CMMSSY(10, 7)[,1:9], c1=7), c1=7), c1=7)"
"DPcat",180,"productCA",6,"CS_CMMSSY(8, 7) ||| productCA(CS_CMMSSY(8, 7)[, 1:7], productCA(CS_CMMSSY(10, 7)[, 1:9], CS_CMMSSY(11, 7)[, 1:10],     c1 = 7), 7) ||| CS_CMMSSY(8, 7) ||| productCA(CS_CMMSSY(10, 7)[, 1:9], CS_CMMSSY(11, 7)[, 1:10], 7) ||| CS_CMMSSY(10, 7) ||| CS_CMMSSY(11, 7)","productCA(CS_CMMSSY(8, 7)[,1:7], productCA(CS_CMMSSY(8, 7)[,1:7], productCA(CS_CMMSSY(10, 7)[,1:9], CS_CMMSSY(11, 7)[,1:10], c1=7), c1=7), c1=7)"
"DPcat",181,"productCA",6,"CS_CMMSSY(8, 7) ||| productCA(CS_CMMSSY(10, 7)[, 1:9], productCA(CS_CMMSSY(10, 7)[, 1:9], CS_CMMSSY(10, 7)[, 1:9], c1 = 7), 7) ||| CS_CMMSSY(10, 7) ||| productCA(CS_CMMSSY(10, 7)[, 1:9], CS_CMMSSY(10, 7)[, 1:9], 7) ||| CS_CMMSSY(10, 7) ||| CS_CMMSSY(10, 7)","productCA(CS_CMMSSY(8, 7)[,1:7], productCA(CS_CMMSSY(10, 7)[,1:9], productCA(CS_CMMSSY(10, 7)[,1:9], CS_CMMSSY(10, 7)[,1:9], c1=7), c1=7), c1=7)"
"DPcat",182,"productCA",8,"CS_CMMSSY(8, 7) ||| productCA(CS_CMMSSY(8, 7)[, 1:7], productCA(CS_CMMSSY(8, 7)[, 1:7], productCA(CS_CMMSSY(8, 7)[,     1:7], CS_CMMSSY(8, 7)[, 1:7], c1 = 7), c1 = 7), 7) ||| CS_CMMSSY(8, 7) ||| productCA(CS_CMMSSY(8, 7)[, 1:7], productCA(CS_CMMSSY(8, 7)[, 1:7], CS_CMMSSY(8, 7)[, 1:7], c1 = 7), 7) ||| CS_CMMSSY(8, 7) ||| productCA(CS_CMMSSY(8, 7)[, 1:7], CS_CMMSSY(8, 7)[, 1:7], 7) ||| CS_CMMSSY(8, 7) ||| CS_CMMSSY(8, 7)","productCA(CS_CMMSSY(8, 7)[,1:7], productCA(CS_CMMSSY(8, 7)[,1:7], productCA(CS_CMMSSY(8, 7)[,1:7], productCA(CS_CMMSSY(8, 7)[,1:7], CS_CMMSSY(8, 7)[,1:7], c1=7), c1=7), c1=7), c1=7)"
"DPcat",183,"productCA",8,"CS_CMMSSY(8, 7) ||| productCA(CS_CMMSSY(8, 7)[, 1:7], productCA(CS_CMMSSY(8, 7)[, 1:7], productCA(CS_CMMSSY(8, 7)[,     1:7], CS_CMMSSY(10, 7)[, 1:9], c1 = 7), c1 = 7), 7) ||| CS_CMMSSY(8, 7) ||| productCA(CS_CMMSSY(8, 7)[, 1:7], productCA(CS_CMMSSY(8, 7)[, 1:7], CS_CMMSSY(10, 7)[, 1:9], c1 = 7), 7) ||| CS_CMMSSY(8, 7) ||| productCA(CS_CMMSSY(8, 7)[, 1:7], CS_CMMSSY(10, 7)[, 1:9], 7) ||| CS_CMMSSY(8, 7) ||| CS_CMMSSY(10, 7)","productCA(CS_CMMSSY(8, 7)[,1:7], productCA(CS_CMMSSY(8, 7)[,1:7], productCA(CS_CMMSSY(8, 7)[,1:7], productCA(CS_CMMSSY(8, 7)[,1:7], CS_CMMSSY(10, 7)[,1:9], c1=7), c1=7), c1=7), c1=7)"
"DPcat",184,"productCA",2,"SCA_LCDST(11, 8) ||| SCA_LCDST(11, 8)","productCA(SCA_LCDST(11, 8)[,1:10], SCA_LCDST(11, 8)[,1:10], c1=8)"
"DPcat",185,"productCA",2,"SCA_LCDST(11, 8) ||| CS_CMMSSY(12, 8)","productCA(SCA_LCDST(11, 8)[,1:10], CS_CMMSSY(12, 8)[,1:11], c1=8)"
"DPcat",186,"productCA",2,"CS_CMMSSY(12, 8) ||| CS_CMMSSY(12, 8)","productCA(CS_CMMSSY(12, 8)[,1:11], CS_CMMSSY(12, 8)[,1:11], c1=8)"
"DPcat",187,"productCA",2,"CS_CMMSSY(12, 8) ||| CS_CMMSSY(13, 8)","productCA(CS_CMMSSY(12, 8)[,1:11], CS_CMMSSY(13, 8)[,1:12], c1=8)"
"DPcat",188,"productCA",2,"CS_CMMSSY(13, 8) ||| CS_CMMSSY(13, 8)","productCA(CS_CMMSSY(13, 8)[,1:12], CS_CMMSSY(13, 8)[,1:12], c1=8)"
"DPcat",189,"productCA",2,"CS_CMMSSY(13, 8) ||| CS_CMMSSY(14, 8)","productCA(CS_CMMSSY(13, 8)[,1:12], CS_CMMSSY(14, 8)[,1:13], c1=8)"
"DPcat",190,"productCA",2,"CS_CMMSSY(14, 8) ||| CS_CMMSSY(14, 8)","productCA(CS_CMMSSY(14, 8)[,1:13], CS_CMMSSY(14, 8)[,1:13], c1=8)"
"DPcat",191,"productCA",2,"CS_CMMSSY(14, 8) ||| CS_CMMSSY(15, 8)","productCA(CS_CMMSSY(14, 8)[,1:13], CS_CMMSSY(15, 8)[,1:14], c1=8)"
"DPcat",192,"productCA",4,"SCA_Bose(8) ||| productCA(SCA_LCDST(11, 8)[, 1:10], SCA_LCDST(11, 8)[, 1:10], 8) ||| SCA_LCDST(11, 8) ||| SCA_LCDST(11, 8)","productCA(SCA_Bose(8)[,1:8], productCA(SCA_LCDST(11, 8)[,1:10], SCA_LCDST(11, 8)[,1:10], c1=8), c1=8)"
"DPcat",193,"productCA",4,"SCA_Bose(8) ||| productCA(SCA_LCDST(11, 8)[, 1:10], CS_CMMSSY(12, 8)[, 1:11], 8) ||| SCA_LCDST(11, 8) ||| CS_CMMSSY(12, 8)","productCA(SCA_Bose(8)[,1:8], productCA(SCA_LCDST(11, 8)[,1:10], CS_CMMSSY(12, 8)[,1:11], c1=8), c1=8)"
"DPcat",194,"productCA",4,"SCA_LCDST(11, 8) ||| productCA(SCA_LCDST(11, 8)[, 1:10], SCA_LCDST(11, 8)[, 1:10], 8) ||| SCA_LCDST(11, 8) ||| SCA_LCDST(11, 8)","productCA(SCA_LCDST(11, 8)[,1:10], productCA(SCA_LCDST(11, 8)[,1:10], SCA_LCDST(11, 8)[,1:10], c1=8), c1=8)"
"DPcat",195,"productCA",4,"SCA_LCDST(11, 8) ||| productCA(SCA_LCDST(11, 8)[, 1:10], CS_CMMSSY(12, 8)[, 1:11], 8) ||| SCA_LCDST(11, 8) ||| CS_CMMSSY(12, 8)","productCA(SCA_LCDST(11, 8)[,1:10], productCA(SCA_LCDST(11, 8)[,1:10], CS_CMMSSY(12, 8)[,1:11], c1=8), c1=8)"
"DPcat",196,"productCA",4,"SCA_LCDST(11, 8) ||| productCA(CS_CMMSSY(12, 8)[, 1:11], CS_CMMSSY(12, 8)[, 1:11], 8) ||| CS_CMMSSY(12, 8) ||| CS_CMMSSY(12, 8)","productCA(SCA_LCDST(11, 8)[,1:10], productCA(CS_CMMSSY(12, 8)[,1:11], CS_CMMSSY(12, 8)[,1:11], c1=8), c1=8)"
"DPcat",197,"productCA",4,"CS_CMMSSY(12, 8) ||| productCA(CS_CMMSSY(12, 8)[, 1:11], CS_CMMSSY(12, 8)[, 1:11], 8) ||| CS_CMMSSY(12, 8) ||| CS_CMMSSY(12, 8)","productCA(CS_CMMSSY(12, 8)[,1:11], productCA(CS_CMMSSY(12, 8)[,1:11], CS_CMMSSY(12, 8)[,1:11], c1=8), c1=8)"
"DPcat",198,"productCA",4,"CS_CMMSSY(12, 8) ||| productCA(CS_CMMSSY(12, 8)[, 1:11], CS_CMMSSY(13, 8)[, 1:12], 8) ||| CS_CMMSSY(12, 8) ||| CS_CMMSSY(13, 8)","productCA(CS_CMMSSY(12, 8)[,1:11], productCA(CS_CMMSSY(12, 8)[,1:11], CS_CMMSSY(13, 8)[,1:12], c1=8), c1=8)"
"DPcat",199,"productCA",4,"CS_CMMSSY(12, 8) ||| productCA(CS_CMMSSY(13, 8)[, 1:12], CS_CMMSSY(13, 8)[, 1:12], 8) ||| CS_CMMSSY(13, 8) ||| CS_CMMSSY(13, 8)","productCA(CS_CMMSSY(12, 8)[,1:11], productCA(CS_CMMSSY(13, 8)[,1:12], CS_CMMSSY(13, 8)[,1:12], c1=8), c1=8)"
"DPcat",200,"productCA",6,"SCA_Bose(8) ||| productCA(SCA_Bose(8)[, 1:8], productCA(SCA_LCDST(11, 8)[, 1:10], SCA_LCDST(11, 8)[, 1:10],     c1 = 8), 8) ||| SCA_Bose(8) ||| productCA(SCA_LCDST(11, 8)[, 1:10], SCA_LCDST(11, 8)[, 1:10], 8) ||| SCA_LCDST(11, 8) ||| SCA_LCDST(11, 8)","productCA(SCA_Bose(8)[,1:8], productCA(SCA_Bose(8)[,1:8], productCA(SCA_LCDST(11, 8)[,1:10], SCA_LCDST(11, 8)[,1:10], c1=8), c1=8), c1=8)"
"DPcat",201,"productCA",6,"SCA_Bose(8) ||| productCA(SCA_Bose(8)[, 1:8], productCA(SCA_LCDST(11, 8)[, 1:10], CS_CMMSSY(12, 8)[, 1:11],     c1 = 8), 8) ||| SCA_Bose(8) ||| productCA(SCA_LCDST(11, 8)[, 1:10], CS_CMMSSY(12, 8)[, 1:11], 8) ||| SCA_LCDST(11, 8) ||| CS_CMMSSY(12, 8)","productCA(SCA_Bose(8)[,1:8], productCA(SCA_Bose(8)[,1:8], productCA(SCA_LCDST(11, 8)[,1:10], CS_CMMSSY(12, 8)[,1:11], c1=8), c1=8), c1=8)"
"DPcat",202,"productCA",6,"SCA_LCDST(11, 8) ||| productCA(SCA_Bose(8)[, 1:8], productCA(SCA_LCDST(11, 8)[, 1:10], SCA_LCDST(11, 8)[, 1:10],     c1 = 8), 8) ||| SCA_Bose(8) ||| productCA(SCA_LCDST(11, 8)[, 1:10], SCA_LCDST(11, 8)[, 1:10], 8) ||| SCA_LCDST(11, 8) ||| SCA_LCDST(11, 8)","productCA(SCA_LCDST(11, 8)[,1:10], productCA(SCA_Bose(8)[,1:8], productCA(SCA_LCDST(11, 8)[,1:10], SCA_LCDST(11, 8)[,1:10], c1=8), c1=8), c1=8)"
"DPcat",203,"productCA",6,"SCA_LCDST(11, 8) ||| productCA(SCA_Bose(8)[, 1:8], productCA(SCA_LCDST(11, 8)[, 1:10], CS_CMMSSY(12, 8)[, 1:11],     c1 = 8), 8) ||| SCA_Bose(8) ||| productCA(SCA_LCDST(11, 8)[, 1:10], CS_CMMSSY(12, 8)[, 1:11], 8) ||| SCA_LCDST(11, 8) ||| CS_CMMSSY(12, 8)","productCA(SCA_LCDST(11, 8)[,1:10], productCA(SCA_Bose(8)[,1:8], productCA(SCA_LCDST(11, 8)[,1:10], CS_CMMSSY(12, 8)[,1:11], c1=8), c1=8), c1=8)"
"DPcat",204,"productCA",6,"SCA_LCDST(11, 8) ||| productCA(SCA_LCDST(11, 8)[, 1:10], productCA(SCA_LCDST(11, 8)[, 1:10], SCA_LCDST(11, 8)[, 1:10],     c1 = 8), 8) ||| SCA_LCDST(11, 8) ||| productCA(SCA_LCDST(11, 8)[, 1:10], SCA_LCDST(11, 8)[, 1:10], 8) ||| SCA_LCDST(11, 8) ||| SCA_LCDST(11, 8)","productCA(SCA_LCDST(11, 8)[,1:10], productCA(SCA_LCDST(11, 8)[,1:10], productCA(SCA_LCDST(11, 8)[,1:10], SCA_LCDST(11, 8)[,1:10], c1=8), c1=8), c1=8)"
"DPcat",205,"productCA",6,"SCA_LCDST(11, 8) ||| productCA(SCA_LCDST(11, 8)[, 1:10], productCA(SCA_LCDST(11, 8)[, 1:10], CS_CMMSSY(12, 8)[, 1:11],     c1 = 8), 8) ||| SCA_LCDST(11, 8) ||| productCA(SCA_LCDST(11, 8)[, 1:10], CS_CMMSSY(12, 8)[, 1:11], 8) ||| SCA_LCDST(11, 8) ||| CS_CMMSSY(12, 8)","productCA(SCA_LCDST(11, 8)[,1:10], productCA(SCA_LCDST(11, 8)[,1:10], productCA(SCA_LCDST(11, 8)[,1:10], CS_CMMSSY(12, 8)[,1:11], c1=8), c1=8), c1=8)"
"DPcat",206,"productCA",6,"SCA_LCDST(11, 8) ||| productCA(SCA_LCDST(11, 8)[, 1:10], productCA(CS_CMMSSY(12, 8)[, 1:11], CS_CMMSSY(12, 8)[, 1:11],     c1 = 8), 8) ||| SCA_LCDST(11, 8) ||| productCA(CS_CMMSSY(12, 8)[, 1:11], CS_CMMSSY(12, 8)[, 1:11], 8) ||| CS_CMMSSY(12, 8) ||| CS_CMMSSY(12, 8)","productCA(SCA_LCDST(11, 8)[,1:10], productCA(SCA_LCDST(11, 8)[,1:10], productCA(CS_CMMSSY(12, 8)[,1:11], CS_CMMSSY(12, 8)[,1:11], c1=8), c1=8), c1=8)"
"DPcat",207,"productCA",6,"SCA_LCDST(11, 8) ||| productCA(CS_CMMSSY(12, 8)[, 1:11], productCA(CS_CMMSSY(12, 8)[, 1:11], CS_CMMSSY(12, 8)[, 1:11],     c1 = 8), 8) ||| CS_CMMSSY(12, 8) ||| productCA(CS_CMMSSY(12, 8)[, 1:11], CS_CMMSSY(12, 8)[, 1:11], 8) ||| CS_CMMSSY(12, 8) ||| CS_CMMSSY(12, 8)","productCA(SCA_LCDST(11, 8)[,1:10], productCA(CS_CMMSSY(12, 8)[,1:11], productCA(CS_CMMSSY(12, 8)[,1:11], CS_CMMSSY(12, 8)[,1:11], c1=8), c1=8), c1=8)"
"DPcat",208,"productCA",8,"SCA_Bose(8) ||| productCA(SCA_Bose(8)[, 1:8], productCA(SCA_Bose(8)[, 1:8], productCA(SCA_LCDST(11, 8)[, 1:10],     SCA_LCDST(11, 8)[, 1:10], c1 = 8), c1 = 8), 8) ||| SCA_Bose(8) ||| productCA(SCA_Bose(8)[, 1:8], productCA(SCA_LCDST(11, 8)[, 1:10], SCA_LCDST(11, 8)[, 1:10],     c1 = 8), 8) ||| SCA_Bose(8) ||| productCA(SCA_LCDST(11, 8)[, 1:10], SCA_LCDST(11, 8)[, 1:10], 8) ||| SCA_LCDST(11, 8) ||| SCA_LCDST(11, 8)","productCA(SCA_Bose(8)[,1:8], productCA(SCA_Bose(8)[,1:8], productCA(SCA_Bose(8)[,1:8], productCA(SCA_LCDST(11, 8)[,1:10], SCA_LCDST(11, 8)[,1:10], c1=8), c1=8), c1=8), c1=8)"
"DPcat",209,"productCA",2,"CS_CMMSSY(13, 9) ||| CS_CMMSSY(13, 9)","productCA(CS_CMMSSY(13, 9)[,1:12], CS_CMMSSY(13, 9)[,1:12], c1=9)"
"DPcat",210,"productCA",2,"CS_CMMSSY(13, 9) ||| CS_CMMSSY(14, 9)","productCA(CS_CMMSSY(13, 9)[,1:12], CS_CMMSSY(14, 9)[,1:13], c1=9)"
"DPcat",211,"productCA",2,"CS_CMMSSY(14, 9) ||| CS_CMMSSY(14, 9)","productCA(CS_CMMSSY(14, 9)[,1:13], CS_CMMSSY(14, 9)[,1:13], c1=9)"
"DPcat",212,"productCA",2,"CS_CMMSSY(14, 9) ||| CS_CMMSSY(15, 9)","productCA(CS_CMMSSY(14, 9)[,1:13], CS_CMMSSY(15, 9)[,1:14], c1=9)"
"DPcat",213,"productCA",2,"CS_CMMSSY(15, 9) ||| CS_CMMSSY(15, 9)","productCA(CS_CMMSSY(15, 9)[,1:14], CS_CMMSSY(15, 9)[,1:14], c1=9)"
"DPcat",214,"productCA",2,"CS_CMMSSY(15, 9) ||| CS_CMMSSY(16, 9)","productCA(CS_CMMSSY(15, 9)[,1:14], CS_CMMSSY(16, 9)[,1:15], c1=9)"
"DPcat",215,"productCA",2,"CS_CMMSSY(16, 9) ||| CS_CMMSSY(16, 9)","productCA(CS_CMMSSY(16, 9)[,1:15], CS_CMMSSY(16, 9)[,1:15], c1=9)"
"DPcat",216,"productCA",2,"CS_CMMSSY(16, 9) ||| SCA_MS(17, 9)","productCA(CS_CMMSSY(16, 9)[,1:15], SCA_MS(17, 9)[,1:16], c1=9)"
"DPcat",217,"productCA",2,"SCA_MS(17, 9) ||| SCA_MS(17, 9)","productCA(SCA_MS(17, 9)[,1:16], SCA_MS(17, 9)[,1:16], c1=9)"
"DPcat",218,"productCA",4,"SCA_Bose(9) ||| productCA(CS_CMMSSY(13, 9)[, 1:12], CS_CMMSSY(13, 9)[, 1:12], 9) ||| CS_CMMSSY(13, 9) ||| CS_CMMSSY(13, 9)","productCA(SCA_Bose(9)[,1:9], productCA(CS_CMMSSY(13, 9)[,1:12], CS_CMMSSY(13, 9)[,1:12], c1=9), c1=9)"
"DPcat",219,"productCA",4,"SCA_Bose(9) ||| productCA(CS_CMMSSY(13, 9)[, 1:12], CS_CMMSSY(14, 9)[, 1:13], 9) ||| CS_CMMSSY(13, 9) ||| CS_CMMSSY(14, 9)","productCA(SCA_Bose(9)[,1:9], productCA(CS_CMMSSY(13, 9)[,1:12], CS_CMMSSY(14, 9)[,1:13], c1=9), c1=9)"
"DPcat",220,"productCA",4,"SCA_Bose(9) ||| productCA(CS_CMMSSY(14, 9)[, 1:13], CS_CMMSSY(14, 9)[, 1:13], 9) ||| CS_CMMSSY(14, 9) ||| CS_CMMSSY(14, 9)","productCA(SCA_Bose(9)[,1:9], productCA(CS_CMMSSY(14, 9)[,1:13], CS_CMMSSY(14, 9)[,1:13], c1=9), c1=9)"
"DPcat",221,"productCA",4,"CS_CMMSSY(13, 9) ||| productCA(CS_CMMSSY(13, 9)[, 1:12], CS_CMMSSY(13, 9)[, 1:12], 9) ||| CS_CMMSSY(13, 9) ||| CS_CMMSSY(13, 9)","productCA(CS_CMMSSY(13, 9)[,1:12], productCA(CS_CMMSSY(13, 9)[,1:12], CS_CMMSSY(13, 9)[,1:12], c1=9), c1=9)"
"DPcat",222,"productCA",4,"CS_CMMSSY(13, 9) ||| productCA(CS_CMMSSY(13, 9)[, 1:12], CS_CMMSSY(14, 9)[, 1:13], 9) ||| CS_CMMSSY(13, 9) ||| CS_CMMSSY(14, 9)","productCA(CS_CMMSSY(13, 9)[,1:12], productCA(CS_CMMSSY(13, 9)[,1:12], CS_CMMSSY(14, 9)[,1:13], c1=9), c1=9)"
"DPcat",223,"productCA",4,"CS_CMMSSY(13, 9) ||| productCA(CS_CMMSSY(14, 9)[, 1:13], CS_CMMSSY(14, 9)[, 1:13], 9) ||| CS_CMMSSY(14, 9) ||| CS_CMMSSY(14, 9)","productCA(CS_CMMSSY(13, 9)[,1:12], productCA(CS_CMMSSY(14, 9)[,1:13], CS_CMMSSY(14, 9)[,1:13], c1=9), c1=9)"
"DPcat",224,"productCA",4,"CS_CMMSSY(14, 9) ||| productCA(CS_CMMSSY(14, 9)[, 1:13], CS_CMMSSY(14, 9)[, 1:13], 9) ||| CS_CMMSSY(14, 9) ||| CS_CMMSSY(14, 9)","productCA(CS_CMMSSY(14, 9)[,1:13], productCA(CS_CMMSSY(14, 9)[,1:13], CS_CMMSSY(14, 9)[,1:13], c1=9), c1=9)"
"DPcat",225,"productCA",4,"CS_CMMSSY(14, 9) ||| productCA(CS_CMMSSY(14, 9)[, 1:13], CS_CMMSSY(15, 9)[, 1:14], 9) ||| CS_CMMSSY(14, 9) ||| CS_CMMSSY(15, 9)","productCA(CS_CMMSSY(14, 9)[,1:13], productCA(CS_CMMSSY(14, 9)[,1:13], CS_CMMSSY(15, 9)[,1:14], c1=9), c1=9)"
"DPcat",226,"productCA",4,"CS_CMMSSY(14, 9) ||| productCA(CS_CMMSSY(15, 9)[, 1:14], CS_CMMSSY(15, 9)[, 1:14], 9) ||| CS_CMMSSY(15, 9) ||| CS_CMMSSY(15, 9)","productCA(CS_CMMSSY(14, 9)[,1:13], productCA(CS_CMMSSY(15, 9)[,1:14], CS_CMMSSY(15, 9)[,1:14], c1=9), c1=9)"
"DPcat",227,"productCA",6,"SCA_Bose(9) ||| productCA(SCA_Bose(9)[, 1:9], productCA(CS_CMMSSY(13, 9)[, 1:12], CS_CMMSSY(13, 9)[, 1:12],     c1 = 9), 9) ||| SCA_Bose(9) ||| productCA(CS_CMMSSY(13, 9)[, 1:12], CS_CMMSSY(13, 9)[, 1:12], 9) ||| CS_CMMSSY(13, 9) ||| CS_CMMSSY(13, 9)","productCA(SCA_Bose(9)[,1:9], productCA(SCA_Bose(9)[,1:9], productCA(CS_CMMSSY(13, 9)[,1:12], CS_CMMSSY(13, 9)[,1:12], c1=9), c1=9), c1=9)"
"DPcat",228,"productCA",6,"SCA_Bose(9) ||| productCA(SCA_Bose(9)[, 1:9], productCA(CS_CMMSSY(13, 9)[, 1:12], CS_CMMSSY(14, 9)[, 1:13],     c1 = 9), 9) ||| SCA_Bose(9) ||| productCA(CS_CMMSSY(13, 9)[, 1:12], CS_CMMSSY(14, 9)[, 1:13], 9) ||| CS_CMMSSY(13, 9) ||| CS_CMMSSY(14, 9)","productCA(SCA_Bose(9)[,1:9], productCA(SCA_Bose(9)[,1:9], productCA(CS_CMMSSY(13, 9)[,1:12], CS_CMMSSY(14, 9)[,1:13], c1=9), c1=9), c1=9)"
"DPcat",229,"productCA",6,"SCA_Bose(9) ||| productCA(SCA_Bose(9)[, 1:9], productCA(CS_CMMSSY(14, 9)[, 1:13], CS_CMMSSY(14, 9)[, 1:13],     c1 = 9), 9) ||| SCA_Bose(9) ||| productCA(CS_CMMSSY(14, 9)[, 1:13], CS_CMMSSY(14, 9)[, 1:13], 9) ||| CS_CMMSSY(14, 9) ||| CS_CMMSSY(14, 9)","productCA(SCA_Bose(9)[,1:9], productCA(SCA_Bose(9)[,1:9], productCA(CS_CMMSSY(14, 9)[,1:13], CS_CMMSSY(14, 9)[,1:13], c1=9), c1=9), c1=9)"
"DPcat",230,"productCA",6,"CS_CMMSSY(13, 9) ||| productCA(SCA_Bose(9)[, 1:9], productCA(CS_CMMSSY(13, 9)[, 1:12], CS_CMMSSY(13, 9)[, 1:12],     c1 = 9), 9) ||| SCA_Bose(9) ||| productCA(CS_CMMSSY(13, 9)[, 1:12], CS_CMMSSY(13, 9)[, 1:12], 9) ||| CS_CMMSSY(13, 9) ||| CS_CMMSSY(13, 9)","productCA(CS_CMMSSY(13, 9)[,1:12], productCA(SCA_Bose(9)[,1:9], productCA(CS_CMMSSY(13, 9)[,1:12], CS_CMMSSY(13, 9)[,1:12], c1=9), c1=9), c1=9)"
"DPcat",231,"productCA",6,"CS_CMMSSY(13, 9) ||| productCA(SCA_Bose(9)[, 1:9], productCA(CS_CMMSSY(13, 9)[, 1:12], CS_CMMSSY(14, 9)[, 1:13],     c1 = 9), 9) ||| SCA_Bose(9) ||| productCA(CS_CMMSSY(13, 9)[, 1:12], CS_CMMSSY(14, 9)[, 1:13], 9) ||| CS_CMMSSY(13, 9) ||| CS_CMMSSY(14, 9)","productCA(CS_CMMSSY(13, 9)[,1:12], productCA(SCA_Bose(9)[,1:9], productCA(CS_CMMSSY(13, 9)[,1:12], CS_CMMSSY(14, 9)[,1:13], c1=9), c1=9), c1=9)"
"DPcat",232,"productCA",6,"CS_CMMSSY(13, 9) ||| productCA(SCA_Bose(9)[, 1:9], productCA(CS_CMMSSY(14, 9)[, 1:13], CS_CMMSSY(14, 9)[, 1:13],     c1 = 9), 9) ||| SCA_Bose(9) ||| productCA(CS_CMMSSY(14, 9)[, 1:13], CS_CMMSSY(14, 9)[, 1:13], 9) ||| CS_CMMSSY(14, 9) ||| CS_CMMSSY(14, 9)","productCA(CS_CMMSSY(13, 9)[,1:12], productCA(SCA_Bose(9)[,1:9], productCA(CS_CMMSSY(14, 9)[,1:13], CS_CMMSSY(14, 9)[,1:13], c1=9), c1=9), c1=9)"
"DPcat",233,"productCA",6,"CS_CMMSSY(13, 9) ||| productCA(CS_CMMSSY(13, 9)[, 1:12], productCA(CS_CMMSSY(13, 9)[, 1:12], CS_CMMSSY(13, 9)[, 1:12],     c1 = 9), 9) ||| CS_CMMSSY(13, 9) ||| productCA(CS_CMMSSY(13, 9)[, 1:12], CS_CMMSSY(13, 9)[, 1:12], 9) ||| CS_CMMSSY(13, 9) ||| CS_CMMSSY(13, 9)","productCA(CS_CMMSSY(13, 9)[,1:12], productCA(CS_CMMSSY(13, 9)[,1:12], productCA(CS_CMMSSY(13, 9)[,1:12], CS_CMMSSY(13, 9)[,1:12], c1=9), c1=9), c1=9)"
"DPcat",234,"productCA",2,"miscCA(2, 4, 10) ||| miscCA(2, 4, 10)","productCA(miscCA(2, 4, 10), miscCA(2, 4, 10), c1=9)"
"DPcat",235,"productCA",2,"miscCA(2, 4, 10) ||| SCA_LCDST(15, 10)","productCA(miscCA(2, 4, 10), SCA_LCDST(15, 10)[,1:14], c1=9)"
"DPcat",236,"productCA",2,"miscCA(2, 4, 10) ||| CS_CMMSSY(16, 10)","productCA(miscCA(2, 4, 10), CS_CMMSSY(16, 10)[,1:15], c1=9)"
"DPcat",237,"productCA",2,"miscCA(2, 4, 10) ||| SCA_MS(17, 10)","productCA(miscCA(2, 4, 10), SCA_MS(17, 10)[,1:16], c1=9)"
"DPcat",238,"productCA",2,"miscCA(2, 4, 10) ||| SCA_MS(18, 10)","productCA(miscCA(2, 4, 10), SCA_MS(18, 10)[,1:17], c1=9)"
"DPcat",239,"productCA",2,"SCA_LCDST(15, 10) ||| SCA_LCDST(15, 10)","productCA(SCA_LCDST(15, 10)[,1:14], SCA_LCDST(15, 10)[,1:14], c1=10)"
"DPcat",240,"productCA",2,"SCA_LCDST(15, 10) ||| CS_CMMSSY(16, 10)","productCA(SCA_LCDST(15, 10)[,1:14], CS_CMMSSY(16, 10)[,1:15], c1=10)"
"DPcat",241,"productCA",2,"CS_CMMSSY(16, 10) ||| CS_CMMSSY(16, 10)","productCA(CS_CMMSSY(16, 10)[,1:15], CS_CMMSSY(16, 10)[,1:15], c1=10)"
"DPcat",242,"productCA",2,"CS_CMMSSY(16, 10) ||| SCA_MS(17, 10)","productCA(CS_CMMSSY(16, 10)[,1:15], SCA_MS(17, 10)[,1:16], c1=10)"
"DPcat",243,"productCA",2,"SCA_MS(17, 10) ||| SCA_MS(17, 10)","productCA(SCA_MS(17, 10)[,1:16], SCA_MS(17, 10)[,1:16], c1=10)"
"DPcat",244,"productCA",2,"SCA_MS(17, 10) ||| SCA_MS(18, 10)","productCA(SCA_MS(17, 10)[,1:16], SCA_MS(18, 10)[,1:17], c1=10)"
"DPcat",245,"productCA",2,"SCA_MS(18, 10) ||| SCA_MS(18, 10)","productCA(SCA_MS(18, 10)[,1:17], SCA_MS(18, 10)[,1:17], c1=10)"
"DPcat",246,"productCA",2,"SCA_MS(18, 10) ||| SCA_MS(19, 10)","productCA(SCA_MS(18, 10)[,1:17], SCA_MS(19, 10)[,1:18], c1=10)"
"DPcat",247,"productCA",2,"SCA_MS(19, 10) ||| SCA_MS(19, 10)","productCA(SCA_MS(19, 10)[,1:18], SCA_MS(19, 10)[,1:18], c1=10)"
"DPcat",248,"productCA",2,"SCA_MS(18, 10) ||| SCA_MS(21, 10)","productCA(SCA_MS(18, 10)[,1:17], SCA_MS(21, 10)[,1:20], c1=10)"
"DPcat",249,"productCA",4,"miscCA(2, 4, 10) ||| productCA(SCA_LCDST(15, 10)[, 1:14], SCA_LCDST(15, 10)[, 1:14], 10) ||| SCA_LCDST(15, 10) ||| SCA_LCDST(15, 10)","productCA(miscCA(2, 4, 10), productCA(SCA_LCDST(15, 10)[,1:14], SCA_LCDST(15, 10)[,1:14], c1=10), c1=9)"
"DPcat",250,"productCA",4,"miscCA(2, 4, 10) ||| productCA(SCA_LCDST(15, 10)[, 1:14], CS_CMMSSY(16, 10)[, 1:15], 10) ||| SCA_LCDST(15, 10) ||| CS_CMMSSY(16, 10)","productCA(miscCA(2, 4, 10), productCA(SCA_LCDST(15, 10)[,1:14], CS_CMMSSY(16, 10)[,1:15], c1=10), c1=9)"
"DPcat",251,"productCA",4,"miscCA(2, 4, 10) ||| productCA(CS_CMMSSY(16, 10)[, 1:15], CS_CMMSSY(16, 10)[, 1:15], 10) ||| CS_CMMSSY(16, 10) ||| CS_CMMSSY(16, 10)","productCA(miscCA(2, 4, 10), productCA(CS_CMMSSY(16, 10)[,1:15], CS_CMMSSY(16, 10)[,1:15], c1=10), c1=9)"
"DPcat",252,"productCA",4,"miscCA(2, 4, 10) ||| productCA(CS_CMMSSY(16, 10)[, 1:15], SCA_MS(17, 10)[, 1:16], 10) ||| CS_CMMSSY(16, 10) ||| SCA_MS(17, 10)","productCA(miscCA(2, 4, 10), productCA(CS_CMMSSY(16, 10)[,1:15], SCA_MS(17, 10)[,1:16], c1=10), c1=9)"
"DPcat",253,"productCA",4,"SCA_LCDST(15, 10) ||| productCA(SCA_LCDST(15, 10)[, 1:14], SCA_LCDST(15, 10)[, 1:14], 10) ||| SCA_LCDST(15, 10) ||| SCA_LCDST(15, 10)","productCA(SCA_LCDST(15, 10)[,1:14], productCA(SCA_LCDST(15, 10)[,1:14], SCA_LCDST(15, 10)[,1:14], c1=10), c1=10)"
"DPcat",254,"productCA",4,"SCA_LCDST(15, 10) ||| productCA(SCA_LCDST(15, 10)[, 1:14], CS_CMMSSY(16, 10)[, 1:15], 10) ||| SCA_LCDST(15, 10) ||| CS_CMMSSY(16, 10)","productCA(SCA_LCDST(15, 10)[,1:14], productCA(SCA_LCDST(15, 10)[,1:14], CS_CMMSSY(16, 10)[,1:15], c1=10), c1=10)"
"DPcat",255,"productCA",4,"SCA_LCDST(15, 10) ||| productCA(CS_CMMSSY(16, 10)[, 1:15], CS_CMMSSY(16, 10)[, 1:15], 10) ||| CS_CMMSSY(16, 10) ||| CS_CMMSSY(16, 10)","productCA(SCA_LCDST(15, 10)[,1:14], productCA(CS_CMMSSY(16, 10)[,1:15], CS_CMMSSY(16, 10)[,1:15], c1=10), c1=10)"
"DPcat",256,"productCA",4,"CS_CMMSSY(16, 10) ||| productCA(CS_CMMSSY(16, 10)[, 1:15], CS_CMMSSY(16, 10)[, 1:15], 10) ||| CS_CMMSSY(16, 10) ||| CS_CMMSSY(16, 10)","productCA(CS_CMMSSY(16, 10)[,1:15], productCA(CS_CMMSSY(16, 10)[,1:15], CS_CMMSSY(16, 10)[,1:15], c1=10), c1=10)"
"DPcat",257,"productCA",4,"CS_CMMSSY(16, 10) ||| productCA(CS_CMMSSY(16, 10)[, 1:15], SCA_MS(17, 10)[, 1:16], 10) ||| CS_CMMSSY(16, 10) ||| SCA_MS(17, 10)","productCA(CS_CMMSSY(16, 10)[,1:15], productCA(CS_CMMSSY(16, 10)[,1:15], SCA_MS(17, 10)[,1:16], c1=10), c1=10)"
"DPcat",258,"productCA",4,"CS_CMMSSY(16, 10) ||| productCA(SCA_MS(17, 10)[, 1:16], SCA_MS(17, 10)[, 1:16], 10) ||| SCA_MS(17, 10) ||| SCA_MS(17, 10)","productCA(CS_CMMSSY(16, 10)[,1:15], productCA(SCA_MS(17, 10)[,1:16], SCA_MS(17, 10)[,1:16], c1=10), c1=10)"
"DPcat",259,"productCA",4,"SCA_MS(17, 10) ||| productCA(SCA_MS(17, 10)[, 1:16], SCA_MS(17, 10)[, 1:16], 10) ||| SCA_MS(17, 10) ||| SCA_MS(17, 10)","productCA(SCA_MS(17, 10)[,1:16], productCA(SCA_MS(17, 10)[,1:16], SCA_MS(17, 10)[,1:16], c1=10), c1=10)"
"DPcat",260,"productCA",4,"SCA_MS(17, 10) ||| productCA(SCA_MS(17, 10)[, 1:16], SCA_MS(18, 10)[, 1:17], 10) ||| SCA_MS(17, 10) ||| SCA_MS(18, 10)","productCA(SCA_MS(17, 10)[,1:16], productCA(SCA_MS(17, 10)[,1:16], SCA_MS(18, 10)[,1:17], c1=10), c1=10)"
"DPcat",261,"productCA",4,"SCA_MS(17, 10) ||| productCA(SCA_MS(18, 10)[, 1:17], SCA_MS(18, 10)[, 1:17], 10) ||| SCA_MS(18, 10) ||| SCA_MS(18, 10)","productCA(SCA_MS(17, 10)[,1:16], productCA(SCA_MS(18, 10)[,1:17], SCA_MS(18, 10)[,1:17], c1=10), c1=10)"
"DPcat",262,"productCA",4,"SCA_MS(18, 10) ||| productCA(SCA_MS(18, 10)[, 1:17], SCA_MS(18, 10)[, 1:17], 10) ||| SCA_MS(18, 10) ||| SCA_MS(18, 10)","productCA(SCA_MS(18, 10)[,1:17], productCA(SCA_MS(18, 10)[,1:17], SCA_MS(18, 10)[,1:17], c1=10), c1=10)"
"DPcat",263,"productCA",6,"miscCA(2, 4, 10) ||| productCA(SCA_LCDST(15, 10)[, 1:14], productCA(SCA_LCDST(15, 10)[, 1:14], SCA_LCDST(15, 10)[, 1:14],     c1 = 10), 10) ||| SCA_LCDST(15, 10) ||| productCA(SCA_LCDST(15, 10)[, 1:14], SCA_LCDST(15, 10)[, 1:14], 10) ||| SCA_LCDST(15, 10) ||| SCA_LCDST(15, 10)","productCA(miscCA(2, 4, 10), productCA(SCA_LCDST(15, 10)[,1:14], productCA(SCA_LCDST(15, 10)[,1:14], SCA_LCDST(15, 10)[,1:14], c1=10), c1=10), c1=9)"
"DPcat",264,"productCA",6,"miscCA(2, 4, 10) ||| productCA(SCA_LCDST(15, 10)[, 1:14], productCA(SCA_LCDST(15, 10)[, 1:14], CS_CMMSSY(16, 10)[, 1:15],     c1 = 10), 10) ||| SCA_LCDST(15, 10) ||| productCA(SCA_LCDST(15, 10)[, 1:14], CS_CMMSSY(16, 10)[, 1:15], 10) ||| SCA_LCDST(15, 10) ||| CS_CMMSSY(16, 10)","productCA(miscCA(2, 4, 10), productCA(SCA_LCDST(15, 10)[,1:14], productCA(SCA_LCDST(15, 10)[,1:14], CS_CMMSSY(16, 10)[,1:15], c1=10), c1=10), c1=9)"
"DPcat",265,"productCA",6,"miscCA(2, 4, 10) ||| productCA(SCA_LCDST(15, 10)[, 1:14], productCA(CS_CMMSSY(16, 10)[, 1:15], CS_CMMSSY(16, 10)[, 1:15],     c1 = 10), 10) ||| SCA_LCDST(15, 10) ||| productCA(CS_CMMSSY(16, 10)[, 1:15], CS_CMMSSY(16, 10)[, 1:15], 10) ||| CS_CMMSSY(16, 10) ||| CS_CMMSSY(16, 10)","productCA(miscCA(2, 4, 10), productCA(SCA_LCDST(15, 10)[,1:14], productCA(CS_CMMSSY(16, 10)[,1:15], CS_CMMSSY(16, 10)[,1:15], c1=10), c1=10), c1=9)"
"DPcat",266,"productCA",6,"miscCA(2, 4, 10) ||| productCA(CS_CMMSSY(16, 10)[, 1:15], productCA(CS_CMMSSY(16, 10)[, 1:15], CS_CMMSSY(16, 10)[, 1:15],     c1 = 10), 10) ||| CS_CMMSSY(16, 10) ||| productCA(CS_CMMSSY(16, 10)[, 1:15], CS_CMMSSY(16, 10)[, 1:15], 10) ||| CS_CMMSSY(16, 10) ||| CS_CMMSSY(16, 10)","productCA(miscCA(2, 4, 10), productCA(CS_CMMSSY(16, 10)[,1:15], productCA(CS_CMMSSY(16, 10)[,1:15], CS_CMMSSY(16, 10)[,1:15], c1=10), c1=10), c1=9)"
"DPcat",267,"productCA",6,"SCA_LCDST(15, 10) ||| productCA(SCA_LCDST(15, 10)[, 1:14], productCA(SCA_LCDST(15, 10)[, 1:14], SCA_LCDST(15, 10)[, 1:14],     c1 = 10), 10) ||| SCA_LCDST(15, 10) ||| productCA(SCA_LCDST(15, 10)[, 1:14], SCA_LCDST(15, 10)[, 1:14], 10) ||| SCA_LCDST(15, 10) ||| SCA_LCDST(15, 10)","productCA(SCA_LCDST(15, 10)[,1:14], productCA(SCA_LCDST(15, 10)[,1:14], productCA(SCA_LCDST(15, 10)[,1:14], SCA_LCDST(15, 10)[,1:14], c1=10), c1=10), c1=10)"
"DPcat",268,"productCA",2,"SCA_LCDST(16, 11) ||| SCA_LCDST(16, 11)","productCA(SCA_LCDST(16, 11)[,1:15], SCA_LCDST(16, 11)[,1:15], c1=11)"
"DPcat",269,"productCA",2,"SCA_LCDST(16, 11) ||| SCA_LCDST(17, 11)","productCA(SCA_LCDST(16, 11)[,1:15], SCA_LCDST(17, 11)[,1:16], c1=11)"
"DPcat",270,"productCA",2,"SCA_LCDST(17, 11) ||| SCA_LCDST(17, 11)","productCA(SCA_LCDST(17, 11)[,1:16], SCA_LCDST(17, 11)[,1:16], c1=11)"
"DPcat",271,"productCA",2,"SCA_LCDST(17, 11) ||| SCA_MS(18, 11)","productCA(SCA_LCDST(17, 11)[,1:16], SCA_MS(18, 11)[,1:17], c1=11)"
"DPcat",272,"productCA",2,"SCA_MS(18, 11) ||| SCA_MS(18, 11)","productCA(SCA_MS(18, 11)[,1:17], SCA_MS(18, 11)[,1:17], c1=11)"
"DPcat",273,"productCA",2,"SCA_MS(18, 11) ||| SCA_MS(19, 11)","productCA(SCA_MS(18, 11)[,1:17], SCA_MS(19, 11)[,1:18], c1=11)"
"DPcat",274,"productCA",2,"SCA_MS(19, 11) ||| SCA_MS(19, 11)","productCA(SCA_MS(19, 11)[,1:18], SCA_MS(19, 11)[,1:18], c1=11)"
"DPcat",275,"productCA",2,"SCA_MS(19, 11) ||| SCA_MS(20, 11)","productCA(SCA_MS(19, 11)[,1:18], SCA_MS(20, 11)[,1:19], c1=11)"
"DPcat",276,"productCA",2,"SCA_MS(20, 11) ||| SCA_MS(20, 11)","productCA(SCA_MS(20, 11)[,1:19], SCA_MS(20, 11)[,1:19], c1=11)"
"DPcat",277,"productCA",2,"SCA_MS(20, 11) ||| SCA_MS(21, 11)","productCA(SCA_MS(20, 11)[,1:19], SCA_MS(21, 11)[,1:20], c1=11)"
"DPcat",278,"productCA",2,"SCA_MS(21, 11) ||| SCA_MS(21, 11)","productCA(SCA_MS(21, 11)[,1:20], SCA_MS(21, 11)[,1:20], c1=11)"
"DPcat",279,"productCA",4,"SCA_Bose(11) ||| productCA(SCA_LCDST(16, 11)[, 1:15], SCA_LCDST(16, 11)[, 1:15], 11) ||| SCA_LCDST(16, 11) ||| SCA_LCDST(16, 11)","productCA(SCA_Bose(11)[,1:11], productCA(SCA_LCDST(16, 11)[,1:15], SCA_LCDST(16, 11)[,1:15], c1=11), c1=11)"
"DPcat",280,"productCA",4,"SCA_Bose(11) ||| productCA(SCA_LCDST(16, 11)[, 1:15], SCA_LCDST(17, 11)[, 1:16], 11) ||| SCA_LCDST(16, 11) ||| SCA_LCDST(17, 11)","productCA(SCA_Bose(11)[,1:11], productCA(SCA_LCDST(16, 11)[,1:15], SCA_LCDST(17, 11)[,1:16], c1=11), c1=11)"
"DPcat",281,"productCA",4,"SCA_Bose(11) ||| productCA(SCA_LCDST(17, 11)[, 1:16], SCA_LCDST(17, 11)[, 1:16], 11) ||| SCA_LCDST(17, 11) ||| SCA_LCDST(17, 11)","productCA(SCA_Bose(11)[,1:11], productCA(SCA_LCDST(17, 11)[,1:16], SCA_LCDST(17, 11)[,1:16], c1=11), c1=11)"
"DPcat",282,"productCA",4,"SCA_Bose(11) ||| productCA(SCA_LCDST(17, 11)[, 1:16], SCA_MS(18, 11)[, 1:17], 11) ||| SCA_LCDST(17, 11) ||| SCA_MS(18, 11)","productCA(SCA_Bose(11)[,1:11], productCA(SCA_LCDST(17, 11)[,1:16], SCA_MS(18, 11)[,1:17], c1=11), c1=11)"
"DPcat",283,"productCA",4,"SCA_LCDST(16, 11) ||| productCA(SCA_LCDST(16, 11)[, 1:15], SCA_LCDST(16, 11)[, 1:15], 11) ||| SCA_LCDST(16, 11) ||| SCA_LCDST(16, 11)","productCA(SCA_LCDST(16, 11)[,1:15], productCA(SCA_LCDST(16, 11)[,1:15], SCA_LCDST(16, 11)[,1:15], c1=11), c1=11)"
"DPcat",284,"productCA",4,"SCA_LCDST(16, 11) ||| productCA(SCA_LCDST(16, 11)[, 1:15], SCA_LCDST(17, 11)[, 1:16], 11) ||| SCA_LCDST(16, 11) ||| SCA_LCDST(17, 11)","productCA(SCA_LCDST(16, 11)[,1:15], productCA(SCA_LCDST(16, 11)[,1:15], SCA_LCDST(17, 11)[,1:16], c1=11), c1=11)"
"DPcat",285,"productCA",4,"SCA_LCDST(16, 11) ||| productCA(SCA_LCDST(17, 11)[, 1:16], SCA_LCDST(17, 11)[, 1:16], 11) ||| SCA_LCDST(17, 11) ||| SCA_LCDST(17, 11)","productCA(SCA_LCDST(16, 11)[,1:15], productCA(SCA_LCDST(17, 11)[,1:16], SCA_LCDST(17, 11)[,1:16], c1=11), c1=11)"
"DPcat",286,"productCA",4,"SCA_LCDST(17, 11) ||| productCA(SCA_LCDST(17, 11)[, 1:16], SCA_LCDST(17, 11)[, 1:16], 11) ||| SCA_LCDST(17, 11) ||| SCA_LCDST(17, 11)","productCA(SCA_LCDST(17, 11)[,1:16], productCA(SCA_LCDST(17, 11)[,1:16], SCA_LCDST(17, 11)[,1:16], c1=11), c1=11)"
"DPcat",287,"productCA",4,"SCA_LCDST(17, 11) ||| productCA(SCA_LCDST(17, 11)[, 1:16], SCA_MS(18, 11)[, 1:17], 11) ||| SCA_LCDST(17, 11) ||| SCA_MS(18, 11)","productCA(SCA_LCDST(17, 11)[,1:16], productCA(SCA_LCDST(17, 11)[,1:16], SCA_MS(18, 11)[,1:17], c1=11), c1=11)"
"DPcat",288,"productCA",4,"SCA_LCDST(17, 11) ||| productCA(SCA_MS(18, 11)[, 1:17], SCA_MS(18, 11)[, 1:17], 11) ||| SCA_MS(18, 11) ||| SCA_MS(18, 11)","productCA(SCA_LCDST(17, 11)[,1:16], productCA(SCA_MS(18, 11)[,1:17], SCA_MS(18, 11)[,1:17], c1=11), c1=11)"
"DPcat",289,"productCA",4,"SCA_MS(18, 11) ||| productCA(SCA_MS(18, 11)[, 1:17], SCA_MS(18, 11)[, 1:17], 11) ||| SCA_MS(18, 11) ||| SCA_MS(18, 11)","productCA(SCA_MS(18, 11)[,1:17], productCA(SCA_MS(18, 11)[,1:17], SCA_MS(18, 11)[,1:17], c1=11), c1=11)"
"DPcat",290,"productCA",6,"SCA_Bose(11) ||| productCA(SCA_Bose(11)[, 1:11], productCA(SCA_LCDST(16, 11)[, 1:15], SCA_LCDST(16, 11)[, 1:15],     c1 = 11), 11) ||| SCA_Bose(11) ||| productCA(SCA_LCDST(16, 11)[, 1:15], SCA_LCDST(16, 11)[, 1:15], 11) ||| SCA_LCDST(16, 11) ||| SCA_LCDST(16, 11)","productCA(SCA_Bose(11)[,1:11], productCA(SCA_Bose(11)[,1:11], productCA(SCA_LCDST(16, 11)[,1:15], SCA_LCDST(16, 11)[,1:15], c1=11), c1=11), c1=11)"
"DPcat",291,"productCA",2,"miscCA(2, 7, 12) ||| miscCA(2, 7, 12)","productCA(miscCA(2, 7, 12), miscCA(2, 7, 12), c1=9)"
"DPcat",292,"productCA",2,"miscCA(2, 7, 12) ||| SCA_LCDST(18, 12)","productCA(miscCA(2, 7, 12), SCA_LCDST(18, 12)[,1:17], c1=9)"
"DPcat",293,"productCA",2,"miscCA(2, 7, 12) ||| SCA_LCDST(19, 12)","productCA(miscCA(2, 7, 12), SCA_LCDST(19, 12)[,1:18], c1=9)"
"DPcat",294,"productCA",2,"miscCA(2, 7, 12) ||| CS_CMMSSY(20, 12)","productCA(miscCA(2, 7, 12), CS_CMMSSY(20, 12)[,1:19], c1=9)"
"DPcat",295,"productCA",2,"miscCA(2, 7, 12) ||| SCA_MS(21, 12)","productCA(miscCA(2, 7, 12), SCA_MS(21, 12)[,1:20], c1=9)"
"DPcat",296,"productCA",2,"miscCA(2, 7, 12) ||| SCA_MS(22, 12)","productCA(miscCA(2, 7, 12), SCA_MS(22, 12)[,1:21], c1=9)"
"DPcat",297,"productCA",2,"SCA_LCDST(18, 12) ||| SCA_LCDST(18, 12)","productCA(SCA_LCDST(18, 12)[,1:17], SCA_LCDST(18, 12)[,1:17], c1=12)"
"DPcat",298,"productCA",2,"SCA_LCDST(18, 12) ||| SCA_LCDST(19, 12)","productCA(SCA_LCDST(18, 12)[,1:17], SCA_LCDST(19, 12)[,1:18], c1=12)"
"DPcat",299,"productCA",4,"miscCA(2, 7, 12) ||| productCA(miscCA(2, 7, 12), miscCA(2, 7, 12), 9) ||| miscCA(2, 7, 12) ||| miscCA(2, 7, 12)","productCA(miscCA(2, 7, 12), productCA(miscCA(2, 7, 12), miscCA(2, 7, 12), c1=9), c1=9)"
"DPcat",300,"productCA",2,"CS_CMMSSY(20, 12) ||| CS_CMMSSY(20, 12)","productCA(CS_CMMSSY(20, 12)[,1:19], CS_CMMSSY(20, 12)[,1:19], c1=12)"
"DPcat",301,"productCA",2,"CS_CMMSSY(20, 12) ||| SCA_MS(21, 12)","productCA(CS_CMMSSY(20, 12)[,1:19], SCA_MS(21, 12)[,1:20], c1=12)"
"DPcat",302,"productCA",2,"SCA_MS(21, 12) ||| SCA_MS(21, 12)","productCA(SCA_MS(21, 12)[,1:20], SCA_MS(21, 12)[,1:20], c1=12)"
"DPcat",303,"productCA",4,"miscCA(2, 7, 12) ||| productCA(miscCA(2, 7, 12), SCA_LCDST(18, 12)[, 1:17], 9) ||| miscCA(2, 7, 12) ||| SCA_LCDST(18, 12)","productCA(miscCA(2, 7, 12), productCA(miscCA(2, 7, 12), SCA_LCDST(18, 12)[,1:17], c1=9), c1=9)"
"DPcat",304,"productCA",4,"miscCA(2, 7, 12) ||| productCA(miscCA(2, 7, 12), SCA_LCDST(19, 12)[, 1:18], 9) ||| miscCA(2, 7, 12) ||| SCA_LCDST(19, 12)","productCA(miscCA(2, 7, 12), productCA(miscCA(2, 7, 12), SCA_LCDST(19, 12)[,1:18], c1=9), c1=9)"
"DPcat",305,"productCA",4,"miscCA(2, 7, 12) ||| productCA(miscCA(2, 7, 12), CS_CMMSSY(20, 12)[, 1:19], 9) ||| miscCA(2, 7, 12) ||| CS_CMMSSY(20, 12)","productCA(miscCA(2, 7, 12), productCA(miscCA(2, 7, 12), CS_CMMSSY(20, 12)[,1:19], c1=9), c1=9)"
"DPcat",306,"productCA",4,"miscCA(2, 7, 12) ||| productCA(miscCA(2, 7, 12), SCA_MS(21, 12)[, 1:20], 9) ||| miscCA(2, 7, 12) ||| SCA_MS(21, 12)","productCA(miscCA(2, 7, 12), productCA(miscCA(2, 7, 12), SCA_MS(21, 12)[,1:20], c1=9), c1=9)"
"DPcat",307,"productCA",4,"miscCA(2, 7, 12) ||| productCA(miscCA(2, 7, 12), SCA_MS(22, 12)[, 1:21], 9) ||| miscCA(2, 7, 12) ||| SCA_MS(22, 12)","productCA(miscCA(2, 7, 12), productCA(miscCA(2, 7, 12), SCA_MS(22, 12)[,1:21], c1=9), c1=9)"
"DPcat",308,"productCA",4,"miscCA(2, 7, 12) ||| productCA(SCA_LCDST(18, 12)[, 1:17], SCA_LCDST(18, 12)[, 1:17], 12) ||| SCA_LCDST(18, 12) ||| SCA_LCDST(18, 12)","productCA(miscCA(2, 7, 12), productCA(SCA_LCDST(18, 12)[,1:17], SCA_LCDST(18, 12)[,1:17], c1=12), c1=9)"
"DPcat",309,"productCA",4,"miscCA(2, 7, 12) ||| productCA(SCA_LCDST(18, 12)[, 1:17], SCA_LCDST(19, 12)[, 1:18], 12) ||| SCA_LCDST(18, 12) ||| SCA_LCDST(19, 12)","productCA(miscCA(2, 7, 12), productCA(SCA_LCDST(18, 12)[,1:17], SCA_LCDST(19, 12)[,1:18], c1=12), c1=9)"
"DPcat",310,"productCA",6,"miscCA(2, 7, 12) ||| productCA(miscCA(2, 7, 12), productCA(miscCA(2, 7, 12), miscCA(2, 7, 12), c1 = 9), 9) ||| miscCA(2, 7, 12) ||| productCA(miscCA(2, 7, 12), miscCA(2, 7, 12), 9) ||| miscCA(2, 7, 12) ||| miscCA(2, 7, 12)","productCA(miscCA(2, 7, 12), productCA(miscCA(2, 7, 12), productCA(miscCA(2, 7, 12), miscCA(2, 7, 12), c1=9), c1=9), c1=9)"
"DPcat",311,"productCA",4,"miscCA(2, 7, 12) ||| productCA(CS_CMMSSY(20, 12)[, 1:19], CS_CMMSSY(20, 12)[, 1:19], 12) ||| CS_CMMSSY(20, 12) ||| CS_CMMSSY(20, 12)","productCA(miscCA(2, 7, 12), productCA(CS_CMMSSY(20, 12)[,1:19], CS_CMMSSY(20, 12)[,1:19], c1=12), c1=9)"
"DPcat",312,"productCA",4,"SCA_LCDST(18, 12) ||| productCA(SCA_LCDST(18, 12)[, 1:17], SCA_LCDST(18, 12)[, 1:17], 12) ||| SCA_LCDST(18, 12) ||| SCA_LCDST(18, 12)","productCA(SCA_LCDST(18, 12)[,1:17], productCA(SCA_LCDST(18, 12)[,1:17], SCA_LCDST(18, 12)[,1:17], c1=12), c1=12)"
"DPcat",313,"productCA",4,"SCA_LCDST(18, 12) ||| productCA(SCA_LCDST(18, 12)[, 1:17], SCA_LCDST(19, 12)[, 1:18], 12) ||| SCA_LCDST(18, 12) ||| SCA_LCDST(19, 12)","productCA(SCA_LCDST(18, 12)[,1:17], productCA(SCA_LCDST(18, 12)[,1:17], SCA_LCDST(19, 12)[,1:18], c1=12), c1=12)"
"DPcat",314,"productCA",6,"miscCA(2, 7, 12) ||| productCA(miscCA(2, 7, 12), productCA(miscCA(2, 7, 12), SCA_LCDST(18, 12)[, 1:17], c1 = 9), 9) ||| miscCA(2, 7, 12) ||| productCA(miscCA(2, 7, 12), SCA_LCDST(18, 12)[, 1:17], 9) ||| miscCA(2, 7, 12) ||| SCA_LCDST(18, 12)","productCA(miscCA(2, 7, 12), productCA(miscCA(2, 7, 12), productCA(miscCA(2, 7, 12), SCA_LCDST(18, 12)[,1:17], c1=9), c1=9), c1=9)"
"DPcat",315,"productCA",6,"miscCA(2, 7, 12) ||| productCA(miscCA(2, 7, 12), productCA(miscCA(2, 7, 12), SCA_LCDST(19, 12)[, 1:18], c1 = 9), 9) ||| miscCA(2, 7, 12) ||| productCA(miscCA(2, 7, 12), SCA_LCDST(19, 12)[, 1:18], 9) ||| miscCA(2, 7, 12) ||| SCA_LCDST(19, 12)","productCA(miscCA(2, 7, 12), productCA(miscCA(2, 7, 12), productCA(miscCA(2, 7, 12), SCA_LCDST(19, 12)[,1:18], c1=9), c1=9), c1=9)"
"DPcat",316,"productCA",6,"miscCA(2, 7, 12) ||| productCA(miscCA(2, 7, 12), productCA(miscCA(2, 7, 12), CS_CMMSSY(20, 12)[, 1:19], c1 = 9), 9) ||| miscCA(2, 7, 12) ||| productCA(miscCA(2, 7, 12), CS_CMMSSY(20, 12)[, 1:19], 9) ||| miscCA(2, 7, 12) ||| CS_CMMSSY(20, 12)","productCA(miscCA(2, 7, 12), productCA(miscCA(2, 7, 12), productCA(miscCA(2, 7, 12), CS_CMMSSY(20, 12)[,1:19], c1=9), c1=9), c1=9)"
"DPcat",317,"productCA",6,"miscCA(2, 7, 12) ||| productCA(miscCA(2, 7, 12), productCA(miscCA(2, 7, 12), SCA_MS(21, 12)[, 1:20], c1 = 9), 9) ||| miscCA(2, 7, 12) ||| productCA(miscCA(2, 7, 12), SCA_MS(21, 12)[, 1:20], 9) ||| miscCA(2, 7, 12) ||| SCA_MS(21, 12)","productCA(miscCA(2, 7, 12), productCA(miscCA(2, 7, 12), productCA(miscCA(2, 7, 12), SCA_MS(21, 12)[,1:20], c1=9), c1=9), c1=9)"
"DPcat",318,"productCA",6,"miscCA(2, 7, 12) ||| productCA(miscCA(2, 7, 12), productCA(miscCA(2, 7, 12), SCA_MS(22, 12)[, 1:21], c1 = 9), 9) ||| miscCA(2, 7, 12) ||| productCA(miscCA(2, 7, 12), SCA_MS(22, 12)[, 1:21], 9) ||| miscCA(2, 7, 12) ||| SCA_MS(22, 12)","productCA(miscCA(2, 7, 12), productCA(miscCA(2, 7, 12), productCA(miscCA(2, 7, 12), SCA_MS(22, 12)[,1:21], c1=9), c1=9), c1=9)"
"DPcat",319,"productCA",6,"miscCA(2, 7, 12) ||| productCA(miscCA(2, 7, 12), productCA(SCA_LCDST(18, 12)[, 1:17], SCA_LCDST(18, 12)[, 1:17],     c1 = 12), 9) ||| miscCA(2, 7, 12) ||| productCA(SCA_LCDST(18, 12)[, 1:17], SCA_LCDST(18, 12)[, 1:17], 12) ||| SCA_LCDST(18, 12) ||| SCA_LCDST(18, 12)","productCA(miscCA(2, 7, 12), productCA(miscCA(2, 7, 12), productCA(SCA_LCDST(18, 12)[,1:17], SCA_LCDST(18, 12)[,1:17], c1=12), c1=9), c1=9)"
"DPcat",320,"productCA",6,"miscCA(2, 7, 12) ||| productCA(miscCA(2, 7, 12), productCA(SCA_LCDST(18, 12)[, 1:17], SCA_LCDST(19, 12)[, 1:18],     c1 = 12), 9) ||| miscCA(2, 7, 12) ||| productCA(SCA_LCDST(18, 12)[, 1:17], SCA_LCDST(19, 12)[, 1:18], 12) ||| SCA_LCDST(18, 12) ||| SCA_LCDST(19, 12)","productCA(miscCA(2, 7, 12), productCA(miscCA(2, 7, 12), productCA(SCA_LCDST(18, 12)[,1:17], SCA_LCDST(19, 12)[,1:18], c1=12), c1=9), c1=9)"
"DPcat",321,"productCA",6,"miscCA(2, 7, 12) ||| productCA(miscCA(2, 7, 12), productCA(SCA_LCDST(19, 12)[, 1:18], SCA_LCDST(19, 12)[, 1:18],     c1 = 12), 9) ||| miscCA(2, 7, 12) ||| productCA(SCA_LCDST(19, 12)[, 1:18], SCA_LCDST(19, 12)[, 1:18], 12) ||| SCA_LCDST(19, 12) ||| SCA_LCDST(19, 12)","productCA(miscCA(2, 7, 12), productCA(miscCA(2, 7, 12), productCA(SCA_LCDST(19, 12)[,1:18], SCA_LCDST(19, 12)[,1:18], c1=12), c1=9), c1=9)"
"DPcat",322,"productCA",8,"miscCA(2, 7, 12) ||| productCA(miscCA(2, 7, 12), productCA(miscCA(2, 7, 12), productCA(miscCA(2, 7, 12), miscCA(2,     7, 12), c1 = 9), c1 = 9), 9) ||| miscCA(2, 7, 12) ||| productCA(miscCA(2, 7, 12), productCA(miscCA(2, 7, 12), miscCA(2, 7, 12), c1 = 9), 9) ||| miscCA(2, 7, 12) ||| productCA(miscCA(2, 7, 12), miscCA(2, 7, 12), 9) ||| miscCA(2, 7, 12) ||| miscCA(2, 7, 12)","productCA(miscCA(2, 7, 12), productCA(miscCA(2, 7, 12), productCA(miscCA(2, 7, 12), productCA(miscCA(2, 7, 12), miscCA(2, 7, 12), c1=9), c1=9), c1=9), c1=9)"
"DPcat",323,"productCA",6,"miscCA(2, 7, 12) ||| productCA(miscCA(2, 7, 12), productCA(CS_CMMSSY(20, 12)[, 1:19], CS_CMMSSY(20, 12)[, 1:19],     c1 = 12), 9) ||| miscCA(2, 7, 12) ||| productCA(CS_CMMSSY(20, 12)[, 1:19], CS_CMMSSY(20, 12)[, 1:19], 12) ||| CS_CMMSSY(20, 12) ||| CS_CMMSSY(20, 12)","productCA(miscCA(2, 7, 12), productCA(miscCA(2, 7, 12), productCA(CS_CMMSSY(20, 12)[,1:19], CS_CMMSSY(20, 12)[,1:19], c1=12), c1=9), c1=9)"
"DPcat",324,"productCA",6,"miscCA(2, 7, 12) ||| productCA(SCA_LCDST(18, 12)[, 1:17], productCA(SCA_LCDST(18, 12)[, 1:17], SCA_LCDST(18, 12)[, 1:17],     c1 = 12), 12) ||| SCA_LCDST(18, 12) ||| productCA(SCA_LCDST(18, 12)[, 1:17], SCA_LCDST(18, 12)[, 1:17], 12) ||| SCA_LCDST(18, 12) ||| SCA_LCDST(18, 12)","productCA(miscCA(2, 7, 12), productCA(SCA_LCDST(18, 12)[,1:17], productCA(SCA_LCDST(18, 12)[,1:17], SCA_LCDST(18, 12)[,1:17], c1=12), c1=12), c1=9)"
"DPcat",325,"productCA",2,"CS_CMMSSY(18, 13) ||| CS_CMMSSY(18, 13)","productCA(CS_CMMSSY(18, 13)[,1:17], CS_CMMSSY(18, 13)[,1:17], c1=13)"
"DPcat",326,"productCA",2,"CS_CMMSSY(18, 13) ||| SCA_LCDST(19, 13)","productCA(CS_CMMSSY(18, 13)[,1:17], SCA_LCDST(19, 13)[,1:18], c1=13)"
"DPcat",327,"productCA",2,"SCA_LCDST(19, 13) ||| SCA_LCDST(19, 13)","productCA(SCA_LCDST(19, 13)[,1:18], SCA_LCDST(19, 13)[,1:18], c1=13)"
"DPcat",328,"productCA",2,"SCA_LCDST(19, 13) ||| SCA_LCDST(20, 13)","productCA(SCA_LCDST(19, 13)[,1:18], SCA_LCDST(20, 13)[,1:19], c1=13)"
"DPcat",329,"productCA",2,"SCA_LCDST(20, 13) ||| SCA_LCDST(20, 13)","productCA(SCA_LCDST(20, 13)[,1:19], SCA_LCDST(20, 13)[,1:19], c1=13)"
"DPcat",330,"productCA",2,"SCA_LCDST(20, 13) ||| SCA_LCDST(21, 13)","productCA(SCA_LCDST(20, 13)[,1:19], SCA_LCDST(21, 13)[,1:20], c1=13)"
"DPcat",331,"productCA",2,"SCA_LCDST(21, 13) ||| SCA_LCDST(21, 13)","productCA(SCA_LCDST(21, 13)[,1:20], SCA_LCDST(21, 13)[,1:20], c1=13)"
"DPcat",332,"productCA",2,"SCA_LCDST(21, 13) ||| SCA_MS(22, 13)","productCA(SCA_LCDST(21, 13)[,1:20], SCA_MS(22, 13)[,1:21], c1=13)"
"DPcat",333,"productCA",2,"SCA_MS(22, 13) ||| SCA_MS(22, 13)","productCA(SCA_MS(22, 13)[,1:21], SCA_MS(22, 13)[,1:21], c1=13)"
"DPcat",334,"productCA",2,"SCA_MS(22, 13) ||| SCA_MS(23, 13)","productCA(SCA_MS(22, 13)[,1:21], SCA_MS(23, 13)[,1:22], c1=13)"
"DPcat",335,"productCA",2,"SCA_MS(23, 13) ||| SCA_MS(23, 13)","productCA(SCA_MS(23, 13)[,1:22], SCA_MS(23, 13)[,1:22], c1=13)"
"DPcat",336,"productCA",2,"SCA_MS(23, 13) ||| SCA_MS(24, 13)","productCA(SCA_MS(23, 13)[,1:22], SCA_MS(24, 13)[,1:23], c1=13)"
"DPcat",337,"productCA",2,"SCA_MS(24, 13) ||| SCA_MS(24, 13)","productCA(SCA_MS(24, 13)[,1:23], SCA_MS(24, 13)[,1:23], c1=13)"
"DPcat",338,"productCA",4,"SCA_Bose(13) ||| productCA(CS_CMMSSY(18, 13)[, 1:17], CS_CMMSSY(18, 13)[, 1:17], 13) ||| CS_CMMSSY(18, 13) ||| CS_CMMSSY(18, 13)","productCA(SCA_Bose(13)[,1:13], productCA(CS_CMMSSY(18, 13)[,1:17], CS_CMMSSY(18, 13)[,1:17], c1=13), c1=13)"
"DPcat",339,"productCA",4,"SCA_Bose(13) ||| productCA(CS_CMMSSY(18, 13)[, 1:17], SCA_LCDST(19, 13)[, 1:18], 13) ||| CS_CMMSSY(18, 13) ||| SCA_LCDST(19, 13)","productCA(SCA_Bose(13)[,1:13], productCA(CS_CMMSSY(18, 13)[,1:17], SCA_LCDST(19, 13)[,1:18], c1=13), c1=13)"
"DPcat",340,"productCA",4,"SCA_Bose(13) ||| productCA(SCA_LCDST(19, 13)[, 1:18], SCA_LCDST(19, 13)[, 1:18], 13) ||| SCA_LCDST(19, 13) ||| SCA_LCDST(19, 13)","productCA(SCA_Bose(13)[,1:13], productCA(SCA_LCDST(19, 13)[,1:18], SCA_LCDST(19, 13)[,1:18], c1=13), c1=13)"
"DPcat",341,"productCA",4,"SCA_Bose(13) ||| productCA(SCA_LCDST(19, 13)[, 1:18], SCA_LCDST(20, 13)[, 1:19], 13) ||| SCA_LCDST(19, 13) ||| SCA_LCDST(20, 13)","productCA(SCA_Bose(13)[,1:13], productCA(SCA_LCDST(19, 13)[,1:18], SCA_LCDST(20, 13)[,1:19], c1=13), c1=13)"
"DPcat",342,"productCA",4,"CS_CMMSSY(18, 13) ||| productCA(CS_CMMSSY(18, 13)[, 1:17], CS_CMMSSY(18, 13)[, 1:17], 13) ||| CS_CMMSSY(18, 13) ||| CS_CMMSSY(18, 13)","productCA(CS_CMMSSY(18, 13)[,1:17], productCA(CS_CMMSSY(18, 13)[,1:17], CS_CMMSSY(18, 13)[,1:17], c1=13), c1=13)"
"DPcat",343,"productCA",4,"CS_CMMSSY(18, 13) ||| productCA(CS_CMMSSY(18, 13)[, 1:17], SCA_LCDST(19, 13)[, 1:18], 13) ||| CS_CMMSSY(18, 13) ||| SCA_LCDST(19, 13)","productCA(CS_CMMSSY(18, 13)[,1:17], productCA(CS_CMMSSY(18, 13)[,1:17], SCA_LCDST(19, 13)[,1:18], c1=13), c1=13)"
"DPcat",344,"productCA",4,"CS_CMMSSY(18, 13) ||| productCA(SCA_LCDST(19, 13)[, 1:18], SCA_LCDST(19, 13)[, 1:18], 13) ||| SCA_LCDST(19, 13) ||| SCA_LCDST(19, 13)","productCA(CS_CMMSSY(18, 13)[,1:17], productCA(SCA_LCDST(19, 13)[,1:18], SCA_LCDST(19, 13)[,1:18], c1=13), c1=13)"
"DPcat",345,"productCA",4,"SCA_LCDST(19, 13) ||| productCA(SCA_LCDST(19, 13)[, 1:18], SCA_LCDST(19, 13)[, 1:18], 13) ||| SCA_LCDST(19, 13) ||| SCA_LCDST(19, 13)","productCA(SCA_LCDST(19, 13)[,1:18], productCA(SCA_LCDST(19, 13)[,1:18], SCA_LCDST(19, 13)[,1:18], c1=13), c1=13)"
"DPcat",346,"productCA",4,"SCA_LCDST(19, 13) ||| productCA(SCA_LCDST(19, 13)[, 1:18], SCA_LCDST(20, 13)[, 1:19], 13) ||| SCA_LCDST(19, 13) ||| SCA_LCDST(20, 13)","productCA(SCA_LCDST(19, 13)[,1:18], productCA(SCA_LCDST(19, 13)[,1:18], SCA_LCDST(20, 13)[,1:19], c1=13), c1=13)"
"DPcat",347,"productCA",4,"SCA_LCDST(19, 13) ||| productCA(SCA_LCDST(20, 13)[, 1:19], SCA_LCDST(20, 13)[, 1:19], 13) ||| SCA_LCDST(20, 13) ||| SCA_LCDST(20, 13)","productCA(SCA_LCDST(19, 13)[,1:18], productCA(SCA_LCDST(20, 13)[,1:19], SCA_LCDST(20, 13)[,1:19], c1=13), c1=13)"
"DPcat",348,"productCA",4,"SCA_LCDST(20, 13) ||| productCA(SCA_LCDST(20, 13)[, 1:19], SCA_LCDST(20, 13)[, 1:19], 13) ||| SCA_LCDST(20, 13) ||| SCA_LCDST(20, 13)","productCA(SCA_LCDST(20, 13)[,1:19], productCA(SCA_LCDST(20, 13)[,1:19], SCA_LCDST(20, 13)[,1:19], c1=13), c1=13)"
"DPcat",349,"productCA",4,"SCA_LCDST(20, 13) ||| productCA(SCA_LCDST(20, 13)[, 1:19], SCA_LCDST(21, 13)[, 1:20], 13) ||| SCA_LCDST(20, 13) ||| SCA_LCDST(21, 13)","productCA(SCA_LCDST(20, 13)[,1:19], productCA(SCA_LCDST(20, 13)[,1:19], SCA_LCDST(21, 13)[,1:20], c1=13), c1=13)"
"DPcat",350,"productCA",4,"SCA_LCDST(20, 13) ||| productCA(SCA_LCDST(21, 13)[, 1:20], SCA_LCDST(21, 13)[, 1:20], 13) ||| SCA_LCDST(21, 13) ||| SCA_LCDST(21, 13)","productCA(SCA_LCDST(20, 13)[,1:19], productCA(SCA_LCDST(21, 13)[,1:20], SCA_LCDST(21, 13)[,1:20], c1=13), c1=13)"
"DPcat",351,"productCA",6,"SCA_Bose(13) ||| productCA(SCA_Bose(13)[, 1:13], productCA(CS_CMMSSY(18, 13)[, 1:17], CS_CMMSSY(18, 13)[, 1:17],     c1 = 13), 13) ||| SCA_Bose(13) ||| productCA(CS_CMMSSY(18, 13)[, 1:17], CS_CMMSSY(18, 13)[, 1:17], 13) ||| CS_CMMSSY(18, 13) ||| CS_CMMSSY(18, 13)","productCA(SCA_Bose(13)[,1:13], productCA(SCA_Bose(13)[,1:13], productCA(CS_CMMSSY(18, 13)[,1:17], CS_CMMSSY(18, 13)[,1:17], c1=13), c1=13), c1=13)"
"DPcat",352,"productCA",2,"SCA_LCDST(21, 14) ||| SCA_LCDST(21, 14)","productCA(SCA_LCDST(21, 14)[,1:20], SCA_LCDST(21, 14)[,1:20], c1=14)"
"DPcat",353,"productCA",2,"SCA_LCDST(21, 14) ||| SCA_LCDST(22, 14)","productCA(SCA_LCDST(21, 14)[,1:20], SCA_LCDST(22, 14)[,1:21], c1=14)"
"DPcat",354,"productCA",2,"SCA_LCDST(22, 14) ||| SCA_LCDST(22, 14)","productCA(SCA_LCDST(22, 14)[,1:21], SCA_LCDST(22, 14)[,1:21], c1=14)"
"DPcat",355,"productCA",2,"SCA_LCDST(22, 14) ||| SCA_LCDST(23, 14)","productCA(SCA_LCDST(22, 14)[,1:21], SCA_LCDST(23, 14)[,1:22], c1=14)"
"DPcat",356,"productCA",2,"SCA_LCDST(23, 14) ||| SCA_LCDST(23, 14)","productCA(SCA_LCDST(23, 14)[,1:22], SCA_LCDST(23, 14)[,1:22], c1=14)"
"DPcat",357,"productCA",2,"SCA_LCDST(23, 14) ||| SCA_MS(24, 14)","productCA(SCA_LCDST(23, 14)[,1:22], SCA_MS(24, 14)[,1:23], c1=14)"
"DPcat",358,"productCA",2,"SCA_MS(24, 14) ||| SCA_MS(24, 14)","productCA(SCA_MS(24, 14)[,1:23], SCA_MS(24, 14)[,1:23], c1=14)"
"DPcat",359,"productCA",2,"SCA_MS(24, 14) ||| SCA_LCDST(25, 14)","productCA(SCA_MS(24, 14)[,1:23], SCA_LCDST(25, 14)[,1:24], c1=14)"
"DPcat",360,"productCA",2,"SCA_LCDST(25, 14) ||| SCA_LCDST(25, 14)","productCA(SCA_LCDST(25, 14)[,1:24], SCA_LCDST(25, 14)[,1:24], c1=14)"
"DPcat",361,"productCA",2,"SCA_LCDST(25, 14) ||| SCA_MS(26, 14)","productCA(SCA_LCDST(25, 14)[,1:24], SCA_MS(26, 14)[,1:25], c1=14)"
"DPcat",362,"productCA",2,"SCA_MS(26, 14) ||| SCA_MS(26, 14)","productCA(SCA_MS(26, 14)[,1:25], SCA_MS(26, 14)[,1:25], c1=14)"
"DPcat",363,"productCA",2,"SCA_MS(26, 14) ||| SCA_MS(27, 14)","productCA(SCA_MS(26, 14)[,1:25], SCA_MS(27, 14)[,1:26], c1=14)"
"DPcat",364,"productCA",2,"SCA_MS(27, 14) ||| SCA_MS(27, 14)","productCA(SCA_MS(27, 14)[,1:26], SCA_MS(27, 14)[,1:26], c1=14)"
"DPcat",365,"productCA",2,"SCA_MS(27, 14) ||| SCA_MS(28, 14)","productCA(SCA_MS(27, 14)[,1:26], SCA_MS(28, 14)[,1:27], c1=14)"
"DPcat",366,"productCA",2,"SCA_MS(28, 14) ||| SCA_MS(28, 14)","productCA(SCA_MS(28, 14)[,1:27], SCA_MS(28, 14)[,1:27], c1=14)"
"DPcat",367,"productCA",2,"SCA_MS(28, 14) ||| SCA_MS(29, 14)","productCA(SCA_MS(28, 14)[,1:27], SCA_MS(29, 14)[,1:28], c1=14)"
"DPcat",368,"productCA",2,"SCA_MS(29, 14) ||| SCA_MS(29, 14)","productCA(SCA_MS(29, 14)[,1:28], SCA_MS(29, 14)[,1:28], c1=14)"
"DPcat",369,"productCA",4,"SCA_LCDST(21, 14) ||| productCA(SCA_LCDST(21, 14)[, 1:20], SCA_LCDST(21, 14)[, 1:20], 14) ||| SCA_LCDST(21, 14) ||| SCA_LCDST(21, 14)","productCA(SCA_LCDST(21, 14)[,1:20], productCA(SCA_LCDST(21, 14)[,1:20], SCA_LCDST(21, 14)[,1:20], c1=14), c1=14)"
"DPcat",370,"productCA",4,"SCA_LCDST(21, 14) ||| productCA(SCA_LCDST(21, 14)[, 1:20], SCA_LCDST(22, 14)[, 1:21], 14) ||| SCA_LCDST(21, 14) ||| SCA_LCDST(22, 14)","productCA(SCA_LCDST(21, 14)[,1:20], productCA(SCA_LCDST(21, 14)[,1:20], SCA_LCDST(22, 14)[,1:21], c1=14), c1=14)"
"DPcat",371,"productCA",4,"SCA_LCDST(21, 14) ||| productCA(SCA_LCDST(22, 14)[, 1:21], SCA_LCDST(22, 14)[, 1:21], 14) ||| SCA_LCDST(22, 14) ||| SCA_LCDST(22, 14)","productCA(SCA_LCDST(21, 14)[,1:20], productCA(SCA_LCDST(22, 14)[,1:21], SCA_LCDST(22, 14)[,1:21], c1=14), c1=14)"
"DPcat",372,"productCA",4,"SCA_LCDST(22, 14) ||| productCA(SCA_LCDST(22, 14)[, 1:21], SCA_LCDST(22, 14)[, 1:21], 14) ||| SCA_LCDST(22, 14) ||| SCA_LCDST(22, 14)","productCA(SCA_LCDST(22, 14)[,1:21], productCA(SCA_LCDST(22, 14)[,1:21], SCA_LCDST(22, 14)[,1:21], c1=14), c1=14)"
"DPcat",373,"productCA",4,"SCA_LCDST(22, 14) ||| productCA(SCA_LCDST(22, 14)[, 1:21], SCA_LCDST(23, 14)[, 1:22], 14) ||| SCA_LCDST(22, 14) ||| SCA_LCDST(23, 14)","productCA(SCA_LCDST(22, 14)[,1:21], productCA(SCA_LCDST(22, 14)[,1:21], SCA_LCDST(23, 14)[,1:22], c1=14), c1=14)"
"DPcat",374,"productCA",4,"SCA_LCDST(22, 14) ||| productCA(SCA_LCDST(23, 14)[, 1:22], SCA_LCDST(23, 14)[, 1:22], 14) ||| SCA_LCDST(23, 14) ||| SCA_LCDST(23, 14)","productCA(SCA_LCDST(22, 14)[,1:21], productCA(SCA_LCDST(23, 14)[,1:22], SCA_LCDST(23, 14)[,1:22], c1=14), c1=14)"
"DPcat",375,"productCA",4,"SCA_LCDST(23, 14) ||| productCA(SCA_LCDST(23, 14)[, 1:22], SCA_LCDST(23, 14)[, 1:22], 14) ||| SCA_LCDST(23, 14) ||| SCA_LCDST(23, 14)","productCA(SCA_LCDST(23, 14)[,1:22], productCA(SCA_LCDST(23, 14)[,1:22], SCA_LCDST(23, 14)[,1:22], c1=14), c1=14)"
"DPcat",376,"productCA",4,"SCA_LCDST(23, 14) ||| productCA(SCA_LCDST(23, 14)[, 1:22], SCA_MS(24, 14)[, 1:23], 14) ||| SCA_LCDST(23, 14) ||| SCA_MS(24, 14)","productCA(SCA_LCDST(23, 14)[,1:22], productCA(SCA_LCDST(23, 14)[,1:22], SCA_MS(24, 14)[,1:23], c1=14), c1=14)"
"DPcat",377,"productCA",4,"SCA_LCDST(23, 14) ||| productCA(SCA_MS(24, 14)[, 1:23], SCA_MS(24, 14)[, 1:23], 14) ||| SCA_MS(24, 14) ||| SCA_MS(24, 14)","productCA(SCA_LCDST(23, 14)[,1:22], productCA(SCA_MS(24, 14)[,1:23], SCA_MS(24, 14)[,1:23], c1=14), c1=14)"
"DPcat",378,"productCA",4,"SCA_MS(24, 14) ||| productCA(SCA_MS(24, 14)[, 1:23], SCA_MS(24, 14)[, 1:23], 14) ||| SCA_MS(24, 14) ||| SCA_MS(24, 14)","productCA(SCA_MS(24, 14)[,1:23], productCA(SCA_MS(24, 14)[,1:23], SCA_MS(24, 14)[,1:23], c1=14), c1=14)"
"DPcat",379,"productCA",4,"SCA_MS(24, 14) ||| productCA(SCA_MS(24, 14)[, 1:23], SCA_LCDST(25, 14)[, 1:24], 14) ||| SCA_MS(24, 14) ||| SCA_LCDST(25, 14)","productCA(SCA_MS(24, 14)[,1:23], productCA(SCA_MS(24, 14)[,1:23], SCA_LCDST(25, 14)[,1:24], c1=14), c1=14)"
"DPcat",380,"productCA",4,"SCA_MS(24, 14) ||| productCA(SCA_LCDST(25, 14)[, 1:24], SCA_LCDST(25, 14)[, 1:24], 14) ||| SCA_LCDST(25, 14) ||| SCA_LCDST(25, 14)","productCA(SCA_MS(24, 14)[,1:23], productCA(SCA_LCDST(25, 14)[,1:24], SCA_LCDST(25, 14)[,1:24], c1=14), c1=14)"
"DPcat",381,"productCA",4,"SCA_LCDST(25, 14) ||| productCA(SCA_LCDST(25, 14)[, 1:24], SCA_LCDST(25, 14)[, 1:24], 14) ||| SCA_LCDST(25, 14) ||| SCA_LCDST(25, 14)","productCA(SCA_LCDST(25, 14)[,1:24], productCA(SCA_LCDST(25, 14)[,1:24], SCA_LCDST(25, 14)[,1:24], c1=14), c1=14)"
"DPcat",382,"productCA",4,"SCA_LCDST(25, 14) ||| productCA(SCA_LCDST(25, 14)[, 1:24], SCA_MS(26, 14)[, 1:25], 14) ||| SCA_LCDST(25, 14) ||| SCA_MS(26, 14)","productCA(SCA_LCDST(25, 14)[,1:24], productCA(SCA_LCDST(25, 14)[,1:24], SCA_MS(26, 14)[,1:25], c1=14), c1=14)"
"DPcat",383,"productCA",4,"SCA_LCDST(25, 14) ||| productCA(SCA_MS(26, 14)[, 1:25], SCA_MS(26, 14)[, 1:25], 14) ||| SCA_MS(26, 14) ||| SCA_MS(26, 14)","productCA(SCA_LCDST(25, 14)[,1:24], productCA(SCA_MS(26, 14)[,1:25], SCA_MS(26, 14)[,1:25], c1=14), c1=14)"
"DPcat",384,"productCA",4,"SCA_MS(26, 14) ||| productCA(SCA_MS(26, 14)[, 1:25], SCA_MS(26, 14)[, 1:25], 14) ||| SCA_MS(26, 14) ||| SCA_MS(26, 14)","productCA(SCA_MS(26, 14)[,1:25], productCA(SCA_MS(26, 14)[,1:25], SCA_MS(26, 14)[,1:25], c1=14), c1=14)"
"DPcat",385,"productCA",4,"SCA_MS(26, 14) ||| productCA(SCA_MS(26, 14)[, 1:25], SCA_MS(27, 14)[, 1:26], 14) ||| SCA_MS(26, 14) ||| SCA_MS(27, 14)","productCA(SCA_MS(26, 14)[,1:25], productCA(SCA_MS(26, 14)[,1:25], SCA_MS(27, 14)[,1:26], c1=14), c1=14)"
"DPcat",386,"productCA",4,"SCA_MS(26, 14) ||| productCA(SCA_MS(27, 14)[, 1:26], SCA_MS(27, 14)[, 1:26], 14) ||| SCA_MS(27, 14) ||| SCA_MS(27, 14)","productCA(SCA_MS(26, 14)[,1:25], productCA(SCA_MS(27, 14)[,1:26], SCA_MS(27, 14)[,1:26], c1=14), c1=14)"
"DPcat",387,"productCA",4,"SCA_MS(27, 14) ||| productCA(SCA_MS(27, 14)[, 1:26], SCA_MS(27, 14)[, 1:26], 14) ||| SCA_MS(27, 14) ||| SCA_MS(27, 14)","productCA(SCA_MS(27, 14)[,1:26], productCA(SCA_MS(27, 14)[,1:26], SCA_MS(27, 14)[,1:26], c1=14), c1=14)"
"DPcat",388,"productCA",4,"SCA_MS(27, 14) ||| productCA(SCA_MS(27, 14)[, 1:26], SCA_MS(28, 14)[, 1:27], 14) ||| SCA_MS(27, 14) ||| SCA_MS(28, 14)","productCA(SCA_MS(27, 14)[,1:26], productCA(SCA_MS(27, 14)[,1:26], SCA_MS(28, 14)[,1:27], c1=14), c1=14)"
"DPcat",389,"productCA",6,"SCA_LCDST(21, 14) ||| productCA(SCA_LCDST(21, 14)[, 1:20], productCA(SCA_LCDST(21, 14)[, 1:20], SCA_LCDST(21, 14)[, 1:20],     c1 = 14), 14) ||| SCA_LCDST(21, 14) ||| productCA(SCA_LCDST(21, 14)[, 1:20], SCA_LCDST(21, 14)[, 1:20], 14) ||| SCA_LCDST(21, 14) ||| SCA_LCDST(21, 14)","productCA(SCA_LCDST(21, 14)[,1:20], productCA(SCA_LCDST(21, 14)[,1:20], productCA(SCA_LCDST(21, 14)[,1:20], SCA_LCDST(21, 14)[,1:20], c1=14), c1=14), c1=14)"
"DPcat",390,"productCA",2,"SCA_LCDST(24, 15) ||| SCA_LCDST(24, 15)","productCA(SCA_LCDST(24, 15)[,1:23], SCA_LCDST(24, 15)[,1:23], c1=15)"
"DPcat",391,"productCA",2,"SCA_LCDST(24, 15) ||| SCA_LCDST(25, 15)","productCA(SCA_LCDST(24, 15)[,1:23], SCA_LCDST(25, 15)[,1:24], c1=15)"
"DPcat",392,"productCA",2,"SCA_LCDST(25, 15) ||| SCA_LCDST(25, 15)","productCA(SCA_LCDST(25, 15)[,1:24], SCA_LCDST(25, 15)[,1:24], c1=15)"
"DPcat",393,"productCA",2,"SCA_LCDST(25, 15) ||| SCA_LCDST(26, 15)","productCA(SCA_LCDST(25, 15)[,1:24], SCA_LCDST(26, 15)[,1:25], c1=15)"
"DPcat",394,"productCA",2,"SCA_LCDST(26, 15) ||| SCA_LCDST(26, 15)","productCA(SCA_LCDST(26, 15)[,1:25], SCA_LCDST(26, 15)[,1:25], c1=15)"
"DPcat",395,"productCA",2,"SCA_LCDST(26, 15) ||| SCA_LCDST(27, 15)","productCA(SCA_LCDST(26, 15)[,1:25], SCA_LCDST(27, 15)[,1:26], c1=15)"
"DPcat",396,"productCA",2,"SCA_LCDST(27, 15) ||| SCA_LCDST(27, 15)","productCA(SCA_LCDST(27, 15)[,1:26], SCA_LCDST(27, 15)[,1:26], c1=15)"
"DPcat",397,"productCA",2,"SCA_LCDST(27, 15) ||| CS_CMMSSY(28, 15)","productCA(SCA_LCDST(27, 15)[,1:26], CS_CMMSSY(28, 15)[,1:27], c1=15)"
"DPcat",398,"productCA",2,"CS_CMMSSY(28, 15) ||| CS_CMMSSY(28, 15)","productCA(CS_CMMSSY(28, 15)[,1:27], CS_CMMSSY(28, 15)[,1:27], c1=15)"
"DPcat",399,"productCA",2,"CS_CMMSSY(28, 15) ||| SCA_MS(29, 15)","productCA(CS_CMMSSY(28, 15)[,1:27], SCA_MS(29, 15)[,1:28], c1=15)"
"DPcat",400,"productCA",2,"SCA_MS(29, 15) ||| SCA_MS(29, 15)","productCA(SCA_MS(29, 15)[,1:28], SCA_MS(29, 15)[,1:28], c1=15)"
"DPcat",401,"productCA",2,"SCA_MS(29, 15) ||| SCA_MS(30, 15)","productCA(SCA_MS(29, 15)[,1:28], SCA_MS(30, 15)[,1:29], c1=15)"
"DPcat",402,"productCA",2,"SCA_MS(30, 15) ||| SCA_MS(30, 15)","productCA(SCA_MS(30, 15)[,1:29], SCA_MS(30, 15)[,1:29], c1=15)"
"DPcat",403,"productCA",2,"SCA_MS(30, 15) ||| SCA_MS(31, 15)","productCA(SCA_MS(30, 15)[,1:29], SCA_MS(31, 15)[,1:30], c1=15)"
"DPcat",404,"productCA",2,"SCA_MS(31, 15) ||| SCA_MS(31, 15)","productCA(SCA_MS(31, 15)[,1:30], SCA_MS(31, 15)[,1:30], c1=15)"
"DPcat",405,"productCA",4,"SCA_LCDST(24, 15) ||| productCA(SCA_LCDST(24, 15)[, 1:23], SCA_LCDST(24, 15)[, 1:23], 15) ||| SCA_LCDST(24, 15) ||| SCA_LCDST(24, 15)","productCA(SCA_LCDST(24, 15)[,1:23], productCA(SCA_LCDST(24, 15)[,1:23], SCA_LCDST(24, 15)[,1:23], c1=15), c1=15)"
"DPcat",406,"productCA",4,"SCA_LCDST(24, 15) ||| productCA(SCA_LCDST(24, 15)[, 1:23], SCA_LCDST(25, 15)[, 1:24], 15) ||| SCA_LCDST(24, 15) ||| SCA_LCDST(25, 15)","productCA(SCA_LCDST(24, 15)[,1:23], productCA(SCA_LCDST(24, 15)[,1:23], SCA_LCDST(25, 15)[,1:24], c1=15), c1=15)"
"DPcat",407,"productCA",4,"SCA_LCDST(24, 15) ||| productCA(SCA_LCDST(25, 15)[, 1:24], SCA_LCDST(25, 15)[, 1:24], 15) ||| SCA_LCDST(25, 15) ||| SCA_LCDST(25, 15)","productCA(SCA_LCDST(24, 15)[,1:23], productCA(SCA_LCDST(25, 15)[,1:24], SCA_LCDST(25, 15)[,1:24], c1=15), c1=15)"
"DPcat",408,"productCA",4,"SCA_LCDST(25, 15) ||| productCA(SCA_LCDST(25, 15)[, 1:24], SCA_LCDST(25, 15)[, 1:24], 15) ||| SCA_LCDST(25, 15) ||| SCA_LCDST(25, 15)","productCA(SCA_LCDST(25, 15)[,1:24], productCA(SCA_LCDST(25, 15)[,1:24], SCA_LCDST(25, 15)[,1:24], c1=15), c1=15)"
"DPcat",409,"productCA",4,"SCA_LCDST(25, 15) ||| productCA(SCA_LCDST(25, 15)[, 1:24], SCA_LCDST(26, 15)[, 1:25], 15) ||| SCA_LCDST(25, 15) ||| SCA_LCDST(26, 15)","productCA(SCA_LCDST(25, 15)[,1:24], productCA(SCA_LCDST(25, 15)[,1:24], SCA_LCDST(26, 15)[,1:25], c1=15), c1=15)"
"DPcat",410,"productCA",4,"SCA_LCDST(25, 15) ||| productCA(SCA_LCDST(26, 15)[, 1:25], SCA_LCDST(26, 15)[, 1:25], 15) ||| SCA_LCDST(26, 15) ||| SCA_LCDST(26, 15)","productCA(SCA_LCDST(25, 15)[,1:24], productCA(SCA_LCDST(26, 15)[,1:25], SCA_LCDST(26, 15)[,1:25], c1=15), c1=15)"
"DPcat",411,"productCA",4,"SCA_LCDST(26, 15) ||| productCA(SCA_LCDST(26, 15)[, 1:25], SCA_LCDST(26, 15)[, 1:25], 15) ||| SCA_LCDST(26, 15) ||| SCA_LCDST(26, 15)","productCA(SCA_LCDST(26, 15)[,1:25], productCA(SCA_LCDST(26, 15)[,1:25], SCA_LCDST(26, 15)[,1:25], c1=15), c1=15)"
"DPcat",412,"productCA",4,"SCA_LCDST(26, 15) ||| productCA(SCA_LCDST(26, 15)[, 1:25], SCA_LCDST(27, 15)[, 1:26], 15) ||| SCA_LCDST(26, 15) ||| SCA_LCDST(27, 15)","productCA(SCA_LCDST(26, 15)[,1:25], productCA(SCA_LCDST(26, 15)[,1:25], SCA_LCDST(27, 15)[,1:26], c1=15), c1=15)"
"DPcat",413,"productCA",4,"SCA_LCDST(26, 15) ||| productCA(SCA_LCDST(27, 15)[, 1:26], SCA_LCDST(27, 15)[, 1:26], 15) ||| SCA_LCDST(27, 15) ||| SCA_LCDST(27, 15)","productCA(SCA_LCDST(26, 15)[,1:25], productCA(SCA_LCDST(27, 15)[,1:26], SCA_LCDST(27, 15)[,1:26], c1=15), c1=15)"
"DPcat",414,"productCA",4,"SCA_LCDST(27, 15) ||| productCA(SCA_LCDST(27, 15)[, 1:26], SCA_LCDST(27, 15)[, 1:26], 15) ||| SCA_LCDST(27, 15) ||| SCA_LCDST(27, 15)","productCA(SCA_LCDST(27, 15)[,1:26], productCA(SCA_LCDST(27, 15)[,1:26], SCA_LCDST(27, 15)[,1:26], c1=15), c1=15)"
"DPcat",415,"productCA",4,"SCA_LCDST(27, 15) ||| productCA(SCA_LCDST(27, 15)[, 1:26], CS_CMMSSY(28, 15)[, 1:27], 15) ||| SCA_LCDST(27, 15) ||| CS_CMMSSY(28, 15)","productCA(SCA_LCDST(27, 15)[,1:26], productCA(SCA_LCDST(27, 15)[,1:26], CS_CMMSSY(28, 15)[,1:27], c1=15), c1=15)"
"DPcat",416,"productCA",4,"SCA_LCDST(27, 15) ||| productCA(CS_CMMSSY(28, 15)[, 1:27], CS_CMMSSY(28, 15)[, 1:27], 15) ||| CS_CMMSSY(28, 15) ||| CS_CMMSSY(28, 15)","productCA(SCA_LCDST(27, 15)[,1:26], productCA(CS_CMMSSY(28, 15)[,1:27], CS_CMMSSY(28, 15)[,1:27], c1=15), c1=15)"
"DPcat",417,"productCA",4,"CS_CMMSSY(28, 15) ||| productCA(CS_CMMSSY(28, 15)[, 1:27], CS_CMMSSY(28, 15)[, 1:27], 15) ||| CS_CMMSSY(28, 15) ||| CS_CMMSSY(28, 15)","productCA(CS_CMMSSY(28, 15)[,1:27], productCA(CS_CMMSSY(28, 15)[,1:27], CS_CMMSSY(28, 15)[,1:27], c1=15), c1=15)"
"DPcat",418,"productCA",4,"CS_CMMSSY(28, 15) ||| productCA(CS_CMMSSY(28, 15)[, 1:27], SCA_MS(29, 15)[, 1:28], 15) ||| CS_CMMSSY(28, 15) ||| SCA_MS(29, 15)","productCA(CS_CMMSSY(28, 15)[,1:27], productCA(CS_CMMSSY(28, 15)[,1:27], SCA_MS(29, 15)[,1:28], c1=15), c1=15)"
"DPcat",419,"productCA",2,"SCA_LCDST(25, 16) ||| SCA_LCDST(25, 16)","productCA(SCA_LCDST(25, 16)[,1:24], SCA_LCDST(25, 16)[,1:24], c1=16)"
"DPcat",420,"productCA",2,"SCA_LCDST(25, 16) ||| SCA_LCDST(27, 16)","productCA(SCA_LCDST(25, 16)[,1:24], SCA_LCDST(27, 16)[,1:26], c1=16)"
"DPcat",421,"productCA",2,"SCA_LCDST(25, 16) ||| SCA_LCDST(28, 16)","productCA(SCA_LCDST(25, 16)[,1:24], SCA_LCDST(28, 16)[,1:27], c1=16)"
"DPcat",422,"productCA",2,"SCA_LCDST(27, 16) ||| SCA_LCDST(27, 16)","productCA(SCA_LCDST(27, 16)[,1:26], SCA_LCDST(27, 16)[,1:26], c1=16)"
"DPcat",423,"productCA",2,"SCA_LCDST(27, 16) ||| SCA_LCDST(28, 16)","productCA(SCA_LCDST(27, 16)[,1:26], SCA_LCDST(28, 16)[,1:27], c1=16)"
"DPcat",424,"productCA",2,"SCA_LCDST(28, 16) ||| SCA_LCDST(28, 16)","productCA(SCA_LCDST(28, 16)[,1:27], SCA_LCDST(28, 16)[,1:27], c1=16)"
"DPcat",425,"productCA",2,"SCA_LCDST(28, 16) ||| SCA_LCDST(29, 16)","productCA(SCA_LCDST(28, 16)[,1:27], SCA_LCDST(29, 16)[,1:28], c1=16)"
"DPcat",426,"productCA",2,"SCA_LCDST(29, 16) ||| SCA_LCDST(29, 16)","productCA(SCA_LCDST(29, 16)[,1:28], SCA_LCDST(29, 16)[,1:28], c1=16)"
"DPcat",427,"productCA",2,"SCA_LCDST(29, 16) ||| SCA_MS(30, 16)","productCA(SCA_LCDST(29, 16)[,1:28], SCA_MS(30, 16)[,1:29], c1=16)"
"DPcat",428,"productCA",2,"SCA_MS(30, 16) ||| SCA_MS(30, 16)","productCA(SCA_MS(30, 16)[,1:29], SCA_MS(30, 16)[,1:29], c1=16)"
"DPcat",429,"productCA",2,"SCA_MS(30, 16) ||| SCA_MS(31, 16)","productCA(SCA_MS(30, 16)[,1:29], SCA_MS(31, 16)[,1:30], c1=16)"
"DPcat",430,"productCA",2,"SCA_MS(31, 16) ||| SCA_MS(31, 16)","productCA(SCA_MS(31, 16)[,1:30], SCA_MS(31, 16)[,1:30], c1=16)"
"DPcat",431,"productCA",2,"SCA_MS(31, 16) ||| SCA_MS(32, 16)","productCA(SCA_MS(31, 16)[,1:30], SCA_MS(32, 16)[,1:31], c1=16)"
"DPcat",432,"productCA",2,"SCA_MS(32, 16) ||| SCA_MS(32, 16)","productCA(SCA_MS(32, 16)[,1:31], SCA_MS(32, 16)[,1:31], c1=16)"
"DPcat",433,"productCA",2,"SCA_MS(32, 16) ||| SCA_MS(33, 16)","productCA(SCA_MS(32, 16)[,1:31], SCA_MS(33, 16)[,1:32], c1=16)"
"DPcat",434,"productCA",4,"SCA_Bose(16) ||| productCA(SCA_LCDST(25, 16)[, 1:24], SCA_LCDST(25, 16)[, 1:24], 16) ||| SCA_LCDST(25, 16) ||| SCA_LCDST(25, 16)","productCA(SCA_Bose(16)[,1:16], productCA(SCA_LCDST(25, 16)[,1:24], SCA_LCDST(25, 16)[,1:24], c1=16), c1=16)"
"DPcat",435,"productCA",4,"SCA_Bose(16) ||| productCA(SCA_LCDST(25, 16)[, 1:24], SCA_LCDST(27, 16)[, 1:26], 16) ||| SCA_LCDST(25, 16) ||| SCA_LCDST(27, 16)","productCA(SCA_Bose(16)[,1:16], productCA(SCA_LCDST(25, 16)[,1:24], SCA_LCDST(27, 16)[,1:26], c1=16), c1=16)"
"DPcat",436,"productCA",4,"SCA_Bose(16) ||| productCA(SCA_LCDST(25, 16)[, 1:24], SCA_LCDST(28, 16)[, 1:27], 16) ||| SCA_LCDST(25, 16) ||| SCA_LCDST(28, 16)","productCA(SCA_Bose(16)[,1:16], productCA(SCA_LCDST(25, 16)[,1:24], SCA_LCDST(28, 16)[,1:27], c1=16), c1=16)"
"DPcat",437,"productCA",4,"SCA_Bose(16) ||| productCA(SCA_LCDST(27, 16)[, 1:26], SCA_LCDST(27, 16)[, 1:26], 16) ||| SCA_LCDST(27, 16) ||| SCA_LCDST(27, 16)","productCA(SCA_Bose(16)[,1:16], productCA(SCA_LCDST(27, 16)[,1:26], SCA_LCDST(27, 16)[,1:26], c1=16), c1=16)"
"DPcat",438,"productCA",4,"SCA_Bose(16) ||| productCA(SCA_LCDST(27, 16)[, 1:26], SCA_LCDST(28, 16)[, 1:27], 16) ||| SCA_LCDST(27, 16) ||| SCA_LCDST(28, 16)","productCA(SCA_Bose(16)[,1:16], productCA(SCA_LCDST(27, 16)[,1:26], SCA_LCDST(28, 16)[,1:27], c1=16), c1=16)"
"DPcat",439,"productCA",4,"SCA_Bose(16) ||| productCA(SCA_LCDST(28, 16)[, 1:27], SCA_LCDST(28, 16)[, 1:27], 16) ||| SCA_LCDST(28, 16) ||| SCA_LCDST(28, 16)","productCA(SCA_Bose(16)[,1:16], productCA(SCA_LCDST(28, 16)[,1:27], SCA_LCDST(28, 16)[,1:27], c1=16), c1=16)"
"DPcat",440,"productCA",4,"SCA_Bose(16) ||| productCA(SCA_LCDST(28, 16)[, 1:27], SCA_LCDST(29, 16)[, 1:28], 16) ||| SCA_LCDST(28, 16) ||| SCA_LCDST(29, 16)","productCA(SCA_Bose(16)[,1:16], productCA(SCA_LCDST(28, 16)[,1:27], SCA_LCDST(29, 16)[,1:28], c1=16), c1=16)"
"DPcat",441,"productCA",4,"SCA_LCDST(25, 16) ||| productCA(SCA_LCDST(25, 16)[, 1:24], SCA_LCDST(25, 16)[, 1:24], 16) ||| SCA_LCDST(25, 16) ||| SCA_LCDST(25, 16)","productCA(SCA_LCDST(25, 16)[,1:24], productCA(SCA_LCDST(25, 16)[,1:24], SCA_LCDST(25, 16)[,1:24], c1=16), c1=16)"
"DPcat",442,"productCA",4,"SCA_LCDST(25, 16) ||| productCA(SCA_LCDST(25, 16)[, 1:24], SCA_LCDST(27, 16)[, 1:26], 16) ||| SCA_LCDST(25, 16) ||| SCA_LCDST(27, 16)","productCA(SCA_LCDST(25, 16)[,1:24], productCA(SCA_LCDST(25, 16)[,1:24], SCA_LCDST(27, 16)[,1:26], c1=16), c1=16)"
"DPcat",443,"productCA",4,"SCA_LCDST(25, 16) ||| productCA(SCA_LCDST(25, 16)[, 1:24], SCA_LCDST(28, 16)[, 1:27], 16) ||| SCA_LCDST(25, 16) ||| SCA_LCDST(28, 16)","productCA(SCA_LCDST(25, 16)[,1:24], productCA(SCA_LCDST(25, 16)[,1:24], SCA_LCDST(28, 16)[,1:27], c1=16), c1=16)"
"DPcat",444,"productCA",4,"SCA_LCDST(25, 16) ||| productCA(SCA_LCDST(27, 16)[, 1:26], SCA_LCDST(27, 16)[, 1:26], 16) ||| SCA_LCDST(27, 16) ||| SCA_LCDST(27, 16)","productCA(SCA_LCDST(25, 16)[,1:24], productCA(SCA_LCDST(27, 16)[,1:26], SCA_LCDST(27, 16)[,1:26], c1=16), c1=16)"
"DPcat",445,"productCA",4,"SCA_LCDST(25, 16) ||| productCA(SCA_LCDST(27, 16)[, 1:26], SCA_LCDST(28, 16)[, 1:27], 16) ||| SCA_LCDST(27, 16) ||| SCA_LCDST(28, 16)","productCA(SCA_LCDST(25, 16)[,1:24], productCA(SCA_LCDST(27, 16)[,1:26], SCA_LCDST(28, 16)[,1:27], c1=16), c1=16)"
"DPcat",446,"productCA",4,"SCA_LCDST(27, 16) ||| productCA(SCA_LCDST(27, 16)[, 1:26], SCA_LCDST(27, 16)[, 1:26], 16) ||| SCA_LCDST(27, 16) ||| SCA_LCDST(27, 16)","productCA(SCA_LCDST(27, 16)[,1:26], productCA(SCA_LCDST(27, 16)[,1:26], SCA_LCDST(27, 16)[,1:26], c1=16), c1=16)"
"DPcat",447,"productCA",4,"SCA_LCDST(27, 16) ||| productCA(SCA_LCDST(27, 16)[, 1:26], SCA_LCDST(28, 16)[, 1:27], 16) ||| SCA_LCDST(27, 16) ||| SCA_LCDST(28, 16)","productCA(SCA_LCDST(27, 16)[,1:26], productCA(SCA_LCDST(27, 16)[,1:26], SCA_LCDST(28, 16)[,1:27], c1=16), c1=16)"
"DPcat",448,"productCA",6,"SCA_Bose(16) ||| productCA(SCA_Bose(16)[, 1:16], productCA(SCA_LCDST(25, 16)[, 1:24], SCA_LCDST(25, 16)[, 1:24],     c1 = 16), 16) ||| SCA_Bose(16) ||| productCA(SCA_LCDST(25, 16)[, 1:24], SCA_LCDST(25, 16)[, 1:24], 16) ||| SCA_LCDST(25, 16) ||| SCA_LCDST(25, 16)","productCA(SCA_Bose(16)[,1:16], productCA(SCA_Bose(16)[,1:16], productCA(SCA_LCDST(25, 16)[,1:24], SCA_LCDST(25, 16)[,1:24], c1=16), c1=16), c1=16)"
"DPcat",449,"productCA",2,"SCA_LCDST(31, 17) ||| SCA_LCDST(31, 17)","productCA(SCA_LCDST(31, 17)[,1:30], SCA_LCDST(31, 17)[,1:30], c1=17)"
"DPcat",450,"productCA",2,"SCA_LCDST(31, 17) ||| CS_CMMSSY(32, 17)","productCA(SCA_LCDST(31, 17)[,1:30], CS_CMMSSY(32, 17)[,1:31], c1=17)"
"DPcat",451,"productCA",2,"CS_CMMSSY(32, 17) ||| CS_CMMSSY(32, 17)","productCA(CS_CMMSSY(32, 17)[,1:31], CS_CMMSSY(32, 17)[,1:31], c1=17)"
"DPcat",452,"productCA",2,"CS_CMMSSY(32, 17) ||| SCA_MS(33, 17)","productCA(CS_CMMSSY(32, 17)[,1:31], SCA_MS(33, 17)[,1:32], c1=17)"
"DPcat",453,"productCA",2,"SCA_MS(33, 17) ||| SCA_MS(33, 17)","productCA(SCA_MS(33, 17)[,1:32], SCA_MS(33, 17)[,1:32], c1=17)"
"DPcat",454,"productCA",2,"SCA_MS(33, 17) ||| SCA_MS(34, 17)","productCA(SCA_MS(33, 17)[,1:32], SCA_MS(34, 17)[,1:33], c1=17)"
"DPcat",455,"productCA",2,"SCA_MS(34, 17) ||| SCA_MS(34, 17)","productCA(SCA_MS(34, 17)[,1:33], SCA_MS(34, 17)[,1:33], c1=17)"
"DPcat",456,"productCA",4,"SCA_Bose(17) ||| productCA(SCA_LCDST(31, 17)[, 1:30], SCA_LCDST(31, 17)[, 1:30], 17) ||| SCA_LCDST(31, 17) ||| SCA_LCDST(31, 17)","productCA(SCA_Bose(17)[,1:17], productCA(SCA_LCDST(31, 17)[,1:30], SCA_LCDST(31, 17)[,1:30], c1=17), c1=17)"
"DPcat",457,"productCA",4,"SCA_Bose(17) ||| productCA(SCA_LCDST(31, 17)[, 1:30], CS_CMMSSY(32, 17)[, 1:31], 17) ||| SCA_LCDST(31, 17) ||| CS_CMMSSY(32, 17)","productCA(SCA_Bose(17)[,1:17], productCA(SCA_LCDST(31, 17)[,1:30], CS_CMMSSY(32, 17)[,1:31], c1=17), c1=17)"
"DPcat",458,"productCA",4,"SCA_Bose(17) ||| productCA(CS_CMMSSY(32, 17)[, 1:31], CS_CMMSSY(32, 17)[, 1:31], 17) ||| CS_CMMSSY(32, 17) ||| CS_CMMSSY(32, 17)","productCA(SCA_Bose(17)[,1:17], productCA(CS_CMMSSY(32, 17)[,1:31], CS_CMMSSY(32, 17)[,1:31], c1=17), c1=17)"
"DPcat",459,"productCA",4,"SCA_Bose(17) ||| productCA(CS_CMMSSY(32, 17)[, 1:31], SCA_MS(33, 17)[, 1:32], 17) ||| CS_CMMSSY(32, 17) ||| SCA_MS(33, 17)","productCA(SCA_Bose(17)[,1:17], productCA(CS_CMMSSY(32, 17)[,1:31], SCA_MS(33, 17)[,1:32], c1=17), c1=17)"
"DPcat",460,"productCA",4,"SCA_Bose(17) ||| productCA(SCA_MS(33, 17)[, 1:32], SCA_MS(33, 17)[, 1:32], 17) ||| SCA_MS(33, 17) ||| SCA_MS(33, 17)","productCA(SCA_Bose(17)[,1:17], productCA(SCA_MS(33, 17)[,1:32], SCA_MS(33, 17)[,1:32], c1=17), c1=17)"
"DPcat",461,"productCA",4,"SCA_Bose(17) ||| productCA(SCA_MS(33, 17)[, 1:32], SCA_MS(34, 17)[, 1:33], 17) ||| SCA_MS(33, 17) ||| SCA_MS(34, 17)","productCA(SCA_Bose(17)[,1:17], productCA(SCA_MS(33, 17)[,1:32], SCA_MS(34, 17)[,1:33], c1=17), c1=17)"
"DPcat",462,"productCA",4,"SCA_Bose(17) ||| productCA(SCA_MS(34, 17)[, 1:33], SCA_MS(34, 17)[, 1:33], 17) ||| SCA_MS(34, 17) ||| SCA_MS(34, 17)","productCA(SCA_Bose(17)[,1:17], productCA(SCA_MS(34, 17)[,1:33], SCA_MS(34, 17)[,1:33], c1=17), c1=17)"
"DPcat",463,"productCA",4,"SCA_LCDST(31, 17) ||| productCA(SCA_LCDST(31, 17)[, 1:30], SCA_LCDST(31, 17)[, 1:30], 17) ||| SCA_LCDST(31, 17) ||| SCA_LCDST(31, 17)","productCA(SCA_LCDST(31, 17)[,1:30], productCA(SCA_LCDST(31, 17)[,1:30], SCA_LCDST(31, 17)[,1:30], c1=17), c1=17)"
"DPcat",464,"productCA",2,"SCA_LCDST(32, 18) ||| SCA_LCDST(32, 18)","productCA(SCA_LCDST(32, 18)[,1:31], SCA_LCDST(32, 18)[,1:31], c1=18)"
"DPcat",465,"productCA",2,"SCA_LCDST(32, 18) ||| SCA_LCDST(34, 18)","productCA(SCA_LCDST(32, 18)[,1:31], SCA_LCDST(34, 18)[,1:33], c1=18)"
"DPcat",466,"productCA",2,"SCA_LCDST(32, 18) ||| SCA_MS(35, 18)","productCA(SCA_LCDST(32, 18)[,1:31], SCA_MS(35, 18)[,1:34], c1=18)"
"DPcat",467,"productCA",2,"SCA_LCDST(34, 18) ||| SCA_LCDST(34, 18)","productCA(SCA_LCDST(34, 18)[,1:33], SCA_LCDST(34, 18)[,1:33], c1=18)"
"DPcat",468,"productCA",2,"SCA_LCDST(34, 18) ||| SCA_MS(35, 18)","productCA(SCA_LCDST(34, 18)[,1:33], SCA_MS(35, 18)[,1:34], c1=18)"
"DPcat",469,"productCA",2,"SCA_MS(35, 18) ||| SCA_MS(35, 18)","productCA(SCA_MS(35, 18)[,1:34], SCA_MS(35, 18)[,1:34], c1=18)"
"DPcat",470,"productCA",2,"SCA_MS(35, 18) ||| SCA_MS(36, 18)","productCA(SCA_MS(35, 18)[,1:34], SCA_MS(36, 18)[,1:35], c1=18)"
"DPcat",471,"productCA",2,"SCA_MS(36, 18) ||| SCA_MS(36, 18)","productCA(SCA_MS(36, 18)[,1:35], SCA_MS(36, 18)[,1:35], c1=18)"
"DPcat",472,"productCA",2,"SCA_MS(36, 18) ||| SCA_MS(37, 18)","productCA(SCA_MS(36, 18)[,1:35], SCA_MS(37, 18)[,1:36], c1=18)"
"DPcat",473,"productCA",2,"SCA_MS(37, 18) ||| SCA_MS(37, 18)","productCA(SCA_MS(37, 18)[,1:36], SCA_MS(37, 18)[,1:36], c1=18)"
"DPcat",474,"productCA",4,"SCA_LCDST(32, 18) ||| productCA(SCA_LCDST(32, 18)[, 1:31], SCA_LCDST(32, 18)[, 1:31], 18) ||| SCA_LCDST(32, 18) ||| SCA_LCDST(32, 18)","productCA(SCA_LCDST(32, 18)[,1:31], productCA(SCA_LCDST(32, 18)[,1:31], SCA_LCDST(32, 18)[,1:31], c1=18), c1=18)"
"DPcat",475,"productCA",2,"SCA_LCDST(36, 19) ||| SCA_LCDST(36, 19)","productCA(SCA_LCDST(36, 19)[,1:35], SCA_LCDST(36, 19)[,1:35], c1=19)"
"DPcat",476,"productCA",4,"SCA_Bose(19) ||| productCA(SCA_LCDST(36, 19)[, 1:35], SCA_LCDST(36, 19)[, 1:35], 19) ||| SCA_LCDST(36, 19) ||| SCA_LCDST(36, 19)","productCA(SCA_Bose(19)[,1:19], productCA(SCA_LCDST(36, 19)[,1:35], SCA_LCDST(36, 19)[,1:35], c1=19), c1=19)"
"DPcat",477,"productCA",2,"SCA_LCDST(38, 20) ||| SCA_LCDST(38, 20)","productCA(SCA_LCDST(38, 20)[,1:37], SCA_LCDST(38, 20)[,1:37], c1=20)"
"DPcat",478,"productCA",2,"SCA_LCDST(38, 20) ||| SCA_LCDST(39, 20)","productCA(SCA_LCDST(38, 20)[,1:37], SCA_LCDST(39, 20)[,1:38], c1=20)"
"DPcat",479,"productCA",2,"SCA_LCDST(39, 20) ||| SCA_LCDST(39, 20)","productCA(SCA_LCDST(39, 20)[,1:38], SCA_LCDST(39, 20)[,1:38], c1=20)"
"DPcat",480,"productCA",4,"SCA_LCDST(38, 20) ||| productCA(SCA_LCDST(38, 20)[, 1:37], SCA_LCDST(38, 20)[, 1:37], 20) ||| SCA_LCDST(38, 20) ||| SCA_LCDST(38, 20)","productCA(SCA_LCDST(38, 20)[,1:37], productCA(SCA_LCDST(38, 20)[,1:37], SCA_LCDST(38, 20)[,1:37], c1=20), c1=20)"
"DPcat",481,"productCA",2,"SCA_LCDST(42, 21) ||| SCA_LCDST(42, 21)","productCA(SCA_LCDST(42, 21)[,1:41], SCA_LCDST(42, 21)[,1:41], c1=21)"
"DPcat",482,"productCA",4,"SCA_LCDST(42, 21) ||| productCA(SCA_LCDST(42, 21)[, 1:41], SCA_LCDST(42, 21)[, 1:41], 21) ||| SCA_LCDST(42, 21) ||| SCA_LCDST(42, 21)","productCA(SCA_LCDST(42, 21)[,1:41], productCA(SCA_LCDST(42, 21)[,1:41], SCA_LCDST(42, 21)[,1:41], c1=21), c1=21)"
"DPcat",483,"productCA",2,"SCA_LCDST(44, 22) ||| SCA_LCDST(44, 22)","productCA(SCA_LCDST(44, 22)[,1:43], SCA_LCDST(44, 22)[,1:43], c1=22)"
"DPcat",484,"productCA",4,"SCA_LCDST(44, 22) ||| productCA(SCA_LCDST(44, 22)[, 1:43], SCA_LCDST(44, 22)[, 1:43], 22) ||| SCA_LCDST(44, 22) ||| SCA_LCDST(44, 22)","productCA(SCA_LCDST(44, 22)[,1:43], productCA(SCA_LCDST(44, 22)[,1:43], SCA_LCDST(44, 22)[,1:43], c1=22), c1=22)"
"PCAcat",1,"productPCA",2,"SCA_LCDST(5, 3) ||| SCA_LCDST(5, 3)","productPCA(SCA_LCDST(5, 3), SCA_LCDST(5, 3))"
"PCAcat",2,"productPCA",2,"SCA_LCDST(5, 3) ||| miscCA(2, 9, 3)","productPCA(SCA_LCDST(5, 3), miscCA(2, 9, 3))"
"PCAcat",3,"productPCA",2,"SCA_LCDST(5, 3) ||| miscCA(2, 10, 3)","productPCA(SCA_LCDST(5, 3), miscCA(2, 10, 3))"
"PCAcat",4,"productPCA",2,"miscCA(2, 9, 3) ||| miscCA(2, 9, 3)","productPCA(miscCA(2, 9, 3), miscCA(2, 9, 3))"
"PCAcat",5,"productPCA",4,"SCA_Bose(3) ||| productPCA(SCA_LCDST(5, 3), SCA_LCDST(5, 3)) ||| SCA_LCDST(5, 3) ||| SCA_LCDST(5, 3)","productPCA(SCA_Bose(3), productPCA(SCA_LCDST(5, 3), SCA_LCDST(5, 3)))"
"PCAcat",6,"productPCA",4,"SCA_Bose(3) ||| productPCA(SCA_LCDST(5, 3), miscCA(2, 9, 3)) ||| SCA_LCDST(5, 3) ||| miscCA(2, 9, 3)","productPCA(SCA_Bose(3), productPCA(SCA_LCDST(5, 3), miscCA(2, 9, 3)))"
"PCAcat",7,"productPCA",4,"SCA_Bose(3) ||| productPCA(SCA_LCDST(5, 3), miscCA(2, 10, 3)) ||| SCA_LCDST(5, 3) ||| miscCA(2, 10, 3)","productPCA(SCA_Bose(3), productPCA(SCA_LCDST(5, 3), miscCA(2, 10, 3)))"
"PCAcat",8,"productPCA",4,"SCA_Bose(3) ||| productPCA(miscCA(2, 9, 3), miscCA(2, 9, 3)) ||| miscCA(2, 9, 3) ||| miscCA(2, 9, 3)","productPCA(SCA_Bose(3), productPCA(miscCA(2, 9, 3), miscCA(2, 9, 3)))"
"PCAcat",9,"productPCA",6,"SCA_Bose(3) ||| productPCA(SCA_Bose(3), productPCA(SCA_LCDST(5, 3), SCA_LCDST(5, 3))) ||| SCA_Bose(3) ||| productPCA(SCA_LCDST(5, 3), SCA_LCDST(5, 3)) ||| SCA_LCDST(5, 3) ||| SCA_LCDST(5, 3)","productPCA(SCA_Bose(3), productPCA(SCA_Bose(3), productPCA(SCA_LCDST(5, 3), SCA_LCDST(5, 3))))"
"PCAcat",10,"productPCA",6,"SCA_Bose(3) ||| productPCA(SCA_Bose(3), productPCA(SCA_LCDST(5, 3), miscCA(2, 9, 3))) ||| SCA_Bose(3) ||| productPCA(SCA_LCDST(5, 3), miscCA(2, 9, 3)) ||| SCA_LCDST(5, 3) ||| miscCA(2, 9, 3)","productPCA(SCA_Bose(3), productPCA(SCA_Bose(3), productPCA(SCA_LCDST(5, 3), miscCA(2, 9, 3))))"
"PCAcat",11,"productPCA",6,"SCA_Bose(3) ||| productPCA(SCA_Bose(3), productPCA(SCA_LCDST(5, 3), miscCA(2, 10, 3))) ||| SCA_Bose(3) ||| productPCA(SCA_LCDST(5, 3), miscCA(2, 10, 3)) ||| SCA_LCDST(5, 3) ||| miscCA(2, 10, 3)","productPCA(SCA_Bose(3), productPCA(SCA_Bose(3), productPCA(SCA_LCDST(5, 3), miscCA(2, 10, 3))))"
"PCAcat",12,"productPCA",6,"SCA_Bose(3) ||| productPCA(SCA_Bose(3), productPCA(miscCA(2, 9, 3), miscCA(2, 9, 3))) ||| SCA_Bose(3) ||| productPCA(miscCA(2, 9, 3), miscCA(2, 9, 3)) ||| miscCA(2, 9, 3) ||| miscCA(2, 9, 3)","productPCA(SCA_Bose(3), productPCA(SCA_Bose(3), productPCA(miscCA(2, 9, 3), miscCA(2, 9, 3))))"
"PCAcat",13,"productPCA",8,"SCA_Bose(3) ||| productPCA(SCA_Bose(3), productPCA(SCA_Bose(3), productPCA(SCA_LCDST(5, 3), SCA_LCDST(5,     3)))) ||| SCA_Bose(3) ||| productPCA(SCA_Bose(3), productPCA(SCA_LCDST(5, 3), SCA_LCDST(5, 3))) ||| SCA_Bose(3) ||| productPCA(SCA_LCDST(5, 3), SCA_LCDST(5, 3)) ||| SCA_LCDST(5, 3) ||| SCA_LCDST(5, 3)","productPCA(SCA_Bose(3), productPCA(SCA_Bose(3), productPCA(SCA_Bose(3), productPCA(SCA_LCDST(5, 3), SCA_LCDST(5, 3)))))"
"PCAcat",14,"productPCA",8,"SCA_Bose(3) ||| productPCA(SCA_Bose(3), productPCA(SCA_Bose(3), productPCA(SCA_LCDST(5, 3), miscCA(2,     9, 3)))) ||| SCA_Bose(3) ||| productPCA(SCA_Bose(3), productPCA(SCA_LCDST(5, 3), miscCA(2, 9, 3))) ||| SCA_Bose(3) ||| productPCA(SCA_LCDST(5, 3), miscCA(2, 9, 3)) ||| SCA_LCDST(5, 3) ||| miscCA(2, 9, 3)","productPCA(SCA_Bose(3), productPCA(SCA_Bose(3), productPCA(SCA_Bose(3), productPCA(SCA_LCDST(5, 3), miscCA(2, 9, 3)))))"
"PCAcat",15,"productPCA",8,"SCA_LCDST(5, 3) ||| productPCA(SCA_Bose(3), productPCA(SCA_Bose(3), productPCA(SCA_LCDST(5, 3), miscCA(2,     9, 3)))) ||| SCA_Bose(3) ||| productPCA(SCA_Bose(3), productPCA(SCA_LCDST(5, 3), miscCA(2, 9, 3))) ||| SCA_Bose(3) ||| productPCA(SCA_LCDST(5, 3), miscCA(2, 9, 3)) ||| SCA_LCDST(5, 3) ||| miscCA(2, 9, 3)","productPCA(SCA_LCDST(5, 3), productPCA(SCA_Bose(3), productPCA(SCA_Bose(3), productPCA(SCA_LCDST(5, 3), miscCA(2, 9, 3)))))"
"PCAcat",16,"productPCA",10,"SCA_Bose(3) ||| productPCA(SCA_Bose(3), productPCA(SCA_Bose(3), productPCA(SCA_Bose(3), productPCA(SCA_LCDST(5,     3), SCA_LCDST(5, 3))))) ||| SCA_Bose(3) ||| productPCA(SCA_Bose(3), productPCA(SCA_Bose(3), productPCA(SCA_LCDST(5, 3), SCA_LCDST(5,     3)))) ||| SCA_Bose(3) ||| productPCA(SCA_Bose(3), productPCA(SCA_LCDST(5, 3), SCA_LCDST(5, 3))) ||| SCA_Bose(3) ||| productPCA(SCA_LCDST(5, 3), SCA_LCDST(5, 3)) ||| SCA_LCDST(5, 3) ||| SCA_LCDST(5, 3)","productPCA(SCA_Bose(3), productPCA(SCA_Bose(3), productPCA(SCA_Bose(3), productPCA(SCA_Bose(3), productPCA(SCA_LCDST(5, 3), SCA_LCDST(5, 3))))))"
"PCAcat",17,"productPCA",10,"SCA_Bose(3) ||| productPCA(SCA_Bose(3), productPCA(SCA_Bose(3), productPCA(SCA_Bose(3), productPCA(SCA_LCDST(5,     3), miscCA(2, 9, 3))))) ||| SCA_Bose(3) ||| productPCA(SCA_Bose(3), productPCA(SCA_Bose(3), productPCA(SCA_LCDST(5, 3), miscCA(2,     9, 3)))) ||| SCA_Bose(3) ||| productPCA(SCA_Bose(3), productPCA(SCA_LCDST(5, 3), miscCA(2, 9, 3))) ||| SCA_Bose(3) ||| productPCA(SCA_LCDST(5, 3), miscCA(2, 9, 3)) ||| SCA_LCDST(5, 3) ||| miscCA(2, 9, 3)","productPCA(SCA_Bose(3), productPCA(SCA_Bose(3), productPCA(SCA_Bose(3), productPCA(SCA_Bose(3), productPCA(SCA_LCDST(5, 3), miscCA(2, 9, 3))))))"
"PCAcat",18,"productPCA",10,"SCA_LCDST(5, 3) ||| productPCA(SCA_Bose(3), productPCA(SCA_Bose(3), productPCA(SCA_Bose(3), productPCA(SCA_LCDST(5,     3), miscCA(2, 9, 3))))) ||| SCA_Bose(3) ||| productPCA(SCA_Bose(3), productPCA(SCA_Bose(3), productPCA(SCA_LCDST(5, 3), miscCA(2,     9, 3)))) ||| SCA_Bose(3) ||| productPCA(SCA_Bose(3), productPCA(SCA_LCDST(5, 3), miscCA(2, 9, 3))) ||| SCA_Bose(3) ||| productPCA(SCA_LCDST(5, 3), miscCA(2, 9, 3)) ||| SCA_LCDST(5, 3) ||| miscCA(2, 9, 3)","productPCA(SCA_LCDST(5, 3), productPCA(SCA_Bose(3), productPCA(SCA_Bose(3), productPCA(SCA_Bose(3), productPCA(SCA_LCDST(5, 3), miscCA(2, 9, 3))))))"
"PCAcat",19,"productPCA",10,"SCA_LCDST(5, 3) ||| productPCA(SCA_LCDST(5, 3), productPCA(SCA_Bose(3), productPCA(SCA_Bose(3), productPCA(SCA_LCDST(5,     3), miscCA(2, 9, 3))))) ||| SCA_LCDST(5, 3) ||| productPCA(SCA_Bose(3), productPCA(SCA_Bose(3), productPCA(SCA_LCDST(5, 3), miscCA(2,     9, 3)))) ||| SCA_Bose(3) ||| productPCA(SCA_Bose(3), productPCA(SCA_LCDST(5, 3), miscCA(2, 9, 3))) ||| SCA_Bose(3) ||| productPCA(SCA_LCDST(5, 3), miscCA(2, 9, 3)) ||| SCA_LCDST(5, 3) ||| miscCA(2, 9, 3)","productPCA(SCA_LCDST(5, 3), productPCA(SCA_LCDST(5, 3), productPCA(SCA_Bose(3), productPCA(SCA_Bose(3), productPCA(SCA_LCDST(5, 3), miscCA(2, 9, 3))))))"
"PCAcat",20,"productPCA",10,"SCA_LCDST(5, 3) ||| productPCA(miscCA(2, 9, 3), productPCA(SCA_LCDST(5, 3), productPCA(SCA_Bose(3), productPCA(SCA_LCDST(5,     3), SCA_LCDST(5, 3))))) ||| miscCA(2, 9, 3) ||| productPCA(SCA_LCDST(5, 3), productPCA(SCA_Bose(3), productPCA(SCA_LCDST(5, 3), SCA_LCDST(5,     3)))) ||| SCA_LCDST(5, 3) ||| productPCA(SCA_Bose(3), productPCA(SCA_LCDST(5, 3), SCA_LCDST(5, 3))) ||| SCA_Bose(3) ||| productPCA(SCA_LCDST(5, 3), SCA_LCDST(5, 3)) ||| SCA_LCDST(5, 3) ||| SCA_LCDST(5, 3)","productPCA(SCA_LCDST(5, 3), productPCA(miscCA(2, 9, 3), productPCA(SCA_LCDST(5, 3), productPCA(SCA_Bose(3), productPCA(SCA_LCDST(5, 3), SCA_LCDST(5, 3))))))"
"PCAcat",21,"productPCA",10,"miscCA(2, 9, 3) ||| productPCA(SCA_LCDST(5, 3), productPCA(SCA_LCDST(5, 3), productPCA(SCA_LCDST(5, 3), productPCA(SCA_LCDST(5,     3), SCA_LCDST(5, 3))))) ||| SCA_LCDST(5, 3) ||| productPCA(SCA_LCDST(5, 3), productPCA(SCA_LCDST(5, 3), productPCA(SCA_LCDST(5, 3), SCA_LCDST(5,     3)))) ||| SCA_LCDST(5, 3) ||| productPCA(SCA_LCDST(5, 3), productPCA(SCA_LCDST(5, 3), SCA_LCDST(5, 3))) ||| SCA_LCDST(5, 3) ||| productPCA(SCA_LCDST(5, 3), SCA_LCDST(5, 3)) ||| SCA_LCDST(5, 3) ||| SCA_LCDST(5, 3)","productPCA(miscCA(2, 9, 3), productPCA(SCA_LCDST(5, 3), productPCA(SCA_LCDST(5, 3), productPCA(SCA_LCDST(5, 3), productPCA(SCA_LCDST(5, 3), SCA_LCDST(5, 3))))))"
"PCAcat",22,"productPCA",10,"SCA_LCDST(5, 3) ||| productPCA(SCA_LCDST(5, 3), productPCA(SCA_LCDST(5, 3), productPCA(SCA_LCDST(5, 3), productPCA(miscCA(2,     9, 3), miscCA(2, 9, 3))))) ||| SCA_LCDST(5, 3) ||| productPCA(SCA_LCDST(5, 3), productPCA(SCA_LCDST(5, 3), productPCA(miscCA(2, 9, 3), miscCA(2,     9, 3)))) ||| SCA_LCDST(5, 3) ||| productPCA(SCA_LCDST(5, 3), productPCA(miscCA(2, 9, 3), miscCA(2, 9, 3))) ||| SCA_LCDST(5, 3) ||| productPCA(miscCA(2, 9, 3), miscCA(2, 9, 3)) ||| miscCA(2, 9, 3) ||| miscCA(2, 9, 3)","productPCA(SCA_LCDST(5, 3), productPCA(SCA_LCDST(5, 3), productPCA(SCA_LCDST(5, 3), productPCA(SCA_LCDST(5, 3), productPCA(miscCA(2, 9, 3), miscCA(2, 9, 3))))))"
"PCAcat",23,"productPCA",10,"CS_CMMSSY(6, 3) ||| productPCA(SCA_LCDST(5, 3), productPCA(SCA_LCDST(5, 3), productPCA(SCA_LCDST(5, 3), productPCA(miscCA(2,     9, 3), miscCA(2, 9, 3))))) ||| SCA_LCDST(5, 3) ||| productPCA(SCA_LCDST(5, 3), productPCA(SCA_LCDST(5, 3), productPCA(miscCA(2, 9, 3), miscCA(2,     9, 3)))) ||| SCA_LCDST(5, 3) ||| productPCA(SCA_LCDST(5, 3), productPCA(miscCA(2, 9, 3), miscCA(2, 9, 3))) ||| SCA_LCDST(5, 3) ||| productPCA(miscCA(2, 9, 3), miscCA(2, 9, 3)) ||| miscCA(2, 9, 3) ||| miscCA(2, 9, 3)","productPCA(CS_CMMSSY(6, 3), productPCA(SCA_LCDST(5, 3), productPCA(SCA_LCDST(5, 3), productPCA(SCA_LCDST(5, 3), productPCA(miscCA(2, 9, 3), miscCA(2, 9, 3))))))"
"PCAcat",24,"productPCA",2,"SCA_LCDST(6, 4) ||| SCA_LCDST(6, 4)","productPCA(SCA_LCDST(6, 4), SCA_LCDST(6, 4))"
"PCAcat",25,"productPCA",2,"SCA_LCDST(6, 4) ||| miscCA(2, 7, 4)","productPCA(SCA_LCDST(6, 4), miscCA(2, 7, 4))"
"PCAcat",26,"productPCA",2,"miscCA(2, 7, 4) ||| miscCA(2, 7, 4)","productPCA(miscCA(2, 7, 4), miscCA(2, 7, 4))"
"PCAcat",27,"productPCA",2,"miscCA(2, 7, 4) ||| miscCA(2, 8, 4)","productPCA(miscCA(2, 7, 4), miscCA(2, 8, 4))"
"PCAcat",28,"productPCA",2,"SCA_LCDST(6, 4) ||| miscCA(2, 15, 4)","productPCA(SCA_LCDST(6, 4), miscCA(2, 15, 4))"
"PCAcat",29,"productPCA",2,"miscCA(2, 7, 4) ||| miscCA(2, 15, 4)","productPCA(miscCA(2, 7, 4), miscCA(2, 15, 4))"
"PCAcat",30,"productPCA",2,"miscCA(2, 8, 4) ||| miscCA(2, 15, 4)","productPCA(miscCA(2, 8, 4), miscCA(2, 15, 4))"
"PCAcat",31,"productPCA",4,"SCA_Bose(4) ||| productPCA(SCA_LCDST(6, 4), SCA_LCDST(6, 4)) ||| SCA_LCDST(6, 4) ||| SCA_LCDST(6, 4)","productPCA(SCA_Bose(4), productPCA(SCA_LCDST(6, 4), SCA_LCDST(6, 4)))"
"PCAcat",32,"productPCA",2,"miscCA(2, 15, 4) ||| miscCA(2, 15, 4)","productPCA(miscCA(2, 15, 4), miscCA(2, 15, 4))"
"PCAcat",33,"productPCA",4,"SCA_Bose(4) ||| productPCA(miscCA(2, 7, 4), miscCA(2, 7, 4)) ||| miscCA(2, 7, 4) ||| miscCA(2, 7, 4)","productPCA(SCA_Bose(4), productPCA(miscCA(2, 7, 4), miscCA(2, 7, 4)))"
"PCAcat",34,"productPCA",4,"SCA_LCDST(6, 4) ||| productPCA(SCA_LCDST(6, 4), miscCA(2, 7, 4)) ||| SCA_LCDST(6, 4) ||| miscCA(2, 7, 4)","productPCA(SCA_LCDST(6, 4), productPCA(SCA_LCDST(6, 4), miscCA(2, 7, 4)))"
"PCAcat",35,"productPCA",4,"SCA_Bose(4) ||| productPCA(miscCA(2, 7, 4), miscCA(2, 8, 4)) ||| miscCA(2, 7, 4) ||| miscCA(2, 8, 4)","productPCA(SCA_Bose(4), productPCA(miscCA(2, 7, 4), miscCA(2, 8, 4)))"
"PCAcat",36,"productPCA",4,"SCA_Bose(4) ||| productPCA(SCA_LCDST(6, 4), miscCA(2, 15, 4)) ||| SCA_LCDST(6, 4) ||| miscCA(2, 15, 4)","productPCA(SCA_Bose(4), productPCA(SCA_LCDST(6, 4), miscCA(2, 15, 4)))"
"PCAcat",37,"productPCA",4,"SCA_Bose(4) ||| productPCA(miscCA(2, 7, 4), miscCA(2, 15, 4)) ||| miscCA(2, 7, 4) ||| miscCA(2, 15, 4)","productPCA(SCA_Bose(4), productPCA(miscCA(2, 7, 4), miscCA(2, 15, 4)))"
"PCAcat",38,"productPCA",4,"SCA_LCDST(6, 4) ||| productPCA(SCA_LCDST(6, 4), miscCA(2, 15, 4)) ||| SCA_LCDST(6, 4) ||| miscCA(2, 15, 4)","productPCA(SCA_LCDST(6, 4), productPCA(SCA_LCDST(6, 4), miscCA(2, 15, 4)))"
"PCAcat",39,"productPCA",4,"SCA_Bose(4) ||| productPCA(miscCA(2, 8, 4), miscCA(2, 15, 4)) ||| miscCA(2, 8, 4) ||| miscCA(2, 15, 4)","productPCA(SCA_Bose(4), productPCA(miscCA(2, 8, 4), miscCA(2, 15, 4)))"
"PCAcat",40,"productPCA",6,"SCA_Bose(4) ||| productPCA(SCA_Bose(4), productPCA(SCA_LCDST(6, 4), SCA_LCDST(6, 4))) ||| SCA_Bose(4) ||| productPCA(SCA_LCDST(6, 4), SCA_LCDST(6, 4)) ||| SCA_LCDST(6, 4) ||| SCA_LCDST(6, 4)","productPCA(SCA_Bose(4), productPCA(SCA_Bose(4), productPCA(SCA_LCDST(6, 4), SCA_LCDST(6, 4))))"
"PCAcat",41,"productPCA",4,"SCA_Bose(4) ||| productPCA(miscCA(2, 15, 4), miscCA(2, 15, 4)) ||| miscCA(2, 15, 4) ||| miscCA(2, 15, 4)","productPCA(SCA_Bose(4), productPCA(miscCA(2, 15, 4), miscCA(2, 15, 4)))"
"PCAcat",42,"productPCA",6,"SCA_Bose(4) ||| productPCA(SCA_Bose(4), productPCA(miscCA(2, 7, 4), miscCA(2, 7, 4))) ||| SCA_Bose(4) ||| productPCA(miscCA(2, 7, 4), miscCA(2, 7, 4)) ||| miscCA(2, 7, 4) ||| miscCA(2, 7, 4)","productPCA(SCA_Bose(4), productPCA(SCA_Bose(4), productPCA(miscCA(2, 7, 4), miscCA(2, 7, 4))))"
"PCAcat",43,"productPCA",4,"SCA_LCDST(6, 4) ||| productPCA(miscCA(2, 15, 4), miscCA(2, 15, 4)) ||| miscCA(2, 15, 4) ||| miscCA(2, 15, 4)","productPCA(SCA_LCDST(6, 4), productPCA(miscCA(2, 15, 4), miscCA(2, 15, 4)))"
"PCAcat",44,"productPCA",6,"SCA_Bose(4) ||| productPCA(SCA_Bose(4), productPCA(SCA_LCDST(6, 4), miscCA(2, 15, 4))) ||| SCA_Bose(4) ||| productPCA(SCA_LCDST(6, 4), miscCA(2, 15, 4)) ||| SCA_LCDST(6, 4) ||| miscCA(2, 15, 4)","productPCA(SCA_Bose(4), productPCA(SCA_Bose(4), productPCA(SCA_LCDST(6, 4), miscCA(2, 15, 4))))"
"PCAcat",45,"productPCA",6,"SCA_Bose(4) ||| productPCA(SCA_Bose(4), productPCA(miscCA(2, 7, 4), miscCA(2, 15, 4))) ||| SCA_Bose(4) ||| productPCA(miscCA(2, 7, 4), miscCA(2, 15, 4)) ||| miscCA(2, 7, 4) ||| miscCA(2, 15, 4)","productPCA(SCA_Bose(4), productPCA(SCA_Bose(4), productPCA(miscCA(2, 7, 4), miscCA(2, 15, 4))))"
"PCAcat",46,"productPCA",6,"SCA_LCDST(6, 4) ||| productPCA(SCA_Bose(4), productPCA(SCA_LCDST(6, 4), miscCA(2, 15, 4))) ||| SCA_Bose(4) ||| productPCA(SCA_LCDST(6, 4), miscCA(2, 15, 4)) ||| SCA_LCDST(6, 4) ||| miscCA(2, 15, 4)","productPCA(SCA_LCDST(6, 4), productPCA(SCA_Bose(4), productPCA(SCA_LCDST(6, 4), miscCA(2, 15, 4))))"
"PCAcat",47,"productPCA",6,"SCA_Bose(4) ||| productPCA(SCA_Bose(4), productPCA(miscCA(2, 8, 4), miscCA(2, 15, 4))) ||| SCA_Bose(4) ||| productPCA(miscCA(2, 8, 4), miscCA(2, 15, 4)) ||| miscCA(2, 8, 4) ||| miscCA(2, 15, 4)","productPCA(SCA_Bose(4), productPCA(SCA_Bose(4), productPCA(miscCA(2, 8, 4), miscCA(2, 15, 4))))"
"PCAcat",48,"productPCA",8,"SCA_Bose(4) ||| productPCA(SCA_Bose(4), productPCA(SCA_Bose(4), productPCA(SCA_LCDST(6, 4), SCA_LCDST(6,     4)))) ||| SCA_Bose(4) ||| productPCA(SCA_Bose(4), productPCA(SCA_LCDST(6, 4), SCA_LCDST(6, 4))) ||| SCA_Bose(4) ||| productPCA(SCA_LCDST(6, 4), SCA_LCDST(6, 4)) ||| SCA_LCDST(6, 4) ||| SCA_LCDST(6, 4)","productPCA(SCA_Bose(4), productPCA(SCA_Bose(4), productPCA(SCA_Bose(4), productPCA(SCA_LCDST(6, 4), SCA_LCDST(6, 4)))))"
"PCAcat",49,"productPCA",6,"SCA_Bose(4) ||| productPCA(SCA_Bose(4), productPCA(miscCA(2, 15, 4), miscCA(2, 15, 4))) ||| SCA_Bose(4) ||| productPCA(miscCA(2, 15, 4), miscCA(2, 15, 4)) ||| miscCA(2, 15, 4) ||| miscCA(2, 15, 4)","productPCA(SCA_Bose(4), productPCA(SCA_Bose(4), productPCA(miscCA(2, 15, 4), miscCA(2, 15, 4))))"
"PCAcat",50,"productPCA",8,"SCA_Bose(4) ||| productPCA(SCA_Bose(4), productPCA(SCA_Bose(4), productPCA(miscCA(2, 7, 4), miscCA(2,     7, 4)))) ||| SCA_Bose(4) ||| productPCA(SCA_Bose(4), productPCA(miscCA(2, 7, 4), miscCA(2, 7, 4))) ||| SCA_Bose(4) ||| productPCA(miscCA(2, 7, 4), miscCA(2, 7, 4)) ||| miscCA(2, 7, 4) ||| miscCA(2, 7, 4)","productPCA(SCA_Bose(4), productPCA(SCA_Bose(4), productPCA(SCA_Bose(4), productPCA(miscCA(2, 7, 4), miscCA(2, 7, 4)))))"
"PCAcat",51,"productPCA",6,"SCA_LCDST(6, 4) ||| productPCA(SCA_Bose(4), productPCA(miscCA(2, 15, 4), miscCA(2, 15, 4))) ||| SCA_Bose(4) ||| productPCA(miscCA(2, 15, 4), miscCA(2, 15, 4)) ||| miscCA(2, 15, 4) ||| miscCA(2, 15, 4)","productPCA(SCA_LCDST(6, 4), productPCA(SCA_Bose(4), productPCA(miscCA(2, 15, 4), miscCA(2, 15, 4))))"
"PCAcat",52,"productPCA",8,"SCA_Bose(4) ||| productPCA(SCA_Bose(4), productPCA(SCA_Bose(4), productPCA(SCA_LCDST(6, 4), miscCA(2,     15, 4)))) ||| SCA_Bose(4) ||| productPCA(SCA_Bose(4), productPCA(SCA_LCDST(6, 4), miscCA(2, 15, 4))) ||| SCA_Bose(4) ||| productPCA(SCA_LCDST(6, 4), miscCA(2, 15, 4)) ||| SCA_LCDST(6, 4) ||| miscCA(2, 15, 4)","productPCA(SCA_Bose(4), productPCA(SCA_Bose(4), productPCA(SCA_Bose(4), productPCA(SCA_LCDST(6, 4), miscCA(2, 15, 4)))))"
"PCAcat",53,"productPCA",8,"SCA_Bose(4) ||| productPCA(SCA_Bose(4), productPCA(SCA_Bose(4), productPCA(miscCA(2, 7, 4), miscCA(2,     15, 4)))) ||| SCA_Bose(4) ||| productPCA(SCA_Bose(4), productPCA(miscCA(2, 7, 4), miscCA(2, 15, 4))) ||| SCA_Bose(4) ||| productPCA(miscCA(2, 7, 4), miscCA(2, 15, 4)) ||| miscCA(2, 7, 4) ||| miscCA(2, 15, 4)","productPCA(SCA_Bose(4), productPCA(SCA_Bose(4), productPCA(SCA_Bose(4), productPCA(miscCA(2, 7, 4), miscCA(2, 15, 4)))))"
"PCAcat",54,"productPCA",8,"SCA_LCDST(6, 4) ||| productPCA(SCA_Bose(4), productPCA(SCA_Bose(4), productPCA(SCA_LCDST(6, 4), miscCA(2,     15, 4)))) ||| SCA_Bose(4) ||| productPCA(SCA_Bose(4), productPCA(SCA_LCDST(6, 4), miscCA(2, 15, 4))) ||| SCA_Bose(4) ||| productPCA(SCA_LCDST(6, 4), miscCA(2, 15, 4)) ||| SCA_LCDST(6, 4) ||| miscCA(2, 15, 4)","productPCA(SCA_LCDST(6, 4), productPCA(SCA_Bose(4), productPCA(SCA_Bose(4), productPCA(SCA_LCDST(6, 4), miscCA(2, 15, 4)))))"
"PCAcat",55,"productPCA",8,"SCA_Bose(4) ||| productPCA(SCA_Bose(4), productPCA(SCA_Bose(4), productPCA(miscCA(2, 8, 4), miscCA(2,     15, 4)))) ||| SCA_Bose(4) ||| productPCA(SCA_Bose(4), productPCA(miscCA(2, 8, 4), miscCA(2, 15, 4))) ||| SCA_Bose(4) ||| productPCA(miscCA(2, 8, 4), miscCA(2, 15, 4)) ||| miscCA(2, 8, 4) ||| miscCA(2, 15, 4)","productPCA(SCA_Bose(4), productPCA(SCA_Bose(4), productPCA(SCA_Bose(4), productPCA(miscCA(2, 8, 4), miscCA(2, 15, 4)))))"
"PCAcat",56,"productPCA",10,"SCA_Bose(4) ||| productPCA(SCA_Bose(4), productPCA(SCA_Bose(4), productPCA(SCA_Bose(4), productPCA(SCA_LCDST(6,     4), SCA_LCDST(6, 4))))) ||| SCA_Bose(4) ||| productPCA(SCA_Bose(4), productPCA(SCA_Bose(4), productPCA(SCA_LCDST(6, 4), SCA_LCDST(6,     4)))) ||| SCA_Bose(4) ||| productPCA(SCA_Bose(4), productPCA(SCA_LCDST(6, 4), SCA_LCDST(6, 4))) ||| SCA_Bose(4) ||| productPCA(SCA_LCDST(6, 4), SCA_LCDST(6, 4)) ||| SCA_LCDST(6, 4) ||| SCA_LCDST(6, 4)","productPCA(SCA_Bose(4), productPCA(SCA_Bose(4), productPCA(SCA_Bose(4), productPCA(SCA_Bose(4), productPCA(SCA_LCDST(6, 4), SCA_LCDST(6, 4))))))"
"PCAcat",57,"productPCA",8,"SCA_Bose(4) ||| productPCA(SCA_Bose(4), productPCA(SCA_Bose(4), productPCA(miscCA(2, 15, 4), miscCA(2,     15, 4)))) ||| SCA_Bose(4) ||| productPCA(SCA_Bose(4), productPCA(miscCA(2, 15, 4), miscCA(2, 15, 4))) ||| SCA_Bose(4) ||| productPCA(miscCA(2, 15, 4), miscCA(2, 15, 4)) ||| miscCA(2, 15, 4) ||| miscCA(2, 15, 4)","productPCA(SCA_Bose(4), productPCA(SCA_Bose(4), productPCA(SCA_Bose(4), productPCA(miscCA(2, 15, 4), miscCA(2, 15, 4)))))"
"PCAcat",58,"productPCA",10,"SCA_Bose(4) ||| productPCA(SCA_Bose(4), productPCA(SCA_Bose(4), productPCA(SCA_Bose(4), productPCA(miscCA(2,     7, 4), miscCA(2, 7, 4))))) ||| SCA_Bose(4) ||| productPCA(SCA_Bose(4), productPCA(SCA_Bose(4), productPCA(miscCA(2, 7, 4), miscCA(2,     7, 4)))) ||| SCA_Bose(4) ||| productPCA(SCA_Bose(4), productPCA(miscCA(2, 7, 4), miscCA(2, 7, 4))) ||| SCA_Bose(4) ||| productPCA(miscCA(2, 7, 4), miscCA(2, 7, 4)) ||| miscCA(2, 7, 4) ||| miscCA(2, 7, 4)","productPCA(SCA_Bose(4), productPCA(SCA_Bose(4), productPCA(SCA_Bose(4), productPCA(SCA_Bose(4), productPCA(miscCA(2, 7, 4), miscCA(2, 7, 4))))))"
"PCAcat",59,"productPCA",2,"CS_CMMSSY(6, 5) ||| CS_CMMSSY(6, 5)","productPCA(CS_CMMSSY(6, 5), CS_CMMSSY(6, 5))"
"PCAcat",60,"productPCA",2,"CS_CMMSSY(6, 5) ||| CS_CMMSSY(7, 5)","productPCA(CS_CMMSSY(6, 5), CS_CMMSSY(7, 5))"
"PCAcat",61,"productPCA",2,"CS_CMMSSY(7, 5) ||| CS_CMMSSY(7, 5)","productPCA(CS_CMMSSY(7, 5), CS_CMMSSY(7, 5))"
"PCAcat",62,"productPCA",2,"CS_CMMSSY(6, 5) ||| miscCA(2, 9, 5)","productPCA(CS_CMMSSY(6, 5), miscCA(2, 9, 5))"
"PCAcat",63,"productPCA",2,"CS_CMMSSY(7, 5) ||| CS_CMMSSY(8, 5)","productPCA(CS_CMMSSY(7, 5), CS_CMMSSY(8, 5))"
"PCAcat",64,"productPCA",2,"CS_CMMSSY(7, 5) ||| miscCA(2, 9, 5)","productPCA(CS_CMMSSY(7, 5), miscCA(2, 9, 5))"
"PCAcat",65,"productPCA",2,"CS_CMMSSY(8, 5) ||| CS_CMMSSY(8, 5)","productPCA(CS_CMMSSY(8, 5), CS_CMMSSY(8, 5))"
"PCAcat",66,"productPCA",2,"CS_CMMSSY(8, 5) ||| miscCA(2, 9, 5)","productPCA(CS_CMMSSY(8, 5), miscCA(2, 9, 5))"
"PCAcat",67,"productPCA",4,"CS_CMMSSY(6, 5) ||| productPCA(CS_CMMSSY(6, 5), CS_CMMSSY(6, 5)) ||| CS_CMMSSY(6, 5) ||| CS_CMMSSY(6, 5)","productPCA(CS_CMMSSY(6, 5), productPCA(CS_CMMSSY(6, 5), CS_CMMSSY(6, 5)))"
"PCAcat",68,"productPCA",4,"CS_CMMSSY(6, 5) ||| productPCA(CS_CMMSSY(6, 5), CS_CMMSSY(7, 5)) ||| CS_CMMSSY(6, 5) ||| CS_CMMSSY(7, 5)","productPCA(CS_CMMSSY(6, 5), productPCA(CS_CMMSSY(6, 5), CS_CMMSSY(7, 5)))"
"PCAcat",69,"productPCA",4,"CS_CMMSSY(6, 5) ||| productPCA(CS_CMMSSY(7, 5), CS_CMMSSY(7, 5)) ||| CS_CMMSSY(7, 5) ||| CS_CMMSSY(7, 5)","productPCA(CS_CMMSSY(6, 5), productPCA(CS_CMMSSY(7, 5), CS_CMMSSY(7, 5)))"
"PCAcat",70,"productPCA",4,"CS_CMMSSY(6, 5) ||| productPCA(CS_CMMSSY(6, 5), miscCA(2, 9, 5)) ||| CS_CMMSSY(6, 5) ||| miscCA(2, 9, 5)","productPCA(CS_CMMSSY(6, 5), productPCA(CS_CMMSSY(6, 5), miscCA(2, 9, 5)))"
"PCAcat",71,"productPCA",4,"CS_CMMSSY(7, 5) ||| productPCA(CS_CMMSSY(7, 5), CS_CMMSSY(7, 5)) ||| CS_CMMSSY(7, 5) ||| CS_CMMSSY(7, 5)","productPCA(CS_CMMSSY(7, 5), productPCA(CS_CMMSSY(7, 5), CS_CMMSSY(7, 5)))"
"PCAcat",72,"productPCA",4,"CS_CMMSSY(6, 5) ||| productPCA(CS_CMMSSY(7, 5), miscCA(2, 9, 5)) ||| CS_CMMSSY(7, 5) ||| miscCA(2, 9, 5)","productPCA(CS_CMMSSY(6, 5), productPCA(CS_CMMSSY(7, 5), miscCA(2, 9, 5)))"
"PCAcat",73,"productPCA",4,"CS_CMMSSY(7, 5) ||| productPCA(CS_CMMSSY(7, 5), CS_CMMSSY(8, 5)) ||| CS_CMMSSY(7, 5) ||| CS_CMMSSY(8, 5)","productPCA(CS_CMMSSY(7, 5), productPCA(CS_CMMSSY(7, 5), CS_CMMSSY(8, 5)))"
"PCAcat",74,"productPCA",4,"CS_CMMSSY(7, 5) ||| productPCA(CS_CMMSSY(7, 5), miscCA(2, 9, 5)) ||| CS_CMMSSY(7, 5) ||| miscCA(2, 9, 5)","productPCA(CS_CMMSSY(7, 5), productPCA(CS_CMMSSY(7, 5), miscCA(2, 9, 5)))"
"PCAcat",75,"productPCA",6,"CS_CMMSSY(6, 5) ||| productPCA(CS_CMMSSY(6, 5), productPCA(CS_CMMSSY(6, 5), CS_CMMSSY(6, 5))) ||| CS_CMMSSY(6, 5) ||| productPCA(CS_CMMSSY(6, 5), CS_CMMSSY(6, 5)) ||| CS_CMMSSY(6, 5) ||| CS_CMMSSY(6, 5)","productPCA(CS_CMMSSY(6, 5), productPCA(CS_CMMSSY(6, 5), productPCA(CS_CMMSSY(6, 5), CS_CMMSSY(6, 5))))"
"PCAcat",76,"productPCA",6,"CS_CMMSSY(6, 5) ||| productPCA(CS_CMMSSY(6, 5), productPCA(CS_CMMSSY(6, 5), CS_CMMSSY(7, 5))) ||| CS_CMMSSY(6, 5) ||| productPCA(CS_CMMSSY(6, 5), CS_CMMSSY(7, 5)) ||| CS_CMMSSY(6, 5) ||| CS_CMMSSY(7, 5)","productPCA(CS_CMMSSY(6, 5), productPCA(CS_CMMSSY(6, 5), productPCA(CS_CMMSSY(6, 5), CS_CMMSSY(7, 5))))"
"PCAcat",77,"productPCA",6,"CS_CMMSSY(6, 5) ||| productPCA(CS_CMMSSY(6, 5), productPCA(CS_CMMSSY(7, 5), CS_CMMSSY(7, 5))) ||| CS_CMMSSY(6, 5) ||| productPCA(CS_CMMSSY(7, 5), CS_CMMSSY(7, 5)) ||| CS_CMMSSY(7, 5) ||| CS_CMMSSY(7, 5)","productPCA(CS_CMMSSY(6, 5), productPCA(CS_CMMSSY(6, 5), productPCA(CS_CMMSSY(7, 5), CS_CMMSSY(7, 5))))"
"PCAcat",78,"productPCA",6,"CS_CMMSSY(6, 5) ||| productPCA(CS_CMMSSY(6, 5), productPCA(CS_CMMSSY(6, 5), miscCA(2, 9, 5))) ||| CS_CMMSSY(6, 5) ||| productPCA(CS_CMMSSY(6, 5), miscCA(2, 9, 5)) ||| CS_CMMSSY(6, 5) ||| miscCA(2, 9, 5)","productPCA(CS_CMMSSY(6, 5), productPCA(CS_CMMSSY(6, 5), productPCA(CS_CMMSSY(6, 5), miscCA(2, 9, 5))))"
"PCAcat",79,"productPCA",6,"CS_CMMSSY(6, 5) ||| productPCA(CS_CMMSSY(7, 5), productPCA(CS_CMMSSY(7, 5), CS_CMMSSY(7, 5))) ||| CS_CMMSSY(7, 5) ||| productPCA(CS_CMMSSY(7, 5), CS_CMMSSY(7, 5)) ||| CS_CMMSSY(7, 5) ||| CS_CMMSSY(7, 5)","productPCA(CS_CMMSSY(6, 5), productPCA(CS_CMMSSY(7, 5), productPCA(CS_CMMSSY(7, 5), CS_CMMSSY(7, 5))))"
"PCAcat",80,"productPCA",6,"CS_CMMSSY(6, 5) ||| productPCA(CS_CMMSSY(6, 5), productPCA(CS_CMMSSY(7, 5), miscCA(2, 9, 5))) ||| CS_CMMSSY(6, 5) ||| productPCA(CS_CMMSSY(7, 5), miscCA(2, 9, 5)) ||| CS_CMMSSY(7, 5) ||| miscCA(2, 9, 5)","productPCA(CS_CMMSSY(6, 5), productPCA(CS_CMMSSY(6, 5), productPCA(CS_CMMSSY(7, 5), miscCA(2, 9, 5))))"
"PCAcat",81,"productPCA",6,"CS_CMMSSY(7, 5) ||| productPCA(CS_CMMSSY(7, 5), productPCA(CS_CMMSSY(7, 5), CS_CMMSSY(7, 5))) ||| CS_CMMSSY(7, 5) ||| productPCA(CS_CMMSSY(7, 5), CS_CMMSSY(7, 5)) ||| CS_CMMSSY(7, 5) ||| CS_CMMSSY(7, 5)","productPCA(CS_CMMSSY(7, 5), productPCA(CS_CMMSSY(7, 5), productPCA(CS_CMMSSY(7, 5), CS_CMMSSY(7, 5))))"
"PCAcat",82,"productPCA",6,"CS_CMMSSY(6, 5) ||| productPCA(CS_CMMSSY(7, 5), productPCA(CS_CMMSSY(7, 5), miscCA(2, 9, 5))) ||| CS_CMMSSY(7, 5) ||| productPCA(CS_CMMSSY(7, 5), miscCA(2, 9, 5)) ||| CS_CMMSSY(7, 5) ||| miscCA(2, 9, 5)","productPCA(CS_CMMSSY(6, 5), productPCA(CS_CMMSSY(7, 5), productPCA(CS_CMMSSY(7, 5), miscCA(2, 9, 5))))"
"PCAcat",83,"productPCA",8,"CS_CMMSSY(6, 5) ||| productPCA(CS_CMMSSY(6, 5), productPCA(CS_CMMSSY(6, 5), productPCA(CS_CMMSSY(6, 5), CS_CMMSSY(6,     5)))) ||| CS_CMMSSY(6, 5) ||| productPCA(CS_CMMSSY(6, 5), productPCA(CS_CMMSSY(6, 5), CS_CMMSSY(6, 5))) ||| CS_CMMSSY(6, 5) ||| productPCA(CS_CMMSSY(6, 5), CS_CMMSSY(6, 5)) ||| CS_CMMSSY(6, 5) ||| CS_CMMSSY(6, 5)","productPCA(CS_CMMSSY(6, 5), productPCA(CS_CMMSSY(6, 5), productPCA(CS_CMMSSY(6, 5), productPCA(CS_CMMSSY(6, 5), CS_CMMSSY(6, 5)))))"
"PCAcat",84,"productPCA",8,"CS_CMMSSY(6, 5) ||| productPCA(CS_CMMSSY(6, 5), productPCA(CS_CMMSSY(6, 5), productPCA(CS_CMMSSY(6, 5), CS_CMMSSY(7,     5)))) ||| CS_CMMSSY(6, 5) ||| productPCA(CS_CMMSSY(6, 5), productPCA(CS_CMMSSY(6, 5), CS_CMMSSY(7, 5))) ||| CS_CMMSSY(6, 5) ||| productPCA(CS_CMMSSY(6, 5), CS_CMMSSY(7, 5)) ||| CS_CMMSSY(6, 5) ||| CS_CMMSSY(7, 5)","productPCA(CS_CMMSSY(6, 5), productPCA(CS_CMMSSY(6, 5), productPCA(CS_CMMSSY(6, 5), productPCA(CS_CMMSSY(6, 5), CS_CMMSSY(7, 5)))))"
"PCAcat",85,"productPCA",8,"CS_CMMSSY(6, 5) ||| productPCA(CS_CMMSSY(6, 5), productPCA(CS_CMMSSY(6, 5), productPCA(CS_CMMSSY(7, 5), CS_CMMSSY(7,     5)))) ||| CS_CMMSSY(6, 5) ||| productPCA(CS_CMMSSY(6, 5), productPCA(CS_CMMSSY(7, 5), CS_CMMSSY(7, 5))) ||| CS_CMMSSY(6, 5) ||| productPCA(CS_CMMSSY(7, 5), CS_CMMSSY(7, 5)) ||| CS_CMMSSY(7, 5) ||| CS_CMMSSY(7, 5)","productPCA(CS_CMMSSY(6, 5), productPCA(CS_CMMSSY(6, 5), productPCA(CS_CMMSSY(6, 5), productPCA(CS_CMMSSY(7, 5), CS_CMMSSY(7, 5)))))"
"PCAcat",86,"productPCA",8,"CS_CMMSSY(6, 5) ||| productPCA(CS_CMMSSY(6, 5), productPCA(CS_CMMSSY(6, 5), productPCA(CS_CMMSSY(6, 5), miscCA(2,     9, 5)))) ||| CS_CMMSSY(6, 5) ||| productPCA(CS_CMMSSY(6, 5), productPCA(CS_CMMSSY(6, 5), miscCA(2, 9, 5))) ||| CS_CMMSSY(6, 5) ||| productPCA(CS_CMMSSY(6, 5), miscCA(2, 9, 5)) ||| CS_CMMSSY(6, 5) ||| miscCA(2, 9, 5)","productPCA(CS_CMMSSY(6, 5), productPCA(CS_CMMSSY(6, 5), productPCA(CS_CMMSSY(6, 5), productPCA(CS_CMMSSY(6, 5), miscCA(2, 9, 5)))))"
"PCAcat",87,"productPCA",8,"CS_CMMSSY(6, 5) ||| productPCA(CS_CMMSSY(6, 5), productPCA(CS_CMMSSY(7, 5), productPCA(CS_CMMSSY(7, 5), CS_CMMSSY(7,     5)))) ||| CS_CMMSSY(6, 5) ||| productPCA(CS_CMMSSY(7, 5), productPCA(CS_CMMSSY(7, 5), CS_CMMSSY(7, 5))) ||| CS_CMMSSY(7, 5) ||| productPCA(CS_CMMSSY(7, 5), CS_CMMSSY(7, 5)) ||| CS_CMMSSY(7, 5) ||| CS_CMMSSY(7, 5)","productPCA(CS_CMMSSY(6, 5), productPCA(CS_CMMSSY(6, 5), productPCA(CS_CMMSSY(7, 5), productPCA(CS_CMMSSY(7, 5), CS_CMMSSY(7, 5)))))"
"PCAcat",88,"productPCA",8,"CS_CMMSSY(6, 5) ||| productPCA(CS_CMMSSY(6, 5), productPCA(CS_CMMSSY(6, 5), productPCA(CS_CMMSSY(7, 5), miscCA(2,     9, 5)))) ||| CS_CMMSSY(6, 5) ||| productPCA(CS_CMMSSY(6, 5), productPCA(CS_CMMSSY(7, 5), miscCA(2, 9, 5))) ||| CS_CMMSSY(6, 5) ||| productPCA(CS_CMMSSY(7, 5), miscCA(2, 9, 5)) ||| CS_CMMSSY(7, 5) ||| miscCA(2, 9, 5)","productPCA(CS_CMMSSY(6, 5), productPCA(CS_CMMSSY(6, 5), productPCA(CS_CMMSSY(6, 5), productPCA(CS_CMMSSY(7, 5), miscCA(2, 9, 5)))))"
"PCAcat",89,"productPCA",8,"CS_CMMSSY(6, 5) ||| productPCA(CS_CMMSSY(7, 5), productPCA(CS_CMMSSY(7, 5), productPCA(CS_CMMSSY(7, 5), CS_CMMSSY(7,     5)))) ||| CS_CMMSSY(7, 5) ||| productPCA(CS_CMMSSY(7, 5), productPCA(CS_CMMSSY(7, 5), CS_CMMSSY(7, 5))) ||| CS_CMMSSY(7, 5) ||| productPCA(CS_CMMSSY(7, 5), CS_CMMSSY(7, 5)) ||| CS_CMMSSY(7, 5) ||| CS_CMMSSY(7, 5)","productPCA(CS_CMMSSY(6, 5), productPCA(CS_CMMSSY(7, 5), productPCA(CS_CMMSSY(7, 5), productPCA(CS_CMMSSY(7, 5), CS_CMMSSY(7, 5)))))"
"PCAcat",90,"productPCA",8,"CS_CMMSSY(6, 5) ||| productPCA(CS_CMMSSY(6, 5), productPCA(CS_CMMSSY(7, 5), productPCA(CS_CMMSSY(7, 5), miscCA(2,     9, 5)))) ||| CS_CMMSSY(6, 5) ||| productPCA(CS_CMMSSY(7, 5), productPCA(CS_CMMSSY(7, 5), miscCA(2, 9, 5))) ||| CS_CMMSSY(7, 5) ||| productPCA(CS_CMMSSY(7, 5), miscCA(2, 9, 5)) ||| CS_CMMSSY(7, 5) ||| miscCA(2, 9, 5)","productPCA(CS_CMMSSY(6, 5), productPCA(CS_CMMSSY(6, 5), productPCA(CS_CMMSSY(7, 5), productPCA(CS_CMMSSY(7, 5), miscCA(2, 9, 5)))))"
"PCAcat",91,"productPCA",10,"CS_CMMSSY(6, 5) ||| productPCA(CS_CMMSSY(6, 5), productPCA(CS_CMMSSY(6, 5), productPCA(CS_CMMSSY(6, 5), productPCA(CS_CMMSSY(6,     5), CS_CMMSSY(6, 5))))) ||| CS_CMMSSY(6, 5) ||| productPCA(CS_CMMSSY(6, 5), productPCA(CS_CMMSSY(6, 5), productPCA(CS_CMMSSY(6, 5), CS_CMMSSY(6,     5)))) ||| CS_CMMSSY(6, 5) ||| productPCA(CS_CMMSSY(6, 5), productPCA(CS_CMMSSY(6, 5), CS_CMMSSY(6, 5))) ||| CS_CMMSSY(6, 5) ||| productPCA(CS_CMMSSY(6, 5), CS_CMMSSY(6, 5)) ||| CS_CMMSSY(6, 5) ||| CS_CMMSSY(6, 5)","productPCA(CS_CMMSSY(6, 5), productPCA(CS_CMMSSY(6, 5), productPCA(CS_CMMSSY(6, 5), productPCA(CS_CMMSSY(6, 5), productPCA(CS_CMMSSY(6, 5), CS_CMMSSY(6, 5))))))"
"PCAcat",92,"productPCA",4,"CA_to_PCA(miscCA(2, 3, 6)) ||| miscCA(2, 3, 6) ||| CA_to_PCA(miscCA(2, 3, 6)) ||| miscCA(2, 3, 6)","productPCA(CA_to_PCA(miscCA(2,3,6)), CA_to_PCA(miscCA(2,3,6)))"
"PCAcat",93,"productPCA",3,"CA_to_PCA(miscCA(2, 3, 6)) ||| miscCA(2, 3, 6) ||| miscCA(2, 4, 6)","productPCA(CA_to_PCA(miscCA(2,3,6)), miscCA(2, 4, 6))"
"PCAcat",94,"productPCA",2,"miscCA(2, 4, 6) ||| miscCA(2, 4, 6)","productPCA(miscCA(2, 4, 6), miscCA(2, 4, 6))"
"PCAcat",95,"productPCA",2,"miscCA(2, 4, 6) ||| miscCA(2, 5, 6)","productPCA(miscCA(2, 4, 6), miscCA(2, 5, 6))"
"PCAcat",96,"productPCA",2,"miscCA(2, 4, 6) ||| miscCA(2, 6, 6)","productPCA(miscCA(2, 4, 6), miscCA(2, 6, 6))"
"PCAcat",97,"productPCA",2,"miscCA(2, 5, 6) ||| miscCA(2, 6, 6)","productPCA(miscCA(2, 5, 6), miscCA(2, 6, 6))"
"PCAcat",98,"productPCA",2,"miscCA(2, 6, 6) ||| miscCA(2, 6, 6)","productPCA(miscCA(2, 6, 6), miscCA(2, 6, 6))"
"PCAcat",99,"productPCA",2,"miscCA(2, 5, 6) ||| CS_CMMSSY(9, 6)","productPCA(miscCA(2, 5, 6), CS_CMMSSY(9, 6))"
"PCAcat",100,"productPCA",2,"miscCA(2, 6, 6) ||| CS_CMMSSY(9, 6)","productPCA(miscCA(2, 6, 6), CS_CMMSSY(9, 6))"
"PCAcat",101,"productPCA",2,"CS_CMMSSY(9, 6) ||| CS_CMMSSY(9, 6)","productPCA(CS_CMMSSY(9, 6), CS_CMMSSY(9, 6))"
"PCAcat",102,"productPCA",2,"CS_CMMSSY(9, 6) ||| CS_CMMSSY(10, 6)","productPCA(CS_CMMSSY(9, 6), CS_CMMSSY(10, 6))"
"PCAcat",103,"productPCA",2,"CS_CMMSSY(10, 6) ||| CS_CMMSSY(10, 6)","productPCA(CS_CMMSSY(10, 6), CS_CMMSSY(10, 6))"
"PCAcat",104,"productPCA",2,"CS_CMMSSY(10, 6) ||| CS_CMMSSY(11, 6)","productPCA(CS_CMMSSY(10, 6), CS_CMMSSY(11, 6))"
"PCAcat",105,"productPCA",4,"miscCA(2, 4, 6) ||| productPCA(miscCA(2, 5, 6), miscCA(2, 6, 6)) ||| miscCA(2, 5, 6) ||| miscCA(2, 6, 6)","productPCA(miscCA(2, 4, 6), productPCA(miscCA(2, 5, 6), miscCA(2, 6, 6)))"
"PCAcat",106,"productPCA",2,"CS_CMMSSY(11, 6) ||| CS_CMMSSY(11, 6)","productPCA(CS_CMMSSY(11, 6), CS_CMMSSY(11, 6))"
"PCAcat",107,"productPCA",4,"miscCA(2, 4, 6) ||| productPCA(miscCA(2, 6, 6), miscCA(2, 6, 6)) ||| miscCA(2, 6, 6) ||| miscCA(2, 6, 6)","productPCA(miscCA(2, 4, 6), productPCA(miscCA(2, 6, 6), miscCA(2, 6, 6)))"
"PCAcat",108,"productPCA",4,"miscCA(2, 5, 6) ||| productPCA(miscCA(2, 6, 6), miscCA(2, 6, 6)) ||| miscCA(2, 6, 6) ||| miscCA(2, 6, 6)","productPCA(miscCA(2, 5, 6), productPCA(miscCA(2, 6, 6), miscCA(2, 6, 6)))"
"PCAcat",109,"productPCA",4,"miscCA(2, 6, 6) ||| productPCA(miscCA(2, 6, 6), miscCA(2, 6, 6)) ||| miscCA(2, 6, 6) ||| miscCA(2, 6, 6)","productPCA(miscCA(2, 6, 6), productPCA(miscCA(2, 6, 6), miscCA(2, 6, 6)))"
"PCAcat",110,"productPCA",4,"miscCA(2, 5, 6) ||| productPCA(miscCA(2, 6, 6), CS_CMMSSY(9, 6)) ||| miscCA(2, 6, 6) ||| CS_CMMSSY(9, 6)","productPCA(miscCA(2, 5, 6), productPCA(miscCA(2, 6, 6), CS_CMMSSY(9, 6)))"
"PCAcat",111,"productPCA",4,"miscCA(2, 6, 6) ||| productPCA(miscCA(2, 6, 6), CS_CMMSSY(9, 6)) ||| miscCA(2, 6, 6) ||| CS_CMMSSY(9, 6)","productPCA(miscCA(2, 6, 6), productPCA(miscCA(2, 6, 6), CS_CMMSSY(9, 6)))"
"PCAcat",112,"productPCA",4,"miscCA(2, 5, 6) ||| productPCA(CS_CMMSSY(9, 6), CS_CMMSSY(9, 6)) ||| CS_CMMSSY(9, 6) ||| CS_CMMSSY(9, 6)","productPCA(miscCA(2, 5, 6), productPCA(CS_CMMSSY(9, 6), CS_CMMSSY(9, 6)))"
"PCAcat",113,"productPCA",4,"miscCA(2, 6, 6) ||| productPCA(CS_CMMSSY(9, 6), CS_CMMSSY(9, 6)) ||| CS_CMMSSY(9, 6) ||| CS_CMMSSY(9, 6)","productPCA(miscCA(2, 6, 6), productPCA(CS_CMMSSY(9, 6), CS_CMMSSY(9, 6)))"
"PCAcat",114,"productPCA",4,"CS_CMMSSY(9, 6) ||| productPCA(CS_CMMSSY(9, 6), CS_CMMSSY(9, 6)) ||| CS_CMMSSY(9, 6) ||| CS_CMMSSY(9, 6)","productPCA(CS_CMMSSY(9, 6), productPCA(CS_CMMSSY(9, 6), CS_CMMSSY(9, 6)))"
"PCAcat",115,"productPCA",4,"CS_CMMSSY(9, 6) ||| productPCA(CS_CMMSSY(9, 6), CS_CMMSSY(10, 6)) ||| CS_CMMSSY(9, 6) ||| CS_CMMSSY(10, 6)","productPCA(CS_CMMSSY(9, 6), productPCA(CS_CMMSSY(9, 6), CS_CMMSSY(10, 6)))"
"PCAcat",116,"productPCA",4,"CS_CMMSSY(9, 6) ||| productPCA(CS_CMMSSY(10, 6), CS_CMMSSY(10, 6)) ||| CS_CMMSSY(10, 6) ||| CS_CMMSSY(10, 6)","productPCA(CS_CMMSSY(9, 6), productPCA(CS_CMMSSY(10, 6), CS_CMMSSY(10, 6)))"
"PCAcat",117,"productPCA",4,"CS_CMMSSY(10, 6) ||| productPCA(CS_CMMSSY(10, 6), CS_CMMSSY(10, 6)) ||| CS_CMMSSY(10, 6) ||| CS_CMMSSY(10, 6)","productPCA(CS_CMMSSY(10, 6), productPCA(CS_CMMSSY(10, 6), CS_CMMSSY(10, 6)))"
"PCAcat",118,"productPCA",6,"miscCA(2, 5, 6) ||| productPCA(miscCA(2, 6, 6), productPCA(miscCA(2, 6, 6), miscCA(2, 6, 6))) ||| miscCA(2, 6, 6) ||| productPCA(miscCA(2, 6, 6), miscCA(2, 6, 6)) ||| miscCA(2, 6, 6) ||| miscCA(2, 6, 6)","productPCA(miscCA(2, 5, 6), productPCA(miscCA(2, 6, 6), productPCA(miscCA(2, 6, 6), miscCA(2, 6, 6))))"
"PCAcat",119,"productPCA",6,"miscCA(2, 6, 6) ||| productPCA(miscCA(2, 6, 6), productPCA(miscCA(2, 6, 6), miscCA(2, 6, 6))) ||| miscCA(2, 6, 6) ||| productPCA(miscCA(2, 6, 6), miscCA(2, 6, 6)) ||| miscCA(2, 6, 6) ||| miscCA(2, 6, 6)","productPCA(miscCA(2, 6, 6), productPCA(miscCA(2, 6, 6), productPCA(miscCA(2, 6, 6), miscCA(2, 6, 6))))"
"PCAcat",120,"productPCA",6,"miscCA(2, 5, 6) ||| productPCA(miscCA(2, 6, 6), productPCA(miscCA(2, 6, 6), CS_CMMSSY(9, 6))) ||| miscCA(2, 6, 6) ||| productPCA(miscCA(2, 6, 6), CS_CMMSSY(9, 6)) ||| miscCA(2, 6, 6) ||| CS_CMMSSY(9, 6)","productPCA(miscCA(2, 5, 6), productPCA(miscCA(2, 6, 6), productPCA(miscCA(2, 6, 6), CS_CMMSSY(9, 6))))"
"PCAcat",121,"productPCA",6,"miscCA(2, 6, 6) ||| productPCA(miscCA(2, 6, 6), productPCA(miscCA(2, 6, 6), CS_CMMSSY(9, 6))) ||| miscCA(2, 6, 6) ||| productPCA(miscCA(2, 6, 6), CS_CMMSSY(9, 6)) ||| miscCA(2, 6, 6) ||| CS_CMMSSY(9, 6)","productPCA(miscCA(2, 6, 6), productPCA(miscCA(2, 6, 6), productPCA(miscCA(2, 6, 6), CS_CMMSSY(9, 6))))"
"PCAcat",122,"productPCA",6,"miscCA(2, 5, 6) ||| productPCA(miscCA(2, 6, 6), productPCA(CS_CMMSSY(9, 6), CS_CMMSSY(9, 6))) ||| miscCA(2, 6, 6) ||| productPCA(CS_CMMSSY(9, 6), CS_CMMSSY(9, 6)) ||| CS_CMMSSY(9, 6) ||| CS_CMMSSY(9, 6)","productPCA(miscCA(2, 5, 6), productPCA(miscCA(2, 6, 6), productPCA(CS_CMMSSY(9, 6), CS_CMMSSY(9, 6))))"
"PCAcat",123,"productPCA",6,"miscCA(2, 6, 6) ||| productPCA(miscCA(2, 6, 6), productPCA(CS_CMMSSY(9, 6), CS_CMMSSY(9, 6))) ||| miscCA(2, 6, 6) ||| productPCA(CS_CMMSSY(9, 6), CS_CMMSSY(9, 6)) ||| CS_CMMSSY(9, 6) ||| CS_CMMSSY(9, 6)","productPCA(miscCA(2, 6, 6), productPCA(miscCA(2, 6, 6), productPCA(CS_CMMSSY(9, 6), CS_CMMSSY(9, 6))))"
"PCAcat",124,"productPCA",6,"miscCA(2, 5, 6) ||| productPCA(CS_CMMSSY(9, 6), productPCA(CS_CMMSSY(9, 6), CS_CMMSSY(9, 6))) ||| CS_CMMSSY(9, 6) ||| productPCA(CS_CMMSSY(9, 6), CS_CMMSSY(9, 6)) ||| CS_CMMSSY(9, 6) ||| CS_CMMSSY(9, 6)","productPCA(miscCA(2, 5, 6), productPCA(CS_CMMSSY(9, 6), productPCA(CS_CMMSSY(9, 6), CS_CMMSSY(9, 6))))"
"PCAcat",125,"productPCA",6,"miscCA(2, 6, 6) ||| productPCA(CS_CMMSSY(9, 6), productPCA(CS_CMMSSY(9, 6), CS_CMMSSY(9, 6))) ||| CS_CMMSSY(9, 6) ||| productPCA(CS_CMMSSY(9, 6), CS_CMMSSY(9, 6)) ||| CS_CMMSSY(9, 6) ||| CS_CMMSSY(9, 6)","productPCA(miscCA(2, 6, 6), productPCA(CS_CMMSSY(9, 6), productPCA(CS_CMMSSY(9, 6), CS_CMMSSY(9, 6))))"
"PCAcat",126,"productPCA",6,"CS_CMMSSY(9, 6) ||| productPCA(CS_CMMSSY(9, 6), productPCA(CS_CMMSSY(9, 6), CS_CMMSSY(9, 6))) ||| CS_CMMSSY(9, 6) ||| productPCA(CS_CMMSSY(9, 6), CS_CMMSSY(9, 6)) ||| CS_CMMSSY(9, 6) ||| CS_CMMSSY(9, 6)","productPCA(CS_CMMSSY(9, 6), productPCA(CS_CMMSSY(9, 6), productPCA(CS_CMMSSY(9, 6), CS_CMMSSY(9, 6))))"
"PCAcat",127,"productPCA",6,"CS_CMMSSY(9, 6) ||| productPCA(CS_CMMSSY(9, 6), productPCA(CS_CMMSSY(9, 6), CS_CMMSSY(10, 6))) ||| CS_CMMSSY(9, 6) ||| productPCA(CS_CMMSSY(9, 6), CS_CMMSSY(10, 6)) ||| CS_CMMSSY(9, 6) ||| CS_CMMSSY(10, 6)","productPCA(CS_CMMSSY(9, 6), productPCA(CS_CMMSSY(9, 6), productPCA(CS_CMMSSY(9, 6), CS_CMMSSY(10, 6))))"
"PCAcat",128,"productPCA",6,"CS_CMMSSY(9, 6) ||| productPCA(CS_CMMSSY(9, 6), productPCA(CS_CMMSSY(10, 6), CS_CMMSSY(10, 6))) ||| CS_CMMSSY(9, 6) ||| productPCA(CS_CMMSSY(10, 6), CS_CMMSSY(10, 6)) ||| CS_CMMSSY(10, 6) ||| CS_CMMSSY(10, 6)","productPCA(CS_CMMSSY(9, 6), productPCA(CS_CMMSSY(9, 6), productPCA(CS_CMMSSY(10, 6), CS_CMMSSY(10, 6))))"
"PCAcat",129,"productPCA",6,"CS_CMMSSY(9, 6) ||| productPCA(CS_CMMSSY(10, 6), productPCA(CS_CMMSSY(10, 6), CS_CMMSSY(10, 6))) ||| CS_CMMSSY(10, 6) ||| productPCA(CS_CMMSSY(10, 6), CS_CMMSSY(10, 6)) ||| CS_CMMSSY(10, 6) ||| CS_CMMSSY(10, 6)","productPCA(CS_CMMSSY(9, 6), productPCA(CS_CMMSSY(10, 6), productPCA(CS_CMMSSY(10, 6), CS_CMMSSY(10, 6))))"
"PCAcat",130,"productPCA",8,"miscCA(2, 5, 6) ||| productPCA(miscCA(2, 6, 6), productPCA(miscCA(2, 6, 6), productPCA(miscCA(2, 6, 6), CS_CMMSSY(9,     6)))) ||| miscCA(2, 6, 6) ||| productPCA(miscCA(2, 6, 6), productPCA(miscCA(2, 6, 6), CS_CMMSSY(9, 6))) ||| miscCA(2, 6, 6) ||| productPCA(miscCA(2, 6, 6), CS_CMMSSY(9, 6)) ||| miscCA(2, 6, 6) ||| CS_CMMSSY(9, 6)","productPCA(miscCA(2, 5, 6), productPCA(miscCA(2, 6, 6), productPCA(miscCA(2, 6, 6), productPCA(miscCA(2, 6, 6), CS_CMMSSY(9, 6)))))"
"PCAcat",131,"productPCA",8,"miscCA(2, 6, 6) ||| productPCA(miscCA(2, 6, 6), productPCA(miscCA(2, 6, 6), productPCA(miscCA(2, 6, 6), CS_CMMSSY(9,     6)))) ||| miscCA(2, 6, 6) ||| productPCA(miscCA(2, 6, 6), productPCA(miscCA(2, 6, 6), CS_CMMSSY(9, 6))) ||| miscCA(2, 6, 6) ||| productPCA(miscCA(2, 6, 6), CS_CMMSSY(9, 6)) ||| miscCA(2, 6, 6) ||| CS_CMMSSY(9, 6)","productPCA(miscCA(2, 6, 6), productPCA(miscCA(2, 6, 6), productPCA(miscCA(2, 6, 6), productPCA(miscCA(2, 6, 6), CS_CMMSSY(9, 6)))))"
"PCAcat",132,"productPCA",8,"miscCA(2, 5, 6) ||| productPCA(miscCA(2, 6, 6), productPCA(miscCA(2, 6, 6), productPCA(CS_CMMSSY(9, 6), CS_CMMSSY(9,     6)))) ||| miscCA(2, 6, 6) ||| productPCA(miscCA(2, 6, 6), productPCA(CS_CMMSSY(9, 6), CS_CMMSSY(9, 6))) ||| miscCA(2, 6, 6) ||| productPCA(CS_CMMSSY(9, 6), CS_CMMSSY(9, 6)) ||| CS_CMMSSY(9, 6) ||| CS_CMMSSY(9, 6)","productPCA(miscCA(2, 5, 6), productPCA(miscCA(2, 6, 6), productPCA(miscCA(2, 6, 6), productPCA(CS_CMMSSY(9, 6), CS_CMMSSY(9, 6)))))"
"PCAcat",133,"productPCA",8,"miscCA(2, 6, 6) ||| productPCA(miscCA(2, 6, 6), productPCA(miscCA(2, 6, 6), productPCA(CS_CMMSSY(9, 6), CS_CMMSSY(9,     6)))) ||| miscCA(2, 6, 6) ||| productPCA(miscCA(2, 6, 6), productPCA(CS_CMMSSY(9, 6), CS_CMMSSY(9, 6))) ||| miscCA(2, 6, 6) ||| productPCA(CS_CMMSSY(9, 6), CS_CMMSSY(9, 6)) ||| CS_CMMSSY(9, 6) ||| CS_CMMSSY(9, 6)","productPCA(miscCA(2, 6, 6), productPCA(miscCA(2, 6, 6), productPCA(miscCA(2, 6, 6), productPCA(CS_CMMSSY(9, 6), CS_CMMSSY(9, 6)))))"
"PCAcat",134,"productPCA",8,"miscCA(2, 5, 6) ||| productPCA(miscCA(2, 6, 6), productPCA(CS_CMMSSY(9, 6), productPCA(CS_CMMSSY(9, 6), CS_CMMSSY(9,     6)))) ||| miscCA(2, 6, 6) ||| productPCA(CS_CMMSSY(9, 6), productPCA(CS_CMMSSY(9, 6), CS_CMMSSY(9, 6))) ||| CS_CMMSSY(9, 6) ||| productPCA(CS_CMMSSY(9, 6), CS_CMMSSY(9, 6)) ||| CS_CMMSSY(9, 6) ||| CS_CMMSSY(9, 6)","productPCA(miscCA(2, 5, 6), productPCA(miscCA(2, 6, 6), productPCA(CS_CMMSSY(9, 6), productPCA(CS_CMMSSY(9, 6), CS_CMMSSY(9, 6)))))"
"PCAcat",135,"productPCA",8,"miscCA(2, 6, 6) ||| productPCA(miscCA(2, 6, 6), productPCA(CS_CMMSSY(9, 6), productPCA(CS_CMMSSY(9, 6), CS_CMMSSY(9,     6)))) ||| miscCA(2, 6, 6) ||| productPCA(CS_CMMSSY(9, 6), productPCA(CS_CMMSSY(9, 6), CS_CMMSSY(9, 6))) ||| CS_CMMSSY(9, 6) ||| productPCA(CS_CMMSSY(9, 6), CS_CMMSSY(9, 6)) ||| CS_CMMSSY(9, 6) ||| CS_CMMSSY(9, 6)","productPCA(miscCA(2, 6, 6), productPCA(miscCA(2, 6, 6), productPCA(CS_CMMSSY(9, 6), productPCA(CS_CMMSSY(9, 6), CS_CMMSSY(9, 6)))))"
"PCAcat",136,"productPCA",2,"CS_CMMSSY(8, 7) ||| CS_CMMSSY(8, 7)","productPCA(CS_CMMSSY(8, 7), CS_CMMSSY(8, 7))"
"PCAcat",137,"productPCA",2,"CS_CMMSSY(8, 7) ||| CS_CMMSSY(10, 7)","productPCA(CS_CMMSSY(8, 7), CS_CMMSSY(10, 7))"
"PCAcat",138,"productPCA",2,"CS_CMMSSY(8, 7) ||| CS_CMMSSY(11, 7)","productPCA(CS_CMMSSY(8, 7), CS_CMMSSY(11, 7))"
"PCAcat",139,"productPCA",2,"CS_CMMSSY(10, 7) ||| CS_CMMSSY(10, 7)","productPCA(CS_CMMSSY(10, 7), CS_CMMSSY(10, 7))"
"PCAcat",140,"productPCA",2,"CS_CMMSSY(10, 7) ||| CS_CMMSSY(11, 7)","productPCA(CS_CMMSSY(10, 7), CS_CMMSSY(11, 7))"
"PCAcat",141,"productPCA",2,"CS_CMMSSY(11, 7) ||| CS_CMMSSY(11, 7)","productPCA(CS_CMMSSY(11, 7), CS_CMMSSY(11, 7))"
"PCAcat",142,"productPCA",4,"CS_CMMSSY(8, 7) ||| productPCA(CS_CMMSSY(8, 7), CS_CMMSSY(8, 7)) ||| CS_CMMSSY(8, 7) ||| CS_CMMSSY(8, 7)","productPCA(CS_CMMSSY(8, 7), productPCA(CS_CMMSSY(8, 7), CS_CMMSSY(8, 7)))"
"PCAcat",143,"productPCA",4,"CS_CMMSSY(8, 7) ||| productPCA(CS_CMMSSY(8, 7), CS_CMMSSY(10, 7)) ||| CS_CMMSSY(8, 7) ||| CS_CMMSSY(10, 7)","productPCA(CS_CMMSSY(8, 7), productPCA(CS_CMMSSY(8, 7), CS_CMMSSY(10, 7)))"
"PCAcat",144,"productPCA",4,"CS_CMMSSY(8, 7) ||| productPCA(CS_CMMSSY(8, 7), CS_CMMSSY(11, 7)) ||| CS_CMMSSY(8, 7) ||| CS_CMMSSY(11, 7)","productPCA(CS_CMMSSY(8, 7), productPCA(CS_CMMSSY(8, 7), CS_CMMSSY(11, 7)))"
"PCAcat",145,"productPCA",4,"CS_CMMSSY(8, 7) ||| productPCA(CS_CMMSSY(10, 7), CS_CMMSSY(10, 7)) ||| CS_CMMSSY(10, 7) ||| CS_CMMSSY(10, 7)","productPCA(CS_CMMSSY(8, 7), productPCA(CS_CMMSSY(10, 7), CS_CMMSSY(10, 7)))"
"PCAcat",146,"productPCA",4,"CS_CMMSSY(8, 7) ||| productPCA(CS_CMMSSY(10, 7), CS_CMMSSY(11, 7)) ||| CS_CMMSSY(10, 7) ||| CS_CMMSSY(11, 7)","productPCA(CS_CMMSSY(8, 7), productPCA(CS_CMMSSY(10, 7), CS_CMMSSY(11, 7)))"
"PCAcat",147,"productPCA",4,"CS_CMMSSY(10, 7) ||| productPCA(CS_CMMSSY(10, 7), CS_CMMSSY(10, 7)) ||| CS_CMMSSY(10, 7) ||| CS_CMMSSY(10, 7)","productPCA(CS_CMMSSY(10, 7), productPCA(CS_CMMSSY(10, 7), CS_CMMSSY(10, 7)))"
"PCAcat",148,"productPCA",6,"CS_CMMSSY(8, 7) ||| productPCA(CS_CMMSSY(8, 7), productPCA(CS_CMMSSY(8, 7), CS_CMMSSY(8, 7))) ||| CS_CMMSSY(8, 7) ||| productPCA(CS_CMMSSY(8, 7), CS_CMMSSY(8, 7)) ||| CS_CMMSSY(8, 7) ||| CS_CMMSSY(8, 7)","productPCA(CS_CMMSSY(8, 7), productPCA(CS_CMMSSY(8, 7), productPCA(CS_CMMSSY(8, 7), CS_CMMSSY(8, 7))))"
"PCAcat",149,"productPCA",6,"CS_CMMSSY(8, 7) ||| productPCA(CS_CMMSSY(8, 7), productPCA(CS_CMMSSY(8, 7), CS_CMMSSY(10, 7))) ||| CS_CMMSSY(8, 7) ||| productPCA(CS_CMMSSY(8, 7), CS_CMMSSY(10, 7)) ||| CS_CMMSSY(8, 7) ||| CS_CMMSSY(10, 7)","productPCA(CS_CMMSSY(8, 7), productPCA(CS_CMMSSY(8, 7), productPCA(CS_CMMSSY(8, 7), CS_CMMSSY(10, 7))))"
"PCAcat",150,"productPCA",6,"CS_CMMSSY(8, 7) ||| productPCA(CS_CMMSSY(8, 7), productPCA(CS_CMMSSY(8, 7), CS_CMMSSY(11, 7))) ||| CS_CMMSSY(8, 7) ||| productPCA(CS_CMMSSY(8, 7), CS_CMMSSY(11, 7)) ||| CS_CMMSSY(8, 7) ||| CS_CMMSSY(11, 7)","productPCA(CS_CMMSSY(8, 7), productPCA(CS_CMMSSY(8, 7), productPCA(CS_CMMSSY(8, 7), CS_CMMSSY(11, 7))))"
"PCAcat",151,"productPCA",6,"CS_CMMSSY(8, 7) ||| productPCA(CS_CMMSSY(8, 7), productPCA(CS_CMMSSY(10, 7), CS_CMMSSY(10, 7))) ||| CS_CMMSSY(8, 7) ||| productPCA(CS_CMMSSY(10, 7), CS_CMMSSY(10, 7)) ||| CS_CMMSSY(10, 7) ||| CS_CMMSSY(10, 7)","productPCA(CS_CMMSSY(8, 7), productPCA(CS_CMMSSY(8, 7), productPCA(CS_CMMSSY(10, 7), CS_CMMSSY(10, 7))))"
"PCAcat",152,"productPCA",6,"CS_CMMSSY(8, 7) ||| productPCA(CS_CMMSSY(8, 7), productPCA(CS_CMMSSY(10, 7), CS_CMMSSY(11, 7))) ||| CS_CMMSSY(8, 7) ||| productPCA(CS_CMMSSY(10, 7), CS_CMMSSY(11, 7)) ||| CS_CMMSSY(10, 7) ||| CS_CMMSSY(11, 7)","productPCA(CS_CMMSSY(8, 7), productPCA(CS_CMMSSY(8, 7), productPCA(CS_CMMSSY(10, 7), CS_CMMSSY(11, 7))))"
"PCAcat",153,"productPCA",6,"CS_CMMSSY(8, 7) ||| productPCA(CS_CMMSSY(10, 7), productPCA(CS_CMMSSY(10, 7), CS_CMMSSY(10, 7))) ||| CS_CMMSSY(10, 7) ||| productPCA(CS_CMMSSY(10, 7), CS_CMMSSY(10, 7)) ||| CS_CMMSSY(10, 7) ||| CS_CMMSSY(10, 7)","productPCA(CS_CMMSSY(8, 7), productPCA(CS_CMMSSY(10, 7), productPCA(CS_CMMSSY(10, 7), CS_CMMSSY(10, 7))))"
"PCAcat",154,"productPCA",8,"CS_CMMSSY(8, 7) ||| productPCA(CS_CMMSSY(8, 7), productPCA(CS_CMMSSY(8, 7), productPCA(CS_CMMSSY(8, 7), CS_CMMSSY(8,     7)))) ||| CS_CMMSSY(8, 7) ||| productPCA(CS_CMMSSY(8, 7), productPCA(CS_CMMSSY(8, 7), CS_CMMSSY(8, 7))) ||| CS_CMMSSY(8, 7) ||| productPCA(CS_CMMSSY(8, 7), CS_CMMSSY(8, 7)) ||| CS_CMMSSY(8, 7) ||| CS_CMMSSY(8, 7)","productPCA(CS_CMMSSY(8, 7), productPCA(CS_CMMSSY(8, 7), productPCA(CS_CMMSSY(8, 7), productPCA(CS_CMMSSY(8, 7), CS_CMMSSY(8, 7)))))"
"PCAcat",155,"productPCA",2,"SCA_LCDST(11, 8) ||| SCA_LCDST(11, 8)","productPCA(SCA_LCDST(11, 8), SCA_LCDST(11, 8))"
"PCAcat",156,"productPCA",2,"SCA_LCDST(11, 8) ||| CS_CMMSSY(12, 8)","productPCA(SCA_LCDST(11, 8), CS_CMMSSY(12, 8))"
"PCAcat",157,"productPCA",2,"CS_CMMSSY(12, 8) ||| CS_CMMSSY(12, 8)","productPCA(CS_CMMSSY(12, 8), CS_CMMSSY(12, 8))"
"PCAcat",158,"productPCA",2,"CS_CMMSSY(12, 8) ||| CS_CMMSSY(13, 8)","productPCA(CS_CMMSSY(12, 8), CS_CMMSSY(13, 8))"
"PCAcat",159,"productPCA",2,"CS_CMMSSY(13, 8) ||| CS_CMMSSY(13, 8)","productPCA(CS_CMMSSY(13, 8), CS_CMMSSY(13, 8))"
"PCAcat",160,"productPCA",2,"CS_CMMSSY(13, 8) ||| CS_CMMSSY(14, 8)","productPCA(CS_CMMSSY(13, 8), CS_CMMSSY(14, 8))"
"PCAcat",161,"productPCA",2,"CS_CMMSSY(14, 8) ||| CS_CMMSSY(14, 8)","productPCA(CS_CMMSSY(14, 8), CS_CMMSSY(14, 8))"
"PCAcat",162,"productPCA",2,"CS_CMMSSY(14, 8) ||| CS_CMMSSY(15, 8)","productPCA(CS_CMMSSY(14, 8), CS_CMMSSY(15, 8))"
"PCAcat",163,"productPCA",4,"SCA_Bose(8) ||| productPCA(SCA_LCDST(11, 8), SCA_LCDST(11, 8)) ||| SCA_LCDST(11, 8) ||| SCA_LCDST(11, 8)","productPCA(SCA_Bose(8), productPCA(SCA_LCDST(11, 8), SCA_LCDST(11, 8)))"
"PCAcat",164,"productPCA",4,"SCA_Bose(8) ||| productPCA(SCA_LCDST(11, 8), CS_CMMSSY(12, 8)) ||| SCA_LCDST(11, 8) ||| CS_CMMSSY(12, 8)","productPCA(SCA_Bose(8), productPCA(SCA_LCDST(11, 8), CS_CMMSSY(12, 8)))"
"PCAcat",165,"productPCA",4,"SCA_LCDST(11, 8) ||| productPCA(SCA_LCDST(11, 8), SCA_LCDST(11, 8)) ||| SCA_LCDST(11, 8) ||| SCA_LCDST(11, 8)","productPCA(SCA_LCDST(11, 8), productPCA(SCA_LCDST(11, 8), SCA_LCDST(11, 8)))"
"PCAcat",166,"productPCA",4,"SCA_LCDST(11, 8) ||| productPCA(SCA_LCDST(11, 8), CS_CMMSSY(12, 8)) ||| SCA_LCDST(11, 8) ||| CS_CMMSSY(12, 8)","productPCA(SCA_LCDST(11, 8), productPCA(SCA_LCDST(11, 8), CS_CMMSSY(12, 8)))"
"PCAcat",167,"productPCA",4,"SCA_LCDST(11, 8) ||| productPCA(CS_CMMSSY(12, 8), CS_CMMSSY(12, 8)) ||| CS_CMMSSY(12, 8) ||| CS_CMMSSY(12, 8)","productPCA(SCA_LCDST(11, 8), productPCA(CS_CMMSSY(12, 8), CS_CMMSSY(12, 8)))"
"PCAcat",168,"productPCA",4,"CS_CMMSSY(12, 8) ||| productPCA(CS_CMMSSY(12, 8), CS_CMMSSY(12, 8)) ||| CS_CMMSSY(12, 8) ||| CS_CMMSSY(12, 8)","productPCA(CS_CMMSSY(12, 8), productPCA(CS_CMMSSY(12, 8), CS_CMMSSY(12, 8)))"
"PCAcat",169,"productPCA",4,"CS_CMMSSY(12, 8) ||| productPCA(CS_CMMSSY(12, 8), CS_CMMSSY(13, 8)) ||| CS_CMMSSY(12, 8) ||| CS_CMMSSY(13, 8)","productPCA(CS_CMMSSY(12, 8), productPCA(CS_CMMSSY(12, 8), CS_CMMSSY(13, 8)))"
"PCAcat",170,"productPCA",4,"CS_CMMSSY(12, 8) ||| productPCA(CS_CMMSSY(13, 8), CS_CMMSSY(13, 8)) ||| CS_CMMSSY(13, 8) ||| CS_CMMSSY(13, 8)","productPCA(CS_CMMSSY(12, 8), productPCA(CS_CMMSSY(13, 8), CS_CMMSSY(13, 8)))"
"PCAcat",171,"productPCA",6,"SCA_Bose(8) ||| productPCA(SCA_Bose(8), productPCA(SCA_LCDST(11, 8), SCA_LCDST(11, 8))) ||| SCA_Bose(8) ||| productPCA(SCA_LCDST(11, 8), SCA_LCDST(11, 8)) ||| SCA_LCDST(11, 8) ||| SCA_LCDST(11, 8)","productPCA(SCA_Bose(8), productPCA(SCA_Bose(8), productPCA(SCA_LCDST(11, 8), SCA_LCDST(11, 8))))"
"PCAcat",172,"productPCA",6,"SCA_Bose(8) ||| productPCA(SCA_Bose(8), productPCA(SCA_LCDST(11, 8), CS_CMMSSY(12, 8))) ||| SCA_Bose(8) ||| productPCA(SCA_LCDST(11, 8), CS_CMMSSY(12, 8)) ||| SCA_LCDST(11, 8) ||| CS_CMMSSY(12, 8)","productPCA(SCA_Bose(8), productPCA(SCA_Bose(8), productPCA(SCA_LCDST(11, 8), CS_CMMSSY(12, 8))))"
"PCAcat",173,"productPCA",6,"SCA_LCDST(11, 8) ||| productPCA(SCA_Bose(8), productPCA(SCA_LCDST(11, 8), SCA_LCDST(11, 8))) ||| SCA_Bose(8) ||| productPCA(SCA_LCDST(11, 8), SCA_LCDST(11, 8)) ||| SCA_LCDST(11, 8) ||| SCA_LCDST(11, 8)","productPCA(SCA_LCDST(11, 8), productPCA(SCA_Bose(8), productPCA(SCA_LCDST(11, 8), SCA_LCDST(11, 8))))"
"PCAcat",174,"productPCA",6,"SCA_LCDST(11, 8) ||| productPCA(SCA_Bose(8), productPCA(SCA_LCDST(11, 8), CS_CMMSSY(12, 8))) ||| SCA_Bose(8) ||| productPCA(SCA_LCDST(11, 8), CS_CMMSSY(12, 8)) ||| SCA_LCDST(11, 8) ||| CS_CMMSSY(12, 8)","productPCA(SCA_LCDST(11, 8), productPCA(SCA_Bose(8), productPCA(SCA_LCDST(11, 8), CS_CMMSSY(12, 8))))"
"PCAcat",175,"productPCA",6,"SCA_LCDST(11, 8) ||| productPCA(SCA_LCDST(11, 8), productPCA(SCA_LCDST(11, 8), SCA_LCDST(11, 8))) ||| SCA_LCDST(11, 8) ||| productPCA(SCA_LCDST(11, 8), SCA_LCDST(11, 8)) ||| SCA_LCDST(11, 8) ||| SCA_LCDST(11, 8)","productPCA(SCA_LCDST(11, 8), productPCA(SCA_LCDST(11, 8), productPCA(SCA_LCDST(11, 8), SCA_LCDST(11, 8))))"
"PCAcat",176,"productPCA",6,"SCA_LCDST(11, 8) ||| productPCA(SCA_LCDST(11, 8), productPCA(SCA_LCDST(11, 8), CS_CMMSSY(12, 8))) ||| SCA_LCDST(11, 8) ||| productPCA(SCA_LCDST(11, 8), CS_CMMSSY(12, 8)) ||| SCA_LCDST(11, 8) ||| CS_CMMSSY(12, 8)","productPCA(SCA_LCDST(11, 8), productPCA(SCA_LCDST(11, 8), productPCA(SCA_LCDST(11, 8), CS_CMMSSY(12, 8))))"
"PCAcat",177,"productPCA",6,"SCA_LCDST(11, 8) ||| productPCA(SCA_LCDST(11, 8), productPCA(CS_CMMSSY(12, 8), CS_CMMSSY(12, 8))) ||| SCA_LCDST(11, 8) ||| productPCA(CS_CMMSSY(12, 8), CS_CMMSSY(12, 8)) ||| CS_CMMSSY(12, 8) ||| CS_CMMSSY(12, 8)","productPCA(SCA_LCDST(11, 8), productPCA(SCA_LCDST(11, 8), productPCA(CS_CMMSSY(12, 8), CS_CMMSSY(12, 8))))"
"PCAcat",178,"productPCA",6,"SCA_LCDST(11, 8) ||| productPCA(CS_CMMSSY(12, 8), productPCA(CS_CMMSSY(12, 8), CS_CMMSSY(12, 8))) ||| CS_CMMSSY(12, 8) ||| productPCA(CS_CMMSSY(12, 8), CS_CMMSSY(12, 8)) ||| CS_CMMSSY(12, 8) ||| CS_CMMSSY(12, 8)","productPCA(SCA_LCDST(11, 8), productPCA(CS_CMMSSY(12, 8), productPCA(CS_CMMSSY(12, 8), CS_CMMSSY(12, 8))))"
"PCAcat",179,"productPCA",8,"SCA_Bose(8) ||| productPCA(SCA_Bose(8), productPCA(SCA_Bose(8), productPCA(SCA_LCDST(11, 8), SCA_LCDST(11,     8)))) ||| SCA_Bose(8) ||| productPCA(SCA_Bose(8), productPCA(SCA_LCDST(11, 8), SCA_LCDST(11, 8))) ||| SCA_Bose(8) ||| productPCA(SCA_LCDST(11, 8), SCA_LCDST(11, 8)) ||| SCA_LCDST(11, 8) ||| SCA_LCDST(11, 8)","productPCA(SCA_Bose(8), productPCA(SCA_Bose(8), productPCA(SCA_Bose(8), productPCA(SCA_LCDST(11, 8), SCA_LCDST(11, 8)))))"
"PCAcat",180,"productPCA",2,"CS_CMMSSY(13, 9) ||| CS_CMMSSY(13, 9)","productPCA(CS_CMMSSY(13, 9), CS_CMMSSY(13, 9))"
"PCAcat",181,"productPCA",2,"CS_CMMSSY(13, 9) ||| CS_CMMSSY(14, 9)","productPCA(CS_CMMSSY(13, 9), CS_CMMSSY(14, 9))"
"PCAcat",182,"productPCA",2,"CS_CMMSSY(14, 9) ||| CS_CMMSSY(14, 9)","productPCA(CS_CMMSSY(14, 9), CS_CMMSSY(14, 9))"
"PCAcat",183,"productPCA",2,"CS_CMMSSY(14, 9) ||| CS_CMMSSY(15, 9)","productPCA(CS_CMMSSY(14, 9), CS_CMMSSY(15, 9))"
"PCAcat",184,"productPCA",2,"CS_CMMSSY(15, 9) ||| CS_CMMSSY(15, 9)","productPCA(CS_CMMSSY(15, 9), CS_CMMSSY(15, 9))"
"PCAcat",185,"productPCA",2,"CS_CMMSSY(15, 9) ||| CS_CMMSSY(16, 9)","productPCA(CS_CMMSSY(15, 9), CS_CMMSSY(16, 9))"
"PCAcat",186,"productPCA",2,"CS_CMMSSY(16, 9) ||| CS_CMMSSY(16, 9)","productPCA(CS_CMMSSY(16, 9), CS_CMMSSY(16, 9))"
"PCAcat",187,"productPCA",2,"CS_CMMSSY(16, 9) ||| SCA_MS(17, 9)","productPCA(CS_CMMSSY(16, 9), SCA_MS(17, 9))"
"PCAcat",188,"productPCA",2,"SCA_MS(17, 9) ||| SCA_MS(17, 9)","productPCA(SCA_MS(17, 9), SCA_MS(17, 9))"
"PCAcat",189,"productPCA",4,"SCA_Bose(9) ||| productPCA(CS_CMMSSY(13, 9), CS_CMMSSY(13, 9)) ||| CS_CMMSSY(13, 9) ||| CS_CMMSSY(13, 9)","productPCA(SCA_Bose(9), productPCA(CS_CMMSSY(13, 9), CS_CMMSSY(13, 9)))"
"PCAcat",190,"productPCA",4,"SCA_Bose(9) ||| productPCA(CS_CMMSSY(13, 9), CS_CMMSSY(14, 9)) ||| CS_CMMSSY(13, 9) ||| CS_CMMSSY(14, 9)","productPCA(SCA_Bose(9), productPCA(CS_CMMSSY(13, 9), CS_CMMSSY(14, 9)))"
"PCAcat",191,"productPCA",4,"SCA_Bose(9) ||| productPCA(CS_CMMSSY(14, 9), CS_CMMSSY(14, 9)) ||| CS_CMMSSY(14, 9) ||| CS_CMMSSY(14, 9)","productPCA(SCA_Bose(9), productPCA(CS_CMMSSY(14, 9), CS_CMMSSY(14, 9)))"
"PCAcat",192,"productPCA",4,"CS_CMMSSY(13, 9) ||| productPCA(CS_CMMSSY(13, 9), CS_CMMSSY(13, 9)) ||| CS_CMMSSY(13, 9) ||| CS_CMMSSY(13, 9)","productPCA(CS_CMMSSY(13, 9), productPCA(CS_CMMSSY(13, 9), CS_CMMSSY(13, 9)))"
"PCAcat",193,"productPCA",4,"CS_CMMSSY(13, 9) ||| productPCA(CS_CMMSSY(13, 9), CS_CMMSSY(14, 9)) ||| CS_CMMSSY(13, 9) ||| CS_CMMSSY(14, 9)","productPCA(CS_CMMSSY(13, 9), productPCA(CS_CMMSSY(13, 9), CS_CMMSSY(14, 9)))"
"PCAcat",194,"productPCA",4,"CS_CMMSSY(13, 9) ||| productPCA(CS_CMMSSY(14, 9), CS_CMMSSY(14, 9)) ||| CS_CMMSSY(14, 9) ||| CS_CMMSSY(14, 9)","productPCA(CS_CMMSSY(13, 9), productPCA(CS_CMMSSY(14, 9), CS_CMMSSY(14, 9)))"
"PCAcat",195,"productPCA",4,"CS_CMMSSY(14, 9) ||| productPCA(CS_CMMSSY(14, 9), CS_CMMSSY(14, 9)) ||| CS_CMMSSY(14, 9) ||| CS_CMMSSY(14, 9)","productPCA(CS_CMMSSY(14, 9), productPCA(CS_CMMSSY(14, 9), CS_CMMSSY(14, 9)))"
"PCAcat",196,"productPCA",4,"CS_CMMSSY(14, 9) ||| productPCA(CS_CMMSSY(14, 9), CS_CMMSSY(15, 9)) ||| CS_CMMSSY(14, 9) ||| CS_CMMSSY(15, 9)","productPCA(CS_CMMSSY(14, 9), productPCA(CS_CMMSSY(14, 9), CS_CMMSSY(15, 9)))"
"PCAcat",197,"productPCA",4,"CS_CMMSSY(14, 9) ||| productPCA(CS_CMMSSY(15, 9), CS_CMMSSY(15, 9)) ||| CS_CMMSSY(15, 9) ||| CS_CMMSSY(15, 9)","productPCA(CS_CMMSSY(14, 9), productPCA(CS_CMMSSY(15, 9), CS_CMMSSY(15, 9)))"
"PCAcat",198,"productPCA",6,"SCA_Bose(9) ||| productPCA(SCA_Bose(9), productPCA(CS_CMMSSY(13, 9), CS_CMMSSY(13, 9))) ||| SCA_Bose(9) ||| productPCA(CS_CMMSSY(13, 9), CS_CMMSSY(13, 9)) ||| CS_CMMSSY(13, 9) ||| CS_CMMSSY(13, 9)","productPCA(SCA_Bose(9), productPCA(SCA_Bose(9), productPCA(CS_CMMSSY(13, 9), CS_CMMSSY(13, 9))))"
"PCAcat",199,"productPCA",6,"SCA_Bose(9) ||| productPCA(SCA_Bose(9), productPCA(CS_CMMSSY(13, 9), CS_CMMSSY(14, 9))) ||| SCA_Bose(9) ||| productPCA(CS_CMMSSY(13, 9), CS_CMMSSY(14, 9)) ||| CS_CMMSSY(13, 9) ||| CS_CMMSSY(14, 9)","productPCA(SCA_Bose(9), productPCA(SCA_Bose(9), productPCA(CS_CMMSSY(13, 9), CS_CMMSSY(14, 9))))"
"PCAcat",200,"productPCA",6,"SCA_Bose(9) ||| productPCA(SCA_Bose(9), productPCA(CS_CMMSSY(14, 9), CS_CMMSSY(14, 9))) ||| SCA_Bose(9) ||| productPCA(CS_CMMSSY(14, 9), CS_CMMSSY(14, 9)) ||| CS_CMMSSY(14, 9) ||| CS_CMMSSY(14, 9)","productPCA(SCA_Bose(9), productPCA(SCA_Bose(9), productPCA(CS_CMMSSY(14, 9), CS_CMMSSY(14, 9))))"
"PCAcat",201,"productPCA",6,"CS_CMMSSY(13, 9) ||| productPCA(SCA_Bose(9), productPCA(CS_CMMSSY(13, 9), CS_CMMSSY(13, 9))) ||| SCA_Bose(9) ||| productPCA(CS_CMMSSY(13, 9), CS_CMMSSY(13, 9)) ||| CS_CMMSSY(13, 9) ||| CS_CMMSSY(13, 9)","productPCA(CS_CMMSSY(13, 9), productPCA(SCA_Bose(9), productPCA(CS_CMMSSY(13, 9), CS_CMMSSY(13, 9))))"
"PCAcat",202,"productPCA",4,"CA_to_PCA(miscCA(2, 4, 10), TRUE) ||| miscCA(2, 4, 10) ||| CA_to_PCA(miscCA(2, 4, 10), TRUE) ||| miscCA(2, 4, 10)","productPCA(CA_to_PCA(miscCA(2, 4, 10),tryhard = TRUE), CA_to_PCA(miscCA(2, 4, 10),tryhard = TRUE))"
"PCAcat",203,"productPCA",3,"CA_to_PCA(miscCA(2, 4, 10), TRUE) ||| miscCA(2, 4, 10) ||| SCA_LCDST(15, 10)","productPCA(CA_to_PCA(miscCA(2, 4, 10),tryhard = TRUE), SCA_LCDST(15, 10))"
"PCAcat",204,"productPCA",3,"CA_to_PCA(miscCA(2, 4, 10), TRUE) ||| miscCA(2, 4, 10) ||| CS_CMMSSY(16, 10)","productPCA(CA_to_PCA(miscCA(2, 4, 10),tryhard = TRUE), CS_CMMSSY(16, 10))"
"PCAcat",205,"productPCA",3,"CA_to_PCA(miscCA(2, 4, 10), TRUE) ||| miscCA(2, 4, 10) ||| SCA_MS(17, 10)","productPCA(CA_to_PCA(miscCA(2, 4, 10),tryhard = TRUE), SCA_MS(17, 10))"
"PCAcat",206,"productPCA",3,"CA_to_PCA(miscCA(2, 4, 10), TRUE) ||| miscCA(2, 4, 10) ||| SCA_MS(18, 10)","productPCA(CA_to_PCA(miscCA(2, 4, 10),tryhard = TRUE), SCA_MS(18, 10))"
"PCAcat",207,"productPCA",2,"SCA_LCDST(15, 10) ||| SCA_LCDST(15, 10)","productPCA(SCA_LCDST(15, 10), SCA_LCDST(15, 10))"
"PCAcat",208,"productPCA",2,"SCA_LCDST(15, 10) ||| CS_CMMSSY(16, 10)","productPCA(SCA_LCDST(15, 10), CS_CMMSSY(16, 10))"
"PCAcat",209,"productPCA",2,"CS_CMMSSY(16, 10) ||| CS_CMMSSY(16, 10)","productPCA(CS_CMMSSY(16, 10), CS_CMMSSY(16, 10))"
"PCAcat",210,"productPCA",2,"CS_CMMSSY(16, 10) ||| SCA_MS(17, 10)","productPCA(CS_CMMSSY(16, 10), SCA_MS(17, 10))"
"PCAcat",211,"productPCA",2,"SCA_MS(17, 10) ||| SCA_MS(17, 10)","productPCA(SCA_MS(17, 10), SCA_MS(17, 10))"
"PCAcat",212,"productPCA",2,"SCA_MS(17, 10) ||| SCA_MS(18, 10)","productPCA(SCA_MS(17, 10), SCA_MS(18, 10))"
"PCAcat",213,"productPCA",2,"SCA_MS(18, 10) ||| SCA_MS(18, 10)","productPCA(SCA_MS(18, 10), SCA_MS(18, 10))"
"PCAcat",214,"productPCA",2,"SCA_MS(18, 10) ||| SCA_MS(19, 10)","productPCA(SCA_MS(18, 10), SCA_MS(19, 10))"
"PCAcat",215,"productPCA",2,"SCA_MS(19, 10) ||| SCA_MS(19, 10)","productPCA(SCA_MS(19, 10), SCA_MS(19, 10))"
"PCAcat",216,"productPCA",2,"SCA_MS(18, 10) ||| SCA_MS(21, 10)","productPCA(SCA_MS(18, 10), SCA_MS(21, 10))"
"PCAcat",217,"productPCA",5,"CA_to_PCA(miscCA(2, 4, 10), TRUE) ||| miscCA(2, 4, 10) ||| productPCA(SCA_LCDST(15, 10), SCA_LCDST(15, 10)) ||| SCA_LCDST(15, 10) ||| SCA_LCDST(15, 10)","productPCA(CA_to_PCA(miscCA(2, 4, 10),tryhard = TRUE), productPCA(SCA_LCDST(15, 10), SCA_LCDST(15, 10)))"
"PCAcat",218,"productPCA",5,"CA_to_PCA(miscCA(2, 4, 10), TRUE) ||| miscCA(2, 4, 10) ||| productPCA(SCA_LCDST(15, 10), CS_CMMSSY(16, 10)) ||| SCA_LCDST(15, 10) ||| CS_CMMSSY(16, 10)","productPCA(CA_to_PCA(miscCA(2, 4, 10),tryhard = TRUE), productPCA(SCA_LCDST(15, 10), CS_CMMSSY(16, 10)))"
"PCAcat",219,"productPCA",5,"CA_to_PCA(miscCA(2, 4, 10), TRUE) ||| miscCA(2, 4, 10) ||| productPCA(CS_CMMSSY(16, 10), CS_CMMSSY(16, 10)) ||| CS_CMMSSY(16, 10) ||| CS_CMMSSY(16, 10)","productPCA(CA_to_PCA(miscCA(2, 4, 10),tryhard = TRUE), productPCA(CS_CMMSSY(16, 10), CS_CMMSSY(16, 10)))"
"PCAcat",220,"productPCA",5,"CA_to_PCA(miscCA(2, 4, 10), TRUE) ||| miscCA(2, 4, 10) ||| productPCA(CS_CMMSSY(16, 10), SCA_MS(17, 10)) ||| CS_CMMSSY(16, 10) ||| SCA_MS(17, 10)","productPCA(CA_to_PCA(miscCA(2, 4, 10),tryhard = TRUE), productPCA(CS_CMMSSY(16, 10), SCA_MS(17, 10)))"
"PCAcat",221,"productPCA",4,"SCA_LCDST(15, 10) ||| productPCA(SCA_LCDST(15, 10), SCA_LCDST(15, 10)) ||| SCA_LCDST(15, 10) ||| SCA_LCDST(15, 10)","productPCA(SCA_LCDST(15, 10), productPCA(SCA_LCDST(15, 10), SCA_LCDST(15, 10)))"
"PCAcat",222,"productPCA",4,"SCA_LCDST(15, 10) ||| productPCA(SCA_LCDST(15, 10), CS_CMMSSY(16, 10)) ||| SCA_LCDST(15, 10) ||| CS_CMMSSY(16, 10)","productPCA(SCA_LCDST(15, 10), productPCA(SCA_LCDST(15, 10), CS_CMMSSY(16, 10)))"
"PCAcat",223,"productPCA",4,"SCA_LCDST(15, 10) ||| productPCA(CS_CMMSSY(16, 10), CS_CMMSSY(16, 10)) ||| CS_CMMSSY(16, 10) ||| CS_CMMSSY(16, 10)","productPCA(SCA_LCDST(15, 10), productPCA(CS_CMMSSY(16, 10), CS_CMMSSY(16, 10)))"
"PCAcat",224,"productPCA",4,"CS_CMMSSY(16, 10) ||| productPCA(CS_CMMSSY(16, 10), CS_CMMSSY(16, 10)) ||| CS_CMMSSY(16, 10) ||| CS_CMMSSY(16, 10)","productPCA(CS_CMMSSY(16, 10), productPCA(CS_CMMSSY(16, 10), CS_CMMSSY(16, 10)))"
"PCAcat",225,"productPCA",4,"CS_CMMSSY(16, 10) ||| productPCA(CS_CMMSSY(16, 10), SCA_MS(17, 10)) ||| CS_CMMSSY(16, 10) ||| SCA_MS(17, 10)","productPCA(CS_CMMSSY(16, 10), productPCA(CS_CMMSSY(16, 10), SCA_MS(17, 10)))"
"PCAcat",226,"productPCA",4,"CS_CMMSSY(16, 10) ||| productPCA(SCA_MS(17, 10), SCA_MS(17, 10)) ||| SCA_MS(17, 10) ||| SCA_MS(17, 10)","productPCA(CS_CMMSSY(16, 10), productPCA(SCA_MS(17, 10), SCA_MS(17, 10)))"
"PCAcat",227,"productPCA",4,"SCA_MS(17, 10) ||| productPCA(SCA_MS(17, 10), SCA_MS(17, 10)) ||| SCA_MS(17, 10) ||| SCA_MS(17, 10)","productPCA(SCA_MS(17, 10), productPCA(SCA_MS(17, 10), SCA_MS(17, 10)))"
"PCAcat",228,"productPCA",4,"SCA_MS(17, 10) ||| productPCA(SCA_MS(17, 10), SCA_MS(18, 10)) ||| SCA_MS(17, 10) ||| SCA_MS(18, 10)","productPCA(SCA_MS(17, 10), productPCA(SCA_MS(17, 10), SCA_MS(18, 10)))"
"PCAcat",229,"productPCA",4,"SCA_MS(17, 10) ||| productPCA(SCA_MS(18, 10), SCA_MS(18, 10)) ||| SCA_MS(18, 10) ||| SCA_MS(18, 10)","productPCA(SCA_MS(17, 10), productPCA(SCA_MS(18, 10), SCA_MS(18, 10)))"
"PCAcat",230,"productPCA",4,"SCA_MS(18, 10) ||| productPCA(SCA_MS(18, 10), SCA_MS(18, 10)) ||| SCA_MS(18, 10) ||| SCA_MS(18, 10)","productPCA(SCA_MS(18, 10), productPCA(SCA_MS(18, 10), SCA_MS(18, 10)))"
"PCAcat",231,"productPCA",7,"CA_to_PCA(miscCA(2, 4, 10), TRUE) ||| miscCA(2, 4, 10) ||| productPCA(SCA_LCDST(15, 10), productPCA(SCA_LCDST(15, 10), SCA_LCDST(15, 10))) ||| SCA_LCDST(15, 10) ||| productPCA(SCA_LCDST(15, 10), SCA_LCDST(15, 10)) ||| SCA_LCDST(15, 10) ||| SCA_LCDST(15, 10)","productPCA(CA_to_PCA(miscCA(2, 4, 10),tryhard = TRUE), productPCA(SCA_LCDST(15, 10), productPCA(SCA_LCDST(15, 10), SCA_LCDST(15, 10))))"
"PCAcat",232,"productPCA",7,"CA_to_PCA(miscCA(2, 4, 10), TRUE) ||| miscCA(2, 4, 10) ||| productPCA(SCA_LCDST(15, 10), productPCA(SCA_LCDST(15, 10), CS_CMMSSY(16, 10))) ||| SCA_LCDST(15, 10) ||| productPCA(SCA_LCDST(15, 10), CS_CMMSSY(16, 10)) ||| SCA_LCDST(15, 10) ||| CS_CMMSSY(16, 10)","productPCA(CA_to_PCA(miscCA(2, 4, 10),tryhard = TRUE), productPCA(SCA_LCDST(15, 10), productPCA(SCA_LCDST(15, 10), CS_CMMSSY(16, 10))))"
"PCAcat",233,"productPCA",7,"CA_to_PCA(miscCA(2, 4, 10), TRUE) ||| miscCA(2, 4, 10) ||| productPCA(SCA_LCDST(15, 10), productPCA(CS_CMMSSY(16, 10), CS_CMMSSY(16, 10))) ||| SCA_LCDST(15, 10) ||| productPCA(CS_CMMSSY(16, 10), CS_CMMSSY(16, 10)) ||| CS_CMMSSY(16, 10) ||| CS_CMMSSY(16, 10)","productPCA(CA_to_PCA(miscCA(2, 4, 10),tryhard = TRUE), productPCA(SCA_LCDST(15, 10), productPCA(CS_CMMSSY(16, 10), CS_CMMSSY(16, 10))))"
"PCAcat",234,"productPCA",7,"CA_to_PCA(miscCA(2, 4, 10), TRUE) ||| miscCA(2, 4, 10) ||| productPCA(CS_CMMSSY(16, 10), productPCA(CS_CMMSSY(16, 10), CS_CMMSSY(16, 10))) ||| CS_CMMSSY(16, 10) ||| productPCA(CS_CMMSSY(16, 10), CS_CMMSSY(16, 10)) ||| CS_CMMSSY(16, 10) ||| CS_CMMSSY(16, 10)","productPCA(CA_to_PCA(miscCA(2, 4, 10),tryhard = TRUE), productPCA(CS_CMMSSY(16, 10), productPCA(CS_CMMSSY(16, 10), CS_CMMSSY(16, 10))))"
"PCAcat",235,"productPCA",6,"SCA_LCDST(15, 10) ||| productPCA(SCA_LCDST(15, 10), productPCA(SCA_LCDST(15, 10), SCA_LCDST(15, 10))) ||| SCA_LCDST(15, 10) ||| productPCA(SCA_LCDST(15, 10), SCA_LCDST(15, 10)) ||| SCA_LCDST(15, 10) ||| SCA_LCDST(15, 10)","productPCA(SCA_LCDST(15, 10), productPCA(SCA_LCDST(15, 10), productPCA(SCA_LCDST(15, 10), SCA_LCDST(15, 10))))"
"PCAcat",236,"productPCA",2,"SCA_LCDST(16, 11) ||| SCA_LCDST(16, 11)","productPCA(SCA_LCDST(16, 11), SCA_LCDST(16, 11))"
"PCAcat",237,"productPCA",2,"SCA_LCDST(16, 11) ||| SCA_LCDST(17, 11)","productPCA(SCA_LCDST(16, 11), SCA_LCDST(17, 11))"
"PCAcat",238,"productPCA",2,"SCA_LCDST(17, 11) ||| SCA_LCDST(17, 11)","productPCA(SCA_LCDST(17, 11), SCA_LCDST(17, 11))"
"PCAcat",239,"productPCA",2,"SCA_LCDST(17, 11) ||| SCA_MS(18, 11)","productPCA(SCA_LCDST(17, 11), SCA_MS(18, 11))"
"PCAcat",240,"productPCA",2,"SCA_MS(18, 11) ||| SCA_MS(18, 11)","productPCA(SCA_MS(18, 11), SCA_MS(18, 11))"
"PCAcat",241,"productPCA",2,"SCA_MS(18, 11) ||| SCA_MS(19, 11)","productPCA(SCA_MS(18, 11), SCA_MS(19, 11))"
"PCAcat",242,"productPCA",2,"SCA_MS(19, 11) ||| SCA_MS(19, 11)","productPCA(SCA_MS(19, 11), SCA_MS(19, 11))"
"PCAcat",243,"productPCA",2,"SCA_MS(19, 11) ||| SCA_MS(20, 11)","productPCA(SCA_MS(19, 11), SCA_MS(20, 11))"
"PCAcat",244,"productPCA",2,"SCA_MS(20, 11) ||| SCA_MS(20, 11)","productPCA(SCA_MS(20, 11), SCA_MS(20, 11))"
"PCAcat",245,"productPCA",2,"SCA_MS(20, 11) ||| SCA_MS(21, 11)","productPCA(SCA_MS(20, 11), SCA_MS(21, 11))"
"PCAcat",246,"productPCA",2,"SCA_MS(21, 11) ||| SCA_MS(21, 11)","productPCA(SCA_MS(21, 11), SCA_MS(21, 11))"
"PCAcat",247,"productPCA",4,"SCA_Bose(11) ||| productPCA(SCA_LCDST(16, 11), SCA_LCDST(16, 11)) ||| SCA_LCDST(16, 11) ||| SCA_LCDST(16, 11)","productPCA(SCA_Bose(11), productPCA(SCA_LCDST(16, 11), SCA_LCDST(16, 11)))"
"PCAcat",248,"productPCA",4,"SCA_Bose(11) ||| productPCA(SCA_LCDST(16, 11), SCA_LCDST(17, 11)) ||| SCA_LCDST(16, 11) ||| SCA_LCDST(17, 11)","productPCA(SCA_Bose(11), productPCA(SCA_LCDST(16, 11), SCA_LCDST(17, 11)))"
"PCAcat",249,"productPCA",4,"SCA_Bose(11) ||| productPCA(SCA_LCDST(17, 11), SCA_LCDST(17, 11)) ||| SCA_LCDST(17, 11) ||| SCA_LCDST(17, 11)","productPCA(SCA_Bose(11), productPCA(SCA_LCDST(17, 11), SCA_LCDST(17, 11)))"
"PCAcat",250,"productPCA",4,"SCA_Bose(11) ||| productPCA(SCA_LCDST(17, 11), SCA_MS(18, 11)) ||| SCA_LCDST(17, 11) ||| SCA_MS(18, 11)","productPCA(SCA_Bose(11), productPCA(SCA_LCDST(17, 11), SCA_MS(18, 11)))"
"PCAcat",251,"productPCA",4,"SCA_LCDST(16, 11) ||| productPCA(SCA_LCDST(16, 11), SCA_LCDST(16, 11)) ||| SCA_LCDST(16, 11) ||| SCA_LCDST(16, 11)","productPCA(SCA_LCDST(16, 11), productPCA(SCA_LCDST(16, 11), SCA_LCDST(16, 11)))"
"PCAcat",252,"productPCA",4,"SCA_LCDST(16, 11) ||| productPCA(SCA_LCDST(16, 11), SCA_LCDST(17, 11)) ||| SCA_LCDST(16, 11) ||| SCA_LCDST(17, 11)","productPCA(SCA_LCDST(16, 11), productPCA(SCA_LCDST(16, 11), SCA_LCDST(17, 11)))"
"PCAcat",253,"productPCA",4,"SCA_LCDST(16, 11) ||| productPCA(SCA_LCDST(17, 11), SCA_LCDST(17, 11)) ||| SCA_LCDST(17, 11) ||| SCA_LCDST(17, 11)","productPCA(SCA_LCDST(16, 11), productPCA(SCA_LCDST(17, 11), SCA_LCDST(17, 11)))"
"PCAcat",254,"productPCA",4,"SCA_LCDST(17, 11) ||| productPCA(SCA_LCDST(17, 11), SCA_LCDST(17, 11)) ||| SCA_LCDST(17, 11) ||| SCA_LCDST(17, 11)","productPCA(SCA_LCDST(17, 11), productPCA(SCA_LCDST(17, 11), SCA_LCDST(17, 11)))"
"PCAcat",255,"productPCA",4,"SCA_LCDST(17, 11) ||| productPCA(SCA_LCDST(17, 11), SCA_MS(18, 11)) ||| SCA_LCDST(17, 11) ||| SCA_MS(18, 11)","productPCA(SCA_LCDST(17, 11), productPCA(SCA_LCDST(17, 11), SCA_MS(18, 11)))"
"PCAcat",256,"productPCA",4,"SCA_LCDST(17, 11) ||| productPCA(SCA_MS(18, 11), SCA_MS(18, 11)) ||| SCA_MS(18, 11) ||| SCA_MS(18, 11)","productPCA(SCA_LCDST(17, 11), productPCA(SCA_MS(18, 11), SCA_MS(18, 11)))"
"PCAcat",257,"productPCA",4,"SCA_MS(18, 11) ||| productPCA(SCA_MS(18, 11), SCA_MS(18, 11)) ||| SCA_MS(18, 11) ||| SCA_MS(18, 11)","productPCA(SCA_MS(18, 11), productPCA(SCA_MS(18, 11), SCA_MS(18, 11)))"
"PCAcat",258,"productPCA",6,"SCA_Bose(11) ||| productPCA(SCA_Bose(11), productPCA(SCA_LCDST(16, 11), SCA_LCDST(16, 11))) ||| SCA_Bose(11) ||| productPCA(SCA_LCDST(16, 11), SCA_LCDST(16, 11)) ||| SCA_LCDST(16, 11) ||| SCA_LCDST(16, 11)","productPCA(SCA_Bose(11), productPCA(SCA_Bose(11), productPCA(SCA_LCDST(16, 11), SCA_LCDST(16, 11))))"
"PCAcat",259,"productPCA",4,"CA_to_PCA(miscCA(2, 7, 12)) ||| miscCA(2, 7, 12) ||| CA_to_PCA(miscCA(2, 7, 12)) ||| miscCA(2, 7, 12)","productPCA(CA_to_PCA(miscCA(2,7,12)), CA_to_PCA(miscCA(2,7,12)))"
"PCAcat",260,"productPCA",3,"CA_to_PCA(miscCA(2, 7, 12)) ||| miscCA(2, 7, 12) ||| SCA_LCDST(18, 12)","productPCA(CA_to_PCA(miscCA(2,7,12)), SCA_LCDST(18, 12))"
"PCAcat",261,"productPCA",3,"CA_to_PCA(miscCA(2, 7, 12)) ||| miscCA(2, 7, 12) ||| SCA_LCDST(19, 12)","productPCA(CA_to_PCA(miscCA(2,7,12)), SCA_LCDST(19, 12))"
"PCAcat",262,"productPCA",3,"CA_to_PCA(miscCA(2, 7, 12)) ||| miscCA(2, 7, 12) ||| CS_CMMSSY(20, 12)","productPCA(CA_to_PCA(miscCA(2,7,12)), CS_CMMSSY(20, 12))"
"PCAcat",263,"productPCA",3,"CA_to_PCA(miscCA(2, 7, 12)) ||| miscCA(2, 7, 12) ||| SCA_MS(21, 12)","productPCA(CA_to_PCA(miscCA(2,7,12)), SCA_MS(21, 12))"
"PCAcat",264,"productPCA",3,"CA_to_PCA(miscCA(2, 7, 12)) ||| miscCA(2, 7, 12) ||| SCA_MS(22, 12)","productPCA(CA_to_PCA(miscCA(2,7,12)), SCA_MS(22, 12))"
"PCAcat",265,"productPCA",2,"SCA_LCDST(18, 12) ||| SCA_LCDST(18, 12)","productPCA(SCA_LCDST(18, 12), SCA_LCDST(18, 12))"
"PCAcat",266,"productPCA",2,"SCA_LCDST(18, 12) ||| SCA_LCDST(19, 12)","productPCA(SCA_LCDST(18, 12), SCA_LCDST(19, 12))"
"PCAcat",267,"productPCA",2,"SCA_LCDST(19, 12) ||| SCA_LCDST(19, 12)","productPCA(SCA_LCDST(19, 12), SCA_LCDST(19, 12))"
"PCAcat",268,"productPCA",2,"SCA_LCDST(19, 12) ||| CS_CMMSSY(20, 12)","productPCA(SCA_LCDST(19, 12), CS_CMMSSY(20, 12))"
"PCAcat",269,"productPCA",2,"CS_CMMSSY(20, 12) ||| CS_CMMSSY(20, 12)","productPCA(CS_CMMSSY(20, 12), CS_CMMSSY(20, 12))"
"PCAcat",270,"productPCA",2,"CS_CMMSSY(20, 12) ||| SCA_MS(21, 12)","productPCA(CS_CMMSSY(20, 12), SCA_MS(21, 12))"
"PCAcat",271,"productPCA",2,"SCA_MS(21, 12) ||| SCA_MS(21, 12)","productPCA(SCA_MS(21, 12), SCA_MS(21, 12))"
"PCAcat",272,"productPCA",6,"CA_to_PCA(miscCA(2, 7, 12)) ||| miscCA(2, 7, 12) ||| productPCA(CA_to_PCA(miscCA(2, 7, 12)), SCA_LCDST(18, 12)) ||| CA_to_PCA(miscCA(2, 7, 12)) ||| miscCA(2, 7, 12) ||| SCA_LCDST(18, 12)","productPCA(CA_to_PCA(miscCA(2,7,12)), productPCA(CA_to_PCA(miscCA(2,7,12)), SCA_LCDST(18, 12)))"
"PCAcat",273,"productPCA",6,"CA_to_PCA(miscCA(2, 7, 12)) ||| miscCA(2, 7, 12) ||| productPCA(CA_to_PCA(miscCA(2, 7, 12)), SCA_LCDST(19, 12)) ||| CA_to_PCA(miscCA(2, 7, 12)) ||| miscCA(2, 7, 12) ||| SCA_LCDST(19, 12)","productPCA(CA_to_PCA(miscCA(2,7,12)), productPCA(CA_to_PCA(miscCA(2,7,12)), SCA_LCDST(19, 12)))"
"PCAcat",274,"productPCA",6,"CA_to_PCA(miscCA(2, 7, 12)) ||| miscCA(2, 7, 12) ||| productPCA(CA_to_PCA(miscCA(2, 7, 12)), CS_CMMSSY(20, 12)) ||| CA_to_PCA(miscCA(2, 7, 12)) ||| miscCA(2, 7, 12) ||| CS_CMMSSY(20, 12)","productPCA(CA_to_PCA(miscCA(2,7,12)), productPCA(CA_to_PCA(miscCA(2,7,12)), CS_CMMSSY(20, 12)))"
"PCAcat",275,"productPCA",6,"CA_to_PCA(miscCA(2, 7, 12)) ||| miscCA(2, 7, 12) ||| productPCA(CA_to_PCA(miscCA(2, 7, 12)), SCA_MS(21, 12)) ||| CA_to_PCA(miscCA(2, 7, 12)) ||| miscCA(2, 7, 12) ||| SCA_MS(21, 12)","productPCA(CA_to_PCA(miscCA(2,7,12)), productPCA(CA_to_PCA(miscCA(2,7,12)), SCA_MS(21, 12)))"
"PCAcat",276,"productPCA",6,"CA_to_PCA(miscCA(2, 7, 12)) ||| miscCA(2, 7, 12) ||| productPCA(CA_to_PCA(miscCA(2, 7, 12)), SCA_MS(22, 12)) ||| CA_to_PCA(miscCA(2, 7, 12)) ||| miscCA(2, 7, 12) ||| SCA_MS(22, 12)","productPCA(CA_to_PCA(miscCA(2,7,12)), productPCA(CA_to_PCA(miscCA(2,7,12)), SCA_MS(22, 12)))"
"PCAcat",277,"productPCA",5,"CA_to_PCA(miscCA(2, 7, 12)) ||| miscCA(2, 7, 12) ||| productPCA(SCA_LCDST(18, 12), SCA_LCDST(18, 12)) ||| SCA_LCDST(18, 12) ||| SCA_LCDST(18, 12)","productPCA(CA_to_PCA(miscCA(2,7,12)), productPCA(SCA_LCDST(18, 12), SCA_LCDST(18, 12)))"
"PCAcat",278,"productPCA",5,"CA_to_PCA(miscCA(2, 7, 12)) ||| miscCA(2, 7, 12) ||| productPCA(SCA_LCDST(18, 12), SCA_LCDST(19, 12)) ||| SCA_LCDST(18, 12) ||| SCA_LCDST(19, 12)","productPCA(CA_to_PCA(miscCA(2,7,12)), productPCA(SCA_LCDST(18, 12), SCA_LCDST(19, 12)))"
"PCAcat",279,"productPCA",5,"CA_to_PCA(miscCA(2, 7, 12)) ||| miscCA(2, 7, 12) ||| productPCA(SCA_LCDST(19, 12), SCA_LCDST(19, 12)) ||| SCA_LCDST(19, 12) ||| SCA_LCDST(19, 12)","productPCA(CA_to_PCA(miscCA(2,7,12)), productPCA(SCA_LCDST(19, 12), SCA_LCDST(19, 12)))"
"PCAcat",280,"productPCA",5,"CA_to_PCA(miscCA(2, 7, 12)) ||| miscCA(2, 7, 12) ||| productPCA(SCA_LCDST(19, 12), CS_CMMSSY(20, 12)) ||| SCA_LCDST(19, 12) ||| CS_CMMSSY(20, 12)","productPCA(CA_to_PCA(miscCA(2,7,12)), productPCA(SCA_LCDST(19, 12), CS_CMMSSY(20, 12)))"
"PCAcat",281,"productPCA",5,"CA_to_PCA(miscCA(2, 7, 12)) ||| miscCA(2, 7, 12) ||| productPCA(CS_CMMSSY(20, 12), CS_CMMSSY(20, 12)) ||| CS_CMMSSY(20, 12) ||| CS_CMMSSY(20, 12)","productPCA(CA_to_PCA(miscCA(2,7,12)), productPCA(CS_CMMSSY(20, 12), CS_CMMSSY(20, 12)))"
"PCAcat",282,"productPCA",4,"SCA_LCDST(18, 12) ||| productPCA(SCA_LCDST(18, 12), SCA_LCDST(18, 12)) ||| SCA_LCDST(18, 12) ||| SCA_LCDST(18, 12)","productPCA(SCA_LCDST(18, 12), productPCA(SCA_LCDST(18, 12), SCA_LCDST(18, 12)))"
"PCAcat",283,"productPCA",4,"SCA_LCDST(18, 12) ||| productPCA(SCA_LCDST(18, 12), SCA_LCDST(19, 12)) ||| SCA_LCDST(18, 12) ||| SCA_LCDST(19, 12)","productPCA(SCA_LCDST(18, 12), productPCA(SCA_LCDST(18, 12), SCA_LCDST(19, 12)))"
"PCAcat",284,"productPCA",4,"SCA_LCDST(18, 12) ||| productPCA(SCA_LCDST(19, 12), SCA_LCDST(19, 12)) ||| SCA_LCDST(19, 12) ||| SCA_LCDST(19, 12)","productPCA(SCA_LCDST(18, 12), productPCA(SCA_LCDST(19, 12), SCA_LCDST(19, 12)))"
"PCAcat",285,"productPCA",4,"SCA_LCDST(19, 12) ||| productPCA(SCA_LCDST(19, 12), SCA_LCDST(19, 12)) ||| SCA_LCDST(19, 12) ||| SCA_LCDST(19, 12)","productPCA(SCA_LCDST(19, 12), productPCA(SCA_LCDST(19, 12), SCA_LCDST(19, 12)))"
"PCAcat",286,"productPCA",4,"SCA_LCDST(19, 12) ||| productPCA(SCA_LCDST(19, 12), CS_CMMSSY(20, 12)) ||| SCA_LCDST(19, 12) ||| CS_CMMSSY(20, 12)","productPCA(SCA_LCDST(19, 12), productPCA(SCA_LCDST(19, 12), CS_CMMSSY(20, 12)))"
"PCAcat",287,"productPCA",4,"SCA_LCDST(19, 12) ||| productPCA(CS_CMMSSY(20, 12), CS_CMMSSY(20, 12)) ||| CS_CMMSSY(20, 12) ||| CS_CMMSSY(20, 12)","productPCA(SCA_LCDST(19, 12), productPCA(CS_CMMSSY(20, 12), CS_CMMSSY(20, 12)))"
"PCAcat",288,"productPCA",4,"CS_CMMSSY(20, 12) ||| productPCA(CS_CMMSSY(20, 12), CS_CMMSSY(20, 12)) ||| CS_CMMSSY(20, 12) ||| CS_CMMSSY(20, 12)","productPCA(CS_CMMSSY(20, 12), productPCA(CS_CMMSSY(20, 12), CS_CMMSSY(20, 12)))"
"PCAcat",289,"productPCA",8,"CA_to_PCA(miscCA(2, 7, 12)) ||| miscCA(2, 7, 12) ||| productPCA(CA_to_PCA(miscCA(2, 7, 12)), productPCA(SCA_LCDST(18, 12), SCA_LCDST(18, 12))) ||| CA_to_PCA(miscCA(2, 7, 12)) ||| miscCA(2, 7, 12) ||| productPCA(SCA_LCDST(18, 12), SCA_LCDST(18, 12)) ||| SCA_LCDST(18, 12) ||| SCA_LCDST(18, 12)","productPCA(CA_to_PCA(miscCA(2,7,12)), productPCA(CA_to_PCA(miscCA(2,7,12)), productPCA(SCA_LCDST(18, 12), SCA_LCDST(18, 12))))"
"PCAcat",290,"productPCA",8,"CA_to_PCA(miscCA(2, 7, 12)) ||| miscCA(2, 7, 12) ||| productPCA(CA_to_PCA(miscCA(2, 7, 12)), productPCA(SCA_LCDST(18, 12), SCA_LCDST(19, 12))) ||| CA_to_PCA(miscCA(2, 7, 12)) ||| miscCA(2, 7, 12) ||| productPCA(SCA_LCDST(18, 12), SCA_LCDST(19, 12)) ||| SCA_LCDST(18, 12) ||| SCA_LCDST(19, 12)","productPCA(CA_to_PCA(miscCA(2,7,12)), productPCA(CA_to_PCA(miscCA(2,7,12)), productPCA(SCA_LCDST(18, 12), SCA_LCDST(19, 12))))"
"PCAcat",291,"productPCA",8,"CA_to_PCA(miscCA(2, 7, 12)) ||| miscCA(2, 7, 12) ||| productPCA(CA_to_PCA(miscCA(2, 7, 12)), productPCA(SCA_LCDST(19, 12), SCA_LCDST(19, 12))) ||| CA_to_PCA(miscCA(2, 7, 12)) ||| miscCA(2, 7, 12) ||| productPCA(SCA_LCDST(19, 12), SCA_LCDST(19, 12)) ||| SCA_LCDST(19, 12) ||| SCA_LCDST(19, 12)","productPCA(CA_to_PCA(miscCA(2,7,12)), productPCA(CA_to_PCA(miscCA(2,7,12)), productPCA(SCA_LCDST(19, 12), SCA_LCDST(19, 12))))"
"PCAcat",292,"productPCA",8,"CA_to_PCA(miscCA(2, 7, 12)) ||| miscCA(2, 7, 12) ||| productPCA(CA_to_PCA(miscCA(2, 7, 12)), productPCA(SCA_LCDST(19, 12), CS_CMMSSY(20, 12))) ||| CA_to_PCA(miscCA(2, 7, 12)) ||| miscCA(2, 7, 12) ||| productPCA(SCA_LCDST(19, 12), CS_CMMSSY(20, 12)) ||| SCA_LCDST(19, 12) ||| CS_CMMSSY(20, 12)","productPCA(CA_to_PCA(miscCA(2,7,12)), productPCA(CA_to_PCA(miscCA(2,7,12)), productPCA(SCA_LCDST(19, 12), CS_CMMSSY(20, 12))))"
"PCAcat",293,"productPCA",8,"CA_to_PCA(miscCA(2, 7, 12)) ||| miscCA(2, 7, 12) ||| productPCA(CA_to_PCA(miscCA(2, 7, 12)), productPCA(CS_CMMSSY(20, 12), CS_CMMSSY(20, 12))) ||| CA_to_PCA(miscCA(2, 7, 12)) ||| miscCA(2, 7, 12) ||| productPCA(CS_CMMSSY(20, 12), CS_CMMSSY(20, 12)) ||| CS_CMMSSY(20, 12) ||| CS_CMMSSY(20, 12)","productPCA(CA_to_PCA(miscCA(2,7,12)), productPCA(CA_to_PCA(miscCA(2,7,12)), productPCA(CS_CMMSSY(20, 12), CS_CMMSSY(20, 12))))"
"PCAcat",294,"productPCA",7,"CA_to_PCA(miscCA(2, 7, 12)) ||| miscCA(2, 7, 12) ||| productPCA(SCA_LCDST(18, 12), productPCA(SCA_LCDST(18, 12), SCA_LCDST(18, 12))) ||| SCA_LCDST(18, 12) ||| productPCA(SCA_LCDST(18, 12), SCA_LCDST(18, 12)) ||| SCA_LCDST(18, 12) ||| SCA_LCDST(18, 12)","productPCA(CA_to_PCA(miscCA(2,7,12)), productPCA(SCA_LCDST(18, 12), productPCA(SCA_LCDST(18, 12), SCA_LCDST(18, 12))))"
"PCAcat",295,"productPCA",2,"CS_CMMSSY(18, 13) ||| CS_CMMSSY(18, 13)","productPCA(CS_CMMSSY(18, 13), CS_CMMSSY(18, 13))"
"PCAcat",296,"productPCA",2,"CS_CMMSSY(18, 13) ||| SCA_LCDST(19, 13)","productPCA(CS_CMMSSY(18, 13), SCA_LCDST(19, 13))"
"PCAcat",297,"productPCA",2,"SCA_LCDST(19, 13) ||| SCA_LCDST(19, 13)","productPCA(SCA_LCDST(19, 13), SCA_LCDST(19, 13))"
"PCAcat",298,"productPCA",2,"SCA_LCDST(19, 13) ||| SCA_LCDST(20, 13)","productPCA(SCA_LCDST(19, 13), SCA_LCDST(20, 13))"
"PCAcat",299,"productPCA",2,"SCA_LCDST(20, 13) ||| SCA_LCDST(20, 13)","productPCA(SCA_LCDST(20, 13), SCA_LCDST(20, 13))"
"PCAcat",300,"productPCA",2,"SCA_LCDST(20, 13) ||| SCA_LCDST(21, 13)","productPCA(SCA_LCDST(20, 13), SCA_LCDST(21, 13))"
"PCAcat",301,"productPCA",2,"SCA_LCDST(21, 13) ||| SCA_LCDST(21, 13)","productPCA(SCA_LCDST(21, 13), SCA_LCDST(21, 13))"
"PCAcat",302,"productPCA",2,"SCA_LCDST(21, 13) ||| SCA_MS(22, 13)","productPCA(SCA_LCDST(21, 13), SCA_MS(22, 13))"
"PCAcat",303,"productPCA",2,"SCA_MS(22, 13) ||| SCA_MS(22, 13)","productPCA(SCA_MS(22, 13), SCA_MS(22, 13))"
"PCAcat",304,"productPCA",2,"SCA_MS(22, 13) ||| SCA_MS(23, 13)","productPCA(SCA_MS(22, 13), SCA_MS(23, 13))"
"PCAcat",305,"productPCA",2,"SCA_MS(23, 13) ||| SCA_MS(23, 13)","productPCA(SCA_MS(23, 13), SCA_MS(23, 13))"
"PCAcat",306,"productPCA",2,"SCA_MS(23, 13) ||| SCA_MS(24, 13)","productPCA(SCA_MS(23, 13), SCA_MS(24, 13))"
"PCAcat",307,"productPCA",2,"SCA_MS(24, 13) ||| SCA_MS(24, 13)","productPCA(SCA_MS(24, 13), SCA_MS(24, 13))"
"PCAcat",308,"productPCA",4,"SCA_Bose(13) ||| productPCA(CS_CMMSSY(18, 13), CS_CMMSSY(18, 13)) ||| CS_CMMSSY(18, 13) ||| CS_CMMSSY(18, 13)","productPCA(SCA_Bose(13), productPCA(CS_CMMSSY(18, 13), CS_CMMSSY(18, 13)))"
"PCAcat",309,"productPCA",4,"SCA_Bose(13) ||| productPCA(CS_CMMSSY(18, 13), SCA_LCDST(19, 13)) ||| CS_CMMSSY(18, 13) ||| SCA_LCDST(19, 13)","productPCA(SCA_Bose(13), productPCA(CS_CMMSSY(18, 13), SCA_LCDST(19, 13)))"
"PCAcat",310,"productPCA",4,"SCA_Bose(13) ||| productPCA(SCA_LCDST(19, 13), SCA_LCDST(19, 13)) ||| SCA_LCDST(19, 13) ||| SCA_LCDST(19, 13)","productPCA(SCA_Bose(13), productPCA(SCA_LCDST(19, 13), SCA_LCDST(19, 13)))"
"PCAcat",311,"productPCA",4,"SCA_Bose(13) ||| productPCA(SCA_LCDST(19, 13), SCA_LCDST(20, 13)) ||| SCA_LCDST(19, 13) ||| SCA_LCDST(20, 13)","productPCA(SCA_Bose(13), productPCA(SCA_LCDST(19, 13), SCA_LCDST(20, 13)))"
"PCAcat",312,"productPCA",4,"CS_CMMSSY(18, 13) ||| productPCA(CS_CMMSSY(18, 13), CS_CMMSSY(18, 13)) ||| CS_CMMSSY(18, 13) ||| CS_CMMSSY(18, 13)","productPCA(CS_CMMSSY(18, 13), productPCA(CS_CMMSSY(18, 13), CS_CMMSSY(18, 13)))"
"PCAcat",313,"productPCA",4,"CS_CMMSSY(18, 13) ||| productPCA(CS_CMMSSY(18, 13), SCA_LCDST(19, 13)) ||| CS_CMMSSY(18, 13) ||| SCA_LCDST(19, 13)","productPCA(CS_CMMSSY(18, 13), productPCA(CS_CMMSSY(18, 13), SCA_LCDST(19, 13)))"
"PCAcat",314,"productPCA",4,"CS_CMMSSY(18, 13) ||| productPCA(SCA_LCDST(19, 13), SCA_LCDST(19, 13)) ||| SCA_LCDST(19, 13) ||| SCA_LCDST(19, 13)","productPCA(CS_CMMSSY(18, 13), productPCA(SCA_LCDST(19, 13), SCA_LCDST(19, 13)))"
"PCAcat",315,"productPCA",4,"SCA_LCDST(19, 13) ||| productPCA(SCA_LCDST(19, 13), SCA_LCDST(19, 13)) ||| SCA_LCDST(19, 13) ||| SCA_LCDST(19, 13)","productPCA(SCA_LCDST(19, 13), productPCA(SCA_LCDST(19, 13), SCA_LCDST(19, 13)))"
"PCAcat",316,"productPCA",4,"SCA_LCDST(19, 13) ||| productPCA(SCA_LCDST(19, 13), SCA_LCDST(20, 13)) ||| SCA_LCDST(19, 13) ||| SCA_LCDST(20, 13)","productPCA(SCA_LCDST(19, 13), productPCA(SCA_LCDST(19, 13), SCA_LCDST(20, 13)))"
"PCAcat",317,"productPCA",4,"SCA_LCDST(19, 13) ||| productPCA(SCA_LCDST(20, 13), SCA_LCDST(20, 13)) ||| SCA_LCDST(20, 13) ||| SCA_LCDST(20, 13)","productPCA(SCA_LCDST(19, 13), productPCA(SCA_LCDST(20, 13), SCA_LCDST(20, 13)))"
"PCAcat",318,"productPCA",4,"SCA_LCDST(20, 13) ||| productPCA(SCA_LCDST(20, 13), SCA_LCDST(20, 13)) ||| SCA_LCDST(20, 13) ||| SCA_LCDST(20, 13)","productPCA(SCA_LCDST(20, 13), productPCA(SCA_LCDST(20, 13), SCA_LCDST(20, 13)))"
"PCAcat",319,"productPCA",4,"SCA_LCDST(20, 13) ||| productPCA(SCA_LCDST(20, 13), SCA_LCDST(21, 13)) ||| SCA_LCDST(20, 13) ||| SCA_LCDST(21, 13)","productPCA(SCA_LCDST(20, 13), productPCA(SCA_LCDST(20, 13), SCA_LCDST(21, 13)))"
"PCAcat",320,"productPCA",4,"SCA_LCDST(20, 13) ||| productPCA(SCA_LCDST(21, 13), SCA_LCDST(21, 13)) ||| SCA_LCDST(21, 13) ||| SCA_LCDST(21, 13)","productPCA(SCA_LCDST(20, 13), productPCA(SCA_LCDST(21, 13), SCA_LCDST(21, 13)))"
"PCAcat",321,"productPCA",6,"SCA_Bose(13) ||| productPCA(SCA_Bose(13), productPCA(CS_CMMSSY(18, 13), CS_CMMSSY(18, 13))) ||| SCA_Bose(13) ||| productPCA(CS_CMMSSY(18, 13), CS_CMMSSY(18, 13)) ||| CS_CMMSSY(18, 13) ||| CS_CMMSSY(18, 13)","productPCA(SCA_Bose(13), productPCA(SCA_Bose(13), productPCA(CS_CMMSSY(18, 13), CS_CMMSSY(18, 13))))"
"PCAcat",322,"productPCA",2,"SCA_LCDST(21, 14) ||| SCA_LCDST(21, 14)","productPCA(SCA_LCDST(21, 14), SCA_LCDST(21, 14))"
"PCAcat",323,"productPCA",2,"SCA_LCDST(21, 14) ||| SCA_LCDST(22, 14)","productPCA(SCA_LCDST(21, 14), SCA_LCDST(22, 14))"
"PCAcat",324,"productPCA",2,"SCA_LCDST(22, 14) ||| SCA_LCDST(22, 14)","productPCA(SCA_LCDST(22, 14), SCA_LCDST(22, 14))"
"PCAcat",325,"productPCA",2,"SCA_LCDST(22, 14) ||| SCA_LCDST(23, 14)","productPCA(SCA_LCDST(22, 14), SCA_LCDST(23, 14))"
"PCAcat",326,"productPCA",2,"SCA_LCDST(23, 14) ||| SCA_LCDST(23, 14)","productPCA(SCA_LCDST(23, 14), SCA_LCDST(23, 14))"
"PCAcat",327,"productPCA",2,"SCA_LCDST(23, 14) ||| SCA_MS(24, 14)","productPCA(SCA_LCDST(23, 14), SCA_MS(24, 14))"
"PCAcat",328,"productPCA",2,"SCA_MS(24, 14) ||| SCA_MS(24, 14)","productPCA(SCA_MS(24, 14), SCA_MS(24, 14))"
"PCAcat",329,"productPCA",2,"SCA_MS(24, 14) ||| SCA_LCDST(25, 14)","productPCA(SCA_MS(24, 14), SCA_LCDST(25, 14))"
"PCAcat",330,"productPCA",2,"SCA_LCDST(25, 14) ||| SCA_LCDST(25, 14)","productPCA(SCA_LCDST(25, 14), SCA_LCDST(25, 14))"
"PCAcat",331,"productPCA",2,"SCA_LCDST(25, 14) ||| SCA_MS(26, 14)","productPCA(SCA_LCDST(25, 14), SCA_MS(26, 14))"
"PCAcat",332,"productPCA",2,"SCA_MS(26, 14) ||| SCA_MS(26, 14)","productPCA(SCA_MS(26, 14), SCA_MS(26, 14))"
"PCAcat",333,"productPCA",2,"SCA_MS(26, 14) ||| SCA_MS(27, 14)","productPCA(SCA_MS(26, 14), SCA_MS(27, 14))"
"PCAcat",334,"productPCA",2,"SCA_MS(27, 14) ||| SCA_MS(27, 14)","productPCA(SCA_MS(27, 14), SCA_MS(27, 14))"
"PCAcat",335,"productPCA",2,"SCA_MS(27, 14) ||| SCA_MS(28, 14)","productPCA(SCA_MS(27, 14), SCA_MS(28, 14))"
"PCAcat",336,"productPCA",2,"SCA_MS(28, 14) ||| SCA_MS(28, 14)","productPCA(SCA_MS(28, 14), SCA_MS(28, 14))"
"PCAcat",337,"productPCA",2,"SCA_MS(28, 14) ||| SCA_MS(29, 14)","productPCA(SCA_MS(28, 14), SCA_MS(29, 14))"
"PCAcat",338,"productPCA",2,"SCA_MS(29, 14) ||| SCA_MS(29, 14)","productPCA(SCA_MS(29, 14), SCA_MS(29, 14))"
"PCAcat",339,"productPCA",4,"SCA_LCDST(21, 14) ||| productPCA(SCA_LCDST(21, 14), SCA_LCDST(21, 14)) ||| SCA_LCDST(21, 14) ||| SCA_LCDST(21, 14)","productPCA(SCA_LCDST(21, 14), productPCA(SCA_LCDST(21, 14), SCA_LCDST(21, 14)))"
"PCAcat",340,"productPCA",4,"SCA_LCDST(21, 14) ||| productPCA(SCA_LCDST(21, 14), SCA_LCDST(22, 14)) ||| SCA_LCDST(21, 14) ||| SCA_LCDST(22, 14)","productPCA(SCA_LCDST(21, 14), productPCA(SCA_LCDST(21, 14), SCA_LCDST(22, 14)))"
"PCAcat",341,"productPCA",4,"SCA_LCDST(21, 14) ||| productPCA(SCA_LCDST(22, 14), SCA_LCDST(22, 14)) ||| SCA_LCDST(22, 14) ||| SCA_LCDST(22, 14)","productPCA(SCA_LCDST(21, 14), productPCA(SCA_LCDST(22, 14), SCA_LCDST(22, 14)))"
"PCAcat",342,"productPCA",4,"SCA_LCDST(22, 14) ||| productPCA(SCA_LCDST(22, 14), SCA_LCDST(22, 14)) ||| SCA_LCDST(22, 14) ||| SCA_LCDST(22, 14)","productPCA(SCA_LCDST(22, 14), productPCA(SCA_LCDST(22, 14), SCA_LCDST(22, 14)))"
"PCAcat",343,"productPCA",4,"SCA_LCDST(22, 14) ||| productPCA(SCA_LCDST(22, 14), SCA_LCDST(23, 14)) ||| SCA_LCDST(22, 14) ||| SCA_LCDST(23, 14)","productPCA(SCA_LCDST(22, 14), productPCA(SCA_LCDST(22, 14), SCA_LCDST(23, 14)))"
"PCAcat",344,"productPCA",4,"SCA_LCDST(22, 14) ||| productPCA(SCA_LCDST(23, 14), SCA_LCDST(23, 14)) ||| SCA_LCDST(23, 14) ||| SCA_LCDST(23, 14)","productPCA(SCA_LCDST(22, 14), productPCA(SCA_LCDST(23, 14), SCA_LCDST(23, 14)))"
"PCAcat",345,"productPCA",4,"SCA_LCDST(23, 14) ||| productPCA(SCA_LCDST(23, 14), SCA_LCDST(23, 14)) ||| SCA_LCDST(23, 14) ||| SCA_LCDST(23, 14)","productPCA(SCA_LCDST(23, 14), productPCA(SCA_LCDST(23, 14), SCA_LCDST(23, 14)))"
"PCAcat",346,"productPCA",4,"SCA_LCDST(23, 14) ||| productPCA(SCA_LCDST(23, 14), SCA_MS(24, 14)) ||| SCA_LCDST(23, 14) ||| SCA_MS(24, 14)","productPCA(SCA_LCDST(23, 14), productPCA(SCA_LCDST(23, 14), SCA_MS(24, 14)))"
"PCAcat",347,"productPCA",4,"SCA_LCDST(23, 14) ||| productPCA(SCA_MS(24, 14), SCA_MS(24, 14)) ||| SCA_MS(24, 14) ||| SCA_MS(24, 14)","productPCA(SCA_LCDST(23, 14), productPCA(SCA_MS(24, 14), SCA_MS(24, 14)))"
"PCAcat",348,"productPCA",4,"SCA_MS(24, 14) ||| productPCA(SCA_MS(24, 14), SCA_MS(24, 14)) ||| SCA_MS(24, 14) ||| SCA_MS(24, 14)","productPCA(SCA_MS(24, 14), productPCA(SCA_MS(24, 14), SCA_MS(24, 14)))"
"PCAcat",349,"productPCA",4,"SCA_MS(24, 14) ||| productPCA(SCA_MS(24, 14), SCA_LCDST(25, 14)) ||| SCA_MS(24, 14) ||| SCA_LCDST(25, 14)","productPCA(SCA_MS(24, 14), productPCA(SCA_MS(24, 14), SCA_LCDST(25, 14)))"
"PCAcat",350,"productPCA",4,"SCA_MS(24, 14) ||| productPCA(SCA_LCDST(25, 14), SCA_LCDST(25, 14)) ||| SCA_LCDST(25, 14) ||| SCA_LCDST(25, 14)","productPCA(SCA_MS(24, 14), productPCA(SCA_LCDST(25, 14), SCA_LCDST(25, 14)))"
"PCAcat",351,"productPCA",4,"SCA_LCDST(25, 14) ||| productPCA(SCA_LCDST(25, 14), SCA_LCDST(25, 14)) ||| SCA_LCDST(25, 14) ||| SCA_LCDST(25, 14)","productPCA(SCA_LCDST(25, 14), productPCA(SCA_LCDST(25, 14), SCA_LCDST(25, 14)))"
"PCAcat",352,"productPCA",4,"SCA_LCDST(25, 14) ||| productPCA(SCA_LCDST(25, 14), SCA_MS(26, 14)) ||| SCA_LCDST(25, 14) ||| SCA_MS(26, 14)","productPCA(SCA_LCDST(25, 14), productPCA(SCA_LCDST(25, 14), SCA_MS(26, 14)))"
"PCAcat",353,"productPCA",4,"SCA_LCDST(25, 14) ||| productPCA(SCA_MS(26, 14), SCA_MS(26, 14)) ||| SCA_MS(26, 14) ||| SCA_MS(26, 14)","productPCA(SCA_LCDST(25, 14), productPCA(SCA_MS(26, 14), SCA_MS(26, 14)))"
"PCAcat",354,"productPCA",4,"SCA_MS(26, 14) ||| productPCA(SCA_MS(26, 14), SCA_MS(26, 14)) ||| SCA_MS(26, 14) ||| SCA_MS(26, 14)","productPCA(SCA_MS(26, 14), productPCA(SCA_MS(26, 14), SCA_MS(26, 14)))"
"PCAcat",355,"productPCA",4,"SCA_MS(26, 14) ||| productPCA(SCA_MS(26, 14), SCA_MS(27, 14)) ||| SCA_MS(26, 14) ||| SCA_MS(27, 14)","productPCA(SCA_MS(26, 14), productPCA(SCA_MS(26, 14), SCA_MS(27, 14)))"
"PCAcat",356,"productPCA",4,"SCA_MS(26, 14) ||| productPCA(SCA_MS(27, 14), SCA_MS(27, 14)) ||| SCA_MS(27, 14) ||| SCA_MS(27, 14)","productPCA(SCA_MS(26, 14), productPCA(SCA_MS(27, 14), SCA_MS(27, 14)))"
"PCAcat",357,"productPCA",4,"SCA_MS(27, 14) ||| productPCA(SCA_MS(27, 14), SCA_MS(27, 14)) ||| SCA_MS(27, 14) ||| SCA_MS(27, 14)","productPCA(SCA_MS(27, 14), productPCA(SCA_MS(27, 14), SCA_MS(27, 14)))"
"PCAcat",358,"productPCA",4,"SCA_MS(27, 14) ||| productPCA(SCA_MS(27, 14), SCA_MS(28, 14)) ||| SCA_MS(27, 14) ||| SCA_MS(28, 14)","productPCA(SCA_MS(27, 14), productPCA(SCA_MS(27, 14), SCA_MS(28, 14)))"
"PCAcat",359,"productPCA",2,"SCA_LCDST(24, 15) ||| SCA_LCDST(24, 15)","productPCA(SCA_LCDST(24, 15), SCA_LCDST(24, 15))"
"PCAcat",360,"productPCA",2,"SCA_LCDST(24, 15) ||| SCA_LCDST(25, 15)","productPCA(SCA_LCDST(24, 15), SCA_LCDST(25, 15))"
"PCAcat",361,"productPCA",2,"SCA_LCDST(25, 15) ||| SCA_LCDST(25, 15)","productPCA(SCA_LCDST(25, 15), SCA_LCDST(25, 15))"
"PCAcat",362,"productPCA",2,"SCA_LCDST(25, 15) ||| SCA_LCDST(26, 15)","productPCA(SCA_LCDST(25, 15), SCA_LCDST(26, 15))"
"PCAcat",363,"productPCA",2,"SCA_LCDST(26, 15) ||| SCA_LCDST(26, 15)","productPCA(SCA_LCDST(26, 15), SCA_LCDST(26, 15))"
"PCAcat",364,"productPCA",2,"SCA_LCDST(26, 15) ||| SCA_LCDST(27, 15)","productPCA(SCA_LCDST(26, 15), SCA_LCDST(27, 15))"
"PCAcat",365,"productPCA",2,"SCA_LCDST(27, 15) ||| SCA_LCDST(27, 15)","productPCA(SCA_LCDST(27, 15), SCA_LCDST(27, 15))"
"PCAcat",366,"productPCA",2,"SCA_LCDST(27, 15) ||| CS_CMMSSY(28, 15)","productPCA(SCA_LCDST(27, 15), CS_CMMSSY(28, 15))"
"PCAcat",367,"productPCA",2,"CS_CMMSSY(28, 15) ||| CS_CMMSSY(28, 15)","productPCA(CS_CMMSSY(28, 15), CS_CMMSSY(28, 15))"
"PCAcat",368,"productPCA",2,"CS_CMMSSY(28, 15) ||| SCA_MS(29, 15)","productPCA(CS_CMMSSY(28, 15), SCA_MS(29, 15))"
"PCAcat",369,"productPCA",2,"SCA_MS(29, 15) ||| SCA_MS(29, 15)","productPCA(SCA_MS(29, 15), SCA_MS(29, 15))"
"PCAcat",370,"productPCA",2,"SCA_MS(29, 15) ||| SCA_MS(30, 15)","productPCA(SCA_MS(29, 15), SCA_MS(30, 15))"
"PCAcat",371,"productPCA",2,"SCA_MS(30, 15) ||| SCA_MS(30, 15)","productPCA(SCA_MS(30, 15), SCA_MS(30, 15))"
"PCAcat",372,"productPCA",2,"SCA_MS(30, 15) ||| SCA_MS(31, 15)","productPCA(SCA_MS(30, 15), SCA_MS(31, 15))"
"PCAcat",373,"productPCA",2,"SCA_MS(31, 15) ||| SCA_MS(31, 15)","productPCA(SCA_MS(31, 15), SCA_MS(31, 15))"
"PCAcat",374,"productPCA",4,"SCA_LCDST(24, 15) ||| productPCA(SCA_LCDST(24, 15), SCA_LCDST(24, 15)) ||| SCA_LCDST(24, 15) ||| SCA_LCDST(24, 15)","productPCA(SCA_LCDST(24, 15), productPCA(SCA_LCDST(24, 15), SCA_LCDST(24, 15)))"
"PCAcat",375,"productPCA",4,"SCA_LCDST(24, 15) ||| productPCA(SCA_LCDST(24, 15), SCA_LCDST(25, 15)) ||| SCA_LCDST(24, 15) ||| SCA_LCDST(25, 15)","productPCA(SCA_LCDST(24, 15), productPCA(SCA_LCDST(24, 15), SCA_LCDST(25, 15)))"
"PCAcat",376,"productPCA",4,"SCA_LCDST(24, 15) ||| productPCA(SCA_LCDST(25, 15), SCA_LCDST(25, 15)) ||| SCA_LCDST(25, 15) ||| SCA_LCDST(25, 15)","productPCA(SCA_LCDST(24, 15), productPCA(SCA_LCDST(25, 15), SCA_LCDST(25, 15)))"
"PCAcat",377,"productPCA",4,"SCA_LCDST(25, 15) ||| productPCA(SCA_LCDST(25, 15), SCA_LCDST(25, 15)) ||| SCA_LCDST(25, 15) ||| SCA_LCDST(25, 15)","productPCA(SCA_LCDST(25, 15), productPCA(SCA_LCDST(25, 15), SCA_LCDST(25, 15)))"
"PCAcat",378,"productPCA",4,"SCA_LCDST(25, 15) ||| productPCA(SCA_LCDST(25, 15), SCA_LCDST(26, 15)) ||| SCA_LCDST(25, 15) ||| SCA_LCDST(26, 15)","productPCA(SCA_LCDST(25, 15), productPCA(SCA_LCDST(25, 15), SCA_LCDST(26, 15)))"
"PCAcat",379,"productPCA",4,"SCA_LCDST(25, 15) ||| productPCA(SCA_LCDST(26, 15), SCA_LCDST(26, 15)) ||| SCA_LCDST(26, 15) ||| SCA_LCDST(26, 15)","productPCA(SCA_LCDST(25, 15), productPCA(SCA_LCDST(26, 15), SCA_LCDST(26, 15)))"
"PCAcat",380,"productPCA",4,"SCA_LCDST(26, 15) ||| productPCA(SCA_LCDST(26, 15), SCA_LCDST(26, 15)) ||| SCA_LCDST(26, 15) ||| SCA_LCDST(26, 15)","productPCA(SCA_LCDST(26, 15), productPCA(SCA_LCDST(26, 15), SCA_LCDST(26, 15)))"
"PCAcat",381,"productPCA",4,"SCA_LCDST(26, 15) ||| productPCA(SCA_LCDST(26, 15), SCA_LCDST(27, 15)) ||| SCA_LCDST(26, 15) ||| SCA_LCDST(27, 15)","productPCA(SCA_LCDST(26, 15), productPCA(SCA_LCDST(26, 15), SCA_LCDST(27, 15)))"
"PCAcat",382,"productPCA",4,"SCA_LCDST(26, 15) ||| productPCA(SCA_LCDST(27, 15), SCA_LCDST(27, 15)) ||| SCA_LCDST(27, 15) ||| SCA_LCDST(27, 15)","productPCA(SCA_LCDST(26, 15), productPCA(SCA_LCDST(27, 15), SCA_LCDST(27, 15)))"
"PCAcat",383,"productPCA",4,"SCA_LCDST(27, 15) ||| productPCA(SCA_LCDST(27, 15), SCA_LCDST(27, 15)) ||| SCA_LCDST(27, 15) ||| SCA_LCDST(27, 15)","productPCA(SCA_LCDST(27, 15), productPCA(SCA_LCDST(27, 15), SCA_LCDST(27, 15)))"
"PCAcat",384,"productPCA",4,"SCA_LCDST(27, 15) ||| productPCA(SCA_LCDST(27, 15), CS_CMMSSY(28, 15)) ||| SCA_LCDST(27, 15) ||| CS_CMMSSY(28, 15)","productPCA(SCA_LCDST(27, 15), productPCA(SCA_LCDST(27, 15), CS_CMMSSY(28, 15)))"
"PCAcat",385,"productPCA",2,"SCA_LCDST(25, 16) ||| SCA_LCDST(25, 16)","productPCA(SCA_LCDST(25, 16), SCA_LCDST(25, 16))"
"PCAcat",386,"productPCA",2,"SCA_LCDST(25, 16) ||| SCA_LCDST(27, 16)","productPCA(SCA_LCDST(25, 16), SCA_LCDST(27, 16))"
"PCAcat",387,"productPCA",2,"SCA_LCDST(25, 16) ||| SCA_LCDST(28, 16)","productPCA(SCA_LCDST(25, 16), SCA_LCDST(28, 16))"
"PCAcat",388,"productPCA",2,"SCA_LCDST(27, 16) ||| SCA_LCDST(27, 16)","productPCA(SCA_LCDST(27, 16), SCA_LCDST(27, 16))"
"PCAcat",389,"productPCA",2,"SCA_LCDST(27, 16) ||| SCA_LCDST(28, 16)","productPCA(SCA_LCDST(27, 16), SCA_LCDST(28, 16))"
"PCAcat",390,"productPCA",2,"SCA_LCDST(28, 16) ||| SCA_LCDST(28, 16)","productPCA(SCA_LCDST(28, 16), SCA_LCDST(28, 16))"
"PCAcat",391,"productPCA",2,"SCA_LCDST(28, 16) ||| SCA_LCDST(29, 16)","productPCA(SCA_LCDST(28, 16), SCA_LCDST(29, 16))"
"PCAcat",392,"productPCA",2,"SCA_LCDST(29, 16) ||| SCA_LCDST(29, 16)","productPCA(SCA_LCDST(29, 16), SCA_LCDST(29, 16))"
"PCAcat",393,"productPCA",2,"SCA_LCDST(29, 16) ||| SCA_MS(30, 16)","productPCA(SCA_LCDST(29, 16), SCA_MS(30, 16))"
"PCAcat",394,"productPCA",2,"SCA_MS(30, 16) ||| SCA_MS(30, 16)","productPCA(SCA_MS(30, 16), SCA_MS(30, 16))"
"PCAcat",395,"productPCA",2,"SCA_MS(30, 16) ||| SCA_MS(31, 16)","productPCA(SCA_MS(30, 16), SCA_MS(31, 16))"
"PCAcat",396,"productPCA",2,"SCA_MS(31, 16) ||| SCA_MS(31, 16)","productPCA(SCA_MS(31, 16), SCA_MS(31, 16))"
"PCAcat",397,"productPCA",2,"SCA_MS(31, 16) ||| SCA_MS(32, 16)","productPCA(SCA_MS(31, 16), SCA_MS(32, 16))"
"PCAcat",398,"productPCA",2,"SCA_MS(32, 16) ||| SCA_MS(32, 16)","productPCA(SCA_MS(32, 16), SCA_MS(32, 16))"
"PCAcat",399,"productPCA",2,"SCA_MS(32, 16) ||| SCA_MS(33, 16)","productPCA(SCA_MS(32, 16), SCA_MS(33, 16))"
"PCAcat",400,"productPCA",4,"SCA_Bose(16) ||| productPCA(SCA_LCDST(25, 16), SCA_LCDST(25, 16)) ||| SCA_LCDST(25, 16) ||| SCA_LCDST(25, 16)","productPCA(SCA_Bose(16), productPCA(SCA_LCDST(25, 16), SCA_LCDST(25, 16)))"
"PCAcat",401,"productPCA",4,"SCA_Bose(16) ||| productPCA(SCA_LCDST(25, 16), SCA_LCDST(27, 16)) ||| SCA_LCDST(25, 16) ||| SCA_LCDST(27, 16)","productPCA(SCA_Bose(16), productPCA(SCA_LCDST(25, 16), SCA_LCDST(27, 16)))"
"PCAcat",402,"productPCA",4,"SCA_Bose(16) ||| productPCA(SCA_LCDST(25, 16), SCA_LCDST(28, 16)) ||| SCA_LCDST(25, 16) ||| SCA_LCDST(28, 16)","productPCA(SCA_Bose(16), productPCA(SCA_LCDST(25, 16), SCA_LCDST(28, 16)))"
"PCAcat",403,"productPCA",4,"SCA_Bose(16) ||| productPCA(SCA_LCDST(27, 16), SCA_LCDST(27, 16)) ||| SCA_LCDST(27, 16) ||| SCA_LCDST(27, 16)","productPCA(SCA_Bose(16), productPCA(SCA_LCDST(27, 16), SCA_LCDST(27, 16)))"
"PCAcat",404,"productPCA",4,"SCA_Bose(16) ||| productPCA(SCA_LCDST(27, 16), SCA_LCDST(28, 16)) ||| SCA_LCDST(27, 16) ||| SCA_LCDST(28, 16)","productPCA(SCA_Bose(16), productPCA(SCA_LCDST(27, 16), SCA_LCDST(28, 16)))"
"PCAcat",405,"productPCA",4,"SCA_Bose(16) ||| productPCA(SCA_LCDST(28, 16), SCA_LCDST(28, 16)) ||| SCA_LCDST(28, 16) ||| SCA_LCDST(28, 16)","productPCA(SCA_Bose(16), productPCA(SCA_LCDST(28, 16), SCA_LCDST(28, 16)))"
"PCAcat",406,"productPCA",4,"SCA_Bose(16) ||| productPCA(SCA_LCDST(28, 16), SCA_LCDST(29, 16)) ||| SCA_LCDST(28, 16) ||| SCA_LCDST(29, 16)","productPCA(SCA_Bose(16), productPCA(SCA_LCDST(28, 16), SCA_LCDST(29, 16)))"
"PCAcat",407,"productPCA",4,"SCA_LCDST(25, 16) ||| productPCA(SCA_LCDST(25, 16), SCA_LCDST(25, 16)) ||| SCA_LCDST(25, 16) ||| SCA_LCDST(25, 16)","productPCA(SCA_LCDST(25, 16), productPCA(SCA_LCDST(25, 16), SCA_LCDST(25, 16)))"
"PCAcat",408,"productPCA",4,"SCA_LCDST(25, 16) ||| productPCA(SCA_LCDST(25, 16), SCA_LCDST(27, 16)) ||| SCA_LCDST(25, 16) ||| SCA_LCDST(27, 16)","productPCA(SCA_LCDST(25, 16), productPCA(SCA_LCDST(25, 16), SCA_LCDST(27, 16)))"
"PCAcat",409,"productPCA",4,"SCA_LCDST(25, 16) ||| productPCA(SCA_LCDST(25, 16), SCA_LCDST(28, 16)) ||| SCA_LCDST(25, 16) ||| SCA_LCDST(28, 16)","productPCA(SCA_LCDST(25, 16), productPCA(SCA_LCDST(25, 16), SCA_LCDST(28, 16)))"
"PCAcat",410,"productPCA",4,"SCA_LCDST(25, 16) ||| productPCA(SCA_LCDST(27, 16), SCA_LCDST(27, 16)) ||| SCA_LCDST(27, 16) ||| SCA_LCDST(27, 16)","productPCA(SCA_LCDST(25, 16), productPCA(SCA_LCDST(27, 16), SCA_LCDST(27, 16)))"
"PCAcat",411,"productPCA",4,"SCA_LCDST(25, 16) ||| productPCA(SCA_LCDST(27, 16), SCA_LCDST(28, 16)) ||| SCA_LCDST(27, 16) ||| SCA_LCDST(28, 16)","productPCA(SCA_LCDST(25, 16), productPCA(SCA_LCDST(27, 16), SCA_LCDST(28, 16)))"
"PCAcat",412,"productPCA",4,"SCA_LCDST(27, 16) ||| productPCA(SCA_LCDST(27, 16), SCA_LCDST(27, 16)) ||| SCA_LCDST(27, 16) ||| SCA_LCDST(27, 16)","productPCA(SCA_LCDST(27, 16), productPCA(SCA_LCDST(27, 16), SCA_LCDST(27, 16)))"
"PCAcat",413,"productPCA",4,"SCA_LCDST(27, 16) ||| productPCA(SCA_LCDST(27, 16), SCA_LCDST(28, 16)) ||| SCA_LCDST(27, 16) ||| SCA_LCDST(28, 16)","productPCA(SCA_LCDST(27, 16), productPCA(SCA_LCDST(27, 16), SCA_LCDST(28, 16)))"
"PCAcat",414,"productPCA",2,"SCA_LCDST(31, 17) ||| SCA_LCDST(31, 17)","productPCA(SCA_LCDST(31, 17), SCA_LCDST(31, 17))"
"PCAcat",415,"productPCA",2,"SCA_LCDST(31, 17) ||| CS_CMMSSY(32, 17)","productPCA(SCA_LCDST(31, 17), CS_CMMSSY(32, 17))"
"PCAcat",416,"productPCA",2,"CS_CMMSSY(32, 17) ||| CS_CMMSSY(32, 17)","productPCA(CS_CMMSSY(32, 17), CS_CMMSSY(32, 17))"
"PCAcat",417,"productPCA",2,"CS_CMMSSY(32, 17) ||| SCA_MS(33, 17)","productPCA(CS_CMMSSY(32, 17), SCA_MS(33, 17))"
"PCAcat",418,"productPCA",2,"SCA_MS(33, 17) ||| SCA_MS(33, 17)","productPCA(SCA_MS(33, 17), SCA_MS(33, 17))"
"PCAcat",419,"productPCA",2,"SCA_MS(33, 17) ||| SCA_MS(34, 17)","productPCA(SCA_MS(33, 17), SCA_MS(34, 17))"
"PCAcat",420,"productPCA",2,"SCA_MS(34, 17) ||| SCA_MS(34, 17)","productPCA(SCA_MS(34, 17), SCA_MS(34, 17))"
"PCAcat",421,"productPCA",4,"SCA_Bose(17) ||| productPCA(SCA_LCDST(31, 17), SCA_LCDST(31, 17)) ||| SCA_LCDST(31, 17) ||| SCA_LCDST(31, 17)","productPCA(SCA_Bose(17), productPCA(SCA_LCDST(31, 17), SCA_LCDST(31, 17)))"
"PCAcat",422,"productPCA",4,"SCA_Bose(17) ||| productPCA(SCA_LCDST(31, 17), CS_CMMSSY(32, 17)) ||| SCA_LCDST(31, 17) ||| CS_CMMSSY(32, 17)","productPCA(SCA_Bose(17), productPCA(SCA_LCDST(31, 17), CS_CMMSSY(32, 17)))"
"PCAcat",423,"productPCA",4,"SCA_Bose(17) ||| productPCA(CS_CMMSSY(32, 17), CS_CMMSSY(32, 17)) ||| CS_CMMSSY(32, 17) ||| CS_CMMSSY(32, 17)","productPCA(SCA_Bose(17), productPCA(CS_CMMSSY(32, 17), CS_CMMSSY(32, 17)))"
"PCAcat",424,"productPCA",4,"SCA_Bose(17) ||| productPCA(CS_CMMSSY(32, 17), SCA_MS(33, 17)) ||| CS_CMMSSY(32, 17) ||| SCA_MS(33, 17)","productPCA(SCA_Bose(17), productPCA(CS_CMMSSY(32, 17), SCA_MS(33, 17)))"
"PCAcat",425,"productPCA",4,"SCA_Bose(17) ||| productPCA(SCA_MS(33, 17), SCA_MS(33, 17)) ||| SCA_MS(33, 17) ||| SCA_MS(33, 17)","productPCA(SCA_Bose(17), productPCA(SCA_MS(33, 17), SCA_MS(33, 17)))"
"PCAcat",426,"productPCA",4,"SCA_Bose(17) ||| productPCA(SCA_MS(33, 17), SCA_MS(34, 17)) ||| SCA_MS(33, 17) ||| SCA_MS(34, 17)","productPCA(SCA_Bose(17), productPCA(SCA_MS(33, 17), SCA_MS(34, 17)))"
"PCAcat",427,"productPCA",2,"SCA_LCDST(32, 18) ||| SCA_LCDST(32, 18)","productPCA(SCA_LCDST(32, 18), SCA_LCDST(32, 18))"
"PCAcat",428,"productPCA",2,"SCA_LCDST(32, 18) ||| SCA_LCDST(34, 18)","productPCA(SCA_LCDST(32, 18), SCA_LCDST(34, 18))"
"PCAcat",429,"productPCA",2,"SCA_LCDST(32, 18) ||| SCA_MS(35, 18)","productPCA(SCA_LCDST(32, 18), SCA_MS(35, 18))"
"PCAcat",430,"productPCA",2,"SCA_LCDST(34, 18) ||| SCA_LCDST(34, 18)","productPCA(SCA_LCDST(34, 18), SCA_LCDST(34, 18))"
"PCAcat",431,"productPCA",2,"SCA_LCDST(34, 18) ||| SCA_MS(35, 18)","productPCA(SCA_LCDST(34, 18), SCA_MS(35, 18))"
"PCAcat",432,"productPCA",2,"SCA_MS(35, 18) ||| SCA_MS(35, 18)","productPCA(SCA_MS(35, 18), SCA_MS(35, 18))"
"PCAcat",433,"productPCA",2,"SCA_MS(35, 18) ||| SCA_MS(36, 18)","productPCA(SCA_MS(35, 18), SCA_MS(36, 18))"
"PCAcat",434,"productPCA",2,"SCA_MS(36, 18) ||| SCA_MS(36, 18)","productPCA(SCA_MS(36, 18), SCA_MS(36, 18))"
"PCAcat",435,"productPCA",2,"SCA_MS(36, 18) ||| SCA_MS(37, 18)","productPCA(SCA_MS(36, 18), SCA_MS(37, 18))"
"PCAcat",436,"productPCA",2,"SCA_MS(37, 18) ||| SCA_MS(37, 18)","productPCA(SCA_MS(37, 18), SCA_MS(37, 18))"
"PCAcat",437,"productPCA",4,"SCA_LCDST(32, 18) ||| productPCA(SCA_LCDST(32, 18), SCA_LCDST(32, 18)) ||| SCA_LCDST(32, 18) ||| SCA_LCDST(32, 18)","productPCA(SCA_LCDST(32, 18), productPCA(SCA_LCDST(32, 18), SCA_LCDST(32, 18)))"
"PCAcat",438,"productPCA",2,"SCA_LCDST(36, 19) ||| SCA_LCDST(36, 19)","productPCA(SCA_LCDST(36, 19), SCA_LCDST(36, 19))"
"PCAcat",439,"productPCA",4,"SCA_Bose(19) ||| productPCA(SCA_LCDST(36, 19), SCA_LCDST(36, 19)) ||| SCA_LCDST(36, 19) ||| SCA_LCDST(36, 19)","productPCA(SCA_Bose(19), productPCA(SCA_LCDST(36, 19), SCA_LCDST(36, 19)))"
"PCAcat",440,"productPCA",2,"SCA_LCDST(38, 20) ||| SCA_LCDST(38, 20)","productPCA(SCA_LCDST(38, 20), SCA_LCDST(38, 20))"
"PCAcat",441,"productPCA",2,"SCA_LCDST(38, 20) ||| SCA_LCDST(39, 20)","productPCA(SCA_LCDST(38, 20), SCA_LCDST(39, 20))"
"PCAcat",442,"productPCA",2,"SCA_LCDST(39, 20) ||| SCA_LCDST(39, 20)","productPCA(SCA_LCDST(39, 20), SCA_LCDST(39, 20))"
"PCAcat",443,"productPCA",4,"SCA_LCDST(38, 20) ||| productPCA(SCA_LCDST(38, 20), SCA_LCDST(38, 20)) ||| SCA_LCDST(38, 20) ||| SCA_LCDST(38, 20)","productPCA(SCA_LCDST(38, 20), productPCA(SCA_LCDST(38, 20), SCA_LCDST(38, 20)))"
"PCAcat",444,"productPCA",2,"SCA_LCDST(42, 21) ||| SCA_LCDST(42, 21)","productPCA(SCA_LCDST(42, 21), SCA_LCDST(42, 21))"
"PCAcat",445,"productPCA",4,"SCA_LCDST(42, 21) ||| productPCA(SCA_LCDST(42, 21), SCA_LCDST(42, 21)) ||| SCA_LCDST(42, 21) ||| SCA_LCDST(42, 21)","productPCA(SCA_LCDST(42, 21), productPCA(SCA_LCDST(42, 21), SCA_LCDST(42, 21)))"
"PCAcat",446,"productPCA",2,"SCA_LCDST(44, 22) ||| SCA_LCDST(44, 22)","productPCA(SCA_LCDST(44, 22), SCA_LCDST(44, 22))"
"PCAcat",447,"productPCA",4,"SCA_LCDST(44, 22) ||| productPCA(SCA_LCDST(44, 22), SCA_LCDST(44, 22)) ||| SCA_LCDST(44, 22) ||| SCA_LCDST(44, 22)","productPCA(SCA_LCDST(44, 22), productPCA(SCA_LCDST(44, 22), SCA_LCDST(44, 22)))"
"CYCLOTOMYcat",1,"cyc",0,"","cyc(37,4, type='4a')"
"CYCLOTOMYcat",2,"cyc",0,"","cyc(53,4, type='3a')"
"CYCLOTOMYcat",3,"cyc",0,"","cyc(103,6, type='4a')"
"CYCLOTOMYcat",4,"cyc",0,"","cyc(121,6, type='3a')"
"CYCLOTOMYcat",5,"cyc",0,"","cyc(127,6, type='3a')"
"CYCLOTOMYcat",6,"cyc",0,"","cyc(151,6, type='3a')"
"CYCLOTOMYcat",7,"cyc",0,"","cyc(163,6, type='3a')"
"CYCLOTOMYcat",8,"cyc",0,"","cyc(169,6, type='4a')"
"CYCLOTOMYcat",9,"cyc",0,"","cyc(169,7, type='3a')"
"CYCLOTOMYcat",10,"cyc",0,"","cyc(193,8, type='4a')"
"CYCLOTOMYcat",11,"cyc",0,"","cyc(241,8, type='4a')"
"CYCLOTOMYcat",12,"cyc",0,"","cyc(361,10, type='3a')"
"CYCLOTOMYcat",13,"cyc",0,"","cyc(521,10, type='3a')"
"CYCLOTOMYcat",14,"cyc",0,"","cyc(571,10, type='3a')"
"CYCLOTOMYcat",15,"cyc",0,"","cyc(397,11, type='4a')"
"CYCLOTOMYcat",16,"cyc",0,"","cyc(601,12, type='4a')"
"CYCLOTOMYcat",17,"cyc",0,"","cyc(613,12, type='3a')"
"CYCLOTOMYcat",18,"cyc",0,"","cyc(709,12, type='4a')"
"CYCLOTOMYcat",19,"cyc",0,"","cyc(883,14, type='4a')"
"CYCLOTOMYcat",20,"cyc",0,"","cyc(1051,14, type='3a')"
"CYCLOTOMYcat",21,"cyc",0,"","cyc(1093,14, type='3a')"
"CYCLOTOMYcat",22,"cyc",0,"","cyc(1163,14, type='3a')"
"CYCLOTOMYcat",23,"cyc",0,"","cyc(1297,18, type='4a')"
"CYCLOTOMYcat",24,"cyc",0,"","cyc(1801,20, type='4a')"
"CYCLOTOMYcat",25,"cyc",0,"","cyc(2141,20, type='4a')"
"CYCLOTOMYcat",26,"cyc",0,"","cyc(2161,20, type='3a')"
"CYCLOTOMYcat",27,"cyc",0,"","cyc(2341,20, type='3a')"
"CYCLOTOMYcat",28,"cyc",0,"","cyc(2269,21, type='4a')"
"CYCLOTOMYcat",29,"cyc",0,"","cyc(2311,21, type='3a')"
"CYCLOTOMYcat",30,"cyc",0,"","cyc(11,2, type='4b')"
"CYCLOTOMYcat",31,"cyc",0,"","cyc(23,2, type='3a')"
"CYCLOTOMYcat",32,"cyc",0,"","cyc(67,2, type='1')"
"CYCLOTOMYcat",33,"cyc",0,"","cyc(71,2, type='1')"
"CYCLOTOMYcat",34,"cyc",0,"","cyc(83,2, type='1')"
"CYCLOTOMYcat",35,"cyc",0,"","cyc(89,2, type='1')"
"CYCLOTOMYcat",36,"cyc",0,"","cyc(223,3, type='3a')"
"CYCLOTOMYcat",37,"cyc",0,"","cyc(229,3, type='3a')"
"CYCLOTOMYcat",38,"cyc",0,"","cyc(271,3, type='3a')"
"CYCLOTOMYcat",39,"cyc",0,"","cyc(277,3, type='3a')"
"CYCLOTOMYcat",40,"cyc",0,"","cyc(1051,3, type='1')"
"CYCLOTOMYcat",41,"cyc",0,"","cyc(1069,3, type='1')"
"CYCLOTOMYcat",42,"cyc",0,"","cyc(1087,3, type='1')"
"CYCLOTOMYcat",43,"cyc",0,"","cyc(1093,3, type='1')"
"CYCLOTOMYcat",44,"cyc",0,"","cyc(1117,3, type='2')"
"CYCLOTOMYcat",45,"cyc",0,"","cyc(1123,3, type='1')"
"CYCLOTOMYcat",46,"cyc",0,"","cyc(1129,3, type='1')"
"CYCLOTOMYcat",47,"cyc",0,"","cyc(1171,3, type='1')"
"CYCLOTOMYcat",48,"cyc",0,"","cyc(1213,3, type='1')"
"CYCLOTOMYcat",49,"cyc",0,"","cyc(1231,3, type='1')"
"CYCLOTOMYcat",50,"cyc",0,"","cyc(1249,3, type='1')"
"CYCLOTOMYcat",51,"cyc",0,"","cyc(1279,3, type='1')"
"CYCLOTOMYcat",52,"cyc",0,"","cyc(1291,3, type='1')"
"CYCLOTOMYcat",53,"cyc",0,"","cyc(1297,3, type='1')"
"CYCLOTOMYcat",54,"cyc",0,"","cyc(1303,3, type='1')"
"CYCLOTOMYcat",55,"cyc",0,"","cyc(1321,3, type='2')"
"CYCLOTOMYcat",56,"cyc",0,"","cyc(1327,3, type='1')"
"CYCLOTOMYcat",57,"cyc",0,"","cyc(1381,3, type='1')"
"CYCLOTOMYcat",58,"cyc",0,"","cyc(1399,3, type='1')"
"CYCLOTOMYcat",59,"cyc",0,"","cyc(1423,3, type='1')"
"CYCLOTOMYcat",60,"cyc",0,"","cyc(1429,3, type='2')"
"CYCLOTOMYcat",61,"cyc",0,"","cyc(1447,3, type='1')"
"CYCLOTOMYcat",62,"cyc",0,"","cyc(1453,3, type='1')"
"CYCLOTOMYcat",63,"cyc",0,"","cyc(1459,3, type='1')"
"CYCLOTOMYcat",64,"cyc",0,"","cyc(1471,3, type='1')"
"CYCLOTOMYcat",65,"cyc",0,"","cyc(1483,3, type='1')"
"CYCLOTOMYcat",66,"cyc",0,"","cyc(1489,3, type='1')"
"CYCLOTOMYcat",67,"cyc",0,"","cyc(1531,3, type='1')"
"CYCLOTOMYcat",68,"cyc",0,"","cyc(1543,3, type='1')"
"CYCLOTOMYcat",69,"cyc",0,"","cyc(1549,3, type='1')"
"CYCLOTOMYcat",70,"cyc",0,"","cyc(1567,3, type='1')"
"CYCLOTOMYcat",71,"cyc",0,"","cyc(1579,3, type='1')"
"CYCLOTOMYcat",72,"cyc",0,"","cyc(1597,3, type='1')"
"CYCLOTOMYcat",73,"cyc",0,"","cyc(461,4, type='4a')"
"CYCLOTOMYcat",74,"cyc",0,"","cyc(557,4, type='4a')"
"CYCLOTOMYcat",75,"cyc",0,"","cyc(613,4, type='3a')"
"CYCLOTOMYcat",76,"cyc",0,"","cyc(653,4, type='3a')"
"CYCLOTOMYcat",77,"cyc",0,"","cyc(677,4, type='3a')"
"CYCLOTOMYcat",78,"cyc",0,"","cyc(701,4, type='3a')"
"CYCLOTOMYcat",79,"cyc",0,"","cyc(733,4, type='3a')"
"CYCLOTOMYcat",80,"cyc",0,"","cyc(757,4, type='3a')"
"CYCLOTOMYcat",81,"cyc",0,"","cyc(773,4, type='3a')"
"CYCLOTOMYcat",82,"cyc",0,"","cyc(797,4, type='3a')"
"CYCLOTOMYcat",83,"cyc",0,"","cyc(2647,6, type='4a')"
"CYCLOTOMYcat",84,"cyc",0,"","cyc(2767,6, type='4a')"
"CYCLOTOMYcat",85,"cyc",0,"","cyc(3019,6, type='3a')"
"CYCLOTOMYcat",86,"cyc",0,"","cyc(3259,6, type='4a')"
"CYCLOTOMYcat",87,"cyc",0,"","cyc(3271,6, type='3a')"
"CYCLOTOMYcat",88,"cyc",0,"","cyc(3319,6, type='3a')"
"CYCLOTOMYcat",89,"cyc",0,"","cyc(3331,6, type='4a')"
"CYCLOTOMYcat",90,"cyc",0,"","cyc(3343,6, type='3a')"
"CYCLOTOMYcat",91,"cyc",0,"","cyc(3463,6, type='3a')"
"CYCLOTOMYcat",92,"cyc",0,"","cyc(3499,6, type='3a')"
"CYCLOTOMYcat",93,"cyc",0,"","cyc(3583,6, type='3a')"
"CYCLOTOMYcat",94,"cyc",0,"","cyc(3607,6, type='3a')"
"CYCLOTOMYcat",95,"cyc",0,"","cyc(3631,6, type='3a')"
"CYCLOTOMYcat",96,"cyc",0,"","cyc(3643,6, type='3a')"
"CYCLOTOMYcat",97,"cyc",0,"","cyc(3691,6, type='3a')"
"CYCLOTOMYcat",98,"cyc",0,"","cyc(3727,6, type='3a')"
"CYCLOTOMYcat",99,"cyc",0,"","cyc(3823,6, type='3a')"
"CYCLOTOMYcat",100,"cyc",0,"","cyc(3847,6, type='3a')"
"CYCLOTOMYcat",101,"cyc",0,"","cyc(3907,6, type='3a')"
"CYCLOTOMYcat",102,"cyc",0,"","cyc(3931,6, type='3a')"
"CYCLOTOMYcat",103,"cyc",0,"","cyc(3943,6, type='3a')"
"CYCLOTOMYcat",104,"cyc",0,"","cyc(4003,6, type='3a')"
"CYCLOTOMYcat",105,"cyc",0,"","cyc(4027,6, type='3a')"
"CYCLOTOMYcat",106,"cyc",0,"","cyc(6343,7, type='3a')"
"CYCLOTOMYcat",107,"cyc",0,"","cyc(6763,7, type='3a')"
"CYCLOTOMYcat",108,"cyc",0,"","cyc(8761,8, type='3a')"
"CYCLOTOMYcat",109,"cyc",0,"","cyc(8969,8, type='3a')"
"CYCLOTOMYcat",110,"cyc",0,"","cyc(9049,8, type='3a')"
"CYCLOTOMYcat",111,"cyc",0,"","cyc(9337,8, type='3a')"
"CYCLOTOMYcat",112,"cyc",0,"","cyc(9721,8, type='3a')"
"CYCLOTOMYcat",113,"cyc",0,"","cyc(9817,8, type='3a')"
"CYCLOTOMYcat",114,"cyc",0,"","cyc(9833,8, type='3a')"
"CYCLOTOMYcat",115,"cyc",0,"","cyc(10009,8, type='3')"
"CYCLOTOMYcat",116,"cyc",0,"","cyc(433,2, type='2')"
"CYCLOTOMYcat",117,"cyc",0,"","cyc(523,2, type='1')"
"CYCLOTOMYcat",118,"cyc",0,"","cyc(541,2, type='1')"
"CYCLOTOMYcat",119,"cyc",0,"","cyc(547,2, type='1')"
"CYCLOTOMYcat",120,"cyc",0,"","cyc(557,2, type='1')"
"CYCLOTOMYcat",121,"cyc",0,"","cyc(563,2, type='1')"
"CYCLOTOMYcat",122,"cyc",0,"","cyc(569,2, type='2')"
"CYCLOTOMYcat",123,"cyc",0,"","cyc(571,2, type='1')"
"CYCLOTOMYcat",124,"cyc",0,"","cyc(577,2, type='1')"
"CYCLOTOMYcat",125,"cyc",0,"","cyc(587,2, type='1')"
"CYCLOTOMYcat",126,"cyc",0,"","cyc(593,2, type='1')"
"CYCLOTOMYcat",127,"cyc",0,"","cyc(599,2, type='1')"
"CYCLOTOMYcat",128,"cyc",0,"","cyc(601,2, type='1')"
"CYCLOTOMYcat",129,"cyc",0,"","cyc(607,2, type='1')"
"CYCLOTOMYcat",130,"cyc",0,"","cyc(613,2, type='1')"
"CYCLOTOMYcat",131,"cyc",0,"","cyc(1051,3, type='4')"
"CYCLOTOMYcat",132,"cyc",0,"","cyc(1069,3, type='4')"
"CYCLOTOMYcat",133,"cyc",0,"","cyc(1087,3, type='4')"
"CYCLOTOMYcat",134,"cyc",0,"","cyc(1093,3, type='4')"
"CYCLOTOMYcat",135,"cyc",0,"","cyc(1123,3, type='3')"
"CYCLOTOMYcat",136,"cyc",0,"","cyc(1129,3, type='4')"
"CYCLOTOMYcat",137,"cyc",0,"","cyc(1171,3, type='4')"
"CYCLOTOMYcat",138,"cyc",0,"","cyc(1213,3, type='4')"
"CYCLOTOMYcat",139,"cyc",0,"","cyc(1231,3, type='4')"
"CYCLOTOMYcat",140,"cyc",0,"","cyc(1249,3, type='4')"
"CYCLOTOMYcat",141,"cyc",0,"","cyc(1279,3, type='4')"
"CYCLOTOMYcat",142,"cyc",0,"","cyc(1291,3, type='4')"
"CYCLOTOMYcat",143,"cyc",0,"","cyc(1297,3, type='3')"
"CYCLOTOMYcat",144,"cyc",0,"","cyc(1303,3, type='3')"
"CYCLOTOMYcat",145,"cyc",0,"","cyc(1327,3, type='3')"
"CYCLOTOMYcat",146,"cyc",0,"","cyc(1381,3, type='3')"
"CYCLOTOMYcat",147,"cyc",0,"","cyc(1399,3, type='3')"
"CYCLOTOMYcat",148,"cyc",0,"","cyc(1423,3, type='3')"
"CYCLOTOMYcat",149,"cyc",0,"","cyc(1447,3, type='3')"
"CYCLOTOMYcat",150,"cyc",0,"","cyc(1453,3, type='3')"
"CYCLOTOMYcat",151,"cyc",0,"","cyc(1459,3, type='3')"
"CYCLOTOMYcat",152,"cyc",0,"","cyc(1471,3, type='3')"
"CYCLOTOMYcat",153,"cyc",0,"","cyc(1483,3, type='3')"
"CYCLOTOMYcat",154,"cyc",0,"","cyc(1489,3, type='3')"
"CYCLOTOMYcat",155,"cyc",0,"","cyc(1531,3, type='3')"
"CYCLOTOMYcat",156,"cyc",0,"","cyc(1543,3, type='3')"
"CYCLOTOMYcat",157,"cyc",0,"","cyc(1549,3, type='3')"
"CYCLOTOMYcat",158,"cyc",0,"","cyc(1567,3, type='3')"
"CYCLOTOMYcat",159,"cyc",0,"","cyc(1579,3, type='3')"
"CYCLOTOMYcat",160,"cyc",0,"","cyc(1597,3, type='3')"
"CYCLOTOMYcat",161,"cyc",0,"","cyc(1609,3, type='3')"
"CYCLOTOMYcat",162,"cyc",0,"","cyc(1621,3, type='3')"
"CYCLOTOMYcat",163,"cyc",0,"","cyc(1627,3, type='3')"
"CYCLOTOMYcat",164,"cyc",0,"","cyc(1657,3, type='3')"
"CYCLOTOMYcat",165,"cyc",0,"","cyc(1663,3, type='3')"
"CYCLOTOMYcat",166,"cyc",0,"","cyc(1669,3, type='3')"
"CYCLOTOMYcat",167,"cyc",0,"","cyc(1693,3, type='3')"
"CYCLOTOMYcat",168,"cyc",0,"","cyc(1699,3, type='3')"
"CYCLOTOMYcat",169,"cyc",0,"","cyc(1723,3, type='3')"
"CYCLOTOMYcat",170,"cyc",0,"","cyc(1741,3, type='3')"
"CYCLOTOMYcat",171,"cyc",0,"","cyc(1747,3, type='3')"
"CYCLOTOMYcat",172,"cyc",0,"","cyc(1753,3, type='3')"
"CYCLOTOMYcat",173,"cyc",0,"","cyc(1759,3, type='3')"
"CYCLOTOMYcat",174,"cyc",0,"","cyc(6983,3, type='1')"
"CYCLOTOMYcat",175,"cyc",0,"","cyc(7013,3, type='1')"
"CYCLOTOMYcat",176,"cyc",0,"","cyc(10007,3, type='1')"
"CYCLOTOMYcat",177,"cyc",0,"","cyc(1231,2, type='1')"
"CYCLOTOMYcat",178,"cyc",0,"","cyc(1283,2, type='1')"
"CYCLOTOMYcat",179,"cyc",0,"","cyc(1319,2, type='1')"
"CYCLOTOMYcat",180,"cyc",0,"","cyc(1361,2, type='1')"
"CYCLOTOMYcat",181,"cyc",0,"","cyc(1367,2, type='1')"
"CYCLOTOMYcat",182,"cyc",0,"","cyc(1373,2, type='1')"
"CYCLOTOMYcat",183,"cyc",0,"","cyc(1381,2, type='1')"
"CYCLOTOMYcat",184,"cyc",0,"","cyc(1423,2, type='1')"
"CYCLOTOMYcat",185,"cyc",0,"","cyc(1427,2, type='1')"
"CYCLOTOMYcat",186,"cyc",0,"","cyc(1429,2, type='1')"
"CYCLOTOMYcat",187,"cyc",0,"","cyc(1439,2, type='1')"
"CYCLOTOMYcat",188,"cyc",0,"","cyc(1447,2, type='1')"
"CYCLOTOMYcat",189,"cyc",0,"","cyc(1459,2, type='1')"
"CYCLOTOMYcat",190,"cyc",0,"","cyc(1483,2, type='1')"
"CYCLOTOMYcat",191,"cyc",0,"","cyc(1487,2, type='1')"
"CYCLOTOMYcat",192,"cyc",0,"","cyc(1493,2, type='1')"
"CYCLOTOMYcat",193,"cyc",0,"","cyc(1499,2, type='1')"
"CYCLOTOMYcat",194,"cyc",0,"","cyc(1511,2, type='1')"
"CYCLOTOMYcat",195,"cyc",0,"","cyc(1523,2, type='1')"
"CYCLOTOMYcat",196,"cyc",0,"","cyc(1549,2, type='1')"
"CYCLOTOMYcat",197,"cyc",0,"","cyc(1559,2, type='1')"
"CYCLOTOMYcat",198,"cyc",0,"","cyc(1567,2, type='1')"
"CYCLOTOMYcat",199,"cyc",0,"","cyc(1571,2, type='1')"
"CYCLOTOMYcat",200,"cyc",0,"","cyc(1579,2, type='1')"
"CYCLOTOMYcat",201,"cyc",0,"","cyc(1583,2, type='1')"
"CYCLOTOMYcat",202,"cyc",0,"","cyc(1597,2, type='1')"
"CYCLOTOMYcat",203,"cyc",0,"","cyc(1601,2, type='1')"
"CYCLOTOMYcat",204,"cyc",0,"","cyc(1607,2, type='1')"
"CYCLOTOMYcat",205,"cyc",0,"","cyc(1609,2, type='1')"
"CYCLOTOMYcat",206,"cyc",0,"","cyc(1613,2, type='1')"
"CYCLOTOMYcat",207,"cyc",0,"","cyc(1619,2, type='1')"
"CYCLOTOMYcat",208,"cyc",0,"","cyc(1621,2, type='1')"
"CYCLOTOMYcat",209,"cyc",0,"","cyc(1627,2, type='1')"
"CYCLOTOMYcat",210,"cyc",0,"","cyc(1997,2, type='1')"
"CYCLOTOMYcat",211,"cyc",0,"","cyc(1999,2, type='1')"
"CYCLOTOMYcat",212,"cyc",0,"","cyc(2003,2, type='1')"
"CYCLOTOMYcat",213,"cyc",0,"","cyc(2503,2, type='1')"
"PALEYcat",1,"rbind",1,"paley_mat(11)","rbind(1,paley_mat(11))"
"PALEYcat",2,"rbind",1,"paley_mat(17)","rbind(1,paley_mat(17))"
"PALEYcat",3,"paley_mat",0,"","paley_mat(19)"
"PALEYcat",4,"paley_mat",0,"","paley_mat(23)"
"PALEYcat",5,"[",1,"paley_mat(29)","paley_mat(29)[-(1:1),]"
"PALEYcat",6,"[",1,"paley_mat(31)","paley_mat(31)[-(1:1),]"
"PALEYcat",7,"[",1,"paley_mat(37)","paley_mat(37)[-(1:1),]"
"PALEYcat",8,"[",1,"paley_mat(41)","paley_mat(41)[-(1:1),]"
"PALEYcat",9,"[",1,"paley_mat(43)","paley_mat(43)[-(1:2),]"
"PALEYcat",10,"[",1,"paley_mat(47)","paley_mat(47)[-(1:3),]"
"PALEYcat",11,"[",1,"paley_mat(53)","paley_mat(53)[-(1:3),]"
"PALEYcat",12,"[",1,"paley_mat(59)","paley_mat(59)[-(1:4),]"
"PALEYcat",13,"[",1,"paley_mat(61)","paley_mat(61)[-(1:3),]"
"PALEYcat",14,"[",1,"paley_mat(73)","paley_mat(73)[-(1:5),]"
"PALEYcat",15,"Double",1,"paley_mat(11)","Double(rbind(1,paley_mat(11)))"
"PALEYcat",16,"Double",1,"paley_mat(19)","Double(rbind(1,paley_mat(19)))"
"PALEYcat",17,"Double",1,"paley_mat(23)","Double(paley_mat(23))"
"PALEYcat",18,"Double",1,"paley_mat(29)","Double(paley_mat(29))"
"PALEYcat",19,"Double",1,"paley_mat(31)","Double(paley_mat(31)[-(1:1),])"
"PALEYcat",20,"Double",1,"paley_mat(37)","Double(paley_mat(37))"
"PALEYcat",21,"Double",1,"paley_mat(41)","Double(paley_mat(41))"
"PALEYcat",22,"Double",1,"paley_mat(43)","Double(paley_mat(43)[-(1:2),])"
"PALEYcat",23,"Double",1,"paley_mat(47)","Double(paley_mat(47)[-(1:2),])"
"PALEYcat",24,"Double",1,"paley_mat(53)","Double(paley_mat(53)[-(1:2),])"
"PALEYcat",25,"Double",1,"paley_mat(59)","Double(paley_mat(59)[-(1:4),])"
"PALEYcat",26,"Double",1,"paley_mat(61)","Double(paley_mat(61)[-(1:2),])"
"PALEYcat",27,"paley_mat",0,"","paley_mat(67)"
"PALEYcat",28,"paley_mat",0,"","paley_mat(71)"
"PALEYcat",29,"Double",1,"paley_mat(73)","Double(paley_mat(73)[-(1:4),])"
"PALEYcat",30,"paley_mat",0,"","paley_mat(79)"
"PALEYcat",31,"paley_mat",0,"","paley_mat(83)"
"PALEYcat",32,"[",1,"paley_mat(89)","paley_mat(89)[-(1:1),]"
"PALEYcat",33,"[",1,"paley_mat(97)","paley_mat(97)[-(1:1),]"
"PALEYcat",34,"[",1,"paley_mat(101)","paley_mat(101)[-(1:1),]"
"PALEYcat",35,"rbind",1,"paley_mat(103)","rbind(1, paley_mat(103))"
"PALEYcat",36,"[",1,"paley_mat(107)","paley_mat(107)[-(1:1),]"
"PALEYcat",37,"[",1,"paley_mat(109)","paley_mat(109)[-(1:1),]"
"PALEYcat",38,"[",1,"paley_mat(113)","paley_mat(113)[-(1:1),]"
"PALEYcat",39,"[",1,"paley_mat(127)","paley_mat(127)[-(1:2),]"
"PALEYcat",40,"[",1,"paley_mat(131)","paley_mat(131)[-(1:1),]"
"PALEYcat",41,"[",1,"paley_mat(137)","paley_mat(137)[-(1:2),]"
"PALEYcat",42,"[",1,"paley_mat(139)","paley_mat(139)[-(1:2),]"
"PALEYcat",43,"[",1,"paley_mat(149)","paley_mat(149)[-(1:3),]"
"PALEYcat",44,"[",1,"paley_mat(151)","paley_mat(151)[-(1:3),]"
"PALEYcat",45,"[",1,"paley_mat(157)","paley_mat(157)[-(1:3),]"
"PALEYcat",46,"[",1,"paley_mat(163)","paley_mat(163)[-(1:3),]"
"PALEYcat",47,"[",1,"paley_mat(167)","paley_mat(167)[-(1:3),]"
"PALEYcat",48,"[",1,"paley_mat(173)","paley_mat(173)[-(1:3),]"
"PALEYcat",49,"[",1,"paley_mat(179)","paley_mat(179)[-(1:4),]"
"PALEYcat",50,"[",1,"paley_mat(181)","paley_mat(181)[-(1:1),]"
"PALEYcat",51,"[",1,"paley_mat(191)","paley_mat(191)[-(1:5),]"
"PALEYcat",52,"[",1,"paley_mat(193)","paley_mat(193)[-(1:5),]"
"PALEYcat",53,"[",1,"paley_mat(197)","paley_mat(197)[-(1:4),]"
"PALEYcat",54,"[",1,"paley_mat(199)","paley_mat(199)[-(1:4),]"
"PALEYcat",55,"[",1,"paley_mat(211)","paley_mat(211)[-(1:5),]"
"PALEYcat",56,"[",1,"paley_mat(223)","paley_mat(223)[-(1:6),]"
"PALEYcat",57,"[",1,"paley_mat(227)","paley_mat(227)[-(1:6),]"
"PALEYcat",58,"[",1,"paley_mat(229)","paley_mat(229)[-(1:5),]"
"PALEYcat",59,"[",1,"paley_mat(233)","paley_mat(233)[-(1:5),]"
"PALEYcat",60,"[",1,"paley_mat(239)","paley_mat(239)[-(1:7),]"
"PALEYcat",61,"[",1,"paley_mat(241)","paley_mat(241)[-(1:7),]"
"PALEYcat",62,"[",1,"paley_mat(251)","paley_mat(251)[-(1:7),]"
"PALEYcat",63,"[",1,"paley_mat(257)","paley_mat(257)[-(1:7),]"
"PALEYcat",64,"[",1,"paley_mat(263)","paley_mat(263)[-(1:7),]"
"PALEYcat",65,"[",1,"paley_mat(269)","paley_mat(269)[-(1:8),]"
"PALEYcat",66,"[",1,"paley_mat(271)","paley_mat(271)[-(1:8),]"
"PALEYcat",67,"[",1,"paley_mat(277)","paley_mat(277)[-(1:8),]"
"PALEYcat",68,"[",1,"paley_mat(281)","paley_mat(281)[-(1:8),]"
"PALEYcat",69,"[",1,"paley_mat(283)","paley_mat(283)[-(1:7),]"
"PALEYcat",70,"[",1,"paley_mat(293)","paley_mat(293)[-(1:9),]"
"PALEYcat",71,"[",1,"paley_mat(307)","paley_mat(307)[-(1:10),]"
"PALEYcat",72,"[",1,"paley_mat(311)","paley_mat(311)[-(1:9),]"
"PALEYcat",73,"[",1,"paley_mat(313)","paley_mat(313)[-(1:9),]"
"PALEYcat",74,"[",1,"paley_mat(317)","paley_mat(317)[-(1:9),]"
"PALEYcat",75,"[",1,"paley_mat(331)","paley_mat(331)[-(1:10),]"
"PALEYcat",76,"[",1,"paley_mat(337)","paley_mat(337)[-(1:10),]"
"PALEYcat",77,"[",1,"paley_mat(347)","paley_mat(347)[-(1:12),]"
"PALEYcat",78,"[",1,"paley_mat(349)","paley_mat(349)[-(1:11),]"
"PALEYcat",79,"[",1,"paley_mat(353)","paley_mat(353)[-(1:11),]"
"PALEYcat",80,"[",1,"paley_mat(367)","paley_mat(367)[-(1:13),]"
"PALEYcat",81,"[",1,"paley_mat(373)","paley_mat(373)[-(1:13),]"
"PALEYcat",82,"[",1,"paley_mat(383)","paley_mat(383)[-(1:14),]"
"PALEYcat",83,"[",1,"paley_mat(389)","paley_mat(389)[-(1:13),]"
"PALEYcat",84,"[",1,"paley_mat(397)","paley_mat(397)[-(1:14),]"
"PALEYcat",85,"[",1,"paley_mat(401)","paley_mat(401)[-(1:12),]"
"PALEYcat",86,"[",1,"paley_mat(409)","paley_mat(409)[-(1:15),]"
"PALEYcat",87,"[",1,"paley_mat(419)","paley_mat(419)[-(1:15),]"
"PALEYcat",88,"[",1,"paley_mat(421)","paley_mat(421)[-(1:15),]"
"PALEYcat",89,"[",1,"paley_mat(439)","paley_mat(439)[-(1:15),]"
"PALEYcat",90,"[",1,"paley_mat(443)","paley_mat(443)[-(1:16),]"
"PALEYcat",91,"[",1,"paley_mat(449)","paley_mat(449)[-(1:16),]"
"PALEYcat",92,"[",1,"paley_mat(457)","paley_mat(457)[-(1:17),]"
"PALEYcat",93,"[",1,"paley_mat(461)","paley_mat(461)[-(1:17),]"
"PALEYcat",94,"[",1,"paley_mat(479)","paley_mat(479)[-(1:18),]"
"PALEYcat",95,"Double",1,"paley_mat(67)","Double(rbind(1,paley_mat(67)))"
"PALEYcat",96,"Double",1,"paley_mat(71)","Double(rbind(1,paley_mat(71)))"
"PALEYcat",97,"Double",1,"paley_mat(79)","Double(rbind(1,paley_mat(79)))"
"PALEYcat",98,"Double",1,"paley_mat(83)","Double(rbind(1,paley_mat(83)))"
"PALEYcat",99,"Double",1,"paley_mat(89)","Double(paley_mat(89))"
"PALEYcat",100,"Double",1,"paley_mat(97)","Double(paley_mat(97))"
"PALEYcat",101,"Double",1,"paley_mat(101)","Double(paley_mat(101))"
"PALEYcat",102,"Double",1,"paley_mat(103)","Double(rbind(1,paley_mat(103)))"
"PALEYcat",103,"Double",1,"paley_mat(107)","Double(paley_mat(107))"
"PALEYcat",104,"Double",1,"paley_mat(109)","Double(paley_mat(109))"
"PALEYcat",105,"Double",1,"paley_mat(113)","Double(paley_mat(113))"
"PALEYcat",106,"Double",1,"paley_mat(127)","Double(paley_mat(127)[-(1:1),])"
"PALEYcat",107,"Double",1,"paley_mat(131)","Double(paley_mat(131)[-(1:1),])"
"PALEYcat",108,"Double",1,"paley_mat(137)","Double(paley_mat(137)[-(1:1),])"
"PALEYcat",109,"Double",1,"paley_mat(139)","Double(paley_mat(139)[-(1:1),])"
"PALEYcat",110,"Double",1,"paley_mat(149)","Double(paley_mat(149)[-(1:2),])"
"PALEYcat",111,"Double",1,"paley_mat(151)","Double(paley_mat(151)[-(1:2),])"
"PALEYcat",112,"Double",1,"paley_mat(157)","Double(paley_mat(157)[-(1:2),])"
"PALEYcat",113,"Double",1,"paley_mat(163)","Double(paley_mat(163)[-(1:2),])"
"PALEYcat",114,"Double",1,"paley_mat(167)","Double(paley_mat(167)[-(1:2),])"
"PALEYcat",115,"Double",1,"paley_mat(173)","Double(paley_mat(173)[-(1:2),])"
"PALEYcat",116,"Double",1,"paley_mat(179)","Double(paley_mat(179)[-(1:3),])"
"PALEYcat",117,"Double",1,"paley_mat(181)","Double(paley_mat(181))"
"PALEYcat",118,"Double",1,"paley_mat(191)","Double(paley_mat(191)[-(1:4),])"
"PALEYcat",119,"Double",1,"paley_mat(193)","Double(paley_mat(193)[-(1:4),])"
"PALEYcat",120,"Double",1,"paley_mat(197)","Double(paley_mat(197)[-(1:3),])"
"PALEYcat",121,"Double",1,"paley_mat(199)","Double(paley_mat(199)[-(1:4),])"
"PALEYcat",122,"Double",1,"paley_mat(211)","Double(paley_mat(211)[-(1:4),])"
"PALEYcat",123,"Double",1,"paley_mat(223)","Double(paley_mat(223)[-(1:5),])"
"PALEYcat",124,"Double",1,"paley_mat(227)","Double(paley_mat(227)[-(1:5),])"
"PALEYcat",125,"Double",1,"paley_mat(229)","Double(paley_mat(229)[-(1:4),])"
"PALEYcat",126,"Double",1,"paley_mat(233)","Double(paley_mat(233)[-(1:4),])"
"PALEYcat",127,"Double",1,"paley_mat(239)","Double(paley_mat(239)[-(1:6),])"
"PALEYcat",128,"Double",1,"paley_mat(241)","Double(paley_mat(241)[-(1:6),])"
"PALEYcat",129,"Double",1,"paley_mat(251)","Double(paley_mat(251)[-(1:6),])"
"PALEYcat",130,"Double",1,"paley_mat(257)","Double(paley_mat(257)[-(1:6),])"
"PALEYcat",131,"Double",1,"paley_mat(263)","Double(paley_mat(263)[-(1:7),])"
"PALEYcat",132,"Double",1,"paley_mat(269)","Double(paley_mat(269)[-(1:6),])"
"PALEYcat",133,"Double",1,"paley_mat(271)","Double(paley_mat(271)[-(1:7),])"
"PALEYcat",134,"Double",1,"paley_mat(277)","Double(paley_mat(277)[-(1:7),])"
"PALEYcat",135,"Double",1,"paley_mat(281)","Double(paley_mat(281)[-(1:7),])"
"PALEYcat",136,"Double",1,"paley_mat(283)","Double(paley_mat(283)[-(1:7),])"
"PALEYcat",137,"Double",1,"paley_mat(293)","Double(paley_mat(293)[-(1:8),])"
"PALEYcat",138,"Double",1,"paley_mat(307)","Double(paley_mat(307)[-(1:9),])"
"PALEYcat",139,"Double",1,"paley_mat(311)","Double(paley_mat(311)[-(1:9),])"
"PALEYcat",140,"Double",1,"paley_mat(313)","Double(paley_mat(313)[-(1:8),])"
"PALEYcat",141,"Double",1,"paley_mat(317)","Double(paley_mat(317)[-(1:8),])"
"PALEYcat",142,"Double",1,"paley_mat(331)","Double(paley_mat(331)[-(1:9),])"
"PALEYcat",143,"Double",1,"paley_mat(337)","Double(paley_mat(337)[-(1:9),])"
"PALEYcat",144,"Double",1,"paley_mat(347)","Double(paley_mat(347)[-(1:11),])"
"PALEYcat",145,"Double",1,"paley_mat(349)","Double(paley_mat(349)[-(1:10),])"
"PALEYcat",146,"Double",1,"paley_mat(353)","Double(paley_mat(353)[-(1:10),])"
"PALEYcat",147,"paley_mat",0,"","paley_mat(359)"
"PALEYcat",148,"Double",1,"paley_mat(367)","Double(paley_mat(367)[-(1:12),])"
"PALEYcat",149,"Double",1,"paley_mat(373)","Double(paley_mat(373)[-(1:12),])"
"PALEYcat",150,"rbind",1,"paley_mat(379)","rbind(1, paley_mat(379))"
"PALEYcat",151,"Double",1,"paley_mat(383)","Double(paley_mat(383)[-(1:13),])"
"PALEYcat",152,"Double",1,"paley_mat(389)","Double(paley_mat(389)[-(1:12),])"
"PALEYcat",153,"Double",1,"paley_mat(397)","Double(paley_mat(397)[-(1:13),])"
"PALEYcat",154,"Double",1,"paley_mat(401)","Double(paley_mat(401)[-(1:11),])"
"PALEYcat",155,"Double",1,"paley_mat(409)","Double(paley_mat(409)[-(1:14),])"
"PALEYcat",156,"Double",1,"paley_mat(419)","Double(paley_mat(419)[-(1:14),])"
"PALEYcat",157,"Double",1,"paley_mat(421)","Double(paley_mat(421)[-(1:14),])"
"PALEYcat",158,"[",1,"paley_mat(431)","paley_mat(431)[-(1:1),]"
"PALEYcat",159,"rbind",1,"paley_mat(433)","rbind(1, paley_mat(433))"
"PALEYcat",160,"Double",1,"paley_mat(439)","Double(paley_mat(439)[-(1:14),])"
"PALEYcat",161,"Double",1,"paley_mat(443)","Double(paley_mat(443)[-(1:15),])"
"PALEYcat",162,"Double",1,"paley_mat(449)","Double(paley_mat(449)[-(1:15),])"
"PALEYcat",163,"Double",1,"paley_mat(457)","Double(paley_mat(457)[-(1:16),])"
"PALEYcat",164,"Double",1,"paley_mat(461)","Double(paley_mat(461)[-(1:16),])"
"PALEYcat",165,"[",1,"paley_mat(463)","paley_mat(463)[-(1:1),]"
"PALEYcat",166,"[",1,"paley_mat(467)","paley_mat(467)[-(1:1),]"
"PALEYcat",167,"Double",1,"paley_mat(479)","Double(paley_mat(479)[-(1:17),])"
"PALEYcat",168,"[",1,"paley_mat(487)","paley_mat(487)[-(1:1),]"
"PALEYcat",169,"[",1,"paley_mat(491)","paley_mat(491)[-(1:1),]"
"PALEYcat",170,"[",1,"paley_mat(499)","paley_mat(499)[-(1:1),]"
"PALEYcat",171,"Double",1,"paley_mat(359)","Double(rbind(1,paley_mat(359)))"
"PALEYcat",172,"Double",1,"paley_mat(379)","Double(rbind(1,paley_mat(379)))"
"PALEYcat",173,"Double",1,"paley_mat(431)","Double(paley_mat(431))"
"PALEYcat",174,"Double",1,"paley_mat(463)","Double(paley_mat(463))"
"PALEYcat",175,"Double",1,"paley_mat(467)","Double(paley_mat(467))"
"PALEYcat",176,"Double",1,"paley_mat(487)","Double(paley_mat(487))"
"PALEYcat",177,"Double",1,"paley_mat(491)","Double(paley_mat(491))"
"PALEYcat",178,"Double",1,"paley_mat(499)","Double(paley_mat(499))"
"CKcombis",1,"CS_CK3",0,"","CS_CK3(12, starter=ColbournKeriStarters[['4']][['12']])"
"CKcombis",2,"CS_CK3",0,"","CS_CK3(20, starter=ColbournKeriStarters[['4']][['20']])"
"CKcombis",3,"CS_CK1",0,"","CS_CK1(21, starter=ColbournKeriStarters[['4']][['21']])"
"CKcombis",4,"CS_CK3",0,"","CS_CK3(22, starter=ColbournKeriStarters[['4']][['22']])"
"CKcombis",5,"CS_CK2",0,"","CS_CK2(24, starter=ColbournKeriStarters[['4']][['24']])"
"CKcombis",6,"CS_CK3",0,"","CS_CK3(25, starter=ColbournKeriStarters[['4']][['25']])"
"CKcombis",7,"CS_CK3",0,"","CS_CK3(26, starter=ColbournKeriStarters[['4']][['26']])"
"CKcombis",8,"CS_CK3",0,"","CS_CK3(27, starter=ColbournKeriStarters[['4']][['27']])"
"CKcombis",9,"CS_CK2",0,"","CS_CK2(28, starter=ColbournKeriStarters[['4']][['28']])"
"CKcombis",10,"CS_CK2",0,"","CS_CK2(29, starter=ColbournKeriStarters[['4']][['29']])"
"CKcombis",11,"CS_CK2",0,"","CS_CK2(30, starter=ColbournKeriStarters[['4']][['30']])"
"CKcombis",12,"CS_CK2",0,"","CS_CK2(31, starter=ColbournKeriStarters[['4']][['31']])"
"CKcombis",13,"CS_CK2",0,"","CS_CK2(32, starter=ColbournKeriStarters[['4']][['32']])"
"CKcombis",14,"CS_CK2",0,"","CS_CK2(33, starter=ColbournKeriStarters[['4']][['33']])"
"CKcombis",15,"CS_CK2",0,"","CS_CK2(34, starter=ColbournKeriStarters[['4']][['34']])"
"CKcombis",16,"derive",2,"CS_CK3(68, cycvec(2, 67)) ||| cycvec(2, 67)","derive(CS_CK3(k=68, starter=cycvec(2,67)))"
"CKcombis",17,"derive",2,"CS_CK3(72, cycvec(2, 71)) ||| cycvec(2, 71)","derive(CS_CK3(k=72, starter=cycvec(2,71)))"
"CKcombis",18,"derive",2,"CS_CK3(80, cycvec(2, 79)) ||| cycvec(2, 79)","derive(CS_CK3(k=80, starter=cycvec(2,79)))"
"CKcombis",19,"derive",2,"CS_CK3(84, cycvec(2, 83)) ||| cycvec(2, 83)","derive(CS_CK3(k=84, starter=cycvec(2,83)))"
"CKcombis",20,"derive",2,"CS_CK2(90, cycvec(2, 89)) ||| cycvec(2, 89)","derive(CS_CK2(k=90, starter=cycvec(2,89)))"
"CKcombis",21,"derive",2,"CS_CK2(98, cycvec(2, 97)) ||| cycvec(2, 97)","derive(CS_CK2(k=98, starter=cycvec(2,97)))"
"CKcombis",22,"derive",2,"CS_CK2(102, cycvec(2, 101)) ||| cycvec(2, 101)","derive(CS_CK2(k=102, starter=cycvec(2,101)))"
"CKcombis",23,"derive",2,"CS_CK1(103, cycvec(2, 103)) ||| cycvec(2, 103)","derive(CS_CK1(k=103, starter=cycvec(2,103)))"
"CKcombis",24,"derive",2,"CS_CK2(108, cycvec(2, 107)) ||| cycvec(2, 107)","derive(CS_CK2(k=108, starter=cycvec(2,107)))"
"CKcombis",25,"derive",2,"CS_CK2(110, cycvec(2, 109)) ||| cycvec(2, 109)","derive(CS_CK2(k=110, starter=cycvec(2,109)))"
"CKcombis",26,"derive",2,"CS_CK2(114, cycvec(2, 113)) ||| cycvec(2, 113)","derive(CS_CK2(k=114, starter=cycvec(2,113)))"
"CKcombis",27,"derive",2,"CS_CK2(128, cycvec(2, 127)) ||| cycvec(2, 127)","derive(CS_CK2(k=128, starter=cycvec(2,127)))"
"CKcombis",28,"derive",2,"CS_CK2(132, cycvec(2, 131)) ||| cycvec(2, 131)","derive(CS_CK2(k=132, starter=cycvec(2,131)))"
"CKcombis",29,"derive",2,"CS_CK2(138, cycvec(2, 137)) ||| cycvec(2, 137)","derive(CS_CK2(k=138, starter=cycvec(2,137)))"
"CKcombis",30,"derive",2,"CS_CK2(140, cycvec(2, 139)) ||| cycvec(2, 139)","derive(CS_CK2(k=140, starter=cycvec(2,139)))"
"CKcombis",31,"derive",2,"CS_CK2(150, cycvec(2, 149)) ||| cycvec(2, 149)","derive(CS_CK2(k=150, starter=cycvec(2,149)))"
"CKcombis",32,"derive",2,"CS_CK2(152, cycvec(2, 151)) ||| cycvec(2, 151)","derive(CS_CK2(k=152, starter=cycvec(2,151)))"
"CKcombis",33,"derive",2,"CS_CK2(158, cycvec(2, 157)) ||| cycvec(2, 157)","derive(CS_CK2(k=158, starter=cycvec(2,157)))"
"CKcombis",34,"derive",2,"CS_CK2(164, cycvec(2, 163)) ||| cycvec(2, 163)","derive(CS_CK2(k=164, starter=cycvec(2,163)))"
"CKcombis",35,"derive",2,"CS_CK2(168, cycvec(2, 167)) ||| cycvec(2, 167)","derive(CS_CK2(k=168, starter=cycvec(2,167)))"
"CKcombis",36,"derive",2,"CS_CK2(174, cycvec(2, 173)) ||| cycvec(2, 173)","derive(CS_CK2(k=174, starter=cycvec(2,173)))"
"CKcombis",37,"derive",2,"CS_CK2(180, cycvec(2, 179)) ||| cycvec(2, 179)","derive(CS_CK2(k=180, starter=cycvec(2,179)))"
"CKcombis",38,"derive",2,"CS_CK2(182, cycvec(2, 181)) ||| cycvec(2, 181)","derive(CS_CK2(k=182, starter=cycvec(2,181)))"
"CKcombis",39,"derive",2,"CS_CK2(192, cycvec(2, 191)) ||| cycvec(2, 191)","derive(CS_CK2(k=192, starter=cycvec(2,191)))"
"CKcombis",40,"derive",2,"CS_CK2(194, cycvec(2, 193)) ||| cycvec(2, 193)","derive(CS_CK2(k=194, starter=cycvec(2,193)))"
"CKcombis",41,"derive",2,"CS_CK2(198, cycvec(2, 197)) ||| cycvec(2, 197)","derive(CS_CK2(k=198, starter=cycvec(2,197)))"
"CKcombis",42,"derive",2,"CS_CK2(200, cycvec(2, 199)) ||| cycvec(2, 199)","derive(CS_CK2(k=200, starter=cycvec(2,199)))"
"CKcombis",43,"derive",2,"CS_CK2(212, cycvec(2, 211)) ||| cycvec(2, 211)","derive(CS_CK2(k=212, starter=cycvec(2,211)))"
"CKcombis",44,"derive",2,"CS_CK2(224, cycvec(2, 223)) ||| cycvec(2, 223)","derive(CS_CK2(k=224, starter=cycvec(2,223)))"
"CKcombis",45,"derive",2,"CS_CK2(228, cycvec(2, 227)) ||| cycvec(2, 227)","derive(CS_CK2(k=228, starter=cycvec(2,227)))"
"CKcombis",46,"derive",2,"CS_CK2(230, cycvec(2, 229)) ||| cycvec(2, 229)","derive(CS_CK2(k=230, starter=cycvec(2,229)))"
"CKcombis",47,"derive",2,"CS_CK2(234, cycvec(2, 233)) ||| cycvec(2, 233)","derive(CS_CK2(k=234, starter=cycvec(2,233)))"
"CKcombis",48,"derive",2,"CS_CK2(240, cycvec(2, 239)) ||| cycvec(2, 239)","derive(CS_CK2(k=240, starter=cycvec(2,239)))"
"CKcombis",49,"derive",2,"CS_CK2(242, cycvec(2, 241)) ||| cycvec(2, 241)","derive(CS_CK2(k=242, starter=cycvec(2,241)))"
"CKcombis",50,"derive",2,"CS_CK2(252, cycvec(2, 251)) ||| cycvec(2, 251)","derive(CS_CK2(k=252, starter=cycvec(2,251)))"
"CKcombis",51,"derive",2,"CS_CK2(258, cycvec(2, 257)) ||| cycvec(2, 257)","derive(CS_CK2(k=258, starter=cycvec(2,257)))"
"CKcombis",52,"derive",2,"CS_CK2(264, cycvec(2, 263)) ||| cycvec(2, 263)","derive(CS_CK2(k=264, starter=cycvec(2,263)))"
"CKcombis",53,"derive",2,"CS_CK2(270, cycvec(2, 269)) ||| cycvec(2, 269)","derive(CS_CK2(k=270, starter=cycvec(2,269)))"
"CKcombis",54,"derive",2,"CS_CK2(272, cycvec(2, 271)) ||| cycvec(2, 271)","derive(CS_CK2(k=272, starter=cycvec(2,271)))"
"CKcombis",55,"derive",2,"CS_CK2(278, cycvec(2, 277)) ||| cycvec(2, 277)","derive(CS_CK2(k=278, starter=cycvec(2,277)))"
"CKcombis",56,"derive",2,"CS_CK2(282, cycvec(2, 281)) ||| cycvec(2, 281)","derive(CS_CK2(k=282, starter=cycvec(2,281)))"
"CKcombis",57,"derive",2,"CS_CK2(284, cycvec(2, 283)) ||| cycvec(2, 283)","derive(CS_CK2(k=284, starter=cycvec(2,283)))"
"CKcombis",58,"derive",2,"CS_CK2(294, cycvec(2, 293)) ||| cycvec(2, 293)","derive(CS_CK2(k=294, starter=cycvec(2,293)))"
"CKcombis",59,"derive",2,"CS_CK2(308, cycvec(2, 307)) ||| cycvec(2, 307)","derive(CS_CK2(k=308, starter=cycvec(2,307)))"
"CKcombis",60,"derive",2,"CS_CK2(312, cycvec(2, 311)) ||| cycvec(2, 311)","derive(CS_CK2(k=312, starter=cycvec(2,311)))"
"CKcombis",61,"derive",2,"CS_CK2(314, cycvec(2, 313)) ||| cycvec(2, 313)","derive(CS_CK2(k=314, starter=cycvec(2,313)))"
"CKcombis",62,"derive",2,"CS_CK2(318, cycvec(2, 317)) ||| cycvec(2, 317)","derive(CS_CK2(k=318, starter=cycvec(2,317)))"
"CKcombis",63,"derive",2,"CS_CK2(332, cycvec(2, 331)) ||| cycvec(2, 331)","derive(CS_CK2(k=332, starter=cycvec(2,331)))"
"CKcombis",64,"derive",2,"CS_CK2(338, cycvec(2, 337)) ||| cycvec(2, 337)","derive(CS_CK2(k=338, starter=cycvec(2,337)))"
"CKcombis",65,"derive",2,"CS_CK2(348, cycvec(2, 347)) ||| cycvec(2, 347)","derive(CS_CK2(k=348, starter=cycvec(2,347)))"
"CKcombis",66,"derive",2,"CS_CK2(350, cycvec(2, 349)) ||| cycvec(2, 349)","derive(CS_CK2(k=350, starter=cycvec(2,349)))"
"CKcombis",67,"derive",2,"CS_CK2(354, cycvec(2, 353)) ||| cycvec(2, 353)","derive(CS_CK2(k=354, starter=cycvec(2,353)))"
"CKcombis",68,"derive",2,"CS_CK2(360, cycvec(2, 359)) ||| cycvec(2, 359)","derive(CS_CK2(k=360, starter=cycvec(2,359)))"
"CKcombis",69,"derive",2,"CS_CK2(368, cycvec(2, 367)) ||| cycvec(2, 367)","derive(CS_CK2(k=368, starter=cycvec(2,367)))"
"CKcombis",70,"derive",2,"CS_CK2(374, cycvec(2, 373)) ||| cycvec(2, 373)","derive(CS_CK2(k=374, starter=cycvec(2,373)))"
"CKcombis",71,"derive",2,"CS_CK2(380, cycvec(2, 379)) ||| cycvec(2, 379)","derive(CS_CK2(k=380, starter=cycvec(2,379)))"
"CKcombis",72,"derive",2,"CS_CK2(384, cycvec(2, 383)) ||| cycvec(2, 383)","derive(CS_CK2(k=384, starter=cycvec(2,383)))"
"CKcombis",73,"derive",2,"CS_CK2(390, cycvec(2, 389)) ||| cycvec(2, 389)","derive(CS_CK2(k=390, starter=cycvec(2,389)))"
"CKcombis",74,"derive",2,"CS_CK2(398, cycvec(2, 397)) ||| cycvec(2, 397)","derive(CS_CK2(k=398, starter=cycvec(2,397)))"
"CKcombis",75,"derive",2,"CS_CK2(402, cycvec(2, 401)) ||| cycvec(2, 401)","derive(CS_CK2(k=402, starter=cycvec(2,401)))"
"CKcombis",76,"derive",2,"CS_CK2(410, cycvec(2, 409)) ||| cycvec(2, 409)","derive(CS_CK2(k=410, starter=cycvec(2,409)))"
"CKcombis",77,"derive",2,"CS_CK2(420, cycvec(2, 419)) ||| cycvec(2, 419)","derive(CS_CK2(k=420, starter=cycvec(2,419)))"
"CKcombis",78,"derive",2,"CS_CK2(422, cycvec(2, 421)) ||| cycvec(2, 421)","derive(CS_CK2(k=422, starter=cycvec(2,421)))"
"CKcombis",79,"derive",2,"CS_CK2(432, cycvec(2, 431)) ||| cycvec(2, 431)","derive(CS_CK2(k=432, starter=cycvec(2,431)))"
"CKcombis",80,"derive",2,"CS_CK2(434, cycvec(2, 433)) ||| cycvec(2, 433)","derive(CS_CK2(k=434, starter=cycvec(2,433)))"
"CKcombis",81,"derive",2,"CS_CK2(440, cycvec(2, 439)) ||| cycvec(2, 439)","derive(CS_CK2(k=440, starter=cycvec(2,439)))"
"CKcombis",82,"derive",2,"CS_CK2(444, cycvec(2, 443)) ||| cycvec(2, 443)","derive(CS_CK2(k=444, starter=cycvec(2,443)))"
"CKcombis",83,"derive",2,"CS_CK2(450, cycvec(2, 449)) ||| cycvec(2, 449)","derive(CS_CK2(k=450, starter=cycvec(2,449)))"
"CKcombis",84,"derive",2,"CS_CK2(458, cycvec(2, 457)) ||| cycvec(2, 457)","derive(CS_CK2(k=458, starter=cycvec(2,457)))"
"CKcombis",85,"derive",2,"CS_CK2(462, cycvec(2, 461)) ||| cycvec(2, 461)","derive(CS_CK2(k=462, starter=cycvec(2,461)))"
"CKcombis",86,"derive",2,"CS_CK2(464, cycvec(2, 463)) ||| cycvec(2, 463)","derive(CS_CK2(k=464, starter=cycvec(2,463)))"
"CKcombis",87,"derive",2,"CS_CK2(468, cycvec(2, 467)) ||| cycvec(2, 467)","derive(CS_CK2(k=468, starter=cycvec(2,467)))"
"CKcombis",88,"derive",2,"CS_CK2(480, cycvec(2, 479)) ||| cycvec(2, 479)","derive(CS_CK2(k=480, starter=cycvec(2,479)))"
"CKcombis",89,"derive",2,"CS_CK2(488, cycvec(2, 487)) ||| cycvec(2, 487)","derive(CS_CK2(k=488, starter=cycvec(2,487)))"
"CKcombis",90,"derive",2,"CS_CK2(492, cycvec(2, 491)) ||| cycvec(2, 491)","derive(CS_CK2(k=492, starter=cycvec(2,491)))"
"CKcombis",91,"derive",2,"CS_CK2(500, cycvec(2, 499)) ||| cycvec(2, 499)","derive(CS_CK2(k=500, starter=cycvec(2,499)))"
"CKcombis",92,"derive",2,"CS_CK2(504, cycvec(2, 503)) ||| cycvec(2, 503)","derive(CS_CK2(k=504, starter=cycvec(2,503)))"
"CKcombis",93,"derive",2,"CS_CK2(510, cycvec(2, 509)) ||| cycvec(2, 509)","derive(CS_CK2(k=510, starter=cycvec(2,509)))"
"CKcombis",94,"derive",2,"CS_CK2(522, cycvec(2, 521)) ||| cycvec(2, 521)","derive(CS_CK2(k=522, starter=cycvec(2,521)))"
"CKcombis",95,"derive",2,"CS_CK2(524, cycvec(2, 523)) ||| cycvec(2, 523)","derive(CS_CK2(k=524, starter=cycvec(2,523)))"
"CKcombis",96,"derive",2,"CS_CK2(542, cycvec(2, 541)) ||| cycvec(2, 541)","derive(CS_CK2(k=542, starter=cycvec(2,541)))"
"CKcombis",97,"derive",2,"CS_CK2(548, cycvec(2, 547)) ||| cycvec(2, 547)","derive(CS_CK2(k=548, starter=cycvec(2,547)))"
"CKcombis",98,"derive",2,"CS_CK2(558, cycvec(2, 557)) ||| cycvec(2, 557)","derive(CS_CK2(k=558, starter=cycvec(2,557)))"
"CKcombis",99,"derive",2,"CS_CK2(564, cycvec(2, 563)) ||| cycvec(2, 563)","derive(CS_CK2(k=564, starter=cycvec(2,563)))"
"CKcombis",100,"derive",2,"CS_CK2(570, cycvec(2, 569)) ||| cycvec(2, 569)","derive(CS_CK2(k=570, starter=cycvec(2,569)))"
"CKcombis",101,"derive",2,"CS_CK2(572, cycvec(2, 571)) ||| cycvec(2, 571)","derive(CS_CK2(k=572, starter=cycvec(2,571)))"
"CKcombis",102,"derive",2,"CS_CK2(578, cycvec(2, 577)) ||| cycvec(2, 577)","derive(CS_CK2(k=578, starter=cycvec(2,577)))"
"CKcombis",103,"derive",2,"CS_CK2(588, cycvec(2, 587)) ||| cycvec(2, 587)","derive(CS_CK2(k=588, starter=cycvec(2,587)))"
"CKcombis",104,"derive",2,"CS_CK2(594, cycvec(2, 593)) ||| cycvec(2, 593)","derive(CS_CK2(k=594, starter=cycvec(2,593)))"
"CKcombis",105,"derive",2,"CS_CK2(600, cycvec(2, 599)) ||| cycvec(2, 599)","derive(CS_CK2(k=600, starter=cycvec(2,599)))"
"CKcombis",106,"derive",2,"CS_CK2(602, cycvec(2, 601)) ||| cycvec(2, 601)","derive(CS_CK2(k=602, starter=cycvec(2,601)))"
"CKcombis",107,"derive",2,"CS_CK2(608, cycvec(2, 607)) ||| cycvec(2, 607)","derive(CS_CK2(k=608, starter=cycvec(2,607)))"
"CKcombis",108,"derive",2,"CS_CK2(614, cycvec(2, 613)) ||| cycvec(2, 613)","derive(CS_CK2(k=614, starter=cycvec(2,613)))"
"CKcombis",109,"derive",2,"CS_CK2(618, cycvec(2, 617)) ||| cycvec(2, 617)","derive(CS_CK2(k=618, starter=cycvec(2,617)))"
"CKcombis",110,"derive",2,"CS_CK2(620, cycvec(2, 619)) ||| cycvec(2, 619)","derive(CS_CK2(k=620, starter=cycvec(2,619)))"
"CKcombis",111,"derive",2,"CS_CK2(632, cycvec(2, 631)) ||| cycvec(2, 631)","derive(CS_CK2(k=632, starter=cycvec(2,631)))"
"CKcombis",112,"derive",2,"CS_CK2(642, cycvec(2, 641)) ||| cycvec(2, 641)","derive(CS_CK2(k=642, starter=cycvec(2,641)))"
"CKcombis",113,"derive",2,"CS_CK2(644, cycvec(2, 643)) ||| cycvec(2, 643)","derive(CS_CK2(k=644, starter=cycvec(2,643)))"
"CKcombis",114,"derive",2,"CS_CK2(648, cycvec(2, 647)) ||| cycvec(2, 647)","derive(CS_CK2(k=648, starter=cycvec(2,647)))"
"CKcombis",115,"derive",2,"CS_CK2(654, cycvec(2, 653)) ||| cycvec(2, 653)","derive(CS_CK2(k=654, starter=cycvec(2,653)))"
"CKcombis",116,"derive",2,"CS_CK2(660, cycvec(2, 659)) ||| cycvec(2, 659)","derive(CS_CK2(k=660, starter=cycvec(2,659)))"
"CKcombis",117,"derive",2,"CS_CK2(662, cycvec(2, 661)) ||| cycvec(2, 661)","derive(CS_CK2(k=662, starter=cycvec(2,661)))"
"CKcombis",118,"derive",2,"CS_CK2(674, cycvec(2, 673)) ||| cycvec(2, 673)","derive(CS_CK2(k=674, starter=cycvec(2,673)))"
"CKcombis",119,"derive",2,"CS_CK2(678, cycvec(2, 677)) ||| cycvec(2, 677)","derive(CS_CK2(k=678, starter=cycvec(2,677)))"
"CKcombis",120,"derive",2,"CS_CK2(684, cycvec(2, 683)) ||| cycvec(2, 683)","derive(CS_CK2(k=684, starter=cycvec(2,683)))"
"CKcombis",121,"derive",2,"CS_CK2(692, cycvec(2, 691)) ||| cycvec(2, 691)","derive(CS_CK2(k=692, starter=cycvec(2,691)))"
"CKcombis",122,"derive",2,"CS_CK2(702, cycvec(2, 701)) ||| cycvec(2, 701)","derive(CS_CK2(k=702, starter=cycvec(2,701)))"
"CKcombis",123,"derive",2,"CS_CK2(710, cycvec(2, 709)) ||| cycvec(2, 709)","derive(CS_CK2(k=710, starter=cycvec(2,709)))"
"CKcombis",124,"derive",2,"CS_CK2(720, cycvec(2, 719)) ||| cycvec(2, 719)","derive(CS_CK2(k=720, starter=cycvec(2,719)))"
"CKcombis",125,"derive",2,"CS_CK2(728, cycvec(2, 727)) ||| cycvec(2, 727)","derive(CS_CK2(k=728, starter=cycvec(2,727)))"
"CKcombis",126,"derive",2,"CS_CK2(734, cycvec(2, 733)) ||| cycvec(2, 733)","derive(CS_CK2(k=734, starter=cycvec(2,733)))"
"CKcombis",127,"derive",2,"CS_CK2(740, cycvec(2, 739)) ||| cycvec(2, 739)","derive(CS_CK2(k=740, starter=cycvec(2,739)))"
"CKcombis",128,"derive",2,"CS_CK2(744, cycvec(2, 743)) ||| cycvec(2, 743)","derive(CS_CK2(k=744, starter=cycvec(2,743)))"
"CKcombis",129,"derive",2,"CS_CK2(752, cycvec(2, 751)) ||| cycvec(2, 751)","derive(CS_CK2(k=752, starter=cycvec(2,751)))"
"CKcombis",130,"derive",2,"CS_CK2(758, cycvec(2, 757)) ||| cycvec(2, 757)","derive(CS_CK2(k=758, starter=cycvec(2,757)))"
"CKcombis",131,"derive",2,"CS_CK2(762, cycvec(2, 761)) ||| cycvec(2, 761)","derive(CS_CK2(k=762, starter=cycvec(2,761)))"
"CKcombis",132,"derive",2,"CS_CK2(770, cycvec(2, 769)) ||| cycvec(2, 769)","derive(CS_CK2(k=770, starter=cycvec(2,769)))"
"CKcombis",133,"derive",2,"CS_CK2(774, cycvec(2, 773)) ||| cycvec(2, 773)","derive(CS_CK2(k=774, starter=cycvec(2,773)))"
"CKcombis",134,"CS_CK3",1,"cycvec(2, 67)","CS_CK3(k=68, starter=cycvec(2,67))"
"CKcombis",135,"CS_CK3",1,"cycvec(2, 71)","CS_CK3(k=72, starter=cycvec(2,71))"
"CKcombis",136,"CS_CK3",1,"cycvec(2, 79)","CS_CK3(k=80, starter=cycvec(2,79))"
"CKcombis",137,"CS_CK3",1,"cycvec(2, 83)","CS_CK3(k=84, starter=cycvec(2,83))"
"CKcombis",138,"CS_CK2",1,"cycvec(2, 89)","CS_CK2(k=90, starter=cycvec(2,89))"
"CKcombis",139,"CS_CK2",1,"cycvec(2, 97)","CS_CK2(k=98, starter=cycvec(2,97))"
"CKcombis",140,"CS_CK2",1,"cycvec(2, 101)","CS_CK2(k=102, starter=cycvec(2,101))"
"CKcombis",141,"CS_CK1",1,"cycvec(2, 103)","CS_CK1(k=103, starter=cycvec(2,103))"
"CKcombis",142,"CS_CK2",1,"cycvec(2, 107)","CS_CK2(k=108, starter=cycvec(2,107))"
"CKcombis",143,"CS_CK2",1,"cycvec(2, 109)","CS_CK2(k=110, starter=cycvec(2,109))"
"CKcombis",144,"CS_CK2",1,"cycvec(2, 113)","CS_CK2(k=114, starter=cycvec(2,113))"
"CKcombis",145,"CS_CK2",1,"cycvec(2, 127)","CS_CK2(k=128, starter=cycvec(2,127))"
"CKcombis",146,"CS_CK2",1,"cycvec(2, 131)","CS_CK2(k=132, starter=cycvec(2,131))"
"CKcombis",147,"CS_CK2",1,"cycvec(2, 137)","CS_CK2(k=138, starter=cycvec(2,137))"
"CKcombis",148,"CS_CK2",1,"cycvec(2, 139)","CS_CK2(k=140, starter=cycvec(2,139))"
"CKcombis",149,"CS_CK2",1,"cycvec(2, 149)","CS_CK2(k=150, starter=cycvec(2,149))"
"CKcombis",150,"CS_CK2",1,"cycvec(2, 151)","CS_CK2(k=152, starter=cycvec(2,151))"
"CKcombis",151,"CS_CK2",1,"cycvec(2, 157)","CS_CK2(k=158, starter=cycvec(2,157))"
"CKcombis",152,"CS_CK2",1,"cycvec(2, 163)","CS_CK2(k=164, starter=cycvec(2,163))"
"CKcombis",153,"CS_CK2",1,"cycvec(2, 167)","CS_CK2(k=168, starter=cycvec(2,167))"
"CKcombis",154,"CS_CK2",1,"cycvec(2, 173)","CS_CK2(k=174, starter=cycvec(2,173))"
"CKcombis",155,"CS_CK2",1,"cycvec(2, 179)","CS_CK2(k=180, starter=cycvec(2,179))"
"CKcombis",156,"CS_CK2",1,"cycvec(2, 521)","CS_CK2(k=522, starter=cycvec(2,521))"
"CKcombis",157,"CS_CK2",1,"cycvec(2, 523)","CS_CK2(k=524, starter=cycvec(2,523))"
"CKcombis",158,"CS_CK2",1,"cycvec(2, 541)","CS_CK2(k=542, starter=cycvec(2,541))"
"CKcombis",159,"CS_CK2",1,"cycvec(2, 547)","CS_CK2(k=548, starter=cycvec(2,547))"
"CKcombis",160,"CS_CK2",1,"cycvec(2, 557)","CS_CK2(k=558, starter=cycvec(2,557))"
"CKcombis",161,"CS_CK2",1,"cycvec(2, 563)","CS_CK2(k=564, starter=cycvec(2,563))"
"CKcombis",162,"CS_CK2",1,"cycvec(2, 569)","CS_CK2(k=570, starter=cycvec(2,569))"
"CKcombis",163,"CS_CK2",1,"cycvec(2, 571)","CS_CK2(k=572, starter=cycvec(2,571))"
"CKcombis",164,"CS_CK2",1,"cycvec(2, 577)","CS_CK2(k=578, starter=cycvec(2,577))"
"CKcombis",165,"CS_CK2",1,"cycvec(2, 587)","CS_CK2(k=588, starter=cycvec(2,587))"
"CKcombis",166,"CS_CK2",1,"cycvec(2, 593)","CS_CK2(k=594, starter=cycvec(2,593))"
"CKcombis",167,"CS_CK2",1,"cycvec(2, 599)","CS_CK2(k=600, starter=cycvec(2,599))"
"CKcombis",168,"CS_CK2",1,"cycvec(2, 601)","CS_CK2(k=602, starter=cycvec(2,601))"
"CKcombis",169,"CS_CK2",1,"cycvec(2, 607)","CS_CK2(k=608, starter=cycvec(2,607))"
"CKcombis",170,"CS_CK2",1,"cycvec(2, 613)","CS_CK2(k=614, starter=cycvec(2,613))"
"CKcombis",171,"CS_CK2",1,"cycvec(2, 617)","CS_CK2(k=618, starter=cycvec(2,617))"
"CKcombis",172,"CS_CK2",1,"cycvec(2, 619)","CS_CK2(k=620, starter=cycvec(2,619))"
"CKcombis",173,"CS_CK2",1,"cycvec(2, 631)","CS_CK2(k=632, starter=cycvec(2,631))"
"CKcombis",174,"CS_CK2",1,"cycvec(2, 641)","CS_CK2(k=642, starter=cycvec(2,641))"
"CKcombis",175,"CS_CK2",1,"cycvec(2, 643)","CS_CK2(k=644, starter=cycvec(2,643))"
"CKcombis",176,"CS_CK2",1,"cycvec(2, 647)","CS_CK2(k=648, starter=cycvec(2,647))"
"CKcombis",177,"CS_CK2",1,"cycvec(2, 653)","CS_CK2(k=654, starter=cycvec(2,653))"
"CKcombis",178,"CS_CK2",1,"cycvec(2, 659)","CS_CK2(k=660, starter=cycvec(2,659))"
"CKcombis",179,"CS_CK2",1,"cycvec(2, 661)","CS_CK2(k=662, starter=cycvec(2,661))"
"CKcombis",180,"CS_CK2",1,"cycvec(2, 673)","CS_CK2(k=674, starter=cycvec(2,673))"
"CKcombis",181,"CS_CK2",1,"cycvec(2, 677)","CS_CK2(k=678, starter=cycvec(2,677))"
"CKcombis",182,"CS_CK2",1,"cycvec(2, 683)","CS_CK2(k=684, starter=cycvec(2,683))"
"CKcombis",183,"CS_CK2",1,"cycvec(2, 691)","CS_CK2(k=692, starter=cycvec(2,691))"
"CKcombis",184,"CS_CK2",1,"cycvec(2, 701)","CS_CK2(k=702, starter=cycvec(2,701))"
"CKcombis",185,"CS_CK2",1,"cycvec(2, 709)","CS_CK2(k=710, starter=cycvec(2,709))"
"CKcombis",186,"CS_CK2",1,"cycvec(2, 719)","CS_CK2(k=720, starter=cycvec(2,719))"
"CKcombis",187,"CS_CK2",1,"cycvec(2, 727)","CS_CK2(k=728, starter=cycvec(2,727))"
"CKcombis",188,"CS_CK2",1,"cycvec(2, 733)","CS_CK2(k=734, starter=cycvec(2,733))"
"CKcombis",189,"CS_CK2",1,"cycvec(2, 739)","CS_CK2(k=740, starter=cycvec(2,739))"
"CKcombis",190,"CS_CK2",1,"cycvec(2, 743)","CS_CK2(k=744, starter=cycvec(2,743))"
"CKcombis",191,"CS_CK2",1,"cycvec(2, 751)","CS_CK2(k=752, starter=cycvec(2,751))"
"CKcombis",192,"CS_CK2",1,"cycvec(2, 757)","CS_CK2(k=758, starter=cycvec(2,757))"
"CKcombis",193,"CS_CK2",1,"cycvec(2, 761)","CS_CK2(k=762, starter=cycvec(2,761))"
"CKcombis",194,"CS_CK2",1,"cycvec(2, 769)","CS_CK2(k=770, starter=cycvec(2,769))"
"CKcombis",195,"CS_CK2",1,"cycvec(2, 773)","CS_CK2(k=774, starter=cycvec(2,773))"
"CKcombis",196,"derive",2,"CS_CK3(360, cycvec(2, 359)) ||| cycvec(2, 359)","derive(CS_CK3(k=360, starter=cycvec(2,359)))"
"CKcombis",197,"derive",2,"CS_CK1(379, cycvec(2, 379)) ||| cycvec(2, 379)","derive(CS_CK1(k=379, starter=cycvec(2,379)))"
"CKcombis",198,"derive",2,"CS_CK2(432, cycvec(2, 431)) ||| cycvec(2, 431)","derive(CS_CK2(k=432, starter=cycvec(2,431)))"
"CKcombis",199,"derive",2,"CS_CK2(464, cycvec(2, 463)) ||| cycvec(2, 463)","derive(CS_CK2(k=464, starter=cycvec(2,463)))"
"CKcombis",200,"derive",2,"CS_CK2(468, cycvec(2, 467)) ||| cycvec(2, 467)","derive(CS_CK2(k=468, starter=cycvec(2,467)))"
"CKcombis",201,"derive",2,"CS_CK2(488, cycvec(2, 487)) ||| cycvec(2, 487)","derive(CS_CK2(k=488, starter=cycvec(2,487)))"
"CKcombis",202,"derive",2,"CS_CK2(492, cycvec(2, 491)) ||| cycvec(2, 491)","derive(CS_CK2(k=492, starter=cycvec(2,491)))"
"CKcombis",203,"derive",2,"CS_CK2(500, cycvec(2, 499)) ||| cycvec(2, 499)","derive(CS_CK2(k=500, starter=cycvec(2,499)))"
"CKcombis",204,"derive",2,"CS_CK3(504, cycvec(2, 503)) ||| cycvec(2, 503)","derive(CS_CK3(k=504, starter=cycvec(2,503)))"
"CKcombis",205,"derive",2,"CS_CK2(510, cycvec(2, 509)) ||| cycvec(2, 509)","derive(CS_CK2(k=510, starter=cycvec(2,509)))"
"CKcombis",206,"derive",2,"CS_CK2(522, cycvec(2, 521)) ||| cycvec(2, 521)","derive(CS_CK2(k=522, starter=cycvec(2,521)))"
"CKcombis",207,"CS_CK3",1,"cycvec(2, 359)","CS_CK3(k=360, starter=cycvec(2,359))"
"CKcombis",208,"CS_CK1",1,"cycvec(2, 379)","CS_CK1(k=379, starter=cycvec(2,379))"
"CKcombis",209,"CS_CK2",1,"cycvec(2, 431)","CS_CK2(k=432, starter=cycvec(2,431))"
"CKcombis",210,"CS_CK2",1,"cycvec(2, 463)","CS_CK2(k=464, starter=cycvec(2,463))"
"CKcombis",211,"CS_CK2",1,"cycvec(2, 467)","CS_CK2(k=468, starter=cycvec(2,467))"
"CKcombis",212,"CS_CK2",1,"cycvec(2, 487)","CS_CK2(k=488, starter=cycvec(2,487))"
"CKcombis",213,"CS_CK2",1,"cycvec(2, 491)","CS_CK2(k=492, starter=cycvec(2,491))"
"CKcombis",214,"CS_CK2",1,"cycvec(2, 499)","CS_CK2(k=500, starter=cycvec(2,499))"
"CKcombis",215,"CS_CK3",1,"cycvec(2, 503)","CS_CK3(k=504, starter=cycvec(2,503))"
"CKcombis",216,"CS_CK2",1,"cycvec(2, 509)","CS_CK2(k=510, starter=cycvec(2,509))"
"CKcombis",217,"CS_CK2",1,"cycvec(2, 521)","CS_CK2(k=522, starter=cycvec(2,521))"
